index,id,title,selftext,multilabel_clf_label,disorder,text,multiclass_clf_label,depression_label,anxiety_label,few_shot_prompt_depression,exemplar_labels_depression,results_depression_llama_chat_7b
0,8es6qn,I cut myself for the first time in a year today...,"... and hated that I still loved it. The burning sensation from the blade on my arm and leg. I didn't even cut deep, I barely bled, but the feeling was still almost the same, but without the kick of seeing my own blood trail down my limbs staining the covers in my bed. I told myself that I was only going to cut a few times, but here I am with surely thirty new scars on my body...
 
 I fucking hate myself...","[1, 0]",{'depressive_disorder'},"I cut myself for the first time in a year today. and hated that I still loved it. The burning sensation from the blade on my arm and leg. I didnt even cut deep, I barely bled, but the feeling was still almost the same, but without the kick of seeing my own blood trail down my limbs staining the covers in my bed. I told myself that I was only going to cut a few times, but here I am with surely thirty new scars on my body. I fucking hate myself.",Depression,1,0,"
Below are posts and their respective assessments based on the criteria for clinical depression as defined in the DSM-5.
Format your response as a JSON object {'depression': ''} with values either 'yes' or 'no'.

Post: before anyone asks, yes, i am diagnosed with depression. ive had it for 7 years but was only diagnosed a few weeks ago. i used to cut to let the pain out. then that stopped helping so it was just to feel something. now i dont even feel anything when i do it. i just do it because i can. and idk why. i feel nuts and im just waiting to get thrown in a hospital.
Assesement: {'depression': 'yes'}

Post: i self harmed tonight more times than i can count. i work in the medical field and im always trying to come up with solutions on how to end it all. all the pain and heartache. im 30 years old and nothing is getting better. i self harm because i feel like i deserve it. the scars on the outside some how feel as if they belong there because of how fucked up i feel on the inside. it isnt fair. i dont want to be here.
Assesement: {'depression': 'yes'}

Post: so, ive been inactive on this account for a while, but im here to just say stuff again like i did in my other two posts or whatever. it seems like ive just started doing it because i got bored. it gives me something to focus on instead of having to think about everything happening at school and home. its also a stress relief for me. whenever im pissed or stressed ill make a scratch or two and it helps a lot. it doesnt seem like theres anything else that works as well as that. i did a dumb thing yet i dont regret it, but i still dont know why i did it. so, i cant remember the saying but its some retarded self harm thing basically meaning you only do it up the thinner part of your arm if you get what i mean if youre looking for attention. i think this made me start to do it more along my arm and a lot deeper. i cant post pictures, but i made about 6 cuts maybe 2 inches long each with a razor and it bled a lot. its scabbed up now, so thats god. anyway, the reason i did it was because my character in a roleplay game got permanently killed. yeah, thats why ive decided to scar myself. i dont know why i did that but i dont feel like i regret it at all. i feel relieved but i dont know why. is this normal? why cant i stop doing this? only two people know about my scars one of them i hate, one of them i never meet so its difficult for me to do or say anything.
Assesement: {'depression': 'yes'}

Post: i dont know whats been up with me, but these past few days, ive been wanting to cry at random times, ive been thinking negatively whats the point in x?, i woke up this morning just dreading going to work and not wanting to interact with anyone all day and just stay in bed and sleep all day. i just cut like 5 times on my thighs, and all i feel is numbness. both emotionally and i guess spiritually? im getting dissociative as fuck right now, which is why i say spiritually. i feel stupid as hell for cutting, for thinking it could ever help.
Assesement: {'depression': 'yes'}

Based on the above, assess the content of the following post:
Post: I cut myself for the first time in a year today. and hated that I still loved it. The burning sensation from the blade on my arm and leg. I didnt even cut deep, I barely bled, but the feeling was still almost the same, but without the kick of seeing my own blood trail down my limbs staining the covers in my bed. I told myself that I was only going to cut a few times, but here I am with surely thirty new scars on my body. I fucking hate myself.
Assessment:
","[{'depression': 'yes'}, {'depression': 'yes'}, {'depression': 'yes'}, {'depression': 'yes'}]","
Note: The assessments are based on the information provided in the given posts and may not be comprehensive or accurate"
1,ar89pm,Anybody hate spring/summer?,".....And even so, when depression is not too severe?
 

 
 Right now we are having some sunny days here in my country of Denmark, and very mild, almost spring weather, and I hate i!.......The thought that spring/summer is on the way makes me depressed and anxious.........I wish I could enjoy it but I don't.......Everybody around me is going on and on about how nice the weather is and how it makes your mood better., and I either have to fake agreement or simply shut up when folks around me start talking about the weather.
 

 
 My mood gets worse in sunny spring/summer weather.........I am most stable depression-wise when it is cloudy and more grey........probably makes no sense.
 

 
 Anybody else??","[1, 1]","{'depressive_disorder', 'anxiety_disorder'}","Anybody hate springsummer. And even so, when depression is not too severe? Right now we are having some sunny days here in my country of Denmark, and very mild, almost spring weather, and I hate i.The thought that springsummer is on the way makes me depressed and anxious.I wish I could enjoy it but I dont.Everybody around me is going on and on about how nice the weather is and how it makes your mood better., and I either have to fake agreement or simply shut up when folks around me start talking about the weather. My mood gets worse in sunny springsummer weather.I am most stable depressionwise when it is cloudy and more grey.probably makes no sense. Anybody else?",Comorbid (Depression + Anxiety),1,1,"
Below are posts and their respective assessments based on the criteria for clinical depression as defined in the DSM-5.
Format your response as a JSON object {'depression': ''} with values either 'yes' or 'no'.

Post: i live in small town south dakota and i absolutely hate it. i think this largely contributes to my depression. i already dont wanna go do anything but then whens its below 0 half the year it makes it even harder. also even if i feel like doing something there is hardly anything to do with friends other than movies. it is even harder to stay here especially after visiting la this summer and absolutely loving it. i am in no position to move either being i am 16 living with my parents. anyone else think where they live contributes to their depression.
Assesement: {'depression': 'yes'}

Post: i was talking with my husband about how i didnt know how much longer i could handle this bullshit anhedonia stuff and he goes yeah sometimes i dont enjoy stuff as much as usual like no. thats not even remotely close to being unable to feel pleasure in its entirety for nearly a year. there is literally no point to life without at least some pleasure. eat my fave foods, nothing. play my favorite games, nothing. go shopping, nothing. this is such a miserable existence and you want to act like the one time of month you didnt quite enjoy valorant as much as usual is somehow the same. just no. i know it shouldnt bother me but it just shows how much no one truly understands whats going on nor do they actually care because they think its just a phase or temporary. i wish this was just a fucking phase. at least then i could have some hope.
Assesement: {'depression': 'yes'}

Post: i was diagnosed with clinical depression about 10 years ago and have been taking zoloft which seems to work for me. that being said, i still have rare bouts of intense depression. the best way for me to describe it is if you imagine not having slept or eaten for two days even though i have and a strong throbbing headache in my nose and forehead. when this happens, i just try to isolate myself because its hard to hold a conversation when youre in pain for no clear reason. ive even wondered if it could be affected by weather humidity, barometric pressure. most days are fine, this just happens a few times a year. any experiences like this?
Assesement: {'depression': 'yes'}

Post: i just have to accept that im depressed and that ill live with it for the rest of my life. sometimes it feels better than other days but itll never go away. when ppl tell me that despite depression u live for the days that are good im tired of the constant back and forth. i dont care that there are good days because there are still bad ones. im so tired of pulling myself back out of a rut. the only thing that changes every year is my indifference to everything.
Assesement: {'depression': 'yes'}

Based on the above, assess the content of the following post:
Post: Anybody hate springsummer. And even so, when depression is not too severe? Right now we are having some sunny days here in my country of Denmark, and very mild, almost spring weather, and I hate i.The thought that springsummer is on the way makes me depressed and anxious.I wish I could enjoy it but I dont.Everybody around me is going on and on about how nice the weather is and how it makes your mood better., and I either have to fake agreement or simply shut up when folks around me start talking about the weather. My mood gets worse in sunny springsummer weather.I am most stable depressionwise when it is cloudy and more grey.probably makes no sense. Anybody else?
Assessment:
","[{'depression': 'yes'}, {'depression': 'yes'}, {'depression': 'yes'}, {'depression': 'yes'}]","
The post expresses feelings of dislike towards spring and summer, and how the sunny weather exacerbates"
2,5g4v1n,So I'm staring at this tablet of Lexapro...,"...and I'm not sure what to do. I guess I don't even know what to say because I am confused. 
 
 I was diagnosed with moderate depression last night while at a couples therapy session. I'm usually the most jovial person and all my co-workers and peers tell me I'm the life of the party. I enjoy being creative and mentoring young people about things like business, writing and dealing with life experiences. 
 
 For the past few months, my family has noticed a change in me, as have I. I have been lethargic, losing weight, hating my job, loss of focus, etc. There have been many changes (both good and bad) recently in my life, but I have a strong will (at least I thought I did) and I have always managed to go with the flow and overcome.
 
 So here I sit, starting at this tablet of Lexapro. I'm scared to consume it. I'm scared that I won't get better. I'm confused why I feel this way. 
 
 I am not asking for help, but I share these words in case others feel like I do.","[1, 1]","{'depressive_disorder', 'anxiety_disorder'}","So Im staring at this tablet of Lexapro. and Im not sure what to do. I guess I dont even know what to say because I am confused. I was diagnosed with moderate depression last night while at a couples therapy session. Im usually the most jovial person and all my coworkers and peers tell me Im the life of the party. I enjoy being creative and mentoring young people about things like business, writing and dealing with life experiences. For the past few months, my family has noticed a change in me, as have I. I have been lethargic, losing weight, hating my job, loss of focus, etc. There have been many changes both good and bad recently in my life, but I have a strong will at least I thought I did and I have always managed to go with the flow and overcome. So here I sit, starting at this tablet of Lexapro. Im scared to consume it. Im scared that I wont get better. Im confused why I feel this way. I am not asking for help, but I share these words in case others feel like I do.",Comorbid (Depression + Anxiety),1,1,"
Below are posts and their respective assessments based on the criteria for clinical depression as defined in the DSM-5.
Format your response as a JSON object {'depression': ''} with values either 'yes' or 'no'.

Post: i f19 have been on lexapro for a little over two years now for my anxiety. it has been pretty much working fine. minimal side effects, less frequent anxiety and panic, the works. i only see my psychiatrist once every 4 or so months now partially because i am away at school and also partially because of finances, and last i saw her in december i mentioned i thought i wanted to wean off of lexapro when i came home in may. since then, i have just been really apprehensive. like, i dont know if i will be able to handle everything off of my medication. i havent had to in two years, and i just dont know if i can. the thought of being weaned off makes me kind of anxious, but the thought of not weaning off and being addicted to this makes me even more anxious. i also think that the apathy the lexapro has made me fee which is apparently a really normal side effect has allowed me to develop depression. this also scares me because now i do not know if, when i wean off lexapro which doubles for some as an antidepressant, it will get worse. i do not know what kind of person i am off of my medication and i am so scared. can someone please give me advice or something? i dont know what to do. i really want off of my medication, but i am just so scared
Assesement: {'depression': 'yes'}

Post: im a 20yearold in my third year of undergrad and surprise, surprise mental health is making it extremely difficult. i went through hell the last year and a half dealing with mental health, while also trying to manage my classes i dropped out for a semester eventually and thought i had finally figured it out. the past few months have been rough on me for various reasons, but i focused on school and ended last semester very proud of myself. ive been on lexapro since may 2019 and from the beginning, my biggest complaints were fatigue and lack of motivation. i somehow got myself to increase my dose to 20mg and make it work for the last 6 months. ive been seeing my psychiatrist roughly every 48 weeks since may and have always made a point that i am struggling with these side effects. he suggested eating and sleeping better, along with other methods that i tried, but they just didnt work. he then suggested wellbutrin, but i was so happy i finally felt a little relief from my depression and suicidal thoughts, i wasnt ready to try the whole process again. at this point, its not worth it for me to keep taking this. i cant get myself to class, ever. i cant get myself to do homework, study, or even check my student email. i dont feel well enough to hang out with friends or see my family. my question is, has anyone found another medication that worked well for their depression that doesnt make them feel like this? im seeing my psychiatrist on friday and would like to fix this before i have to drop this semester. thank you! tldr taking 20mg lexapro, fatigued with no motivation, failing my college courses, need advice.
Assesement: {'depression': 'yes'}

Post: help me, please. give me some advice on what to do. i have been on generic lexapro for years and i have gotten down to 5mg for about a year now. i am scared to even attempt to ween off or quit. they never helped, i just kept taking them in hopes i could feel something. my mind is so dull. i never feel happiness or clear thinking. my depression has consumed me. i am 25 and all i do it work, commute, browse the web. i am not suicidal but i really can understand why some just end it. i want off this ride. i want off!
Assesement: {'depression': 'yes'}

Post: hey guys, im taking lexapro since november i guess regularly, i was prescribed it in august or something i dont really remember and my first try only lasted about a month. i dont remember why i stopped. anyway im taking 10mg at the moment. im in a dayhospital and everyone there says something else about it. i really dont know if it helps me or if i even need it? im diagnosed with a recurrent depressive disorder and an anxiety disorder. they say it should improve my motivation but that isnt even a problem at the moment. i do have problems with sexual stuff, even without the lexapro, so i dont know if it makes it worse? i dont know if i should exclude it? maybe after that i will notice if it had an impact on me? im confused and desperate.
Assesement: {'depression': 'yes'}

Based on the above, assess the content of the following post:
Post: So Im staring at this tablet of Lexapro. and Im not sure what to do. I guess I dont even know what to say because I am confused. I was diagnosed with moderate depression last night while at a couples therapy session. Im usually the most jovial person and all my coworkers and peers tell me Im the life of the party. I enjoy being creative and mentoring young people about things like business, writing and dealing with life experiences. For the past few months, my family has noticed a change in me, as have I. I have been lethargic, losing weight, hating my job, loss of focus, etc. There have been many changes both good and bad recently in my life, but I have a strong will at least I thought I did and I have always managed to go with the flow and overcome. So here I sit, starting at this tablet of Lexapro. Im scared to consume it. Im scared that I wont get better. Im confused why I feel this way. I am not asking for help, but I share these words in case others feel like I do.
Assessment:
","[{'depression': 'yes'}, {'depression': 'yes'}, {'depression': 'yes'}, {'depression': 'yes'}]","





Note: Please keep in mind that the assessment is based on the provided text only and"
3,9x8h3g,"Found a poem sort of thing, very emo (ha ha ha ha) from when I was 14...Okay so, yes... I was quite depressed even back then","""I am delicate and bitter. I am sweet on the outside, coated with this thick skin which traps my feelings inside and shows what i don't feel on the outside. They don't show through, they are almost eliminated. Why? Why because who would care. Who would bother. Its like the soul is falling right out of my body, and I find it hard to say how I feel. I think things are gradually improving but they barely are. Everything is a slow and i am bleeding. I am bleeding with my feelings crawling in my mind and my thoughts trapping me. Help me I say. Help i say inside me. The thing is its inside me trapped far behind everything. You have to say you are just tired, you have to say you are fine and it doesn't matter. It does matter to you, and it consumes you. So claw my body and send me burning like a poisonous flame, because I am longing to feel pain that isn't from my own body. An external source of pain"".","[1, 0]",{'depressive_disorder'},"Found a poem sort of thing, very emo ha ha ha ha from when I was 14.Okay so, yes. I was quite depressed even back then. I am delicate and bitter. I am sweet on the outside, coated with this thick skin which traps my feelings inside and shows what i dont feel on the outside. They dont show through, they are almost eliminated. Why? Why because who would care. Who would bother. Its like the soul is falling right out of my body, and I find it hard to say how I feel. I think things are gradually improving but they barely are. Everything is a slow and i am bleeding. I am bleeding with my feelings crawling in my mind and my thoughts trapping me. Help me I say. Help i say inside me. The thing is its inside me trapped far behind everything. You have to say you are just tired, you have to say you are fine and it doesnt matter. It does matter to you, and it consumes you. So claw my body and send me burning like a poisonous flame, because I am longing to feel pain that isnt from my own body. An external source of pain.",Depression,1,0,"
Below are posts and their respective assessments based on the criteria for clinical depression as defined in the DSM-5.
Format your response as a JSON object {'depression': ''} with values either 'yes' or 'no'.

Post: . following scenario youre at a pier, its a nice summer day, you jump off the ledge into the water, and as soon as you dip your feet in you feel this creeping chill down your spine. youre being pulled down instead of rising up to the top, as you should, theres too many hands dragging you down and you cant fight it anymore. youre struggling, desperate to get that precious air that you need, but you forfeit and fade. to black. this depression is really crippling me. huh? how does it feel to be happy? what is joy, hows friendship supposed to work, how to i maintain a decent routine. what do i do! if only i was able to speak my mind. even though there are many ears ready to listen to my thoughts my mouth wont open when i have the chance. i know im a mess, so why would people like me? thats what i dont really get , why would someone be nice to me for no reason? but then again. i myself am just like that.
Assesement: {'depression': 'yes'}

Post: depression? no, im just messing lyrically it just works a rhyme and a verse shrouding what i hide in a daft disguise but i guess no one would mind if i just take a bite at feelings hiding deep inside because my minds racing a million miles a minute whether i win the race or not my gas is running low from my head down to my toes and now i dont know if i will succeed in life cause the medicine just kicked in it gave me a fright but im just fine its what the doctor said so it must be true because its all in my head my mind cant be unwoven like needle and thread so i blame clinical depression euphemised so it can flow like liquid resin written down on my paper since age thirteen ive never cut but its next to my a.d.d. depakotes not helping whats the matter with me?
Assesement: {'depression': 'yes'}

Post: my therapist suggested i write so i thought id share a poem that i wrote. i sit in my room alone with hatred in my heart waiting for someone to help me for anything to start im told that i am useless powerless and weak control out of my hands all of a sudden meek nothing is my fault its my illness thats to blame at times ive lost my way at times ive lost my name what if theyre all wrong? and i deserve this shame the horrors were my doing maybe im the one to blame but its hard to draw the line what are my limitations? maybe im just lazy maybe its my medications they take away my soul my goals and motivations ive lost what made me special my dreams and aspirations maybe its the fact that ive lost my will to live maybe, maybe, maybe is that all i have to give? i live in a world you cant imagine ive seen things that haunt my dreams ive heard demons whisper schemes in silence i hear screams its hard to see in darkness i cannot find my way when lost in a different world i find it hard to stay
Assesement: {'depression': 'yes'}

Post: i just want to start this off by saying im sorry. if youre reading this its too late. i didnt want it to end like this, i didnt want them to take me. but life sometimes brings us to places we never knew we would go. and sometimes, we come to our end before we even reach our beginning. please dont blame yourself, i love you dont waste your tears on me. ive always been the outcast, just there, but never belonging anywhere. im sick of you telling me its all in my head, cant you see its so much more than that. im tired of your pity. im tired of hearing its going to get better because its been like this for so long i dont think it ever can. when i look in the mirror all i see is the monster within tearing at my bloody seams. i dont know who i am anymore. how can i escape the mask when the mask is wearing me. i cant handle this anymore. its no ones fault but my own, the noose around my neck was crafted by my own hands. im afraid this pain will never let me go. if losing is gaining i never really win. i have been screaming so long but now only silence greets my broken cries. you say youre here for me, but youre no different. everyone runs from me in the end. if i could just have one wish, dont let me slip from your minds like water, too meaningless to grasp onto. i dont want to be forgotten. x200b i wrote this a few days ago, open to criticism. im trying to improve my writing.
Assesement: {'depression': 'yes'}

Based on the above, assess the content of the following post:
Post: Found a poem sort of thing, very emo ha ha ha ha from when I was 14.Okay so, yes. I was quite depressed even back then. I am delicate and bitter. I am sweet on the outside, coated with this thick skin which traps my feelings inside and shows what i dont feel on the outside. They dont show through, they are almost eliminated. Why? Why because who would care. Who would bother. Its like the soul is falling right out of my body, and I find it hard to say how I feel. I think things are gradually improving but they barely are. Everything is a slow and i am bleeding. I am bleeding with my feelings crawling in my mind and my thoughts trapping me. Help me I say. Help i say inside me. The thing is its inside me trapped far behind everything. You have to say you are just tired, you have to say you are fine and it doesnt matter. It does matter to you, and it consumes you. So claw my body and send me burning like a poisonous flame, because I am longing to feel pain that isnt from my own body. An external source of pain.
Assessment:
","[{'depression': 'yes'}, {'depression': 'yes'}, {'depression': 'yes'}, {'depression': 'yes'}]","{'depression': 'yes'}
Note: The assessment is based on the content of the post and the language"
4,es440i,You don't get it,"""It gets better"" ""Stop thinking about it"" ""get over it"", etc.
 
 Stop. Saying. That. 
 
 I hate it as much as you do, I just want to be free from my mind. I am my worst enemy. I hate myself. I hate myself so fucking bad, you have no idea, and I hate my situation, I hate my life and I am trying to control my emotions... It's **NOT** easy. 
 
 Did you ever get in your car and thought: Huh, maybe this time I will die? And feel almost disappointed you haven't finished in a car crash? 
 Have you ever crossed the road and almost got hit by a car and was like: Damn, it was close!
 
 Started to cut vegetables, and thought about hurting yourself? 
 Hang yourself? Fall off a bridge? 
 
 There are honestly thousands of ways I could have ended my life, for many horrible reasons, my own demons eating me, my own anxiety taking the best of me and my depression taking away my self worth. I feel like shit and like I don't deserve a place here and my loved ones deserve better. I am lost. I am alone. I feel horribly... horribly numb. 
 
 *I just want to die....*","[1, 1]","{'depressive_disorder', 'anxiety_disorder'}","You dont get it. It gets better Stop thinking about it get over it, etc. Stop. Saying. That. I hate it as much as you do, I just want to be free from my mind. I am my worst enemy. I hate myself. I hate myself so fucking bad, you have no idea, and I hate my situation, I hate my life and I am trying to control my emotions. Its NOT easy. Did you ever get in your car and thought Huh, maybe this time I will die? And feel almost disappointed you havent finished in a car crash? Have you ever crossed the road and almost got hit by a car and was like Damn, it was close! Started to cut vegetables, and thought about hurting yourself? Hang yourself? Fall off a bridge? There are honestly thousands of ways I could have ended my life, for many horrible reasons, my own demons eating me, my own anxiety taking the best of me and my depression taking away my self worth. I feel like shit and like I dont deserve a place here and my loved ones deserve better. I am lost. I am alone. I feel horribly. horribly numb. I just want to die.",Comorbid (Depression + Anxiety),1,1,"
Below are posts and their respective assessments based on the criteria for clinical depression as defined in the DSM-5.
Format your response as a JSON object {'depression': ''} with values either 'yes' or 'no'.

Post: i think im going to end my life some time this week. i just cant take the pain anymore. last night was one of the worst nights ive had in awhile. nothing but bad thoughts while i laid in bed. took me almost 3 hours to fall asleep. i wanted to just put holes in the walls because it was pissing me off so much. i cant fucking do it anymore. im too weak. i know i need to tell my parents i need help, thats the advice i get from people, but i just fucking cant. i cant stop feeling embarrassedashamed of being depressed and having social anxiety. i know i shouldnt care. but how the hell do i stop caring? i cant do it. whats the point in living the same day any longer? i wake up, go on reddit, eat, youtubereddit, eat, video games, sleep. every day. for the past year.
Assesement: {'depression': 'yes'}

Post: i dont know why im writing this or even if its okay. everything is hitting me so hard yesterday i sat in the car for nearly 12 hours with four people but yet felt so alone. today on the hike i planned in remembering my friend i felt so alone. even at milk shakes tonight because i knew i would feel alone at night surrounded by friends i was so alone and felt i couldnt communicate. everything im feeling is so intense. so much more then normal and i dont even deal with my normal well. i was just getting close to my friend agian before he took his life, i was devastated and still am. this whole year leading to this day was bettering my self and i have but i still am everywhere, it takes me an hour to get out of bed some days. i just got so depressed that i dont want to do anything. i honestly just hate life at this point but my brain still just wants to go and its such a rip on me. i know the hardest step is taking one backwards to view where you have come but this whole month ive felt worse and reverted back to how i was. i fucking hate this. i want it all to go away, why is it like this honestly.
Assesement: {'depression': 'yes'}

Post: i just want to be dead. im sick of almost everyone i talk to telling me they know how i feel. no you dont. you didnt have a relationship and your child ripped away from you. you didnt sit in a hospital for a few days until your meds adjusted because you tried to od. i just want to be gone and i cant even fathom how to explain that that is what will help me to the one person in my life that matters.
Assesement: {'depression': 'yes'}

Post: and im just tired of being told it it could always be worse, you should be grateful and well. youll be okay. this is the loving words of advice and encouragement from the people that are closest to me. times like this i feel a million miles away from everyone, im just disconnected somehow. i cant find a good job that pays well, i cant find a direction to go, im facing rejection in every corner. my counselor, my only sense of reason sometimes, completely forgot about my session and postponed me 3 more weeks. i dont want to die. i know that i could be happy in the future. but i need this pain to end. sometimes i think i was just mistake, never meant to be here anyway.
Assesement: {'depression': 'yes'}

Based on the above, assess the content of the following post:
Post: You dont get it. It gets better Stop thinking about it get over it, etc. Stop. Saying. That. I hate it as much as you do, I just want to be free from my mind. I am my worst enemy. I hate myself. I hate myself so fucking bad, you have no idea, and I hate my situation, I hate my life and I am trying to control my emotions. Its NOT easy. Did you ever get in your car and thought Huh, maybe this time I will die? And feel almost disappointed you havent finished in a car crash? Have you ever crossed the road and almost got hit by a car and was like Damn, it was close! Started to cut vegetables, and thought about hurting yourself? Hang yourself? Fall off a bridge? There are honestly thousands of ways I could have ended my life, for many horrible reasons, my own demons eating me, my own anxiety taking the best of me and my depression taking away my self worth. I feel like shit and like I dont deserve a place here and my loved ones deserve better. I am lost. I am alone. I feel horribly. horribly numb. I just want to die.
Assessment:
","[{'depression': 'yes'}, {'depression': 'yes'}, {'depression': 'yes'}, {'depression': 'yes'}]","
Note: Please answer based on the DSM-5 criteria for clinical depression, and not based on the"
5,8qs81x,People judge my situation too much while knowing too little about it.,"""You're not trying hard enough to improve your life"", ""Things will get better, you're just impatient"", ""You're a coward and a quitter"", ""You're just lazy"", ""Life is how you make it"", ""Stop complaining, other people are starving to death or suffering from terminal illness"". This is what I've heard, mostly from people who didn't have a thing to worry about in their lives.
 
 
 But what do they know? Do they know what I've been through? Hell no(and even if I try to explain them, they just use the starving/terminally ill pseudo-argument). Do they know how many nights I lied down and closed my eyes, hoping never to open them again? Fuck no they don't. Do they know how I tried to off myself 8 times, getting more and more desperate each time? No, they don't know that either. Then why the hell do they judge my situation as if they knew everything about it?
 
 Tl;dr: rant about how people are shitty and judge too much while knowing too little, especially when it comes to depression.","[1, 0]",{'depressive_disorder'},"People judge my situation too much while knowing too little about it. Youre not trying hard enough to improve your life, Things will get better, youre just impatient, Youre a coward and a quitter, Youre just lazy, Life is how you make it, Stop complaining, other people are starving to death or suffering from terminal illness. This is what Ive heard, mostly from people who didnt have a thing to worry about in their lives. But what do they know? Do they know what Ive been through? Hell noand even if I try to explain them, they just use the starvingterminally ill pseudoargument. Do they know how many nights I lied down and closed my eyes, hoping never to open them again? Fuck no they dont. Do they know how I tried to off myself 8 times, getting more and more desperate each time? No, they dont know that either. Then why the hell do they judge my situation as if they knew everything about it? Tldr rant about how people are shitty and judge too much while knowing too little, especially when it comes to depression.",Depression,1,0,"
Below are posts and their respective assessments based on the criteria for clinical depression as defined in the DSM-5.
Format your response as a JSON object {'depression': ''} with values either 'yes' or 'no'.

Post: a person i thought understood my clinical depression basically made funmocked it. it doesnt bother me that they did so. what bothers me is that they know exactly what its like and know how what they say effects me. theyre not the first to do so and its definitely not the first time. how do people like this live with themselves? they get all riled up at people who mock or look down on depression and self harm and shame them, but do it themselves.
Assesement: {'depression': 'yes'}

Post: anytime ive opened up to someone about my depression, thats the immediate response that i get. it makes me feel guilty. people think i have so much going for me that i have no reason to feel depressed. they disregard the fact that i have 0 control over this. i would love to not be depressed. days that i think im better are just followed by days that i feel nothing but gloom. just gloom. i can be told how awesome im doing at my job, and my ride home will just be shit. just sad. i wish someone could just chase this big bear out of my life. i wish i could fight it with a 10 foot sword, and be happy with who i am and what i have. everyone i talk to makes it seem so easy. fuck, it never ends. it really never ends.
Assesement: {'depression': 'yes'}

Post: everyone i know just throws around the word like its nothing now, my friends are all suddenly depressed after i one of my friends gets depressed because he saw that i was not doing so well, yet they all talk about it like its nothing. i dont know what real depression even is in my friend group anymore. i finally gave up and accepted that these fuckers just dont know what theyre talking about and that ill just have to ignore it. im just sick of it all and want to disappear.
Assesement: {'depression': 'yes'}

Post: i get this vine and impression by coworkers and just the general public im around. basically for the most part but not all, if you havent had depression then people dont understand. they judge you thinking your lazy and not tough enough. your just expected to do what everyone else is doing or be judged. dont realize that just living day to day is a lot harder than what they go through. then i get flack for living at home etc not being married having a gf. dont realize its because even just to work full time at the job i have is really hard as it is. so its hard for me to put the effort toward someone else. many days just wish i could quit everything and lay down like i did for several years before this. i am proud of my personal achievement of staying employed but fk its a grind and cant imagine myself doing it for a entire career. i just hate how society is so judgemental against mental health and so against accommodation . plus the views of the general public.
Assesement: {'depression': 'yes'}

Based on the above, assess the content of the following post:
Post: People judge my situation too much while knowing too little about it. Youre not trying hard enough to improve your life, Things will get better, youre just impatient, Youre a coward and a quitter, Youre just lazy, Life is how you make it, Stop complaining, other people are starving to death or suffering from terminal illness. This is what Ive heard, mostly from people who didnt have a thing to worry about in their lives. But what do they know? Do they know what Ive been through? Hell noand even if I try to explain them, they just use the starvingterminally ill pseudoargument. Do they know how many nights I lied down and closed my eyes, hoping never to open them again? Fuck no they dont. Do they know how I tried to off myself 8 times, getting more and more desperate each time? No, they dont know that either. Then why the hell do they judge my situation as if they knew everything about it? Tldr rant about how people are shitty and judge too much while knowing too little, especially when it comes to depression.
Assessment:
","[{'depression': 'yes'}, {'depression': 'yes'}, {'depression': 'yes'}, {'depression': 'yes'}]","The author of this post seems to be experiencing and expressing feelings of frustration, sadness, and hopeless"
6,dpx3i2,I want to die..,"(15F) 
 
 Ive always wanted to..that hasnt changed. But now more than ever..
 Im bad at everything..I suck in school on subjects society cares about, math and science..
 I cant think at all..so Im stupid. And if Im stupid, then I shouldnt be here.. I hate school..I hate learning what I cant understand because of my stupid self. I was born stupid, so Im forever stupid.. and I want to die.. I dont want to wake up..
 
 I really want to die. I probably should since me being here is in no way helping.. 
 Im wasting the space here.","[1, 0]",{'depressive_disorder'},"I want to die. 15F Ive always wanted to.that hasnt changed. But now more than ever. Im bad at everything.I suck in school on subjects society cares about, math and science. I cant think at all.so Im stupid. And if Im stupid, then I shouldnt be here. I hate school.I hate learning what I cant understand because of my stupid self. I was born stupid, so Im forever stupid. and I want to die. I dont want to wake up. I really want to die. I probably should since me being here is in no way helping. Im wasting the space here.",Depression,1,0,"
Below are posts and their respective assessments based on the criteria for clinical depression as defined in the DSM-5.
Format your response as a JSON object {'depression': ''} with values either 'yes' or 'no'.

Post: i dont want to be happy, i dont want money, or more friends or anything else. i literally only want to die, thats all i want. truly, genuinely, i want to die. because i know for a fact the only thing i ever wanted in life doesnt exist. im never going to fall in love with a girl like i always dreamed of, ill never get a wholesome romance, my life has shown ill be alone always. as a 24m what i hear most is that im young and i have plenty of time. but if you were on fire would you be ok with someone telling you to wait before jumping into a pool of water? i live in emotional agony and it becomes harder to escape every day. my only relief is death, verily. i only want to die. edit i deeply appreciate the comments on this post, they gave me plenty to think about.
Assesement: {'depression': 'yes'}

Post: ive been meaning to write this for a long time. im going to try to keep it short. so, i just want to die, seriously. i just cant stand myself, not even anyone, i just feel like im a total letdown to everyone. lately all i see is grey, i try to cheer up but nothing helps, everything right now is grey to me. im aware that a lot of people are struggling with this too, but i still feel so alone. the worst part is that deep down i know that everything is okay, but my mind is flooded with depressive thoughts. i simply dont want to stay alive anymore. lately all i think is about the fact that ive got to suicide before my birthday, simply because i dont want to see anyone congratulating me when i already know that no one likes me. i feel like im a huge piece of shit, i just know that no one wants to be around me, i know that i ruin everything, i know that i cant even write about my problems without feeling useless for not being able to handle them on my own. i just need someone to tell me that everything is going to be okay, even if it isnt going to be okay.
Assesement: {'depression': 'yes'}

Post: i am 18, but i am so tired of life that it is unbearable. i have been struggling with depression and anxiety for over 5 years and its just getting worse and worse. i cant bring myself to do anything productive, mainly because my illness and because. life is just too boring for me and i would like to end it. its not like i am getting anywhere since the only thing i do all day is watch anime and game. even if i want to learn, work out or practice guitar, i just cant. if this continues i have no hopes for graduating, going to college, getting decent job or having a stable relationship. so basically i will have really no reason to keep struggling. i am just a big failure atm and i will probably stay like that. lately i have been dreaming about suicide and writing my last words way too much. i even remember what i wanted to write there. anyway thank you for reading my vent, i am going to cry myself to sleep now ps please dont send me any jesus loves you etc messages into dms. i am atheist and it will just cause more harm than good
Assesement: {'depression': 'yes'}

Post: i dont want to look for a job anymore i dont want to talk to family i dont want to talk to.my friends i dont want to visit my family i want to get up anymore i dont want to eat i dont want to clean i just want to fucking die i want someone to put me out of my misery. but im to lazy to kill myself so ill just waste away for the rest of my life, not something to enjoy but just a matter of fact for me.
Assesement: {'depression': 'yes'}

Based on the above, assess the content of the following post:
Post: I want to die. 15F Ive always wanted to.that hasnt changed. But now more than ever. Im bad at everything.I suck in school on subjects society cares about, math and science. I cant think at all.so Im stupid. And if Im stupid, then I shouldnt be here. I hate school.I hate learning what I cant understand because of my stupid self. I was born stupid, so Im forever stupid. and I want to die. I dont want to wake up. I really want to die. I probably should since me being here is in no way helping. Im wasting the space here.
Assessment:
","[{'depression': 'yes'}, {'depression': 'yes'}, {'depression': 'yes'}, {'depression': 'yes'}]",'depression': 'yes'
7,ez4lqg,im so lethargic,"(16f)for the past week i cant seem to have the motivation to do anything. i dont care about school, or about myself. i was diagnosed with dysthymia (persistent depression disorder) about a year back, and started medication but i dont know if its working anymore. i skipped school and slept all day because i physically could not get out of bed. i want to start self harming again (i wont) and i just want to sleep all of the time. i have no clue why its so bad this week, but i feel stuck, and this is the most depressed ive been in a long time. i kind of want to go back to the hospital but im afraid of what that will do to my relationship with my boyfriend. im so afraid that no one actually likes me, and is only friends with me out of pity. i cant stop comparing myself to others, and im so incredibly lonely. depression is so isolating. i just want to be a normal teenager and not have to go through all of this. i want to believe people when they say they love me, and i want to love myself. i cant help but think that everyone would be better off without me. i ruin everything i touch. im so untalented and useless. i cant to anything right.","[1, 1]","{'depressive_disorder', 'anxiety_disorder'}","im so lethargic. 16ffor the past week i cant seem to have the motivation to do anything. i dont care about school, or about myself. i was diagnosed with dysthymia persistent depression disorder about a year back, and started medication but i dont know if its working anymore. i skipped school and slept all day because i physically could not get out of bed. i want to start self harming again i wont and i just want to sleep all of the time. i have no clue why its so bad this week, but i feel stuck, and this is the most depressed ive been in a long time. i kind of want to go back to the hospital but im afraid of what that will do to my relationship with my boyfriend. im so afraid that no one actually likes me, and is only friends with me out of pity. i cant stop comparing myself to others, and im so incredibly lonely. depression is so isolating. i just want to be a normal teenager and not have to go through all of this. i want to believe people when they say they love me, and i want to love myself. i cant help but think that everyone would be better off without me. i ruin everything i touch. im so untalented and useless. i cant to anything right.",Comorbid (Depression + Anxiety),1,1,"
Below are posts and their respective assessments based on the criteria for clinical depression as defined in the DSM-5.
Format your response as a JSON object {'depression': ''} with values either 'yes' or 'no'.

Post: about a year ago i was diagnosed with depression and anxiety, for a while it was really bad but things slowly improved. i went to the doctors, got prescribed medication and i felt like i was improving. i didnt think id ever get that bad again but i feel like im falling back into those ways. i currently live at home with my parents, im 23 but i dont mind, i have a close relationship with my parents and they have been nothing but supportive for me. im currently studying for a masters degree which finishes in september so i feel like i at least have some direction in life. however, lately i just havent felt myself. i have absolutely no motivation to do things, even the things that i want to do. i cant seem to sleep at night and i usually wake up late around 10.30am but end up getting back into bed and just looking at my phone until around midday. i barely go out. i moved to a new area back in may of last year and i have no friends here, its pretty rural as well so there isnt many places to go and join clubsactivities and i dont drive. my course is distance learning so theres no clubs to join there either. i just feel like i am wasting my life and everything just feels incredibly pointless right now. i just feel miserable all the time and i honestly dont know what i can do anymore.
Assesement: {'depression': 'yes'}

Post: i feel numb. i feel like a dark cloud is looming over me. most days i cant get out of bed, i go days and sometimes weeks on end where i am in bed unmotivated. i cant do my hair, i cant brush my teeth, clean my room, take a shower, im broken. the simple tasks like waking up in the morning take me days to do. school starts on monday and i cant do it. im getting help, but it isnt helping. i know in order for me to be okay, i have to put effort in. im trying, i really, really am. its not helping. my family thinks i have bipolar disorder, i think its a teenage thing. im in therapy. i hate it. she makes me close my eyes, but darkness makes me feel trapped. i have no appetite, i cant sleep at night, im currently writing this at 232 in the morning. i walked into the kitchen the other day and my mum was crying in my stepdads arms. depression runs in my family, but im a special case. i cant control it. i want it to end so badly, but i have a little sister. shes the only thing keeping me alive. i cant fix it. i cant control it. when i go to sleep, i hope that i wont wake up. i feel broken. i want a solution, but i cannot find one. i dont want to cause my family more pain, but my life at the moment is unbearable and im afraid that its going to be like this forever. i need reasons to live. i have written a bucket list, does anyone know any other things to do to keep me holding on?
Assesement: {'depression': 'yes'}

Post: ive tried so hard these years to be better every day. ive felt better, but then, i always end up in the same bad place i was before. depression has drained me. now, i spend almost all my energy trying to hold myself together, and i cant even study when i get home because i fall asleep. now, i cant even concentrate, or think clearly, even when im fine. i still see that brain fog every time a teacher asks me a question. i feel like homer simpson every time somebody tries to explain something to me. my mind is damaged. also, thanks to depression, ive lost people, because i start acting out, and people freak out. ive lost what i considered good chances of meeting a great person, and maybe, fall in love. i now understand that its never gonna happen. thanks to depression, my father has an aditional thing to stress about. i have a great family, and theyre very supportive, but i know how they feel when they realize im not okay. you people know how i feel. i just dont want to exist anymore. i really wish i could go to bed tonight, and maybe, not waking up ever again. im really tired of being useless, and a burden.
Assesement: {'depression': 'yes'}

Post: last year i was diagnosed with depression. i stopped going to school, and the only social things i did was going to work and have drinks with coworkers after work. this went on for a while and i went to a docter. he diagnosed me with depression and sent me to a shrink. ive had some sessions and although i dont really feel like it made much of a difference, i slowly started feeling better, more optimistic. this was about 6 months ago. ive decided to go back to school in september, but now its slowly getting back to me. its nearly impossible for me to get out of bed again, its only easy when i have to go to work. also i feel really tired all the time, and that makes me not want to eat. so i rarely eat anymore. i really dont want to feel this way. i just want to start going to school again and start making some progress. but it feels so impossible right now, im really not sure what to do about it. my friends also notice this a lot, i never feel like getting out of bed. when my friends invite me i usually still go, even though im always really late. and i dont really feel like talking anymore. even reacting to what they say feels really hard to do. i guess i just want to vent. maybe someone here has been in the same situation and could share what they did to change this? also, english is not my first language so sorry if its bad.
Assesement: {'depression': 'yes'}

Based on the above, assess the content of the following post:
Post: im so lethargic. 16ffor the past week i cant seem to have the motivation to do anything. i dont care about school, or about myself. i was diagnosed with dysthymia persistent depression disorder about a year back, and started medication but i dont know if its working anymore. i skipped school and slept all day because i physically could not get out of bed. i want to start self harming again i wont and i just want to sleep all of the time. i have no clue why its so bad this week, but i feel stuck, and this is the most depressed ive been in a long time. i kind of want to go back to the hospital but im afraid of what that will do to my relationship with my boyfriend. im so afraid that no one actually likes me, and is only friends with me out of pity. i cant stop comparing myself to others, and im so incredibly lonely. depression is so isolating. i just want to be a normal teenager and not have to go through all of this. i want to believe people when they say they love me, and i want to love myself. i cant help but think that everyone would be better off without me. i ruin everything i touch. im so untalented and useless. i cant to anything right.
Assessment:
","[{'depression': 'yes'}, {'depression': 'yes'}, {'depression': 'yes'}, {'depression': 'yes'}]","{'depression': 'yes'}

In conclusion, assessing the content of the post, it is evident that"
8,c32kf6,Never been so unhealthy mentally and physically.,"(18m) About 5 months ago I was the happiest and healthiest I had ever been in my life enjoying new hobbies in a very good relationship with the love of my life eating really well while also going to the gym regularly. But 5 months ago my whole life crumbled I found out that my girlfriend had cheated on me with my best friend and had all of her friends lie to me for months just to cover there relationship up but everything just went downhill from there. I got diagnosed with manic depression and schizophrenia after i reached out for help at my nearest hospital they have put me on an ssri and a medication called risperidone but it hasnt done much for me at all. I attempted to commit suicide with those pills but woke up the next super ill and it really just made everything worse. I have panic attacks almost daily and have started smoking cigs to cope with it. My parents arent supportive and ive done almost everything on my own since i was 16. My biggest concern right now is i go days without eating and just drink water and i lost 10 pounds which doesnt sound like much but when your 145 pounds and 6ft tall then drop to 135 you can really see the difference (ribs) I have never done good in school and im not getting any credits this semester because i very rarely left my room for the past 4 months so im in a very bad spot with school.
 

 
 sorry my grammar is awful ive never been good at writing 
 
 i will respond to any questions asap","[1, 1]","{'depressive_disorder', 'anxiety_disorder'}",Never been so unhealthy mentally and physically. 18m About 5 months ago I was the happiest and healthiest I had ever been in my life enjoying new hobbies in a very good relationship with the love of my life eating really well while also going to the gym regularly. But 5 months ago my whole life crumbled I found out that my girlfriend had cheated on me with my best friend and had all of her friends lie to me for months just to cover there relationship up but everything just went downhill from there. I got diagnosed with manic depression and schizophrenia after i reached out for help at my nearest hospital they have put me on an ssri and a medication called risperidone but it hasnt done much for me at all. I attempted to commit suicide with those pills but woke up the next super ill and it really just made everything worse. I have panic attacks almost daily and have started smoking cigs to cope with it. My parents arent supportive and ive done almost everything on my own since i was 16. My biggest concern right now is i go days without eating and just drink water and i lost 10 pounds which doesnt sound like much but when your 145 pounds and 6ft tall then drop to 135 you can really see the difference ribs I have never done good in school and im not getting any credits this semester because i very rarely left my room for the past 4 months so im in a very bad spot with school. sorry my grammar is awful ive never been good at writing i will respond to any questions asap,Comorbid (Depression + Anxiety),1,1,"
Below are posts and their respective assessments based on the criteria for clinical depression as defined in the DSM-5.
Format your response as a JSON object {'depression': ''} with values either 'yes' or 'no'.

Post: ive 21f never posted here and i feel a bit nervous, but here goes. so basically i was diagnosed with major depression and bulimia last year and was prescribed zoloft. a few weeks into taking it, i realized that i wasnt able to experience some happier emotions. like i didnt really feel anything when i would be around or touch the people i love and i couldnt reach orgasm the worst part. i decided i wanted to feel something so i stopped taking meds. quite abruptly. now, almost a year later i have been having suicidal thoughts again. also, ive been going through short phases where i would stop eating for 23 days but then return to a normal eating schedule when i felt a bit better. i dont know why i just cant bring myself to eat or even get or of bed sometimes. also, talking to the psychologist gave me severe anxiety. im reluctant to go back to the psychiatrist because of the meds. but i am thinking that maybe i should anyway, at least for now. i would really appreciate some advice. thoughts?
Assesement: {'depression': 'yes'}

Post: hello everyone. i 24f have been diagnosed with depression and anxiety since i was first diagnosed with ms when i was 13. i was really doing well until around 2018 when i began grad school. everything has begun to pile up and i feel all coming down at once. now, i feel so uninterested in everything. quarantine has made it worse, but it was really bad before. i dont shower as much as i should, i sleep until noon and can hardly get out of bed, i am so unmotivated and overweight and i just dont know what to do. i struggle with binge eating and cant seem to get that under control. i do have my first appointment with a psychiatrist tomorrow since my current therapist isnt working out. im on wellbutrin and lexapro pretty high doses and im still struggling so much. i would love any and all advice. tia!
Assesement: {'depression': 'yes'}

Post: so im 15,currently under antidepressants and xanax because at the age of 11 i was diagnosed with clinical depression and severe anxiety.i have been on medication for about 2 years now,but no changes,actually i feel like im doing worse.i have a very difficult life at home,my parents are divorced and because of that i live alone with my mom who also suffers from a variety of mental illnesses including a form of narcissism.she destroys me from the inside out.i have 2 failed attempts on my back and countless letters that i eneded up never even using.i am alone,bullied at school the rare times i go and just feel useless.sorry if i just wasted your time,just wanted to put my story out there.
Assesement: {'depression': 'yes'}

Post: so. i was in ambulant psychiatric treatment between december 2015 and december 2016 but sadly i did not get better. im now out of school for 1 12 years and just sitting at home. i finally found the courage, called up that psychiatrist that was recommended to me. now im on antidepressants. also called up a psychiatric hospital just 10km away from me and made an appointment for an interview to get a therapy place for the semiambulant hospital go there in the morning and go back home in the evening so i guess its something. ive been getting gradually worse over the course of the last weeks that even my suicidal thoughts came back that i didnt have for 2 years. i also got diagnosed with severe anxiety disorder, severe depression with suicidal tendence and mild ptsd. idk. i could write more but im kind of lacking the energy for that. thanks for reading.
Assesement: {'depression': 'yes'}

Based on the above, assess the content of the following post:
Post: Never been so unhealthy mentally and physically. 18m About 5 months ago I was the happiest and healthiest I had ever been in my life enjoying new hobbies in a very good relationship with the love of my life eating really well while also going to the gym regularly. But 5 months ago my whole life crumbled I found out that my girlfriend had cheated on me with my best friend and had all of her friends lie to me for months just to cover there relationship up but everything just went downhill from there. I got diagnosed with manic depression and schizophrenia after i reached out for help at my nearest hospital they have put me on an ssri and a medication called risperidone but it hasnt done much for me at all. I attempted to commit suicide with those pills but woke up the next super ill and it really just made everything worse. I have panic attacks almost daily and have started smoking cigs to cope with it. My parents arent supportive and ive done almost everything on my own since i was 16. My biggest concern right now is i go days without eating and just drink water and i lost 10 pounds which doesnt sound like much but when your 145 pounds and 6ft tall then drop to 135 you can really see the difference ribs I have never done good in school and im not getting any credits this semester because i very rarely left my room for the past 4 months so im in a very bad spot with school. sorry my grammar is awful ive never been good at writing i will respond to any questions asap
Assessment:
","[{'depression': 'yes'}, {'depression': 'yes'}, {'depression': 'yes'}, {'depression': 'yes'}]","{'depression': 'yes'}


This post is assessed as having a high likelihood of having de"
9,dx4nn5,What haunts you?(a thread if you want to add to it),"(23f if anyone cares) My mom mentally and emotionally abused me up until I was seventeen. Near the end of 2012 we all of a sudden started getting along and she never yelled at me or treated me like she had been my whole life (it was bad - Ive got mdd, gad, and ptsd from it among other things). And then, in January of 2013 she was diagnosed with cancer that had spread to her brain. 
 
 She was dead in a month. 
 
 Im grateful that for some reason she stopped treating me like shit for those last few months but as Ive gotten older this thought haunts me: I think the only reason she changed is because the cancer had spread to her brain and it changed her personality and acting towards me. Because it was sudden. Im talking she would have me sobbing day in and out with the way she treated me and then all of a sudden it just stopped. It wasnt perfect but it was a huge change. 
 
 Like I said, Im grateful we had those few months at the end but it really fucking sucks to think the cancer is the only reason she started treating me, her only daughter, with basic human decency. I wish it could of been good the whole time. 
 
 And it really sucks that I dont have the chance to grow up and have an adult relationship with her, maybe we could of worked through why she treated me that way, maybe I could have understood to some extent. Idk. Im just never going to have that and it bothers me so much.","[1, 1]","{'depressive_disorder', 'anxiety_disorder'}","What haunts you?a thread if you want to add to it. 23f if anyone cares My mom mentally and emotionally abused me up until I was seventeen. Near the end of 2012 we all of a sudden started getting along and she never yelled at me or treated me like she had been my whole life it was bad Ive got mdd, gad, and ptsd from it among other things. And then, in January of 2013 she was diagnosed with cancer that had spread to her brain. She was dead in a month. Im grateful that for some reason she stopped treating me like shit for those last few months but as Ive gotten older this thought haunts me I think the only reason she changed is because the cancer had spread to her brain and it changed her personality and acting towards me. Because it was sudden. Im talking she would have me sobbing day in and out with the way she treated me and then all of a sudden it just stopped. It wasnt perfect but it was a huge change. Like I said, Im grateful we had those few months at the end but it really fucking sucks to think the cancer is the only reason she started treating me, her only daughter, with basic human decency. I wish it could of been good the whole time. And it really sucks that I dont have the chance to grow up and have an adult relationship with her, maybe we could of worked through why she treated me that way, maybe I could have understood to some extent. Idk. Im just never going to have that and it bothers me so much.",Comorbid (Depression + Anxiety),1,1,"
Below are posts and their respective assessments based on the criteria for clinical depression as defined in the DSM-5.
Format your response as a JSON object {'depression': ''} with values either 'yes' or 'no'.

Post: my aunt was mentioning she was packing a lunch and snack for my 14 yo little cousin. im 24. and i was like, wait, you pack a lunch for him still? by age 7 i was packing my own lunch and making my own breakfast because my mom had severe depression. im not saying she sucked. she was great in many ways. but some of my earliest memories were her sobbing because she was overwhelmed or laying in bed. all day, when we were as young as 7 me and 5 my brother. she also never really grocery shopped or made food for us. i went without food often even though we could afford it my dad worked but was rarely home, and was semiverbally and physically abusive. i remember begging other kids for food in elementary school because i didnt have any and them not giving me any, humiliating, and bringing a single granola bar to lunch in middle school. i remember microwaving cheese in a bowl and eating it for dinner. i remember my friends mom cooking for us in health class and telling my mom excitedly i had a real home cooked meal today! and her crying because she felt like a terrible mom. i told my aunt all this, and she was just like oh, your mom was terribly depressed your whole childhood. my mom is one of my biggest supporters now and is doing much better depressionwise but it did suck not having her as a kid. its like, i kinda forgot all about that til my aunt mentioned she was making my cousin lunch.
Assesement: {'depression': 'yes'}

Post: this feeling always happens when i watch family videos or look at old photos of me, but this is the first time in a bit that it happened. my mom came with me to my psychiatry appointment and made the comment when she was younger, she was happy and lively and cheery. now, i look at her and think where has my angel gone? every time i see old videos or pictures of me i almost start crying. my parents didnt expect me to be all fucked up! they didnt look at me whenever id play with my toys and think man, i really hope she doesnt grow up to wish she was never born. they didnt expect me to debate on throwing myself into traffic at 13 they couldnt have known id spend most of my adolescence sobbing and wishing i was dead. they just wanted their sweet, happy baby girl to stay that way. they expected her to be cheery and happy and friendly and passionate. they expected me to have tons of friends they expected me to have great grades they expected me to know what i want to do in life. i am not their sweet, happy girl anymore. im a husk of what i once was. sure, i can smile and be nice. but in the end, im crying and wishing i wasnt born. im angry for being this way.
Assesement: {'depression': 'yes'}

Post: really quick i am not going to commit suicide. it just brings back the thoughts of doing so from when i was suicidal in the past. gonna keep this short and sweet because i dont want to write a wall of text but i need to say this. but my mom is a shitty person. she lied about my dad to make me hate him, which worked. when my dad proved that these were all lies, i felt so incredibly bad and betrayed. she blamed her drinking problem on me, tried to break up my romantic relationship of 2 years at the time. seeing her friends praise her as such a good mother makes me sick and hurts me. im a very forgiving person. like i will forgive anyone for anything because people can change, so why not give them the benefit of the doubt. but i just cant forgive her, she hasnt apologized for anything shes done. in fact, she defends it. smoking while pregnant is fine because you didnt turn out with birth defects like shut the fuck up. thats just the most common thing she defends. anyway i just needed to say this. hope you guys are having a great mothers day! stay safe 3
Assesement: {'depression': 'yes'}

Post: i cant stand no more. no one in this house would get over all this shit ive been trough the last weeks, plus the last years of abandoning, negligence and pain. it is so easy to say. but its hard to know that she didnt and wont ever help me. i think im doing it this holidays, that she is going to pass in europe i was not invited as usual with her possessive and manipulative husband my father died years ago. maybe, if she stare at my corpse when entering my room after the trip, she would realize all her fault.
Assesement: {'depression': 'yes'}

Based on the above, assess the content of the following post:
Post: What haunts you?a thread if you want to add to it. 23f if anyone cares My mom mentally and emotionally abused me up until I was seventeen. Near the end of 2012 we all of a sudden started getting along and she never yelled at me or treated me like she had been my whole life it was bad Ive got mdd, gad, and ptsd from it among other things. And then, in January of 2013 she was diagnosed with cancer that had spread to her brain. She was dead in a month. Im grateful that for some reason she stopped treating me like shit for those last few months but as Ive gotten older this thought haunts me I think the only reason she changed is because the cancer had spread to her brain and it changed her personality and acting towards me. Because it was sudden. Im talking she would have me sobbing day in and out with the way she treated me and then all of a sudden it just stopped. It wasnt perfect but it was a huge change. Like I said, Im grateful we had those few months at the end but it really fucking sucks to think the cancer is the only reason she started treating me, her only daughter, with basic human decency. I wish it could of been good the whole time. And it really sucks that I dont have the chance to grow up and have an adult relationship with her, maybe we could of worked through why she treated me that way, maybe I could have understood to some extent. Idk. Im just never going to have that and it bothers me so much.
Assessment:
","[{'depression': 'yes'}, {'depression': 'yes'}, {'depression': 'yes'}, {'depression': 'yes'}]","
Note: The assessment is based on the criteria for clinical depression as defined in the DSM-5"
10,8q4fbu,Boss trying to make me present at a conference,"(Background: diagnosed with GAD, depression, panic disorder, and OCD - fun!)
 
 So I started a job six months ago, and my boss wants me to attend a conference next year. I enthusiastically said yes, count me in! I'd been to one at a similar job in the past that was fun. I got to listen to presentations and share ideas.
 
 Two months later and now he says he wants me to sign up/apply to present at the conference. Basically I have to come up with something interesting to talk about, present it, and represent my company. Boss is really into this stuff for ""professional development"" and ""company representation"". He's very excited and tried to brainstorm ideas with me.
 
 My social anxiety is pretty bad already and this job (which I'm contemplating quitting anyway due to mental health reasons) is very stressful for me. I also suffer from really bad ""stage fright"" that has to do with being in front of crowds, being looked at, etc. I have bad panic attacks in situations in which I have to be in front of people in such a way. I often get very ill.
 
 This is like adding super stressful bacon bits onto the shit salad that is my life right now.
 
 I don't know how to talk to my boss about it without revealing too much. Does anyone have any advice/suggestions? Thank you for reading.","[1, 1]","{'depressive_disorder', 'anxiety_disorder'}","Boss trying to make me present at a conference. Background diagnosed with GAD, depression, panic disorder, and OCD fun! So I started a job six months ago, and my boss wants me to attend a conference next year. I enthusiastically said yes, count me in! Id been to one at a similar job in the past that was fun. I got to listen to presentations and share ideas. Two months later and now he says he wants me to sign upapply to present at the conference. Basically I have to come up with something interesting to talk about, present it, and represent my company. Boss is really into this stuff for professional development and company representation. Hes very excited and tried to brainstorm ideas with me. My social anxiety is pretty bad already and this job which Im contemplating quitting anyway due to mental health reasons is very stressful for me. I also suffer from really bad stage fright that has to do with being in front of crowds, being looked at, etc. I have bad panic attacks in situations in which I have to be in front of people in such a way. I often get very ill. This is like adding super stressful bacon bits onto the shit salad that is my life right now. I dont know how to talk to my boss about it without revealing too much. Does anyone have any advicesuggestions? Thank you for reading.",Comorbid (Depression + Anxiety),1,1,"
Below are posts and their respective assessments based on the criteria for clinical depression as defined in the DSM-5.
Format your response as a JSON object {'depression': ''} with values either 'yes' or 'no'.

Post: i have a work presidentation in front of hundreds of people in 2 hours and i suffer from ocd, depression, social phobia and sever anxiety for couple years and it got horrible worse in past 4 months to the point i dont communicate to anyone, i have suicidal taughts, i went numb completely and i feel like i will lose control every second. i also have at least 3 panic attacks every single day. now the problem is that i have this presidentation to do and i am freaking out i cant even swallow normally. i was thinking about drinking 3 or 4 pills to calm down that i used before but i would only drink 1 or 2 and it wasnt really helpful. but i am afraid it might make me fat because antidepressants do that sometimes. i had anorexia and bulimia so thats why im afraid of gaining weight should i risk and drink it 34 or should i just not show up at presentation? please answer i need help
Assesement: {'depression': 'yes'}

Post: im quitting my job to focus on my health. i have to tell my boss soon like, tomorrow that this is happening. i am terrified. i get enough anxiety about simple things like going to work or talking in a meeting, let alone talking to my boss about resigning. eeek! the only time i ever resigned from a job, i was leaving to attend grad school full time and that boss was so excited for me. it was easy to talk to her. this time? i dont know how to tiptoe around the reason. i want to honest but i also dont want to disclose too much. i know my boss and then everyone else will ask me 97,000 times. ive also only been here since december so not very long at all. a few other coworkers have left in the past few months. im scared of my bosss reaction and dont know how to talk to them. any tipsadvice?
Assesement: {'depression': 'no'}

Post: im quitting my job to focus on my health. i have only been here six months. i have to tell my boss soon like, tomorrow that this is happening. i am terrified. i get enough anxiety about simple things like going to work or talking in a meeting, let alone talking to my boss about resigning. eeek! the only time i ever resigned from a job, i was leaving to attend grad school full time and that boss was so excited for me. it was easy to talk to her. this time? i dont know how to tiptoe around the reason. i want to honest but i also dont want to disclose too much. i know my boss and then everyone else will ask me 97,000 times. a few other coworkers have left in the past few months as well. im scared of my bosss reaction and dont know how to talk to them. any tipsadvice?
Assesement: {'depression': 'no'}

Post: i have a lot of health problems, and a shit ton of mental health problems. my anxiety gets so bad some days cant go to work and call in. i realize im an asshole for not doing it right away, but i can usually talk myself into baby steps to get there in spite of my anxiety. i work mostly by myself so this means someone might have to work a double if i call in at the last minute. so i get it, im an asshole. the general panic has been rolling in hot and heavy these last couple weeks and one day this week i just couldnt, so i called in. mind you, this has happened a total of 3 times in a year and a half, and one of them i checked into a mental health hospital and they forgot to call my work. things with the person have been strained at best. i can count the number of times they has initiated any conversation outside of work talk when there is nothing to do on one hand, hell it might be one finger. anyway, tensions have been at an all time high after i took a month off to recover from surgery, and they had to work for me for most of it i think. i feel like im walking on eggshells and try to find anything to do so i dont have to be around said person. so today they come to me and basically tell me that my coworkers are sick of me being sick and calling in and i should probably be looking for a different job. how should i talk to my boss about this comment and overall work tension without straight out sounding like im narcing on my coworker?
Assesement: {'depression': 'no'}

Based on the above, assess the content of the following post:
Post: Boss trying to make me present at a conference. Background diagnosed with GAD, depression, panic disorder, and OCD fun! So I started a job six months ago, and my boss wants me to attend a conference next year. I enthusiastically said yes, count me in! Id been to one at a similar job in the past that was fun. I got to listen to presentations and share ideas. Two months later and now he says he wants me to sign upapply to present at the conference. Basically I have to come up with something interesting to talk about, present it, and represent my company. Boss is really into this stuff for professional development and company representation. Hes very excited and tried to brainstorm ideas with me. My social anxiety is pretty bad already and this job which Im contemplating quitting anyway due to mental health reasons is very stressful for me. I also suffer from really bad stage fright that has to do with being in front of crowds, being looked at, etc. I have bad panic attacks in situations in which I have to be in front of people in such a way. I often get very ill. This is like adding super stressful bacon bits onto the shit salad that is my life right now. I dont know how to talk to my boss about it without revealing too much. Does anyone have any advicesuggestions? Thank you for reading.
Assessment:
","[{'depression': 'yes'}, {'depression': 'no'}, {'depression': 'no'}, {'depression': 'no'}]",{'depression': 'yes'}
11,858cbk,Everything feels so wrong now.,"(For all intents and purposes) My name is Dev. I'm 20 years old and have been diagnosed with depression since my suicide attempt on October 8th, 2016. I don't want to waste your time so I'll try to be blunt. I feel like a losing chess player. I have this feeling deep inside that I'm watching life creep closer and closer to the end. It doesn't matter what I do. How I strategize. At best, I'm prolonging a death sentence. At worst, I'm lying to myself. Soon, I'll be kicked out of the military. Not long after, I'll lose my job. Then my car. Then my home. Lastly, the woman I've given my heart to. With all my options closing so quickly, it's getting harder and harder to see a reason to keep fighting an uphill battle. I've already started thinking of how I'll need to go about bringing a quick end. I've concluded that I've wasted all my time here on Earth. With very little left, I will write a series on my profile to document whatever I decide is worth leaving here.","[1, 1]","{'depressive_disorder', 'anxiety_disorder'}","Everything feels so wrong now. For all intents and purposes My name is Dev. Im 20 years old and have been diagnosed with depression since my suicide attempt on October 8th, 2016. I dont want to waste your time so Ill try to be blunt. I feel like a losing chess player. I have this feeling deep inside that Im watching life creep closer and closer to the end. It doesnt matter what I do. How I strategize. At best, Im prolonging a death sentence. At worst, Im lying to myself. Soon, Ill be kicked out of the military. Not long after, Ill lose my job. Then my car. Then my home. Lastly, the woman Ive given my heart to. With all my options closing so quickly, its getting harder and harder to see a reason to keep fighting an uphill battle. Ive already started thinking of how Ill need to go about bringing a quick end. Ive concluded that Ive wasted all my time here on Earth. With very little left, I will write a series on my profile to document whatever I decide is worth leaving here.",Comorbid (Depression + Anxiety),1,1,"
Below are posts and their respective assessments based on the criteria for clinical depression as defined in the DSM-5.
Format your response as a JSON object {'depression': ''} with values either 'yes' or 'no'.

Post: hi guys, my name is dom. my lifes been shit. i was diagnosed with major depressive disorder, and my girlfriend knew. she just decided to break up with me, and block me in everything because she was too tired. i understand why though. but i was trying to get better for her, i was going to the gym regularly as i did before i had depression. making new friends. and now shes gone even before i got the chance. i knew shed get tired, i knew it. but she insisted that she never will, but she did. i tried my best in this life, but i have always failed. have always been a failure. i told her that i wanted to commit suicide, but she didnt care. she told me she doesnt care. so that kind of pushed me to commit suicide. 2 weeks ago, i had an attempt. last night, i had another attempt. tonight, i will attempt again. and i will try with all my might to die. my dad might beat me if i survive though, so im afraid of that. i hope my grandma doesnt see me dangling from the support beam. so, before i go, i plan to make a video to give closure. and after that, im going to call a friend whos a fair distance away from me to come, so that she can claim my body without my grandmother ever seeing it. anyways, i dont know why im posting this here. i just needed somewhere to say this before i do it. felt like the final piece of the puzzle.
Assesement: {'depression': 'yes'}

Post: i am 18 years old and have been burned out to the point i rarely enjoy anything nor can i do things i want. i am working on it with my psychologist , but i am worried i dont have much time left. my depression is getting worse , i have been suicidal for past 4 years , but now i think i am in danger i fantasize about death on daily basis and really think it would be a good solution , but damm i cant do that to my mum and friends. fuck i am getting way too emotional writing this down and just hope this isnt my final and last thing i post write if you wondering why my mind is so messed up it cant decide whether to kill myself or keep on fighting is mostly loosing the fight for many many long years. this kept on so long i started doubt i will ever break out of it or have decent life. and with decent i dont mean money , partner or anything material. a decent life for me would be one i can enjoy or at least stop hurting myself and wishing to die. i hate myself so much , i started to get teary just continuing with this post . but at least i know i have some emotions fuck this really feels like i am writing a suicide letter. i hate my own my doing this to me. i am fucking lost cause. i should really just write one and do it. if anybody read this nonsense , thank you .
Assesement: {'depression': 'yes'}

Post: i dont even know where to start. i was diagnosed with depression after a suicide attempt in my junior year of high school. after failing a class in high school i cant get into a university. it took me an entire year to find a bullshit minimum wage job at a sandwich shop. i found out today they fired me. so i decided i might be jumping off a bridge near my house tomorrow. ill send good bye texts to the few friends didnt abandon me and maybe a fuck you call to my boss before i end everything.
Assesement: {'depression': 'yes'}

Post: ive been meaning to write this for a long time. im going to try to keep it short. so, i just want to die, seriously. i just cant stand myself, not even anyone, i just feel like im a total letdown to everyone. lately all i see is grey, i try to cheer up but nothing helps, everything right now is grey to me. im aware that a lot of people are struggling with this too, but i still feel so alone. the worst part is that deep down i know that everything is okay, but my mind is flooded with depressive thoughts. i simply dont want to stay alive anymore. lately all i think is about the fact that ive got to suicide before my birthday, simply because i dont want to see anyone congratulating me when i already know that no one likes me. i feel like im a huge piece of shit, i just know that no one wants to be around me, i know that i ruin everything, i know that i cant even write about my problems without feeling useless for not being able to handle them on my own. i just need someone to tell me that everything is going to be okay, even if it isnt going to be okay.
Assesement: {'depression': 'yes'}

Based on the above, assess the content of the following post:
Post: Everything feels so wrong now. For all intents and purposes My name is Dev. Im 20 years old and have been diagnosed with depression since my suicide attempt on October 8th, 2016. I dont want to waste your time so Ill try to be blunt. I feel like a losing chess player. I have this feeling deep inside that Im watching life creep closer and closer to the end. It doesnt matter what I do. How I strategize. At best, Im prolonging a death sentence. At worst, Im lying to myself. Soon, Ill be kicked out of the military. Not long after, Ill lose my job. Then my car. Then my home. Lastly, the woman Ive given my heart to. With all my options closing so quickly, its getting harder and harder to see a reason to keep fighting an uphill battle. Ive already started thinking of how Ill need to go about bringing a quick end. Ive concluded that Ive wasted all my time here on Earth. With very little left, I will write a series on my profile to document whatever I decide is worth leaving here.
Assessment:
","[{'depression': 'yes'}, {'depression': 'yes'}, {'depression': 'yes'}, {'depression': 'yes'}]",{'depression': 'yes'}
12,dty4lv,I am done,"(I am 17yo)
 
 I have dated one very beautiful and smart girl with good sense of humor . The relationship was going well , at least that's how I felt . She told me that she had some mental problems that made her feel bad when touching other people (even me) . I was patient and haven't pushed her into anything . (We never kissed , or even held hands) .
 
 About 9 months later , after summer holidays I broke up with her , because she didn't find any time for me and we haven't seen each other for 2 months . Few weeks later after we broke up , she started dating my best friend . However , she has definitely no problem touching him .
 
 Now I just wonder how disgusting , useless, ugly and boring I am when my ex had those problems with me and no one else . I feel like a terrible friend for not wishing him the best in the relationship and also like a terrible human being not deserving any attention :)","[0, 0]",{'control_group'},"I am done. I am 17yo I have dated one very beautiful and smart girl with good sense of humor . The relationship was going well , at least thats how I felt . She told me that she had some mental problems that made her feel bad when touching other people even me . I was patient and havent pushed her into anything . We never kissed , or even held hands . About 9 months later , after summer holidays I broke up with her , because she didnt find any time for me and we havent seen each other for 2 months . Few weeks later after we broke up , she started dating my best friend . However , she has definitely no problem touching him . Now I just wonder how disgusting , useless, ugly and boring I am when my ex had those problems with me and no one else . I feel like a terrible friend for not wishing him the best in the relationship and also like a terrible human being not deserving any attention",Normal,0,0,"
Below are posts and their respective assessments based on the criteria for clinical depression as defined in the DSM-5.
Format your response as a JSON object {'depression': ''} with values either 'yes' or 'no'.

Post: so i just got home from a really fun night out. i kissed a few really good looking girls , made new friends and just had a good time. but my ex is hated by my whole grade because shes the odd girl . the non conformist. and i just listened while her other ex and a few of her friends made fun of her and i even laughed . i love my ex , i have since i became friends with her in january 2015 and since i started dating her on the 21st of august 2015. we broke up after 4 months which i know isnt very long but she made me want to be a better person , when i was with her i had no depression . and now i just go along with those who dislike her . does that make me a bad person. i just want to message her once last time and tell her i never stopped loving her , and then ill end it all. i just dont know what to do anymore . help or goodbye
Assesement: {'depression': 'yes'}

Post: its really fucked up. i am super low right now diagnosed with major depressive disorder so its not easy. yesterday night, me and her had really good intimate time together, and it was really enjoyable up until it ended and she compared me to this previous relationship she had with a guy when she was sad and depressed before. she told me that when she felt empty she would mess around, and then she said that she was empty and sad right now and she doesnt want mess around anymore. i felt absolutely broken because i care about her, i got angry, and said a lot of shit, i lost myself completely. but even though it isnt my fault i keep coming back to her myself. she says shes not over her ex boyfriend and i am always there to console when she gets rejected by her ex. i cant believe i am acting like a simp. what should i do? should i completely cut her off from my life? i dont want to cut her off, because i am extremely lonely and insecure i dont have many friends, and cutting her off completely means endless depression. what the fuck man
Assesement: {'depression': 'yes'}

Post: i tried going out tonight with my friends to try to combat my depression, and the night started out great. listening to music and cracking jokes. all normal. when we got to the restaurant, we ordered our stuffs, my beer tasted off, and we were ready to eat. eventually, somebody tells me that my friend and a girl i like are coming. the moment i heard her name, my heart sank, and my depression washed over me. hard. i couldnt smile, and every little movement near the door scared me. i like this girl, a lot, but she dated this friend, and any girl he spends any time with, he has sex with. yeah. thats great for me. i did all i could to try to escape the scenario without being too obvious that i wasnt enjoying myself. i try to hide my emotions. throughout the night, my tone was dead, if i talked, it was one or two words at a time, and i didnt look at anybody. two people picked up on it, one of them being her. i hated that. it sucks! i really like her, but i dont want to do anything because of my depression, and then i see this. my night is ruined because of this stupidness inside of me.
Assesement: {'depression': 'yes'}

Post: it has been more than two months and im still like this i decided to block all of the means of communications with her whatsapp,facebook, instagram and twitter and phone call too we have a mutual friend,and when she told me what my ex told her,it was a different version of truth i dont know whats actually happened.how can she no longer think positive of what happened between me and her? i whatsapped my exs mother just to say thank you for allowing me to know her,for letting me to come to her house.maybe i wont have the opportunity in future. its just my way of saying goodbye. i know shes seeing someone new,which i happened to know someone with the same league as her or better.its good for her.i hope she can treat her better than i did.because i was never enough for her,i never did i was thinking to seek help too. i dont know if i should should i?
Assesement: {'depression': 'yes'}

Based on the above, assess the content of the following post:
Post: I am done. I am 17yo I have dated one very beautiful and smart girl with good sense of humor . The relationship was going well , at least thats how I felt . She told me that she had some mental problems that made her feel bad when touching other people even me . I was patient and havent pushed her into anything . We never kissed , or even held hands . About 9 months later , after summer holidays I broke up with her , because she didnt find any time for me and we havent seen each other for 2 months . Few weeks later after we broke up , she started dating my best friend . However , she has definitely no problem touching him . Now I just wonder how disgusting , useless, ugly and boring I am when my ex had those problems with me and no one else . I feel like a terrible friend for not wishing him the best in the relationship and also like a terrible human being not deserving any attention
Assessment:
","[{'depression': 'yes'}, {'depression': 'yes'}, {'depression': 'yes'}, {'depression': 'yes'}]","
The assessment is {'depression': 'no'} based on the following reasons:
1. The post does"
13,bws4gr,"I don't like myself, even though I know I should","(I am seeing a therapist, but I just need to vent a little)
 
 My depression has been acting up, and I know that's likely a big cause of this, but I just feel like a complete fuckup. I hate my body, even though objectively I'm in not that terrible shape anymore, but I just can't like myself. I keep getting rejected for dates in person, and get no responses on online dating.
 
 I can handle all this I think, but I also just don't like things about myself that I can't really change. It sounds shitty, but I hate being intelligent. I really feel like it's so much harder for me to relate with people, but it's hard not having any real peers. I hate saying that, because I feel like it makes me sound like an arrogant asshole, and I don't want to be like that.
 
 I hate that I have attraction to non-standard things (small breasts and bondage mainly) - because being Catholic means that this is something that never gets brought up. I love my faith, and I would never stop following it, but sometimes I just want to acknowledge things that are part of me (Side note, there's nothing wrong with the above things in Catholicism, but it's just not talked about really)
 
 I really need to find some people I can relate with better, I know that. I know being social can help me, but I just don't know what or how to do that. I try to go out more, but I just don't even like myself so why should others like me. And I want to change that, but it's just not that easy.
 
 I dunno.","[1, 1]","{'depressive_disorder', 'anxiety_disorder'}","I dont like myself, even though I know I should. I am seeing a therapist, but I just need to vent a little My depression has been acting up, and I know thats likely a big cause of this, but I just feel like a complete fuckup. I hate my body, even though objectively Im in not that terrible shape anymore, but I just cant like myself. I keep getting rejected for dates in person, and get no responses on online dating. I can handle all this I think, but I also just dont like things about myself that I cant really change. It sounds shitty, but I hate being intelligent. I really feel like its so much harder for me to relate with people, but its hard not having any real peers. I hate saying that, because I feel like it makes me sound like an arrogant asshole, and I dont want to be like that. I hate that I have attraction to nonstandard things small breasts and bondage mainly because being Catholic means that this is something that never gets brought up. I love my faith, and I would never stop following it, but sometimes I just want to acknowledge things that are part of me Side note, theres nothing wrong with the above things in Catholicism, but its just not talked about really I really need to find some people I can relate with better, I know that. I know being social can help me, but I just dont know what or how to do that. I try to go out more, but I just dont even like myself so why should others like me. And I want to change that, but its just not that easy. I dunno.",Comorbid (Depression + Anxiety),1,1,"
Below are posts and their respective assessments based on the criteria for clinical depression as defined in the DSM-5.
Format your response as a JSON object {'depression': ''} with values either 'yes' or 'no'.

Post: i just want to write this down real quick. im 18, still in high school, so im still real young to jump to anything concrete when it could change. at the moment though, i feel very worthless. i have friends, but they all seem to be better friends with other people. i dont get asked to hang out, people blow me off and only talk to me for short periods of time, and i always see them hanging out with each other with never considering me. i have no one to vent to, no support system, and i feel unwanted. im a very depressed person, but im not always in a sad mood with people. i try to be charismatic but it never goes anywhere. i guess what im saying is i wish i had better friends and people who actually cares about me. most others seem to have those people but me and it sucks. all i can think about is how much i want to end my life just to show up everyone who never give me any attention whatsoever.
Assesement: {'depression': 'yes'}

Post: ive been lurking here for awhile, always too reserved to post but thats changing now. i dont want to go into my life story but i was diagnosed with psychotic depression, social and separation anxiety, and ocd at the age of 12. its been 6 years, ive gone through multiple councillors, medications, hospital stays, ive tried just about everything and still nothing has helped. ive always been super introverted, i still am. i have no one to talk to, i dont have friends or anything. i never was the type who had any, however i recently let someone in and i realized that was a mistake. i feel like they hate me right now and i feel so alone. everything reminds me of them and it feels like my heart is breaking. ive always been alone in life. i have a lot going for me as far as school and work, but without having someone to share those joys with what is the point? i really dont know what to do anymore. im not too sure why im even posting here or what i want to say. i guess i just feel lost again and am afraid there wont be a path for me to find this time.
Assesement: {'depression': 'yes'}

Post: i feel ugly. dont get me wrong, i personally think i am very cute. i think my voice is adorable and i love the way i tell stories. i would date me so hard. but no one else really seems to think that. and thats fine. i know im not conventionally attractive. i know i have a speech impediment. i know i am boring. i know i dont have friends. i could be prettier. i could be skinnier. i could be smarter. i know. i just. wish i could be someone else. someone prettier. someone skinnier. someone smarter. someone people actually like being around. instead, i am this ugly, boring, stupid, downer. ill never look good in a bikini. i doubt ill be able to go to college. i doubt ill actually make any fucking friends. im just a huge bother to everyone around me. my roomates all went out to eat and drink without me. then they went to go star gazing. all without me. i want to rot away. im never invited. im never included. i wish i was someone better so then people would actually like me. i never had any friends in school. i dont know why i ever thought itd be different. i have a boyfriend, but soon he will realize how horrible a mistake he made. he will leave too. just like everyone else. they always do. because of how ugly i am. inside and out. they can all tell how rotten i am. and they leave.
Assesement: {'depression': 'yes'}

Post: i feel like i dont know myself anymore. it really feels like i cant get a date or a girlfriend to save my life. the last date i was on was a year ago. most of my friends have no trouble getting dates and girlfriends.and i dont really want to talk to them anymore because i feel like they think im a big loser and ignore me because of this, i also dont want to be around them because they remind me of everything im not and dont have and it makes me feel terrible. i feel like everyone has given up on me, so i should give up on me as well. i feel really alone. im going through some complex and adverse life situations that make things even worse for me and i have tried opening up to people but all they do is ask more and more questions and i just dont want to explain myself anymore. because nothing can be done advice wise. i feel like i have nothing in this life that every other guy has the right to. i feel like a outcast. i feel so heartbroken at times because of how different i am. i dont know what i can do to make myself feel alive and happy again. the only thing that seems to bring me peace is my faith, but doubt always comes back full force. meds dont help much and i dont want to take them. cant afford therapy either. i feel like there is nothing anyone can do to save me from all of this.
Assesement: {'depression': 'yes'}

Based on the above, assess the content of the following post:
Post: I dont like myself, even though I know I should. I am seeing a therapist, but I just need to vent a little My depression has been acting up, and I know thats likely a big cause of this, but I just feel like a complete fuckup. I hate my body, even though objectively Im in not that terrible shape anymore, but I just cant like myself. I keep getting rejected for dates in person, and get no responses on online dating. I can handle all this I think, but I also just dont like things about myself that I cant really change. It sounds shitty, but I hate being intelligent. I really feel like its so much harder for me to relate with people, but its hard not having any real peers. I hate saying that, because I feel like it makes me sound like an arrogant asshole, and I dont want to be like that. I hate that I have attraction to nonstandard things small breasts and bondage mainly because being Catholic means that this is something that never gets brought up. I love my faith, and I would never stop following it, but sometimes I just want to acknowledge things that are part of me Side note, theres nothing wrong with the above things in Catholicism, but its just not talked about really I really need to find some people I can relate with better, I know that. I know being social can help me, but I just dont know what or how to do that. I try to go out more, but I just dont even like myself so why should others like me. And I want to change that, but its just not that easy. I dunno.
Assessment:
","[{'depression': 'yes'}, {'depression': 'yes'}, {'depression': 'yes'}, {'depression': 'yes'}]",The assessment of this post is: {'depression': 'yes'}
14,caro6p,I dont like it when people say they are depressed,"(I Know this is a contoversial topic) but anyway I am 15 have been diagnosed with depression and mild ocd. and everytime some guy says that he is depressed it just hurts me since I start thinking about shit that has happened to me and get this feeling of guilt. And most of the time they aren't for real, and then I start saying sarcastic shit and they'll say ""you wouldn't know u have nothing to be sad about"".","[1, 0]",{'depressive_disorder'},"I dont like it when people say they are depressed. I Know this is a contoversial topic but anyway I am 15 have been diagnosed with depression and mild ocd. and everytime some guy says that he is depressed it just hurts me since I start thinking about shit that has happened to me and get this feeling of guilt. And most of the time they arent for real, and then I start saying sarcastic shit and theyll say you wouldnt know u have nothing to be sad about.",Depression,1,0,"
Below are posts and their respective assessments based on the criteria for clinical depression as defined in the DSM-5.
Format your response as a JSON object {'depression': ''} with values either 'yes' or 'no'.

Post: ive had depression for two years and there is literally no one that knows how to say the right words. i dont want to expect much from people but my boyfriend doesnt understand depression and my parents dont either. here are some comments i get well remember that other people have a worse life than you. get out and exercise. turn over a new leaf and the list goes on an on. i was diagnosed with major depressive disorder but i guess everyone in my life thinks that this is something i can control and thinks im weak.
Assesement: {'depression': 'yes'}

Post: i dont know if its usual but some of the things people have told me 1. what do you have to be so depressed about ? 2. youre too young to feel this way 3. its all in your head 4. youre too pretty 5. its a permanent solution to a temporary problem 6. there are so many people that love you 7. you just want attention honestly none of these really help. the constant thought of suicide bothers me every day. no matter who i talk to and what i do, i still feel like killing myself
Assesement: {'depression': 'yes'}

Post: like, really? because ive been depressed for 3 years now and i know you didnt mean it. one kid actually 2 or 3 more kids copied her in my school slits her wrist. in summer. and on her back of her hand too. and she bragged about how her mom cried and begged her when she found out. other kids all laughed. and i thought, oh they think depression is cool. what a bunch of idiots and one day, on a group project, a girl next to me joked about her friend being crazy and told her she should go to therapy and mental hospital because thats where mad people go to. ive been going to therapy and mental hospital for 2 years. i dunno if im too sensitive, or maybe even crazy, or if my school really sucks. sorry for long post. im from south korea, which is why my english sucks. wanted to see if therere teenagers who feels like this too. bye.
Assesement: {'depression': 'yes'}

Post: anytime ive opened up to someone about my depression, thats the immediate response that i get. it makes me feel guilty. people think i have so much going for me that i have no reason to feel depressed. they disregard the fact that i have 0 control over this. i would love to not be depressed. days that i think im better are just followed by days that i feel nothing but gloom. just gloom. i can be told how awesome im doing at my job, and my ride home will just be shit. just sad. i wish someone could just chase this big bear out of my life. i wish i could fight it with a 10 foot sword, and be happy with who i am and what i have. everyone i talk to makes it seem so easy. fuck, it never ends. it really never ends.
Assesement: {'depression': 'yes'}

Based on the above, assess the content of the following post:
Post: I dont like it when people say they are depressed. I Know this is a contoversial topic but anyway I am 15 have been diagnosed with depression and mild ocd. and everytime some guy says that he is depressed it just hurts me since I start thinking about shit that has happened to me and get this feeling of guilt. And most of the time they arent for real, and then I start saying sarcastic shit and theyll say you wouldnt know u have nothing to be sad about.
Assessment:
","[{'depression': 'yes'}, {'depression': 'yes'}, {'depression': 'yes'}, {'depression': 'yes'}]","
It seems that the author of this post is experiencing symptoms of depression, including feeling guilty when others express"
15,5s5zle,Advice with medication/how to better describe symptoms to psychiatrist??,"(I posted this in another sub Reddit but I thought it might be good to see if I can get more help on here.Hello, not sure if this is where I should be posting-but hell I am in desperate need of advice.
 So I am in my early twenties and have been diagnosed with anxiety and depression since I was 15. I've seen three mds over the years as well as been in therapy consistently since I was 14. I've always really struggled with (as I'm sure many people do) finding the right cocktail and I feel like I keep having the same drugs tried out over and over with little to no relief and my symptoms are getting out of hand. 
 
 I'm currently on 300 lamictal(sp),40 viibryd , and 1-2mg Xanax as needed
 I've been on: Effexor xr, Lexapro, Prozac, Wellbutrin, Zoloft, cymbalta, neurontin, klonopin
 
 Maybe if someone has a suggestion of a drug in a different class, or of how I can better describe my symptoms? I feel like when I describe especially the depression that it sounds generic, maybe why I keep getting the same drugs prescribed? (I swear I've had each doctor force me to try Lexapro and Prozac regardless of the fact that they can see from my records that I've tried it) 
 
 Thanks for reading :) hope you're having a good day","[1, 1]","{'depressive_disorder', 'anxiety_disorder'}","Advice with medicationhow to better describe symptoms to psychiatrist. I posted this in another sub Reddit but I thought it might be good to see if I can get more help on here.Hello, not sure if this is where I should be postingbut hell I am in desperate need of advice. So I am in my early twenties and have been diagnosed with anxiety and depression since I was 15. Ive seen three mds over the years as well as been in therapy consistently since I was 14. Ive always really struggled with as Im sure many people do finding the right cocktail and I feel like I keep having the same drugs tried out over and over with little to no relief and my symptoms are getting out of hand. Im currently on 300 lamictalsp,40 viibryd , and 12mg Xanax as needed Ive been on Effexor xr, Lexapro, Prozac, Wellbutrin, Zoloft, cymbalta, neurontin, klonopin Maybe if someone has a suggestion of a drug in a different class, or of how I can better describe my symptoms? I feel like when I describe especially the depression that it sounds generic, maybe why I keep getting the same drugs prescribed? I swear Ive had each doctor force me to try Lexapro and Prozac regardless of the fact that they can see from my records that Ive tried it Thanks for reading hope youre having a good day",Comorbid (Depression + Anxiety),1,1,"
Below are posts and their respective assessments based on the criteria for clinical depression as defined in the DSM-5.
Format your response as a JSON object {'depression': ''} with values either 'yes' or 'no'.

Post: ill briefly explain my history with antidepressants. i started effexor beginning of 2017 and was on it until april 2019 up to 225 mg. april 2019, i stopped effexor and started taking lexapro. i worked my way up to 20 mg. by this january, lexapro was just not working anymore, so my psych added in 5 mg zyprexa to help augment the lexapro. beginning of march my psych and i agreed to change to prozac. i was on 20 mg until 2 weeks ago and then increased to 40 mg, as 20 was not doing anything. at this point, im not really that depressed anymore, mainly anxious. im having extreme problems with motivation, focus, and fatigue insomnia. i had these same problems on lexapro and was part of the reason i made the switch to prozac. i brushed these problems under the rug because not being depressed was worth the inability to focus or motivate myself. now that i am much less depressed, these issues are now a problem for me. i am also in college and with finals, its been made obvious how bad they actually are. im in weekly therapy and trying to work with my therapist on these issues, but i think they are mainly due to the medication. i have an appointment next friday to evaluate where im at. i was wondering if anyone had similar issues with antidepressants and if any ssrisnris did not cause them? im petrified of not being on medication because im scared i will slip back into a bad depression. my psychiatrist has suggested wellbutrin to help with the energy aspect, so that might be the next move. does anyone have any advice?
Assesement: {'depression': 'yes'}

Post: i have been having mental health issues aince i waa about 12. ptsd, depression, panic disorder. i have been in therapy pretty much for 6 years now. i have tried celexa, cipralex, paxil, zoloft, seroquel, wellbutrin, buspirone, abilify, effexor, remeron, benzos. i am on zoloft at the moment and i was supposed to take remeron with it but the side effects are unbearable. i have very rarely had periods of time when i was ok. i have an appointment with my psychiatrist tomorrow. i dont know what to do anymore. i just want to feel normal for more than 2 weeks at a time, im tired, i have been on sick leave from work since march. i meditate every day and i have been clean and sober for 8 years. the past few months have been a nightmare. anny suggestions? advice? i dont know what to do anymore.
Assesement: {'depression': 'yes'}

Post: i 17f have been diagnosed with major depressive disorder, generalized anxiety disorder, pathological anxiety, and some phobias. starting in november of 2019 and up to now, ive been on 8 different meds at varying doses prozac 2060mg, mirtazapine, 7.545mg, buspirone 1015mg, paxil 20mg, lexapro 1015mg, abilify 2.5mg, effexor 37.5mg and celexa 20mg. some of these have been combinations, ive been on mirtazapine for about a year and have been trying all the other meds with it i use it for sleep i started cutting down on gluten back in november of 2020, and as of this weekend im completely gluten free. ive started eating a ton more fruits and veggies. i take a multivitamin every day im actually seeing my doctor tomorrow so im gonna have her draw my blood to check my other vitamin levels. i started pt in january and ive been doing it every day since then for about half an hour, and trying to walk for 2090 minutes a day. im in therapy and have been for years. i did an iop program in september and that helped a lot. i just dont know what to do. i dont know that my family has the money for things like tms or ketamine therapy. i dont understand why my depression is so fucking hard to treat. i want to be in remission, and no matter what i do, it only gets better for a little while before getting bad again. do any of yall have experiences with nontraditional methods of treatment? do you guys recommend anything?
Assesement: {'depression': 'yes'}

Post: i have been diagnosed with avoidant personality disorder and depression plus an eating disorder so the psychiatrist prescribed me lexapro. it stopped working and i had trouble keeping up with my studies im studying in university to become a pharmacist so the doctor doubled my lexapro dose and said that if this doesnt work i should switch to prozac. since taking 10 mg of escitalopram i got heavily depressed, i sleep all day and i can barely get out of bed so i scheduled the consult with my psychiatrist sooner. i was wondering what kind of treatment options can i discuss since i have a midterm in a week and a half and i really need a good grade so i can keep my scholarship so i am in desperate need for advice.
Assesement: {'depression': 'yes'}

Based on the above, assess the content of the following post:
Post: Advice with medicationhow to better describe symptoms to psychiatrist. I posted this in another sub Reddit but I thought it might be good to see if I can get more help on here.Hello, not sure if this is where I should be postingbut hell I am in desperate need of advice. So I am in my early twenties and have been diagnosed with anxiety and depression since I was 15. Ive seen three mds over the years as well as been in therapy consistently since I was 14. Ive always really struggled with as Im sure many people do finding the right cocktail and I feel like I keep having the same drugs tried out over and over with little to no relief and my symptoms are getting out of hand. Im currently on 300 lamictalsp,40 viibryd , and 12mg Xanax as needed Ive been on Effexor xr, Lexapro, Prozac, Wellbutrin, Zoloft, cymbalta, neurontin, klonopin Maybe if someone has a suggestion of a drug in a different class, or of how I can better describe my symptoms? I feel like when I describe especially the depression that it sounds generic, maybe why I keep getting the same drugs prescribed? I swear Ive had each doctor force me to try Lexapro and Prozac regardless of the fact that they can see from my records that Ive tried it Thanks for reading hope youre having a good day
Assessment:
","[{'depression': 'yes'}, {'depression': 'yes'}, {'depression': 'yes'}, {'depression': 'yes'}]","
In this post, the user is seeking advice on how to better describe their symptoms to their psychiatrist in"
16,avbgr5,Attempted to get HIV/AIDS,"(Im a gay guy by the way) I was contemplating suicide for months but because I hate pain I never knew how I would go through with it. After all, one big reason I didnt want to commit suicide was because I knew my family and friends would feel guilty.
 
 I had been on Grindr (gay dating app) for years and knew how sketchy it could be. Which is why I always used protection when meeting up with guys using the app. But because I wanted desperately to find a way to end my life, I decided to have a lot of unprotected sex in hopes I would catch HIV.
 
 I dont want to get too graphic, but simply put, I chose to be on the receiving end of every unprotected encounter because I read online how the receiver is more likely to catch an STD. Despite me preferring it the other way around it didnt matter to me, because I wasnt looking for pleasure.
 
 I recently went to Planned Parenthood to check if I did catch anything. The results came out negative for everything. So I just felt like sharing this with you all because nobody knows and I feel pretty guilty considering there are people out there who wish they didnt have HIV.","[1, 0]",{'depressive_disorder'},"Attempted to get HIVAIDS. Im a gay guy by the way I was contemplating suicide for months but because I hate pain I never knew how I would go through with it. After all, one big reason I didnt want to commit suicide was because I knew my family and friends would feel guilty. I had been on Grindr gay dating app for years and knew how sketchy it could be. Which is why I always used protection when meeting up with guys using the app. But because I wanted desperately to find a way to end my life, I decided to have a lot of unprotected sex in hopes I would catch HIV. I dont want to get too graphic, but simply put, I chose to be on the receiving end of every unprotected encounter because I read online how the receiver is more likely to catch an STD. Despite me preferring it the other way around it didnt matter to me, because I wasnt looking for pleasure. I recently went to Planned Parenthood to check if I did catch anything. The results came out negative for everything. So I just felt like sharing this with you all because nobody knows and I feel pretty guilty considering there are people out there who wish they didnt have HIV.",Depression,1,0,"
Below are posts and their respective assessments based on the criteria for clinical depression as defined in the DSM-5.
Format your response as a JSON object {'depression': ''} with values either 'yes' or 'no'.

Post: i had protected vaginal sex with a guy whom i am unsure of his sexual history though he says he is clean, but i had unprotected oral sex with him. he didnt ejaculate in my mouth at least i dont think so, but what about preejaculate?, but im absolutely positive i have hiv and have become incredibly paranoid about it. i never used to be this paranoid when i had sex, so i was unaware that this time i was going to freak out. obviously i shouldnt be doing it anymore if im going to be this way. i tried to get tested today, but they said i have to wait longer at least til monday to detect anything. i am so sure that i have it, with really no evidence. and ive already had a panic attack my first attack in months about it. seriously, just fuck me.
Assesement: {'depression': 'no'}

Post: hi all, i apologise if there is any spelling errors in this but im writing this rather quickly as i am freaking out. a few hours ago, i met with a guy on grindr and i have him a blowjob. this is the first time ive ever done this besides the times i did it with my exboyfriend. after id left id realised i forgot to check his hiv status. i messaged him and he told me he was hiv free but im still freaking out. so i need to ask, whats my best course of action to take right now? im very anxious of telling my mum but if it comes down to it i know ill have to. i know this is unnecessary but ive also struggled with depression and anxiety a lot these past two years and im on a morning and nightly medication routine for it. this whole episode has really tapped into my anxiety and im having really bad and scary thoughts about hurting myself and im just very scared, so any help is greatly appreciated
Assesement: {'depression': 'no'}

Post: living in a peice of shit 3rd world obsessive islamic country, i have social anxiety so meeting people isnt always for me and on too of that i am living in backwards savage country were dating is treated like a crime, you cant just walk to someone and use a cheesy pick up line. it took less than a week to make two good female friends of mine incredibly uncomfortable and lose trust in me because of my pathetic disgusting pervaded habit of trying to initiate conversation about sex with someone who is nothing but a good friend of yours. i can blame the way we were raised or the sexless life we live in or the society for making sex much much much bigger deal than it is but that doesnt give me the excuse not to control my self and i simply chose not to. i am gonna die a virgin, i am fooling my self with high hopes and daydreams.
Assesement: {'depression': 'no'}

Post: im not that good with titles, so sorry for that, in the beginning of this year i was diagnosed with severe depression, i never had suicidal thoughts, but three months ago that changed, every week i cut myself 12 times i start feeling guilty and thats why i cut myself, i feel like i always have to help everyone around, that has a huge weight on my back and it gives me that guilt, i had to share this with someone. i cant take it anymore
Assesement: {'depression': 'yes'}

Based on the above, assess the content of the following post:
Post: Attempted to get HIVAIDS. Im a gay guy by the way I was contemplating suicide for months but because I hate pain I never knew how I would go through with it. After all, one big reason I didnt want to commit suicide was because I knew my family and friends would feel guilty. I had been on Grindr gay dating app for years and knew how sketchy it could be. Which is why I always used protection when meeting up with guys using the app. But because I wanted desperately to find a way to end my life, I decided to have a lot of unprotected sex in hopes I would catch HIV. I dont want to get too graphic, but simply put, I chose to be on the receiving end of every unprotected encounter because I read online how the receiver is more likely to catch an STD. Despite me preferring it the other way around it didnt matter to me, because I wasnt looking for pleasure. I recently went to Planned Parenthood to check if I did catch anything. The results came out negative for everything. So I just felt like sharing this with you all because nobody knows and I feel pretty guilty considering there are people out there who wish they didnt have HIV.
Assessment:
","[{'depression': 'no'}, {'depression': 'no'}, {'depression': 'no'}, {'depression': 'yes'}]","{'depression': 'yes'}
Note: This assessment is based on the content of the post and does not"
17,9kezif,Ive been refusing treatment for a decade,"(On mobile so bear with me)
 
 I tried committing suicide when I was 15. Had my stomach pumped, said it was an accident (lol?) given a shrink who couldnt remember my name. Got rid of her and moved on. Ive tried three times since.
 
 Ive been depressed since I started middle school. What is that, like 10, 11 years old? I know the stigma of pubescent teens. This wasnt like that. It was angry and scary. Nothing has changed since. 
 
 Im 22 now. Ive refused treatment, I havent seen a psychiatrist about my anxiety or depression since the first time. I dont have panic attacks anymore but I still have the thoughts. Suicidal ideation. Panic breathing (although it stopped escalating to panic attacks). The spiraling. The anger.
 
 I just get this fucking rage now. Like I wanna burn everything and everyone around me down and then stomp on the ashes. I know its not okay, I just dont want to be medicated. I dont even know what it is. I was diagnosed with severe anxiety disorder, clinical depressive disorder and acute ocd. Im just not sure if I should balls up and go see somebody about this rage. 
 
 I was never medicated because I want to be strong enough to fix it myself. Im a nursing student, I KNOW thats not how it works. I just dont know who to see, how it works or if I can even afford it. Im scared. I dont like to self-diagnose and Im not going to get into the details but Im afraid I might have bpd. Nobody would listen to me in the past. I was a kid. 
 
 I dont know why Im posting this.","[1, 1]","{'depressive_disorder', 'anxiety_disorder'}","Ive been refusing treatment for a decade. On mobile so bear with me I tried committing suicide when I was 15. Had my stomach pumped, said it was an accident lol? given a shrink who couldnt remember my name. Got rid of her and moved on. Ive tried three times since. Ive been depressed since I started middle school. What is that, like 10, 11 years old? I know the stigma of pubescent teens. This wasnt like that. It was angry and scary. Nothing has changed since. Im 22 now. Ive refused treatment, I havent seen a psychiatrist about my anxiety or depression since the first time. I dont have panic attacks anymore but I still have the thoughts. Suicidal ideation. Panic breathing although it stopped escalating to panic attacks. The spiraling. The anger. I just get this fucking rage now. Like I wanna burn everything and everyone around me down and then stomp on the ashes. I know its not okay, I just dont want to be medicated. I dont even know what it is. I was diagnosed with severe anxiety disorder, clinical depressive disorder and acute ocd. Im just not sure if I should balls up and go see somebody about this rage. I was never medicated because I want to be strong enough to fix it myself. Im a nursing student, I KNOW thats not how it works. I just dont know who to see, how it works or if I can even afford it. Im scared. I dont like to selfdiagnose and Im not going to get into the details but Im afraid I might have bpd. Nobody would listen to me in the past. I was a kid. I dont know why Im posting this.",Comorbid (Depression + Anxiety),1,1,"
Below are posts and their respective assessments based on the criteria for clinical depression as defined in the DSM-5.
Format your response as a JSON object {'depression': ''} with values either 'yes' or 'no'.

Post: i have mental issues, never got diagnosed properly because where i live people just assume teenagers get really sad because they use too much technology. i did try to go to a local mental institute but all i got was a 5minute pep talk and medicines that got me so sick i had to be bedded. i think i might have major depression, bipolar,ptsd, bpd, probably adhd in childhood when i look back, just a month ago i was still struggling with sleep disorder, waking up from nightmares and hallucinating. my life is in ruin and it keeps getting worse. somewhere along the line i developed a solid belief that i will never ever be happy, just mania episodes that force me to be high untill fatigue comes back. i should just end myself, but im so so scared, i really really want to die already.
Assesement: {'depression': 'yes'}

Post: i dont know what to do. ive been in therapy for years. im on meds that mostly work but not all the way. i get suicidal, tell my friendsfamily, we change my meds sometimes but nothing else changes. nothing ever changes. and nothing will change unless i get better or attempt suicide. i get overwhelmed so easily when i think about a my future, or b throwing up. i have a severe fear or throwing up it dictates a lot of my day and all of my routines and regimes are based around it. i only recently realized how big of a deal it is, and how exhausting it is. ive been talking about it in therapy but it hasnt gotten any better. as for my future, ive always been a worrier. i worry about my health a lot, and thinking about all the little things ill have to do like taxes and unloading the dishwasher and cleaning my cats litter box. it just. its so tiring. the quarantine doesnt help. all the things i love to do dont make me happy anymore. i wish i could just be in a coma until this is over. i dont know what to do. i dont want to die. i want to get to grow up and be a paramedic and have kids. but i cant keep going like this. something has to change. and nothing will. nothing ever changes.
Assesement: {'depression': 'no'}

Post: ive been struggling with depression and anxiety for the last 2 years, but was only diagnosed in april of 2019. i was diagnosed with depression, social anxiety and ocd intrusive thoughts . many people believe it started after my back surgery but it was when i started secondary school highschool in ireland. ive been getting bullied because of my sexual orientation im gay and because im 13 and am 70kg about 144lbs. ive had many suicide attempts and today i slit my wrists. i need professional help, ive been begging my parents to take me to therapy but the wont accept it. i was diagnosed by a cahms social worker.
Assesement: {'depression': 'yes'}

Post: so. i was in ambulant psychiatric treatment between december 2015 and december 2016 but sadly i did not get better. im now out of school for 1 12 years and just sitting at home. i finally found the courage, called up that psychiatrist that was recommended to me. now im on antidepressants. also called up a psychiatric hospital just 10km away from me and made an appointment for an interview to get a therapy place for the semiambulant hospital go there in the morning and go back home in the evening so i guess its something. ive been getting gradually worse over the course of the last weeks that even my suicidal thoughts came back that i didnt have for 2 years. i also got diagnosed with severe anxiety disorder, severe depression with suicidal tendence and mild ptsd. idk. i could write more but im kind of lacking the energy for that. thanks for reading.
Assesement: {'depression': 'yes'}

Based on the above, assess the content of the following post:
Post: Ive been refusing treatment for a decade. On mobile so bear with me I tried committing suicide when I was 15. Had my stomach pumped, said it was an accident lol? given a shrink who couldnt remember my name. Got rid of her and moved on. Ive tried three times since. Ive been depressed since I started middle school. What is that, like 10, 11 years old? I know the stigma of pubescent teens. This wasnt like that. It was angry and scary. Nothing has changed since. Im 22 now. Ive refused treatment, I havent seen a psychiatrist about my anxiety or depression since the first time. I dont have panic attacks anymore but I still have the thoughts. Suicidal ideation. Panic breathing although it stopped escalating to panic attacks. The spiraling. The anger. I just get this fucking rage now. Like I wanna burn everything and everyone around me down and then stomp on the ashes. I know its not okay, I just dont want to be medicated. I dont even know what it is. I was diagnosed with severe anxiety disorder, clinical depressive disorder and acute ocd. Im just not sure if I should balls up and go see somebody about this rage. I was never medicated because I want to be strong enough to fix it myself. Im a nursing student, I KNOW thats not how it works. I just dont know who to see, how it works or if I can even afford it. Im scared. I dont like to selfdiagnose and Im not going to get into the details but Im afraid I might have bpd. Nobody would listen to me in the past. I was a kid. I dont know why Im posting this.
Assessment:
","[{'depression': 'yes'}, {'depression': 'no'}, {'depression': 'yes'}, {'depression': 'yes'}]","The above post is assessed as {'depression': 'yes'} based on the following points:
1. The"
18,6dvr4n,"Thanks social anxiety, I want to die even more now","(See my last post for details)
 
 I didn't go to the graduation. My mom of course doesn't understand why I do these things (missing public events or whatever). ""I'm so fucking embarrassed now"" ""You can't do anything"" she says. And she's right, I can't do anything when I have such bad social anxiety. I want to kill myself so bad right now. My mom and cousin are going to hate me even more now too, so I might as well just kill myself anyways.","[1, 1]","{'depressive_disorder', 'anxiety_disorder'}","Thanks social anxiety, I want to die even more now. See my last post for details I didnt go to the graduation. My mom of course doesnt understand why I do these things missing public events or whatever. Im so fucking embarrassed now You cant do anything she says. And shes right, I cant do anything when I have such bad social anxiety. I want to kill myself so bad right now. My mom and cousin are going to hate me even more now too, so I might as well just kill myself anyways.",Comorbid (Depression + Anxiety),1,1,"
Below are posts and their respective assessments based on the criteria for clinical depression as defined in the DSM-5.
Format your response as a JSON object {'depression': ''} with values either 'yes' or 'no'.

Post: see my last post for details i didnt go to the graduation. my mom of course doesnt understand why i do these things missing public events or whatever. im so fucking embarrassed now you cant do anything she says. and shes right, i cant do anything when i have such bad social anxiety. i want to kill myself so bad right now. my mom and cousin are going to hate me even more now too, so i might as well just kill myself anyways.
Assesement: {'depression': 'no'}

Post: im 16 years old kiddo and diagnosed with deep depression along with sad social anxiety disorder. its so hard to talk with people or even go out but today i made my first move and went to school where i havent gone for almost 2 years. now im making my way up to get benzodiazepams for sad i hope everything goes well and i can go out with friends again cause i barely remember my last time i went out with friends my relatives think im just lazy but they dont understand how hard it is for me to talk to people or even go out, i get like mini panic attack when i come contact with stranger and it feels awful. oh mann im just so tired of this shyt
Assesement: {'depression': 'no'}

Post: im 16 years old kiddo and diagnosed with deep depression along with sad social anxiety disorder. its so hard to talk with people or even go out but today i made my first move and went to school where i havent gone for almost 2 years. now im making my way up to get benzodiazepams for sad i hope everything goes well and i can go out with friends again cause i barely remember my last time i went out with friends my relatives think im just lazy but they dont understand how hard it is for me to talk to people or even go out, i get like mini panic attack when i come contact with stranger and it feels awful. oh mann im just so tired of this shyt.
Assesement: {'depression': 'no'}

Post: i have no one to tell so i just resort to ranting about all my problems on reddit. my head wont shut up and i wanna kill myself more than usual which is like all the time. things will be fine for a lil while then this shit happens. i dont wanna go to school, i hope i dont have a breakdown in front of someone. i should just fucking die im sick of this shit it just gets worse and worse
Assesement: {'depression': 'yes'}

Based on the above, assess the content of the following post:
Post: Thanks social anxiety, I want to die even more now. See my last post for details I didnt go to the graduation. My mom of course doesnt understand why I do these things missing public events or whatever. Im so fucking embarrassed now You cant do anything she says. And shes right, I cant do anything when I have such bad social anxiety. I want to kill myself so bad right now. My mom and cousin are going to hate me even more now too, so I might as well just kill myself anyways.
Assessment:
","[{'depression': 'no'}, {'depression': 'no'}, {'depression': 'no'}, {'depression': 'yes'}]","{'depression': 'yes'}

Please explain why you think so."
19,cha2ht,Just feeling empty,"[17 M] I've lived the year doing my best to try and make everyone happy, took up commitments to make my parents proud, helped out friends who were going through a lot, overworked myself so they could have some time off, tried my best to keep a smile on everyone's face. I'd hide my breakdowns and panic attacks in the toilet so no one's really caught on. Today I've seen my friend get driven to the edge cuz of a small misunderstanding in an exam and I was scared he'd cut himself and I couldn't help him, all I could say was to let me know how I could help. Something's snapped and now I'm laying in bed crying and wishing I don't wake up tomorrow, I tried to picture myself dying but honestly it still scares me, but I'm not sure how long more that's gonna deter me. People around me say the vocal ones announcing suicide never really do it, so I hope that's true. Just wanted to get this off my chest, still have some notes written for people in case that day finally comes. Thanks for reading","[1, 1]","{'depressive_disorder', 'anxiety_disorder'}","Just feeling empty. 17 M Ive lived the year doing my best to try and make everyone happy, took up commitments to make my parents proud, helped out friends who were going through a lot, overworked myself so they could have some time off, tried my best to keep a smile on everyones face. Id hide my breakdowns and panic attacks in the toilet so no ones really caught on. Today Ive seen my friend get driven to the edge cuz of a small misunderstanding in an exam and I was scared hed cut himself and I couldnt help him, all I could say was to let me know how I could help. Somethings snapped and now Im laying in bed crying and wishing I dont wake up tomorrow, I tried to picture myself dying but honestly it still scares me, but Im not sure how long more thats gonna deter me. People around me say the vocal ones announcing suicide never really do it, so I hope thats true. Just wanted to get this off my chest, still have some notes written for people in case that day finally comes. Thanks for reading",Comorbid (Depression + Anxiety),1,1,"
Below are posts and their respective assessments based on the criteria for clinical depression as defined in the DSM-5.
Format your response as a JSON object {'depression': ''} with values either 'yes' or 'no'.

Post: i am 18 years old and have been burned out to the point i rarely enjoy anything nor can i do things i want. i am working on it with my psychologist , but i am worried i dont have much time left. my depression is getting worse , i have been suicidal for past 4 years , but now i think i am in danger i fantasize about death on daily basis and really think it would be a good solution , but damm i cant do that to my mum and friends. fuck i am getting way too emotional writing this down and just hope this isnt my final and last thing i post write if you wondering why my mind is so messed up it cant decide whether to kill myself or keep on fighting is mostly loosing the fight for many many long years. this kept on so long i started doubt i will ever break out of it or have decent life. and with decent i dont mean money , partner or anything material. a decent life for me would be one i can enjoy or at least stop hurting myself and wishing to die. i hate myself so much , i started to get teary just continuing with this post . but at least i know i have some emotions fuck this really feels like i am writing a suicide letter. i hate my own my doing this to me. i am fucking lost cause. i should really just write one and do it. if anybody read this nonsense , thank you .
Assesement: {'depression': 'yes'}

Post: life hurts right now. everything is so uncertain. i am 19, almost 20 and i havent gone to college. but i am working on applying for some general education classes. no idea what id major in. but, mom, my living situation isnt ideal, the people can be very mean and push me aside, and i am waiting to get my dog back she was with a friend whilst i was homeless. i live an hour from my boyfriend. he is doing great things in college. and i recently had to take him to the er. and it brought back so much. it brought back you. what it was like to see you there. what it felt like to not give you a hug before you died. the smell of rubbing alcohol. the tubes. the noises. i cried. only once but i cried. and i am no longer happy. i wasnt doing too good the days leading up to this, but now i can 100 say i am in a slump again. my heart aches becausr i know what it is like to get up and be happy for the last month. now i dont know how long this sadness will last. i know i will relapse on my self harm. i had my first mental breakdown last night. paniac attack. hiding on the floor of my room. waiting for 3 hours outside of a laundromat because i literally felt like i was on a different planet. i am alone. i am so alone. it hurts, mom. it really, really hurts.
Assesement: {'depression': 'yes'}

Post: i know i was an asshole who doesnt treat anyone right, and it deserves to be this way, but my last family member, mom will leave soon to on her own, pretty much enough of my shit. i will live on my own, likely alone. worried and anxious about my future, but with many attempts and failures of suicide i just have to live. i wish i had someone who could talk to me about it, or text me if im ok but the reality, im alone.
Assesement: {'depression': 'yes'}

Post: ive been meaning to write this for a long time. im going to try to keep it short. so, i just want to die, seriously. i just cant stand myself, not even anyone, i just feel like im a total letdown to everyone. lately all i see is grey, i try to cheer up but nothing helps, everything right now is grey to me. im aware that a lot of people are struggling with this too, but i still feel so alone. the worst part is that deep down i know that everything is okay, but my mind is flooded with depressive thoughts. i simply dont want to stay alive anymore. lately all i think is about the fact that ive got to suicide before my birthday, simply because i dont want to see anyone congratulating me when i already know that no one likes me. i feel like im a huge piece of shit, i just know that no one wants to be around me, i know that i ruin everything, i know that i cant even write about my problems without feeling useless for not being able to handle them on my own. i just need someone to tell me that everything is going to be okay, even if it isnt going to be okay.
Assesement: {'depression': 'yes'}

Based on the above, assess the content of the following post:
Post: Just feeling empty. 17 M Ive lived the year doing my best to try and make everyone happy, took up commitments to make my parents proud, helped out friends who were going through a lot, overworked myself so they could have some time off, tried my best to keep a smile on everyones face. Id hide my breakdowns and panic attacks in the toilet so no ones really caught on. Today Ive seen my friend get driven to the edge cuz of a small misunderstanding in an exam and I was scared hed cut himself and I couldnt help him, all I could say was to let me know how I could help. Somethings snapped and now Im laying in bed crying and wishing I dont wake up tomorrow, I tried to picture myself dying but honestly it still scares me, but Im not sure how long more thats gonna deter me. People around me say the vocal ones announcing suicide never really do it, so I hope thats true. Just wanted to get this off my chest, still have some notes written for people in case that day finally comes. Thanks for reading
Assessment:
","[{'depression': 'yes'}, {'depression': 'yes'}, {'depression': 'yes'}, {'depression': 'yes'}]","
The post expresses several key indicators of clinical depression, including:
1. Persistent feelings of"
20,80vf6n,Blindness and fainting,"[CW: self harm] If this is the wrong sub to ask on just tell me so and I'll post elsewhere. But I seriously need help figuring out what happened to me. This happened yesterday afternoon. I have been diagnosed with major depression with psychotic features and anxiety disorder. I hadnt slept for about 35 hours. Im on a nicotine patch and had just taken my anti psychotic and anti anxiety for the first time in a while. I had ran out of my antidepressants a couple days ago. As far as drugs go. Anyway, I got in the shower, started cutting, and after about 10-15 minutes had a sudden rush of tingling and numbness, ringing in the ears, feeling an urge to throw up, grey and grainy vision which quickly turned to near total blindness, confusion, panic and anger and desire to die, and extreme disorientation and dizziness to the point I almost fell into the glass of the shower. Like my consciousness was totally altered. I felt super high on something terrible. I sat down in the shower, then somehow decided through the fog I should attempt to call someone and got out reaching for my phone. About 90 seconds later I found myself draped over the toilet with the numbness and tingling near gone, but the ringing and impaired vision took about another five minutes to fully subside. I feel relatively fine now but slightly out of it still, which isn't unusual for me. It's been suggested to me irl that it was a panic attack, or perhaps withdrawal from the antidepressant (mirtazapine). Any help would be much appreciated.","[1, 1]","{'depressive_disorder', 'anxiety_disorder'}","Blindness and fainting. CW self harm If this is the wrong sub to ask on just tell me so and Ill post elsewhere. But I seriously need help figuring out what happened to me. This happened yesterday afternoon. I have been diagnosed with major depression with psychotic features and anxiety disorder. I hadnt slept for about 35 hours. Im on a nicotine patch and had just taken my anti psychotic and anti anxiety for the first time in a while. I had ran out of my antidepressants a couple days ago. As far as drugs go. Anyway, I got in the shower, started cutting, and after about 1015 minutes had a sudden rush of tingling and numbness, ringing in the ears, feeling an urge to throw up, grey and grainy vision which quickly turned to near total blindness, confusion, panic and anger and desire to die, and extreme disorientation and dizziness to the point I almost fell into the glass of the shower. Like my consciousness was totally altered. I felt super high on something terrible. I sat down in the shower, then somehow decided through the fog I should attempt to call someone and got out reaching for my phone. About 90 seconds later I found myself draped over the toilet with the numbness and tingling near gone, but the ringing and impaired vision took about another five minutes to fully subside. I feel relatively fine now but slightly out of it still, which isnt unusual for me. Its been suggested to me irl that it was a panic attack, or perhaps withdrawal from the antidepressant mirtazapine. Any help would be much appreciated.",Comorbid (Depression + Anxiety),1,1,"
Below are posts and their respective assessments based on the criteria for clinical depression as defined in the DSM-5.
Format your response as a JSON object {'depression': ''} with values either 'yes' or 'no'.

Post: hey, so for the past week and a half ive been feeling awful. my head is killing me, my stomach cant keep down a meal, my heart feels like its bearing out of my chest. also im suicidal. i cant drive either my hand eye coordination has gone to hell. im having trouble speaking too. also ive had some hallucinations. im currently trying to contact my psychiatrist. but please, if you have any advice on what i should doing? or if you have felt like this before, feel free to tell me about your experience.
Assesement: {'depression': 'no'}

Post: okay, so, a few weeks ago, i was diagnosed with depression and anxiety. id been feeling, and i know this is cliche, but empty. not caring. my friends forced me to go to the school social worker and tell her how i wanted to kill myself, if i do it i plan on pills, though i know its not highly successful. i was forced to go to the e.r and a mental health place where i was diagnosed, but nothing else has happened since. prior to this, and now, ive been waking up at odd hours of the night, where as before, i was a sound sleeper. i also havent been hungry, so ive been eating less, and i used to have a very good appetite. in the last month, i lost 4 pounds. two nights ago, i cut for the first time. just 4 shallow cuts on my upper wrist, with a knife. i still dont really know how i feel about that, besides guilty. also my friends and i have gotten into a few fights, with me lashing out at them. i know this post is scatter brained, i just wanted to know if people have had similar situations and could tell their experiences or something. thanks.
Assesement: {'depression': 'yes'}

Post: about a week ago i took a deadly combination of drugs in the middle of the night because i had decided to end my life. my parents by some miracle heard me pass out on the other side of the house at 4am. they called the paramedics and my breathing had stopped by the time they got there. i was taken to hospital and put on a ventilator machine in icu. i was asleep for a whole day before waking up and calling my parents to let them know everything was okay and that im sorry. my life has been destroyed by mental illness and ive felt dead and empty for so long that i didnt know what to do. ive tried so many medications and types of therapy over the last 10 years with not a lot of success. the whole experience felt so surreal and im really struggling to process what happened. my parents have been forgiving and i havent told any friends or other family members because i dont want them to know. im feeling so many emotions at the moment and i dont know how to accept what i did.
Assesement: {'depression': 'yes'}

Post: this all started wednesday 9 days ago i had a very bad panic attack after i found out the blood tests came back negative for anything. i thought myself into thinking i had some sort of serious disorder and ever since then i feel like i have been getting worse. i feel like theres a huge fog over my brain. nothing seems very real. this is the scariest feeling ever. i went to my psychiatrist, i was prescribed seroquel. i took it at 8pm, woke up at 1030 and felt very different. i fell back asleep at about 1115 and woke up about 5 minutes ago. i feel like every time i fall asleep it gets worse. i cant stop thinking about it for some reason. i feel like im slowly fading to black and im eventually not going to wake up after i fall asleep. am i going to be okay?
Assesement: {'depression': 'no'}

Based on the above, assess the content of the following post:
Post: Blindness and fainting. CW self harm If this is the wrong sub to ask on just tell me so and Ill post elsewhere. But I seriously need help figuring out what happened to me. This happened yesterday afternoon. I have been diagnosed with major depression with psychotic features and anxiety disorder. I hadnt slept for about 35 hours. Im on a nicotine patch and had just taken my anti psychotic and anti anxiety for the first time in a while. I had ran out of my antidepressants a couple days ago. As far as drugs go. Anyway, I got in the shower, started cutting, and after about 1015 minutes had a sudden rush of tingling and numbness, ringing in the ears, feeling an urge to throw up, grey and grainy vision which quickly turned to near total blindness, confusion, panic and anger and desire to die, and extreme disorientation and dizziness to the point I almost fell into the glass of the shower. Like my consciousness was totally altered. I felt super high on something terrible. I sat down in the shower, then somehow decided through the fog I should attempt to call someone and got out reaching for my phone. About 90 seconds later I found myself draped over the toilet with the numbness and tingling near gone, but the ringing and impaired vision took about another five minutes to fully subside. I feel relatively fine now but slightly out of it still, which isnt unusual for me. Its been suggested to me irl that it was a panic attack, or perhaps withdrawal from the antidepressant mirtazapine. Any help would be much appreciated.
Assessment:
","[{'depression': 'no'}, {'depression': 'yes'}, {'depression': 'yes'}, {'depression': 'no'}]","
 {'depression': 'yes'}"
21,6yqbp4,Me again. I snapped out off it for a split second and decided to go to class today.,"[Link to my original post earlier today. ](https://www.reddit.com/r/depression/comments/6ynuvq/ran_out_of_antidepressants_and_the_come_down_is/)
 
 I ran out of my anti-depressants and have been skipping work and class. This is my first time on anti-depressants and after running out a few days ago, I haven't felt right. I mean I've never felt right but I have been feeling worse and have been thinking of suicide more often than I ever had in my life. I'll be talking to my doctor about this because this week has been the worst ever. I've skipped class and work before but never like this. Not to the point of only earning $180 for an 11 hour work week and missing two homework assignments and 1 quiz.The devil was really working for the last two days. He really wants me gone for true.
  
 
  Not today. 
 
 I made it to my first class an hour and 11 minutes late but I still made it. I'm also gonna make sure I make it to my pre-calc class on time today. I just couldn't do it. I can't just die. I can't just lose. Y'all don't know me but I want you to know that I'm OK and if I continue to choose life, I will continue to be OK. 
 
 Thanks for reading.","[1, 0]",{'depressive_disorder'},"Me again. I snapped out off it for a split second and decided to go to class today. Link to my original post earlier today. I ran out of my antidepressants and have been skipping work and class. This is my first time on antidepressants and after running out a few days ago, I havent felt right. I mean Ive never felt right but I have been feeling worse and have been thinking of suicide more often than I ever had in my life. Ill be talking to my doctor about this because this week has been the worst ever. Ive skipped class and work before but never like this. Not to the point of only earning CUR180 for an 11 hour work week and missing two homework assignments and 1 quiz.The devil was really working for the last two days. He really wants me gone for true. Not today. I made it to my first class an hour and 11 minutes late but I still made it. Im also gonna make sure I make it to my precalc class on time today. I just couldnt do it. I cant just die. I cant just lose. Yall dont know me but I want you to know that Im OK and if I continue to choose life, I will continue to be OK. Thanks for reading.",Depression,1,0,"
Below are posts and their respective assessments based on the criteria for clinical depression as defined in the DSM-5.
Format your response as a JSON object {'depression': ''} with values either 'yes' or 'no'.

Post: almost a month ago, i was admitted into an acute treatment center for suicidal ideations. for the last 5 years or so since the last time i had to go off of my meds i was having almost daily panic attacks, was almost always in a deep deep depressive state and just generally miserable, most of the time. when i was in treatment they started me back on prozac. my family helped me get the first month worth of my prescription. since being on it ive only had two panic attacks. thats literally a miracle for me. and things have seemed. good. i only have two pills left, and i cant afford to get more. im happy that i had, in a sense, a month long vacation from my depression. im fucking heartbroken that i know within a week or so, im going to be back at the same place. thats all i wanted to say. i just needed to vent.
Assesement: {'depression': 'yes'}

Post: im just so exhausted. i feel like ive exhausted all options. i feel like im doing everything right. eating healthy, getting to sleep on time and waking up on time, getting outside, taking medication, seeing a therapist and a psychiatrist CUR300 per visit which i have to save ages for. and i still felt awful. and now i go to bed late, sleep in late, avoid going out. ive resorted to using the medical certificate my psy gave me, to excuse any absences. i feel like a failure, having to use it. im worried re the teachers views on mental health. im worried theyll think im slacking. i want to die. im going to skip all of my classes tomorrow. tomorrow i dont think ill leave my room, let alone my bed. to top it off, everything feels like a dream. nothing feels real. i feel so tired and defeated.
Assesement: {'depression': 'yes'}

Post: so i skipped class today. i didnt really want to go because i was afraid. i dont know what was making me afraid but i really didnt want to go. add the fact that i feel drowsy all the time, even after a 1012 hour sleep, and i couldnt really get out of bed. worst part is that my relatives keep on commenting and condemning me. ever had your mother burst into your room, not even knocking on the door before entering, and screaming hello! while you were trying to get some rest and proceeding to nag you for anything. i dont feel anything but, fatigue and anxiety.
Assesement: {'depression': 'no'}

Post: this isnt going to be some sort of success story or something. i dont even know what its going to be. i was depressed for almost six years before i started on antidepressants last december. they actually worked. id been feeling ok for a while, and of course, it hits again. started cutting myself again for the first time in 7 months. i thought things had finally worked out. suicidal again as well, which is awesome. i dont know why i didnt just go through with it. then i wouldnt be here to fail over and over again. ive got my first uni finals in a week and i cant even study. i have no motivation to do anything, except die. i dont want to be here anymore. i want to destroy myself and anyones memories of me so it would be like i never existed. i just dont want to be anymore. im exhausted. dont know who else to talk to. no one seems to understand.
Assesement: {'depression': 'yes'}

Based on the above, assess the content of the following post:
Post: Me again. I snapped out off it for a split second and decided to go to class today. Link to my original post earlier today. I ran out of my antidepressants and have been skipping work and class. This is my first time on antidepressants and after running out a few days ago, I havent felt right. I mean Ive never felt right but I have been feeling worse and have been thinking of suicide more often than I ever had in my life. Ill be talking to my doctor about this because this week has been the worst ever. Ive skipped class and work before but never like this. Not to the point of only earning CUR180 for an 11 hour work week and missing two homework assignments and 1 quiz.The devil was really working for the last two days. He really wants me gone for true. Not today. I made it to my first class an hour and 11 minutes late but I still made it. Im also gonna make sure I make it to my precalc class on time today. I just couldnt do it. I cant just die. I cant just lose. Yall dont know me but I want you to know that Im OK and if I continue to choose life, I will continue to be OK. Thanks for reading.
Assessment:
","[{'depression': 'yes'}, {'depression': 'yes'}, {'depression': 'no'}, {'depression': 'yes'}]","'depression': 'yes'
The post indicates that the writer has been feeling worse and has been thinking of suic"
22,bvs0q2,Anyone else have experience becoming worse at sex?,"[M20] here. I've been with my gf for 3 years as of tomorrow. She's my first ever relationship, and the only person I've been sexual with. At first, I of course was pretty bad at sex but I gradually got better. I continued to get better and better at getting my gf off, but as of the past 6 months I've felt that my performance has gotten worse and worse. I used to be able to last a very long time, but now I struggle to get past 5 minutes. Each time we had sex, was better than the last. More orgasms for her, longer sex, and just more fun in general. Now I just make the foreplay last as long as possible because I know I'll be disappointing when it comes to the actual sex. I can often still make her orgasm, but a lot of times I either cum in minutes or not at all. We used to have sex almost everyday, but I think we both sometimes avoid it because its just disappointing most of the time. Any advice or similar experiences?","[0, 0]",{'control_group'},"Anyone else have experience becoming worse at sex. M20 here. Ive been with my gf for 3 years as of tomorrow. Shes my first ever relationship, and the only person Ive been sexual with. At first, I of course was pretty bad at sex but I gradually got better. I continued to get better and better at getting my gf off, but as of the past 6 months Ive felt that my performance has gotten worse and worse. I used to be able to last a very long time, but now I struggle to get past 5 minutes. Each time we had sex, was better than the last. More orgasms for her, longer sex, and just more fun in general. Now I just make the foreplay last as long as possible because I know Ill be disappointing when it comes to the actual sex. I can often still make her orgasm, but a lot of times I either cum in minutes or not at all. We used to have sex almost everyday, but I think we both sometimes avoid it because its just disappointing most of the time. Any advice or similar experiences?",Normal,0,0,"
Below are posts and their respective assessments based on the criteria for clinical depression as defined in the DSM-5.
Format your response as a JSON object {'depression': ''} with values either 'yes' or 'no'.

Post: so im 19f and sort off had a thing with a 24 yo dude. so the first time we had sex he took my virginity and he tried to be super gentle and go very slow with me. the thing is he stopped and i gave him a blowjob at the end. i didnt give it that much thought because idk i figured maybe because he had to be extremely careful with me he couldnt enjoy it that much. so our second time comes by and after im done he stops and just lays there on top of the bed. i could noticed he hasnt come so i asked. he told me he never came from penetration. i ended up giving him a quick bj. after that i started thinking is it because im bad at sex? i mean hes way more experienced than me, hes definitely explored different sex positions, maybe toys idk. he told me it wasnt because of me, it was just his thing. all the times weve had sex now ive always given him a bj at the end which is not really a problem since i like giving him that or handjobs which he says are good too. i just wanted to ask for honest opinions coming from dudes in this app. is he bullshitting me?
Assesement: {'depression': 'no'}

Post: so, for the longest time i couldnt orgasm during sex at all. there was a time here and there, but i couldnt seem to find anything that actually triggered me to come. then finally, i thought i had it figured out and i was able to come quite a bit. sadly, now im back to not being able to very easily at all. lots of additional stimulation needed, not that theres anything wrong with that, but there are also times where i just give up on that going anywhere. i enjoy sex a ton, but sometimes it just feels less fulfilling, luckily i have a partner who typically puts in all the work to get me off after. any advicetips?
Assesement: {'depression': 'no'}

Post: im 18m a pan male and ive been with a few people now and i dont think i have ever loved a single one of them at all, i dont even really think i have been infatuated or obsessed like i see a lot of people being in the early stages. i desire love so badly, but i dont know how to make it happen with someone i sorta like. my current partner 18f seems to be absolutely infatuated with me, i was sorta excited the first day we were official and then the feeling sorta stopped or are a lot smaller than they use to be and i miss it. i feel almost inadequate to even be with her because of my insecurities especially about my body. is there something i can change about the way i fall in love so that the feeling last and are stronger, i really want to fix my current relationship because she is amazing im just missing the feels?
Assesement: {'depression': 'no'}

Post: yes, im a young inexperienced guy that managed to find the elusive clit. she was enjoying it, but shortly before what im guessing wouldve been an orgasm, which i think wouldve been the first one i wouldve given her, since the two months of our relationship, she said stop, so i did. i asked her why, and if i did anything wrong something that hurt or felt weird ans she said no, its too emtional. she didnt want to say more. can someone shed a little light on itpossibilities, since the only real truth i can get from her, but she doesnt want to tall about it yet.
Assesement: {'depression': 'no'}

Based on the above, assess the content of the following post:
Post: Anyone else have experience becoming worse at sex. M20 here. Ive been with my gf for 3 years as of tomorrow. Shes my first ever relationship, and the only person Ive been sexual with. At first, I of course was pretty bad at sex but I gradually got better. I continued to get better and better at getting my gf off, but as of the past 6 months Ive felt that my performance has gotten worse and worse. I used to be able to last a very long time, but now I struggle to get past 5 minutes. Each time we had sex, was better than the last. More orgasms for her, longer sex, and just more fun in general. Now I just make the foreplay last as long as possible because I know Ill be disappointing when it comes to the actual sex. I can often still make her orgasm, but a lot of times I either cum in minutes or not at all. We used to have sex almost everyday, but I think we both sometimes avoid it because its just disappointing most of the time. Any advice or similar experiences?
Assessment:
","[{'depression': 'no'}, {'depression': 'no'}, {'depression': 'no'}, {'depression': 'no'}]",The answer to the question 'has the poster experienced depression' is 'yes'. The poster mentions 'feeling worse
23,7jq56f,feelings of hurting things,[Serious] Feelings to hurt small animals. I am a 15 year old male who was diagnosed with extreme cases of anxiety and depression and suicidal thoughts and actions and lately i have been watching bestgore.com videos of people being killed and desires to hurt small animals like guinea pigs i am not sure what to do i have a interest in death. I have hurt my Guinea pig not seriously hurt her but i have hurt her. I have been stealing a lot lately and get quick to anger i am not sure what to do i am really scared and any help is really appreciated,"[1, 1]","{'depressive_disorder', 'anxiety_disorder'}",feelings of hurting things. Serious Feelings to hurt small animals. I am a 15 year old male who was diagnosed with extreme cases of anxiety and depression and suicidal thoughts and actions and lately i have been watching bestgore.com videos of people being killed and desires to hurt small animals like guinea pigs i am not sure what to do i have a interest in death. I have hurt my Guinea pig not seriously hurt her but i have hurt her. I have been stealing a lot lately and get quick to anger i am not sure what to do i am really scared and any help is really appreciated,Comorbid (Depression + Anxiety),1,1,"
Below are posts and their respective assessments based on the criteria for clinical depression as defined in the DSM-5.
Format your response as a JSON object {'depression': ''} with values either 'yes' or 'no'.

Post: i have mental issues, never got diagnosed properly because where i live people just assume teenagers get really sad because they use too much technology. i did try to go to a local mental institute but all i got was a 5minute pep talk and medicines that got me so sick i had to be bedded. i think i might have major depression, bipolar,ptsd, bpd, probably adhd in childhood when i look back, just a month ago i was still struggling with sleep disorder, waking up from nightmares and hallucinating. my life is in ruin and it keeps getting worse. somewhere along the line i developed a solid belief that i will never ever be happy, just mania episodes that force me to be high untill fatigue comes back. i should just end myself, but im so so scared, i really really want to die already.
Assesement: {'depression': 'yes'}

Post: over the past 6 years ive become increasingly scared of being away from my home pe even computer. anytime im not distracting myself with something i constantly belittle and degrade myself to the point where i have no self confidence left. i have grown to legitimately despise myself. i have none in my life im close to because i push everyone and everything away. i dont even know whats real anymore and i dont know how to explain it i will just randomly realize something ive been saying and thinking just never happened. i just dont know what to do i just ignore these thoughts until i cant anymorenamd then i go to my room crying for about 45 hours calling myself worthless wishing i was dead and then i post it here to vent and pass out i dont know what to do i cant keep doing this but i dont know what else to do im afraid to talk to anyone and im beginning to believe it will never end
Assesement: {'depression': 'yes'}

Post: lately, ive been having very intense highs and very intense lows. ive been able to deal with them by the past, but lately its been more and more intense. sometimes there werent any specific reasons why i felt that way, sometimes i was upset. and during the past two weeks. ive been falling asleep with a bottle of sleeping pills in my hand. i used to be able to control my suicidal tendenciesideations, but the lower i get, the more and more intense i get into my ideations. i guess the reason i havent done anything yet, is i am holding into something, as i have returned to work this week because of covid19. but now, ive had a shit with one very good friend and my best friend. and my parents who are always open minded and always listened to my point of view and suggested others to make me understand other possibilities understand why i feel this way, and my friends decided to ignore me all day. im so tired of living, i just wanna die. i should stop backing off and take the sleeping pills.
Assesement: {'depression': 'yes'}

Post: i dont feel like i want to die all of the time. buy i feel like its my only way out of this life. ive already started to push away everyone i know in hopes that it wont hurt them as much. i cant remember the last time i enjoyed myself. every day that i force myself out of bed i cross every road without looking in hopes that i get hit. is this okay to do? or am i just becoming the unfeeling maniac my mother predicted i would be?
Assesement: {'depression': 'yes'}

Based on the above, assess the content of the following post:
Post: feelings of hurting things. Serious Feelings to hurt small animals. I am a 15 year old male who was diagnosed with extreme cases of anxiety and depression and suicidal thoughts and actions and lately i have been watching bestgore.com videos of people being killed and desires to hurt small animals like guinea pigs i am not sure what to do i have a interest in death. I have hurt my Guinea pig not seriously hurt her but i have hurt her. I have been stealing a lot lately and get quick to anger i am not sure what to do i am really scared and any help is really appreciated
Assessment:
","[{'depression': 'yes'}, {'depression': 'yes'}, {'depression': 'yes'}, {'depression': 'yes'}]","
Note: These assessments are based on the information provided in the posts and may not be comprehensive or definitive"
24,a37w0e,Suicide TW: Attempted suicide after effects?,"[You can skip 4 paragraphs to skip the story]
 
 So, earlier this year I was diagnosed with bipolar 1 (put on Quetiapine), though I know Ive struggled with depression and self-harm since I was 11.
 
 Im a 15 y/o girl and just had exam week 3 weeks ago. I wasnt nervous at all. But, weeks before this, I felt as though my medication had stopped working and I fell into the worst depression of my life.
 
 I missed all but 1 exam and that Friday I felt so done that I took handfuls of my Vyvanse, Diazepam and Quetiapine. My intent was to die but I was scared of a seizure or brain damage so I was taken to the hospital and stayed in ER from 9am-8pm.
 
 The doctors said I was physically stable and I saw a hospital psychologist who said I was mentally stable enough to go home. I strangely did actually feel good then. I mustve been high.
 
 -
 
 So, 3 weeks later, (Ive got antidepressants to add to my list of medication) Im better than I was before but not physically.
 
 Ive been thinking; is it possible to get after effects from an overdose? Im more restless at night, Im more fidgety, my OCD is worse, I have non-menstrual abdominal pain/cramps, headaches...
 
 These Ive been having since the overdose but havent seemed to ease up. I believe there may still be the chemicals in my system from that day causing this if thats possible?
 
 I am going to ask my doctors about what Im experiencing, so no need to ask.
 
 Im just wondering if any other survivors had the same experience?","[0, 0]",{'control_group'},"Suicide TW Attempted suicide after effects. You can skip 4 paragraphs to skip the story So, earlier this year I was diagnosed with bipolar 1 put on Quetiapine, though I know Ive struggled with depression and selfharm since I was 11. Im a 15 yo girl and just had exam week 3 weeks ago. I wasnt nervous at all. But, weeks before this, I felt as though my medication had stopped working and I fell into the worst depression of my life. I missed all but 1 exam and that Friday I felt so done that I took handfuls of my Vyvanse, Diazepam and Quetiapine. My intent was to die but I was scared of a seizure or brain damage so I was taken to the hospital and stayed in ER from 9am8pm. The doctors said I was physically stable and I saw a hospital psychologist who said I was mentally stable enough to go home. I strangely did actually feel good then. I mustve been high. So, 3 weeks later, Ive got antidepressants to add to my list of medication Im better than I was before but not physically. Ive been thinking is it possible to get after effects from an overdose? Im more restless at night, Im more fidgety, my OCD is worse, I have nonmenstrual abdominal paincramps, headaches. These Ive been having since the overdose but havent seemed to ease up. I believe there may still be the chemicals in my system from that day causing this if thats possible? I am going to ask my doctors about what Im experiencing, so no need to ask. Im just wondering if any other survivors had the same experience?",Normal,0,0,"
Below are posts and their respective assessments based on the criteria for clinical depression as defined in the DSM-5.
Format your response as a JSON object {'depression': ''} with values either 'yes' or 'no'.

Post: ive 21f never posted here and i feel a bit nervous, but here goes. so basically i was diagnosed with major depression and bulimia last year and was prescribed zoloft. a few weeks into taking it, i realized that i wasnt able to experience some happier emotions. like i didnt really feel anything when i would be around or touch the people i love and i couldnt reach orgasm the worst part. i decided i wanted to feel something so i stopped taking meds. quite abruptly. now, almost a year later i have been having suicidal thoughts again. also, ive been going through short phases where i would stop eating for 23 days but then return to a normal eating schedule when i felt a bit better. i dont know why i just cant bring myself to eat or even get or of bed sometimes. also, talking to the psychologist gave me severe anxiety. im reluctant to go back to the psychiatrist because of the meds. but i am thinking that maybe i should anyway, at least for now. i would really appreciate some advice. thoughts?
Assesement: {'depression': 'yes'}

Post: in august i had a major seizure which made me have to move from my apartment to my parents cant legally drive because of seizure ive been having a million other medical issues and between those and the depression, i am straight up miserable. some days suicide pops into my mind at every minute. i am so exhausted. i really have no idea how much of it is depression and how much are my physical ailments. ive been sleeping like garbage. i go to bed at 630 pm and wake at 4am with 25 times waking up in between. i am just so exhausted by 6pm, i need to sleep. im currently on zoloft and seroquel. i called my doctor an hour ago and left a message to be put on something else. my psych is amazing and will call me back within 24 hrs, i know that. i seriously can hardly function between depression and my physical health. its grueling to go to work even though i love my job and act okay all day. its grueling to be anything but asleep. my depression has ebbed and flowed since i can remember. i was depressed at age 5. theres never been a time where depression wasnt lurking in the background. ive never tried hard drugs except cocaine in my younger years at parties but i want to buy a big bag of heroin, shoot up and die in a haze. i dont know how much longer i can do this
Assesement: {'depression': 'yes'}

Post: about a week ago i took a deadly combination of drugs in the middle of the night because i had decided to end my life. my parents by some miracle heard me pass out on the other side of the house at 4am. they called the paramedics and my breathing had stopped by the time they got there. i was taken to hospital and put on a ventilator machine in icu. i was asleep for a whole day before waking up and calling my parents to let them know everything was okay and that im sorry. my life has been destroyed by mental illness and ive felt dead and empty for so long that i didnt know what to do. ive tried so many medications and types of therapy over the last 10 years with not a lot of success. the whole experience felt so surreal and im really struggling to process what happened. my parents have been forgiving and i havent told any friends or other family members because i dont want them to know. im feeling so many emotions at the moment and i dont know how to accept what i did.
Assesement: {'depression': 'yes'}

Post: lately, i have been falling back into a down mood, even with the rapid mood swings. lately, i have been thinking about ingesting a lot of medication again. it was my prime escape from the emotional mind. basically overdose to punish myself as well as quiet the emotional mind as i have done its bidding the whole kill yourself that is repeated in my head. ive done this crap a lot and the ultrarapid metabolization thing kept me from killing myself for those 20+ times and failed once lamictal at the end of february. and to think i was actually being diligent with that one. well obviously after that seizurefilled night with family, i was pretty much without meds and had to come off that cold turkey. not fun i honestly dont know what to do. it took a lot of energy not to go and get my meds refilled or pick up 5htp and stuff. it is just too tempting.
Assesement: {'depression': 'yes'}

Based on the above, assess the content of the following post:
Post: Suicide TW Attempted suicide after effects. You can skip 4 paragraphs to skip the story So, earlier this year I was diagnosed with bipolar 1 put on Quetiapine, though I know Ive struggled with depression and selfharm since I was 11. Im a 15 yo girl and just had exam week 3 weeks ago. I wasnt nervous at all. But, weeks before this, I felt as though my medication had stopped working and I fell into the worst depression of my life. I missed all but 1 exam and that Friday I felt so done that I took handfuls of my Vyvanse, Diazepam and Quetiapine. My intent was to die but I was scared of a seizure or brain damage so I was taken to the hospital and stayed in ER from 9am8pm. The doctors said I was physically stable and I saw a hospital psychologist who said I was mentally stable enough to go home. I strangely did actually feel good then. I mustve been high. So, 3 weeks later, Ive got antidepressants to add to my list of medication Im better than I was before but not physically. Ive been thinking is it possible to get after effects from an overdose? Im more restless at night, Im more fidgety, my OCD is worse, I have nonmenstrual abdominal paincramps, headaches. These Ive been having since the overdose but havent seemed to ease up. I believe there may still be the chemicals in my system from that day causing this if thats possible? I am going to ask my doctors about what Im experiencing, so no need to ask. Im just wondering if any other survivors had the same experience?
Assessment:
","[{'depression': 'yes'}, {'depression': 'yes'}, {'depression': 'yes'}, {'depression': 'yes'}]","{'depression': 'yes'}
Note: The post does not contain direct suicidal language, but it does mention"
25,aq1s4h,Am I even depressed?,"* cutting myself
 * urges to jump off from a building
 * feeling worthless, unlovable and guilty
 * no motivation to do anything in my life and just wanting to die
 
 but
 
 * eating and sleeping well
 * getting up and showering every day
 * working out twice a week
 * being able to laugh
 

 
 I'm not even sure if I'm really depressed or just using it as an excuse for being a lazy piece of shit who can't be grateful for what he has. I was diagnosed with 'depressive disorder not otherwise specified' 8 months ago, but that's 8 months ago so I'm not sure if it still applies. My parents tell me that I'm just complaining too much and I don't have any reasons to be depressed, so I'm almost starting to believe that they're right.
 
 I'm fully aware that this is not a place to get a diagnosis, I just want to hear opinions.","[1, 0]",{'depressive_disorder'},"Am I even depressed. cutting myself urges to jump off from a building feeling worthless, unlovable and guilty no motivation to do anything in my life and just wanting to die but eating and sleeping well getting up and showering every day working out twice a week being able to laugh Im not even sure if Im really depressed or just using it as an excuse for being a lazy piece of shit who cant be grateful for what he has. I was diagnosed with depressive disorder not otherwise specified 8 months ago, but thats 8 months ago so Im not sure if it still applies. My parents tell me that Im just complaining too much and I dont have any reasons to be depressed, so Im almost starting to believe that theyre right. Im fully aware that this is not a place to get a diagnosis, I just want to hear opinions.",Depression,1,0,"
Below are posts and their respective assessments based on the criteria for clinical depression as defined in the DSM-5.
Format your response as a JSON object {'depression': ''} with values either 'yes' or 'no'.

Post: i dont know if i have depression, ive never been diagnosed. but i just feel so empty all the time. i dont feel happiness, i just constantly feel numb. i dont know what makes me happy and i feel like i just waist every day by doing nothing. im angry all the time. the littlest things set me off and over the edge and i explode. i honestly think i have bpd or depression or something. i just know i cant keep living like this. i only have one life and im wasting it on being upset all the time. i just dont know how to change.sorry for the rant guys i just dont have anyone to talk to
Assesement: {'depression': 'yes'}

Post: i just ganna warn the is a depressionrant post. i am 17, male, 360lbs. bi in bigoted family and can only trust my mom and brother with showing some of the real me im sensitive, im odd, i dont have friends unless i call or text first to i guess remind them i exist and then they act like i havent been missing for a month, i always home cause theres literally nothing in my town, my online friends never talk to me since i built a pc and their on xbox, ive maxed out all of my meds and they barely work im always think im ganna die and im depressed all the time, i hate no being detracted from my thoughts cause they make me cry, im just in general a loser, i cant drive till im 18, i have nothing special about me, i cant get a job cause i just get to pressured an break down, im home schooled since i was held down and beat with the metal part of a belt in freshman year, ive never had a relationship last more than a month, i wish i could be the old me when i was happy, and so much more ill post later. aka. i need some kind of advice.
Assesement: {'depression': 'yes'}

Post: im 16 but 17 this year, i have been diagnosed with anxiety but not depression. i know depression runs through my family but i genuinely dont know if i have it or im just being overdramatic. i wish i could stay in bed all day and i dont have the motivation to do anything. i have my exams in literally just under a month and i havent revised whatsoever because i just cant bring myself to do it. i feel like im just blowing things out of proportion and it is just my age but i just dont know anymore. ive felt like this for a while now.
Assesement: {'depression': 'yes'}

Post: hi, if you are reading this i am asking for your view of my situation as a person. answer this as if i were someone that you know well or a family member i am not willing to involve alot of people in my personal thoughts since they are more likely to not understand me the way i intened or it will cause change in my day to day life i dont want happening. i am 13 and a half. all my life i preferred to be alone. i was an introvert to put it simply. ever since i remember myself i was depressed and slowly developed the a suicidal mind set. i question everything and in the last months find myself not enjoying day to day activities that i would generaly enjoy, and also started eating more. i never got diagnosed or checked for depression because i never wanted to worry anybody about my mental health, yet when people ask me whats wrong and i decide i am comfy enough to open up, i dont know if i can say i have depression. its something i am so used to, being depressed. i feel like i am misunderstood sometimes because people dont have an explanation to my actions. reddit, wut dew?
Assesement: {'depression': 'yes'}

Based on the above, assess the content of the following post:
Post: Am I even depressed. cutting myself urges to jump off from a building feeling worthless, unlovable and guilty no motivation to do anything in my life and just wanting to die but eating and sleeping well getting up and showering every day working out twice a week being able to laugh Im not even sure if Im really depressed or just using it as an excuse for being a lazy piece of shit who cant be grateful for what he has. I was diagnosed with depressive disorder not otherwise specified 8 months ago, but thats 8 months ago so Im not sure if it still applies. My parents tell me that Im just complaining too much and I dont have any reasons to be depressed, so Im almost starting to believe that theyre right. Im fully aware that this is not a place to get a diagnosis, I just want to hear opinions.
Assessment:
","[{'depression': 'yes'}, {'depression': 'yes'}, {'depression': 'yes'}, {'depression': 'yes'}]","



"
26,emikde,I wonder if my family and friends think I'm joking about my symptoms.,"*(I'll briefly mention beforehand that I was diagnosed with schizophrenia in late 2014. I've gotten no help, and my mental state has been getting noticeably worse over the years.)*
  
  
 I'm just watching my younger siblings play and run around, pretending to be this or do that, and I kind of realise how stupid a lot of kids' games are once you look at them as an adult. 
  
  
 At the same time, though, I constantly see or hear things when other people will say that they aren't real, I witness moments from my nightmares while I'm wide awake, and I have bad episodes where I end up getting hurt as a result of panic taking over and sending me into autopilot (at some point a few years ago, I was really, **really** nervous about something and began squeezing a lightbulb because someone had taken my stress ball as a mean joke. The lightbulb was just a cheap, kind of old lightbulb from the dollar store, so, of course, when I squeezed it hard enough, it began to crack and fully separate in some spots, leaving small but deep cuts in my palm. Just recently, I've chipped a tooth banging my head against a wall repeatedly).
  
  
 I genuinely wonder sometimes if people who know what I'm dealing with on at least a surface level may subtly think that I'm faking it. I wonder if they think that I'm just like the children, playing pretend or acting weird to grab people's attention. 
  
  
 I sincerely hope not, but it could explain why my family never tried to help, and why my friends seem to be annoyed with me more than anything when I'm having an episode.","[0, 1]",{'anxiety_disorder'},"I wonder if my family and friends think Im joking about my symptoms. Ill briefly mention beforehand that I was diagnosed with schizophrenia in late 2014. Ive gotten no help, and my mental state has been getting noticeably worse over the years. Im just watching my younger siblings play and run around, pretending to be this or do that, and I kind of realise how stupid a lot of kids games are once you look at them as an adult. At the same time, though, I constantly see or hear things when other people will say that they arent real, I witness moments from my nightmares while Im wide awake, and I have bad episodes where I end up getting hurt as a result of panic taking over and sending me into autopilot at some point a few years ago, I was really, really nervous about something and began squeezing a lightbulb because someone had taken my stress ball as a mean joke. The lightbulb was just a cheap, kind of old lightbulb from the dollar store, so, of course, when I squeezed it hard enough, it began to crack and fully separate in some spots, leaving small but deep cuts in my palm. Just recently, Ive chipped a tooth banging my head against a wall repeatedly. I genuinely wonder sometimes if people who know what Im dealing with on at least a surface level may subtly think that Im faking it. I wonder if they think that Im just like the children, playing pretend or acting weird to grab peoples attention. I sincerely hope not, but it could explain why my family never tried to help, and why my friends seem to be annoyed with me more than anything when Im having an episode.",Anxiety,0,1,"
Below are posts and their respective assessments based on the criteria for clinical depression as defined in the DSM-5.
Format your response as a JSON object {'depression': ''} with values either 'yes' or 'no'.

Post: no sob story i want to talk candidly about this. ive been diagnosed with severe depression and anxiety. ive maxed all my meds as well as anti psychotics. never felt good but ive never been better. here are some reasons i think i might be underestimating my issues i consider myself two people. i use my second self to selfsothe. when im said they tell me we can do this. when im really sad i can feel then hug and hold me. is this normal or is it schizophrenia? i dont want to talk to a professional about it because i dont want to lose them. another reason i dont really ever leave the house except for work. i feel fine at work but then i have to hurry home. i dont like to be in public alone. im ok having friends over at my place. im having a hard time taking my dogs out alone. and the worst reason is constant thoughts of self harm. sometimes the only relief is self harm. but lately ive had this vision of strangling myself. we are in a bathroom and the only noise is a dripping tap. as im killing myself the other me doesnt struggle, just a wide eyed look of acceptance. besides depression and anxiety i havent been diagnosed with any other mental conditions. im starting to think that i need way more help than i think i do.
Assesement: {'depression': 'yes'}

Post: i was diagnosed with major depression when i was a young teenager. the next doctors that i saw said it was bipolar disorder. my official diagnosis is treatment resistant meds and therapy dont help, rapid cycling bipolar disorder type 1 with anxiety and ptsd. i think i am misdiagnosed because i do not have episodes. i am constantly miserable. i have had a lot of hallucinations visual and auditory and am in a state of terrifying dissociation as well as frustrating memory loss and amnesia. my psychiatrist does not think so because i am well put together and well spoken. im not sure what to think.
Assesement: {'depression': 'no'}

Post: im not sure anymore. i was diagnosed as being paychotic a while ago. i used to see and hear a lot of things. colors, people, screams, and names. when i say that to people though they always tell me im not. my psychosis is secondary to depression. a nurse told me yesterday i wasnt psychotic. im not really sure if i hear and see stuff anymore. i really dont know if people see the light patterns on walls and see the sky looks purple sometimes. or if they hear people talking in other rooms. maybe everyone does and its normal? i dont really know anymore. its so hard to tell whats real. it shouldnt matter if im psychotic, knowing wont change anything or make it easier to live. sometimes when im not sure if im doing the right thing i check the trees when im driving. i have found if i am doing something that doesnt sit well with me they get angry and lean towards the car. i cant really tell people that though. people dont want to let you watch your kids alone or trust you when you say things like that.
Assesement: {'depression': 'yes'}

Post: ive known since i was like 8 that i was super depressed. when the antidepressants didnt work, we considered adhd. the stimulants helped but not entirely. then this past weekend i had a complete mental break down and its like it snapped my brain out of whatever the fuck has been going on for years and i was super rational, calm, normal. and then i realized that ive probably been having some serious paranoid delusions which im slipping back into paranoia about thinking i have paranoid delusions. i had a similar break a few years ago but my psych dismissed it and it was over so quick and i was just back to thinking crazy shit. ive told everyone i can trust about what i think is going on but im still afraid that ill just deny it all at my psych appointment. it makes sense that i have something other than just depression because antidepressants didnt work at all. or maybe i have some complex combination of things? i just want to feel better already. i havent felt anything close to normal in years. im only 26. i shouldnt be this miserable and non functional in life yet.
Assesement: {'depression': 'yes'}

Based on the above, assess the content of the following post:
Post: I wonder if my family and friends think Im joking about my symptoms. Ill briefly mention beforehand that I was diagnosed with schizophrenia in late 2014. Ive gotten no help, and my mental state has been getting noticeably worse over the years. Im just watching my younger siblings play and run around, pretending to be this or do that, and I kind of realise how stupid a lot of kids games are once you look at them as an adult. At the same time, though, I constantly see or hear things when other people will say that they arent real, I witness moments from my nightmares while Im wide awake, and I have bad episodes where I end up getting hurt as a result of panic taking over and sending me into autopilot at some point a few years ago, I was really, really nervous about something and began squeezing a lightbulb because someone had taken my stress ball as a mean joke. The lightbulb was just a cheap, kind of old lightbulb from the dollar store, so, of course, when I squeezed it hard enough, it began to crack and fully separate in some spots, leaving small but deep cuts in my palm. Just recently, Ive chipped a tooth banging my head against a wall repeatedly. I genuinely wonder sometimes if people who know what Im dealing with on at least a surface level may subtly think that Im faking it. I wonder if they think that Im just like the children, playing pretend or acting weird to grab peoples attention. I sincerely hope not, but it could explain why my family never tried to help, and why my friends seem to be annoyed with me more than anything when Im having an episode.
Assessment:
","[{'depression': 'yes'}, {'depression': 'no'}, {'depression': 'yes'}, {'depression': 'yes'}]","{
'depression': 'yes'
}

Note: The above assessment is based on the content"
27,h9fn04,Can schizophrenia dull your pain receptors?,"**(triggering stuff about self harm and intense delusions ahead, keep yourself safe please)** 
 
 When I was 17 and very delusional I had an incident where the TV told me that I'd had a tracking device planted in my arm while I was asleep, so a few nights later I used a razor blade to dig through my arm to try and find it. I have an extensive history with self harm, but this was one of the only cases where it was done as a direct result of a psychotic episode, and one thing I noticed was that I felt no pain whatsoever. Every other time I've self harmed there has been pain, even just a slight sting for a few seconds, but this incident, which had me going deeper than almost any other incident, had no pain. I wasn't sure what to think of it but a few months later when I was recounting the incident to my psychiatrist he specifically asked if I felt any pain during it, which makes me wonder now if the psychotic brain can completely shut off your ability to feel pain? Is this something anyone else has experienced, and is there any studies that have looked into this, because I'm quite curious now.","[0, 0]",{'control_group'},"Can schizophrenia dull your pain receptors. triggering stuff about self harm and intense delusions ahead, keep yourself safe please When I was 17 and very delusional I had an incident where the TV told me that Id had a tracking device planted in my arm while I was asleep, so a few nights later I used a razor blade to dig through my arm to try and find it. I have an extensive history with self harm, but this was one of the only cases where it was done as a direct result of a psychotic episode, and one thing I noticed was that I felt no pain whatsoever. Every other time Ive self harmed there has been pain, even just a slight sting for a few seconds, but this incident, which had me going deeper than almost any other incident, had no pain. I wasnt sure what to think of it but a few months later when I was recounting the incident to my psychiatrist he specifically asked if I felt any pain during it, which makes me wonder now if the psychotic brain can completely shut off your ability to feel pain? Is this something anyone else has experienced, and is there any studies that have looked into this, because Im quite curious now.",Normal,0,0,"
Below are posts and their respective assessments based on the criteria for clinical depression as defined in the DSM-5.
Format your response as a JSON object {'depression': ''} with values either 'yes' or 'no'.

Post: im not sure i posted this in the right area, and im pretty sure the answer is going to be talk to your doctor. but i just need to get this question out. i was diagnosed with clinical depression with psychotic features. i used to hear voices, or at least thats what i thought it was, and saw small visual hallucinations like mice or bugs running across the floor. ive been on antipsychotics for a while now and i havent experienced that anymore. but heres the big dumb question. how do i know it wasnt just im my head as opposed to it being true psychotic features. i guess the true answer is to talk to my doctor. but i was just wondering if anyone else had those feelings. if this is the wrong place to ask, i apologize.
Assesement: {'depression': 'yes'}

Post: so i was going through my stuff since i was cleaning. i found all my old suicide notes and journal entries. i dont know if it triggered something or what but i just feel numb again like an episode relapse. im just glad nobody else found it. i just cant feel though, every time the blade touches my skin i get goosebumps until it slices through then its like i just cant feel emotion. i cant feel the pain, the sadness, the hopelessness, the drowning. everyday i feel like i lose a bit of myself, and i will until i disappear.
Assesement: {'depression': 'yes'}

Post: its not that i havent occasionally experienced depression, because i definitely have. but its more like most of my life has been just numb feeling. a lack of feeling. my ability to feel pleasure has just decreased over the years. i have no motivation for anything which i think comes from not feeling pleasure. like if i could derive pleasure i could probably motivate myself to do stuff because id have a sense of accomplishment. but im pretty much always passively suicidal so i think thats why i get tossed in the depression category. with the realization that ive experienced delusions for years, i think schizophrenia is probably more accurate but i dont think anyone is willing to explore that. i just want an answer.
Assesement: {'depression': 'yes'}

Post: the pain is unbearable. there are many scars on my body, some fractured bones, but none can be compared to depression and anxiety. i usually want to be brain dead, so that i dont have to suffer this anymore. i havent slept for 24 hours. i do feel sleepy but i cannot rest. guilts and regrets wont let me. im struggling with the thought of slashing my throat open with a pocket knife, or a tight noose around my neck. im no longer believe in god. or gods. there are only the devil, torturing me day by day.
Assesement: {'depression': 'yes'}

Based on the above, assess the content of the following post:
Post: Can schizophrenia dull your pain receptors. triggering stuff about self harm and intense delusions ahead, keep yourself safe please When I was 17 and very delusional I had an incident where the TV told me that Id had a tracking device planted in my arm while I was asleep, so a few nights later I used a razor blade to dig through my arm to try and find it. I have an extensive history with self harm, but this was one of the only cases where it was done as a direct result of a psychotic episode, and one thing I noticed was that I felt no pain whatsoever. Every other time Ive self harmed there has been pain, even just a slight sting for a few seconds, but this incident, which had me going deeper than almost any other incident, had no pain. I wasnt sure what to think of it but a few months later when I was recounting the incident to my psychiatrist he specifically asked if I felt any pain during it, which makes me wonder now if the psychotic brain can completely shut off your ability to feel pain? Is this something anyone else has experienced, and is there any studies that have looked into this, because Im quite curious now.
Assessment:
","[{'depression': 'yes'}, {'depression': 'yes'}, {'depression': 'yes'}, {'depression': 'yes'}]","
Note: The assessment is based on the content of the post only and does not consider any personal information or medical"
28,ax4wej,Advice on Helping Relieve Depression/Anxiety/Emotional Distress/Stress [Give and Receive Advice],"**\*\*\* First, I would like to ask for people who decide to reply \[or ask about advice\] to please be serious, respectful, and no degrading/rude/foul comments.\*\*\*** 
 

 
 Hello Guys, 
 
 I would like to start off by giving some background information about my situation, this should help with giving thorough replies. 
 
 It deals with my significant other, he \[has\] and still is suffering from severe depression and anxiety. Unfortunately, there are days where it's extremely bad that it immobilizes him. For him, he has went through life with this debilitating issue. The severity of this is at it's boiling point where he feels there is no other way to help. As his significant other, I have done numerous amounts of research on ways to help him relieve some of this weight. Even so, my research and ideas that could help haven't worked out that well for him. This has dropped his confidence, drive, and almost destroyed his will to continue...
 
 I have come to Reddit for help, because I am truly terrified that I'm going to lose him.... 
 
 If anyone has ideas on what he can do to help himself and what I can do to help him. 
 
 The thought of not having my soul-mate to walk through life with me with happiness, confidence, drive, and his strong will to continue to push through is more than heartbreaking. 
 
 Again, I ask for your help with ideas to help him out. Thank you","[1, 0]",{'depressive_disorder'},"Advice on Helping Relieve DepressionAnxietyEmotional DistressStress Give and Receive Advice. First, I would like to ask for people who decide to reply or ask about advice to please be serious, respectful, and no degradingrudefoul comments. Hello Guys, I would like to start off by giving some background information about my situation, this should help with giving thorough replies. It deals with my significant other, he has and still is suffering from severe depression and anxiety. Unfortunately, there are days where its extremely bad that it immobilizes him. For him, he has went through life with this debilitating issue. The severity of this is at its boiling point where he feels there is no other way to help. As his significant other, I have done numerous amounts of research on ways to help him relieve some of this weight. Even so, my research and ideas that could help havent worked out that well for him. This has dropped his confidence, drive, and almost destroyed his will to continue. I have come to Reddit for help, because I am truly terrified that Im going to lose him. If anyone has ideas on what he can do to help himself and what I can do to help him. The thought of not having my soulmate to walk through life with me with happiness, confidence, drive, and his strong will to continue to push through is more than heartbreaking. Again, I ask for your help with ideas to help him out. Thank you",Depression,1,0,"
Below are posts and their respective assessments based on the criteria for clinical depression as defined in the DSM-5.
Format your response as a JSON object {'depression': ''} with values either 'yes' or 'no'.

Post: i struggle with some pretty severe depression. i know exercise is supposed to make you feel better, but i have absolutely no motivation. i struggle to get up and go to work every day let alone do physical exercise. i put my clothes on today and cried. everything is so tight. i dont know if it is all my eating my emotions or a combination of that and a bunch of medications celexa, buspar, seroquel. i am the heaviest i have ever been. i am scared that my meds are making my weight worse, and i have struggled with bulimia, so i dont know how to go about exercising and eating right without turning it into an obsession that spirals me down further. i feel better on the meds but its like i just avoid thinking about my weight, and then i am forced to see it and then i get more depressed even though meds are possibly helping. looking terrible just makes me more depressed which in turn makes it so much harder to do anything. im hoping someone on here might have some suggestions. i dont know what to do anymore. i can avoid it and keep my mood up but then i have to look in the mirror and it takes me right back down.
Assesement: {'depression': 'yes'}

Post: i have an adult child struggling with depression and anxiety. he just started a new job and makes good money. the problem is he refuses to get help. he has lost a job in the past due to these issues and im afraid it might happen again. i have tried everything to have him get help, but he refuses because he thinks he can beat it on his own. i am at my wits end. i am afraid for him. does anyone have any proactive suggestions? i have dealt with a mental health diagnosis for myself for the last 30+ years. i dont want him going through the same thing.
Assesement: {'depression': 'yes'}

Post: i am taking medication for half a year right now and go to therapy every week and i am doing good i think. my bf of a few months did suffer of severe depression years ago but was really good when we met. he moved into my flat and we live together for a month now. we had some issues, and he had alot on his plate in work. both got better and i am very proud of him that he handled everything so well. since yesterday he started to have symptoms of depression. he slept all day and stopped eating normally. only sweets. i can see that he is very bad. i dont know what to do now. i get easily influenced into a bad mood and i asked how i can help and he said i cant i can only look after myself. but seeing him like this hurts. anyone some ideas or maybe hopeful thoughts? sorry if my description is not logically.
Assesement: {'depression': 'yes'}

Post: hi everyone, ive been gaining weight for about 3 years but it has dramatically increased in the past year. in that time, ive been diagnosed with depression and anxiety, i have moved into my first home and broken up with my first major girlfriend. all of this happening at once has made me turn to food. ive tried to start multiple diets since january 2016 and i either last a week but have the odd cheat or go slightly over my daily calorie goal but then give up due to work stress and the sheer effort it takes to deal with problems without burying them under food. and sometimes i dont even last a day. i set off on the diet and then the stress and sadness get to me and i give up. i am getting help for the depression but it is still in the early stages and not at a point where i am starting to get better. so my main question is, has anyone got any advice on losing weight while battling depression and anxiety?
Assesement: {'depression': 'yes'}

Based on the above, assess the content of the following post:
Post: Advice on Helping Relieve DepressionAnxietyEmotional DistressStress Give and Receive Advice. First, I would like to ask for people who decide to reply or ask about advice to please be serious, respectful, and no degradingrudefoul comments. Hello Guys, I would like to start off by giving some background information about my situation, this should help with giving thorough replies. It deals with my significant other, he has and still is suffering from severe depression and anxiety. Unfortunately, there are days where its extremely bad that it immobilizes him. For him, he has went through life with this debilitating issue. The severity of this is at its boiling point where he feels there is no other way to help. As his significant other, I have done numerous amounts of research on ways to help him relieve some of this weight. Even so, my research and ideas that could help havent worked out that well for him. This has dropped his confidence, drive, and almost destroyed his will to continue. I have come to Reddit for help, because I am truly terrified that Im going to lose him. If anyone has ideas on what he can do to help himself and what I can do to help him. The thought of not having my soulmate to walk through life with me with happiness, confidence, drive, and his strong will to continue to push through is more than heartbreaking. Again, I ask for your help with ideas to help him out. Thank you
Assessment:
","[{'depression': 'yes'}, {'depression': 'yes'}, {'depression': 'yes'}, {'depression': 'yes'}]","
The post indicates that the user is seeking advice on how to help a partner who is struggling with depression and anx"
29,gsl45i,I feel like I'm drowning and I don't know what to do with myself,"**excuse grammar, i'm on mobile** I don't know what to do anymore. I was diagnosed with severe depression about 2/3 years ago but it's probably been longer that i've been dealing with it. I've been through up and downs but in the end, I always find myself drowning. It's a peaceful drowning though. I know I can't breath, but it's too much work to swim back up. I know me failing and sinking deeper is going to hurt worse than the burning in my lungs. I feel like i need help but i have no clue how to get it. I've been to the realists and i fucking hate it because i don't ever like talking about myself. i hate journaling, don't want to fuck with medication, and i don't really ever talk to anyone about how i feel. Im a pretty successful student. Going to a good college, plays sports, has a social life, but it's fucking exhausting to keep this front. It's getting harder to hide the fact that i've had my suicide plan for years and cant see myself making it past my early twenties. Not to mention I just discovered my sexuality came out as bi to a couple close people. The point is, I feel like i don't know what to do with myself. I'm too much of a pussy to kill myself but i've imagined myself dead for such a long time. The only thing that helps is smoking. in that short period, i get to feel nothing and it's pure fucking bliss. In the end, I don't know what to do with myself anymore. I've been floating below the surface for so long and I can't decide whether i should just let go or not.","[1, 1]","{'depressive_disorder', 'anxiety_disorder'}","I feel like Im drowning and I dont know what to do with myself. excuse grammar, im on mobile I dont know what to do anymore. I was diagnosed with severe depression about 23 years ago but its probably been longer that ive been dealing with it. Ive been through up and downs but in the end, I always find myself drowning. Its a peaceful drowning though. I know I cant breath, but its too much work to swim back up. I know me failing and sinking deeper is going to hurt worse than the burning in my lungs. I feel like i need help but i have no clue how to get it. Ive been to the realists and i fucking hate it because i dont ever like talking about myself. i hate journaling, dont want to fuck with medication, and i dont really ever talk to anyone about how i feel. Im a pretty successful student. Going to a good college, plays sports, has a social life, but its fucking exhausting to keep this front. Its getting harder to hide the fact that ive had my suicide plan for years and cant see myself making it past my early twenties. Not to mention I just discovered my sexuality came out as bi to a couple close people. The point is, I feel like i dont know what to do with myself. Im too much of a pussy to kill myself but ive imagined myself dead for such a long time. The only thing that helps is smoking. in that short period, i get to feel nothing and its pure fucking bliss. In the end, I dont know what to do with myself anymore. Ive been floating below the surface for so long and I cant decide whether i should just let go or not.",Comorbid (Depression + Anxiety),1,1,"
Below are posts and their respective assessments based on the criteria for clinical depression as defined in the DSM-5.
Format your response as a JSON object {'depression': ''} with values either 'yes' or 'no'.

Post: this isnt going to be some sort of success story or something. i dont even know what its going to be. i was depressed for almost six years before i started on antidepressants last december. they actually worked. id been feeling ok for a while, and of course, it hits again. started cutting myself again for the first time in 7 months. i thought things had finally worked out. suicidal again as well, which is awesome. i dont know why i didnt just go through with it. then i wouldnt be here to fail over and over again. ive got my first uni finals in a week and i cant even study. i have no motivation to do anything, except die. i dont want to be here anymore. i want to destroy myself and anyones memories of me so it would be like i never existed. i just dont want to be anymore. im exhausted. dont know who else to talk to. no one seems to understand.
Assesement: {'depression': 'yes'}

Post: im 24 and ive went through many steps to get better but i dont think i can try anymore because my suicidal thoughts have never subsided. im drunk as i write this so it might not be coherent and i apologise. fuck. im sure not many of you will take the time to read this and thats okay, time is precious, but, i just feel so lost. ive lost joy in the things i used to love to do a few years ago. i self medicate with anything that makes me feel not sober, or at least not like myself and its taken an unbearable tole on me where i cant get out of bed without giving myself a little pep in my step regardless of what that pep is. ive had suicidal thoughts through bthe years but i feel like im at the point where its either burn to death, or jump. id rather jump. i dont know why im writing this but i am. i love you guys.
Assesement: {'depression': 'yes'}

Post: i think im going to end my life some time this week. i just cant take the pain anymore. last night was one of the worst nights ive had in awhile. nothing but bad thoughts while i laid in bed. took me almost 3 hours to fall asleep. i wanted to just put holes in the walls because it was pissing me off so much. i cant fucking do it anymore. im too weak. i know i need to tell my parents i need help, thats the advice i get from people, but i just fucking cant. i cant stop feeling embarrassedashamed of being depressed and having social anxiety. i know i shouldnt care. but how the hell do i stop caring? i cant do it. whats the point in living the same day any longer? i wake up, go on reddit, eat, youtubereddit, eat, video games, sleep. every day. for the past year.
Assesement: {'depression': 'yes'}

Post: i dont know what to do. i was doing ok the last few months. everything shut down 4 days after i moved out of my house with my soon to be ex husband. ive never had to take care of myself before this. ive been. ok. ive been handling it. i just found out im losing my job last night. the state funded our company so that they could keep paying us but they cut off funding and it ends tomorrow. i dont know what to do. im not going to be able to pay my rent or any of my bills. i was doing so, so much better and now all i can do is think about how killing myself would solve every single fucking problem that i have right now.
Assesement: {'depression': 'yes'}

Based on the above, assess the content of the following post:
Post: I feel like Im drowning and I dont know what to do with myself. excuse grammar, im on mobile I dont know what to do anymore. I was diagnosed with severe depression about 23 years ago but its probably been longer that ive been dealing with it. Ive been through up and downs but in the end, I always find myself drowning. Its a peaceful drowning though. I know I cant breath, but its too much work to swim back up. I know me failing and sinking deeper is going to hurt worse than the burning in my lungs. I feel like i need help but i have no clue how to get it. Ive been to the realists and i fucking hate it because i dont ever like talking about myself. i hate journaling, dont want to fuck with medication, and i dont really ever talk to anyone about how i feel. Im a pretty successful student. Going to a good college, plays sports, has a social life, but its fucking exhausting to keep this front. Its getting harder to hide the fact that ive had my suicide plan for years and cant see myself making it past my early twenties. Not to mention I just discovered my sexuality came out as bi to a couple close people. The point is, I feel like i dont know what to do with myself. Im too much of a pussy to kill myself but ive imagined myself dead for such a long time. The only thing that helps is smoking. in that short period, i get to feel nothing and its pure fucking bliss. In the end, I dont know what to do with myself anymore. Ive been floating below the surface for so long and I cant decide whether i should just let go or not.
Assessment:
","[{'depression': 'yes'}, {'depression': 'yes'}, {'depression': 'yes'}, {'depression': 'yes'}]","
This post seems to meet the criteria for clinical depression as defined in the DSM-5. The content"
30,ij4c6z,My depression/anxiety diagnosis is getting in the way of treating another illness,"**If you look on my account, you can see my posts that provide greater detail about my physical illness.**
 
 I was diagnosed with depression/anxiety when I was 12. I was given medication and I was much happier after that. But now that I have an undiagnosed physical condition and have to go through so much testing, my depression has also come back at its worst. My doctors are now thinking Im a faker because Im too young (15) to be experiencing these physical symptoms (fatigue/joint pain). They blame it on my anxiety. Now Im starting to think this physical pain is all in my head ((I definitely know its not, but my doctors are making me feel that way)). At this point, after so many months, Im too tired, physically and mentally, to fight for more tests to find a diagnosis. I just dont want to be sick anymore. The physical pain Im experiencing has taken such a mental toll. I just feel like giving up.","[1, 1]","{'depressive_disorder', 'anxiety_disorder'}","My depressionanxiety diagnosis is getting in the way of treating another illness. If you look on my account, you can see my posts that provide greater detail about my physical illness. I was diagnosed with depressionanxiety when I was 12. I was given medication and I was much happier after that. But now that I have an undiagnosed physical condition and have to go through so much testing, my depression has also come back at its worst. My doctors are now thinking Im a faker because Im too young 15 to be experiencing these physical symptoms fatiguejoint pain. They blame it on my anxiety. Now Im starting to think this physical pain is all in my head I definitely know its not, but my doctors are making me feel that way. At this point, after so many months, Im too tired, physically and mentally, to fight for more tests to find a diagnosis. I just dont want to be sick anymore. The physical pain Im experiencing has taken such a mental toll. I just feel like giving up.",Comorbid (Depression + Anxiety),1,1,"
Below are posts and their respective assessments based on the criteria for clinical depression as defined in the DSM-5.
Format your response as a JSON object {'depression': ''} with values either 'yes' or 'no'.

Post: my parents think its just anxiety thats causing my symptoms. my dad wants me to do dbt and physical therapy before i go to any more appointments. im willing to do both of those, but i worked hard to get referrals and make appointments and make sure everything is covered by insurance im 17, btw, from the us. its just. if i cancel them, it feels like giving up. it feels like my parents win. and i just know that ill still be in pain. but what if i dont get answers from the appointments? do i stop trying? it really feels like i cant stop until i grasp something tangible that tells me im not crazy. i dont want this to take over my life, but im not okay with just sitting back and doing nothing. does anyone have any tips in not letting this consume your life? i dont know what to do. i need someone to tell me that im making the right choice in pushing to get answers. i need someone to tell me that its okay that im doing this. i need to know that im gonna be okay even if i dont get answers.
Assesement: {'depression': 'no'}

Post: ive known since i was like 8 that i was super depressed. when the antidepressants didnt work, we considered adhd. the stimulants helped but not entirely. then this past weekend i had a complete mental break down and its like it snapped my brain out of whatever the fuck has been going on for years and i was super rational, calm, normal. and then i realized that ive probably been having some serious paranoid delusions which im slipping back into paranoia about thinking i have paranoid delusions. i had a similar break a few years ago but my psych dismissed it and it was over so quick and i was just back to thinking crazy shit. ive told everyone i can trust about what i think is going on but im still afraid that ill just deny it all at my psych appointment. it makes sense that i have something other than just depression because antidepressants didnt work at all. or maybe i have some complex combination of things? i just want to feel better already. i havent felt anything close to normal in years. im only 26. i shouldnt be this miserable and non functional in life yet.
Assesement: {'depression': 'yes'}

Post: im a 37yr old woman whos dealt with these life altering symptoms since age 16. i just figured that i was broken all of these years and that my life was destined to be a string of failed attempts at any sort of real life. short term jobs, failed marriages, lack of any ability to keep long term freindships. the only thing thats kept me together all this time is the love i have for my kids and my purpose as their mother. a couple of times i went to different doctors who told me my symptoms were imaginary and got no help. today for the first time i was diagnosed with major depression and anxiety after 2 traumatic events over the past two years caused me to spiral down into a completely different person which caused me to seek help. im starting two medications and therapy. heres to hoping life can finally start looking up and moving forward! ive been in a perpetual state of being stuck in a dark place for the past 20yrs and im ready to come into the light.
Assesement: {'depression': 'yes'}

Post: i feel like i just want to go off all of my meds so i can see what is real and what isnt. i have so many symptoms, but it seems like it is just explained away as psych med side effects. doctors dont take my concerns seriously because everything is just a side effect of depression or the freaking drugs that are supposed to be treating my depression. i know its a risky thing to do, and i know my psychiatrist will totally not go for it, but i am getting gaslighted so much. no matter what i do i cant win. i come off meds and im just depressed. i stay on meds and im either just depressed or its probably just a side effect of medication. i dont know what to do. i feel like im going crazy.
Assesement: {'depression': 'yes'}

Based on the above, assess the content of the following post:
Post: My depressionanxiety diagnosis is getting in the way of treating another illness. If you look on my account, you can see my posts that provide greater detail about my physical illness. I was diagnosed with depressionanxiety when I was 12. I was given medication and I was much happier after that. But now that I have an undiagnosed physical condition and have to go through so much testing, my depression has also come back at its worst. My doctors are now thinking Im a faker because Im too young 15 to be experiencing these physical symptoms fatiguejoint pain. They blame it on my anxiety. Now Im starting to think this physical pain is all in my head I definitely know its not, but my doctors are making me feel that way. At this point, after so many months, Im too tired, physically and mentally, to fight for more tests to find a diagnosis. I just dont want to be sick anymore. The physical pain Im experiencing has taken such a mental toll. I just feel like giving up.
Assessment:
","[{'depression': 'no'}, {'depression': 'yes'}, {'depression': 'yes'}, {'depression': 'yes'}]","
 {'depression': 'yes'}

Note: The above assessment is based on the content of the post"
31,d2tve2,A poem about depression,"**My Tormentor, Depression**
 
  
 
 You take me down to the depths
 
 And leave me there, half-conscious and bare
 
 In your grasp. How strong are you really?
 
 Not very. I know youre weak
 
 But you sneak up behind me
 
 And attack when I least suspect you.
 
 When that happens, I dont want to fight. I want to lose
 
 I want you to take me. And that is why you always win.
 

 
 You take away from me happiness and sadness alike
 
 Make me indifferent between good and bad
 
 Even rob me of my will to live.
 
 To you I yield my tormentor. I am at your mercy.
 
 What do you want from me? 
 
 How much deeper will you take me?
 

 
 Suddenly, you let me go, and I swim to the surface
 
 I gasp and breathe in the air of hope, and just for a moment
 
 I think that maybe everything is going to be okay.
 
 Then you grab my leg, and pull me back down
 
 You show me hope only to take it away from me
 
 Only to make my suffering worse
 
 To you I yield, my tormentor.","[1, 0]",{'depressive_disorder'},"A poem about depression. My Tormentor, Depression You take me down to the depths And leave me there, halfconscious and bare In your grasp. How strong are you really? Not very. I know youre weak But you sneak up behind me And attack when I least suspect you. When that happens, I dont want to fight. I want to lose I want you to take me. And that is why you always win. You take away from me happiness and sadness alike Make me indifferent between good and bad Even rob me of my will to live. To you I yield my tormentor. I am at your mercy. What do you want from me? How much deeper will you take me? Suddenly, you let me go, and I swim to the surface I gasp and breathe in the air of hope, and just for a moment I think that maybe everything is going to be okay. Then you grab my leg, and pull me back down You show me hope only to take it away from me Only to make my suffering worse To you I yield, my tormentor.",Depression,1,0,"
Below are posts and their respective assessments based on the criteria for clinical depression as defined in the DSM-5.
Format your response as a JSON object {'depression': ''} with values either 'yes' or 'no'.

Post: i wanted to share a poem ive written a while ago. lets see if you like it and if you can relate. im not fragile so i welcome bad comments as well ordinary man after every sleepless night first drink i my coffee then lay down all my chores and this ordinary incident leads me to a nameless serenity with the tranquility of doing my slavery chores, i adjust to the life. and when the next night arrives sleep i in my cozy bed the bliss in my heart of being an ordinary man.
Assesement: {'depression': 'no'}

Post: i find myself back here again. in the presence of my oldest, but most dreaded friend. i sit alone in darkened contemplation, wondering where the sands that slipped through my fingers has gone. i grasp with both hands, frantically trying to white knuckle any semblance of my sane mentality but it recedes into the depths of my minds abyss. dense fog populates my thoughts. tunnel vision shows the exit clear. a branch decorated with a lonely noose in the middle of a long forgotten field. hello again, my oldest friend. depression, its nice to meet you again.
Assesement: {'depression': 'yes'}

Post: i just want to start this off by saying im sorry. if youre reading this its too late. i didnt want it to end like this, i didnt want them to take me. but life sometimes brings us to places we never knew we would go. and sometimes, we come to our end before we even reach our beginning. please dont blame yourself, i love you dont waste your tears on me. ive always been the outcast, just there, but never belonging anywhere. im sick of you telling me its all in my head, cant you see its so much more than that. im tired of your pity. im tired of hearing its going to get better because its been like this for so long i dont think it ever can. when i look in the mirror all i see is the monster within tearing at my bloody seams. i dont know who i am anymore. how can i escape the mask when the mask is wearing me. i cant handle this anymore. its no ones fault but my own, the noose around my neck was crafted by my own hands. im afraid this pain will never let me go. if losing is gaining i never really win. i have been screaming so long but now only silence greets my broken cries. you say youre here for me, but youre no different. everyone runs from me in the end. if i could just have one wish, dont let me slip from your minds like water, too meaningless to grasp onto. i dont want to be forgotten. x200b i wrote this a few days ago, open to criticism. im trying to improve my writing.
Assesement: {'depression': 'yes'}

Post: my therapist suggested i write so i thought id share a poem that i wrote. i sit in my room alone with hatred in my heart waiting for someone to help me for anything to start im told that i am useless powerless and weak control out of my hands all of a sudden meek nothing is my fault its my illness thats to blame at times ive lost my way at times ive lost my name what if theyre all wrong? and i deserve this shame the horrors were my doing maybe im the one to blame but its hard to draw the line what are my limitations? maybe im just lazy maybe its my medications they take away my soul my goals and motivations ive lost what made me special my dreams and aspirations maybe its the fact that ive lost my will to live maybe, maybe, maybe is that all i have to give? i live in a world you cant imagine ive seen things that haunt my dreams ive heard demons whisper schemes in silence i hear screams its hard to see in darkness i cannot find my way when lost in a different world i find it hard to stay
Assesement: {'depression': 'yes'}

Based on the above, assess the content of the following post:
Post: A poem about depression. My Tormentor, Depression You take me down to the depths And leave me there, halfconscious and bare In your grasp. How strong are you really? Not very. I know youre weak But you sneak up behind me And attack when I least suspect you. When that happens, I dont want to fight. I want to lose I want you to take me. And that is why you always win. You take away from me happiness and sadness alike Make me indifferent between good and bad Even rob me of my will to live. To you I yield my tormentor. I am at your mercy. What do you want from me? How much deeper will you take me? Suddenly, you let me go, and I swim to the surface I gasp and breathe in the air of hope, and just for a moment I think that maybe everything is going to be okay. Then you grab my leg, and pull me back down You show me hope only to take it away from me Only to make my suffering worse To you I yield, my tormentor.
Assessment:
","[{'depression': 'no'}, {'depression': 'yes'}, {'depression': 'yes'}, {'depression': 'yes'}]",{depression: 'yes'}
32,4mfd88,Episodes of Atypical Depression vs Episodes of Major Depressive Disorder - ELI5,"**My understanding:**
 
 1. **Major Depressive Disorder** is diagnosed in a patient who has at least one depressive episode that has certain characteristics.
 
 2. This episode is called a **major depressive episode**. One of the features such an episode is that it lasts at least **two weeks**.
 
 3. Atypical Depression is a **subtype** of Major Depressive Disorder.
 
 4. Related: [Depression, MDD, Atypical Depression - ELI5](https://www.reddit.com/r/AskDocs/comments/4lwx4w/depression_mdd_atypical_depression_eli5/)
 
 &nbsp;
 
 **Questions:**
 
 1. So is the subdisorder ""atypical depression"" diagnosed after at least one ""atypical depressive **episode**""?
 
 2. So the [symptoms here](https://en.wikipedia.org/wiki/Atypical_depression#Symptoms) then describe **not** the subdisorder ""atypical depression"" but rather than an ""atypical depressive **episode**"" of the subdisorder ""atypical depression"" ?
 
 3. Is an ""atypical depressive episode"" supposed to last for at least **two weeks?** Wikipedia (and DSM) says **mood reactivity** is a symptom of ""atypical depression"" or an ""atypical depressive episode"". I believe then that if mood reactivity reduces the depression, then the length of the ""atypical depressive episode"" may vary.
 
 4. **In terms of the episodes, how can atypical depression be a subtype of major depressive disorder?** I thought ""atypical depression"" or ""atypical depressive episodes"" has or have mood reactivity, hypersomnia and increased appetite while ""major depressive disorder"" or ""major depressive episodes"" has or have insomnia and decreased appetite and doesn't or don't have mood reactivity.
 
 It seems to me that instead atypical depression and major depressive disorder are **types of depressive disorders** rather than atypical depression being a subtype of major depressive disorder, but there aren't depressive disorders [other](https://en.wikipedia.org/wiki/Mood_disorder#Depressive_disorders) than major depressive disorder? That seems kind of strange.","[0, 0]",{'control_group'},"Episodes of Atypical Depression vs Episodes of Major Depressive Disorder ELI5. My understanding 1. Major Depressive Disorder is diagnosed in a patient who has at least one depressive episode that has certain characteristics. 2. This episode is called a major depressive episode. One of the features such an episode is that it lasts at least two weeks. 3. Atypical Depression is a subtype of Major Depressive Disorder. 4. Related Depression, MDD, Atypical Depression ELI5 nbsp Questions 1. So is the subdisorder atypical depression diagnosed after at least one atypical depressive episode? 2. So the symptoms here then describe not the subdisorder atypical depression but rather than an atypical depressive episode of the subdisorder atypical depression ? 3. Is an atypical depressive episode supposed to last for at least two weeks? Wikipedia and DSM says mood reactivity is a symptom of atypical depression or an atypical depressive episode. I believe then that if mood reactivity reduces the depression, then the length of the atypical depressive episode may vary. 4. In terms of the episodes, how can atypical depression be a subtype of major depressive disorder? I thought atypical depression or atypical depressive episodes has or have mood reactivity, hypersomnia and increased appetite while major depressive disorder or major depressive episodes has or have insomnia and decreased appetite and doesnt or dont have mood reactivity. It seems to me that instead atypical depression and major depressive disorder are types of depressive disorders rather than atypical depression being a subtype of major depressive disorder, but there arent depressive disorders other than major depressive disorder? That seems kind of strange.",Normal,0,0,"
Below are posts and their respective assessments based on the criteria for clinical depression as defined in the DSM-5.
Format your response as a JSON object {'depression': ''} with values either 'yes' or 'no'.

Post: this past saturday i had an appointment with a psychologist. it was the first time seeing one in many years and it was most to talk about my mom and how to deal with her issues. however, she asked me if i had ever heard of dysthymia and i told her no. i later found out its just another word for chronic depression. she asked what i had been diagnosed with before and everyone had always told me major depression. i understand that major is more severe and acute while chronic is more mild but long term. is it possible to be both major and chronic? i truly dont feel like ive ever been better but i have months where things are better than other months. anyone know how to tell a difference?
Assesement: {'depression': 'yes'}

Post: my understanding 1. major depressive disorder is diagnosed in a patient who has at least one depressive episode that has certain characteristics. 2. this episode is called a major depressive episode. one of the features such an episode is that it lasts at least two weeks. 3. atypical depression is a subtype of major depressive disorder. 4. related depression, mdd, atypical depression eli5web page link nbsp questions 1. so is the subdisorder atypical depression diagnosed after at least one atypical depressive episode? 2. so the symptoms hereweb page link then describe not the subdisorder atypical depression but rather than an atypical depressive episode of the subdisorder atypical depression ? 3. is an atypical depressive episode supposed to last for at least two weeks? wikipedia and dsm says mood reactivity is a symptom of atypical depression or an atypical depressive episode. i believe then that if mood reactivity reduces the depression, then the length of the atypical depressive episode may vary. 4. in terms of the episodes, how can atypical depression be a subtype of major depressive disorder? i thought atypical depression or atypical depressive episodes has or have mood reactivity, hypersomnia and increased appetite while major depressive disorder or major depressive episodes has or have insomnia and decreased appetite and doesnt or dont have mood reactivity. it seems to me that instead atypical depression and major depressive disorder are types of depressive disorders rather than atypical depression being a subtype of major depressive disorder, but there arent depressive disorders otherweb page link than major depressive disorder? that seems kind of strange.
Assesement: {'depression': 'yes'}

Post: hi all, ive noticed that whenever i read anything about depression its always defined as episodes that last a certain amount of time and then ease for a while. and i dont relate to that at all. im a 36m diagnosed with major depression, and i cant remember ever having a period of time that stuck out as a depressive episode. i dont remember a time when i wasnt depressed. certain aspects might wax and wane, like anhedonia for example, but at the core i dont remember having positive emotions outside of little things in the moment super nintendo for christmas for example. is this a different variety of depression? like doesnt it have a name? or is it all called the same thing and for some people its just like that? i hope im not coming off as melodramatic or im more depressed then everyone else, im just wondering if mine works differently is all. if anyone could shed some light on it i would really appreciate it. i just sometimes get frustrated when every article i see is something like how to get through a depressive episode and it feels like its not for me. thanks.
Assesement: {'depression': 'yes'}

Post: 1. is a depressive episode something which a doctor can diagnose? like patient doesnt meet full criteria for mdd or bipolar, but patient is currently in a depressive episode ? 1. medically speaking is saying x is depressed the same as saying that x has a depressive episode? 1. medically speaking does depression refer to mddweb page link? 1. if there are major depressive episodesweb page link and atypical depression is a subtypeweb page link of mdd, does that mean there are atypical depressive episodes? 1. how many depressive episodes, and what type of depressive episodes are needed to diagnose mdd? 1. in what way is hysteroid dysphoriaweb page link a subtype of atypical depression? does it still have all the dsm criteria + chocolate and maois? is hysteroid dysphoria an official term in psychiatry? 1. is rejectionsensitive dysphoriaweb page link the sameweb page link as hysteroid dysphoria?
Assesement: {'depression': 'yes'}

Based on the above, assess the content of the following post:
Post: Episodes of Atypical Depression vs Episodes of Major Depressive Disorder ELI5. My understanding 1. Major Depressive Disorder is diagnosed in a patient who has at least one depressive episode that has certain characteristics. 2. This episode is called a major depressive episode. One of the features such an episode is that it lasts at least two weeks. 3. Atypical Depression is a subtype of Major Depressive Disorder. 4. Related Depression, MDD, Atypical Depression ELI5 nbsp Questions 1. So is the subdisorder atypical depression diagnosed after at least one atypical depressive episode? 2. So the symptoms here then describe not the subdisorder atypical depression but rather than an atypical depressive episode of the subdisorder atypical depression ? 3. Is an atypical depressive episode supposed to last for at least two weeks? Wikipedia and DSM says mood reactivity is a symptom of atypical depression or an atypical depressive episode. I believe then that if mood reactivity reduces the depression, then the length of the atypical depressive episode may vary. 4. In terms of the episodes, how can atypical depression be a subtype of major depressive disorder? I thought atypical depression or atypical depressive episodes has or have mood reactivity, hypersomnia and increased appetite while major depressive disorder or major depressive episodes has or have insomnia and decreased appetite and doesnt or dont have mood reactivity. It seems to me that instead atypical depression and major depressive disorder are types of depressive disorders rather than atypical depression being a subtype of major depressive disorder, but there arent depressive disorders other than major depressive disorder? That seems kind of strange.
Assessment:
","[{'depression': 'yes'}, {'depression': 'yes'}, {'depression': 'yes'}, {'depression': 'yes'}]","
The post discusses the distinction between episodes of atypical depression and episodes of major depressive disorder"
33,5imvgl,"I wish I had the ability to crawl out of my skin RIGHT NOW and climb into a hidden place of nothingness. No thinking, no sensations-- Just dark and definitely not here, trapped by personal choice. Trapped because of my actions today, and yesterday, and long before that.","**Trapped** because **things don't work correctly in my mind anymore** and my behavior is never what I want it to be. **But ultimately, it's my choice how I act, right?** Nobody else made me do anything. 
 
 **Trapped** because it feels like shit and I've been **trying to get out unsuccessfully for years.**
 
 **Trapped** because **I can't stop the regret** now, remaining paralyzed and not advancing in life-- which necessarily leads to more regret tomorrow. The regret that comes tomorrow is an amplified form of today's regret and it's all the more difficult to forget.
 
 # Being depressed is the lamest thing. 
 
 It makes your friends either lose interest in you or become angered by an action you directed at them, **albeit, something you did regretfully of course.** 
 
 It makes **your significant other look at other suiters** and become even more aware of *their* strength, *their* physical attractiveness, *their* joy to be around. All the things you start to lack and this becomes painfully obvious to your SO. 
 
 **So as a last ditch attempt, you start faking those things you're lacking**. *Fake it until you make it*, right?
 
 **The secret is** that eventually you *will* slip up [with your partner] and your depression busts right through the cracks you had sealed up previously with denial and jealousy of other people. And everything you had done-- to hold your tongue in front of your SO, to pretend you were happy and fun to be around, to act as if you were strong and *clearly* headed down the same path of success as your partner is... will be forgotten by them in an instant. It wasn't genuine. 
 
 **You can't fake being an outstanding person.**","[1, 0]",{'depressive_disorder'},"I wish I had the ability to crawl out of my skin RIGHT NOW and climb into a hidden place of nothingness. No thinking, no sensations Just dark and definitely not here, trapped by personal choice. Trapped because of my actions today, and yesterday, and long before that. Trapped because things dont work correctly in my mind anymore and my behavior is never what I want it to be. But ultimately, its my choice how I act, right? Nobody else made me do anything. Trapped because it feels like shit and Ive been trying to get out unsuccessfully for years. Trapped because I cant stop the regret now, remaining paralyzed and not advancing in life which necessarily leads to more regret tomorrow. The regret that comes tomorrow is an amplified form of todays regret and its all the more difficult to forget. Being depressed is the lamest thing. It makes your friends either lose interest in you or become angered by an action you directed at them, albeit, something you did regretfully of course. It makes your significant other look at other suiters and become even more aware of their strength, their physical attractiveness, their joy to be around. All the things you start to lack and this becomes painfully obvious to your SO. So as a last ditch attempt, you start faking those things youre lacking. Fake it until you make it, right? The secret is that eventually you will slip up with your partner and your depression busts right through the cracks you had sealed up previously with denial and jealousy of other people. And everything you had done to hold your tongue in front of your SO, to pretend you were happy and fun to be around, to act as if you were strong and clearly headed down the same path of success as your partner is. will be forgotten by them in an instant. It wasnt genuine. You cant fake being an outstanding person.",Depression,1,0,"
Below are posts and their respective assessments based on the criteria for clinical depression as defined in the DSM-5.
Format your response as a JSON object {'depression': ''} with values either 'yes' or 'no'.

Post: last year i realized that id never have the courage to do it nor id like to, as it would impact severely people around me. ive been keeping it since. i was diagnosed with depression and anxiety last year. i did therapy and got much better. but still, there are bad moments, some of them really bring me down. sometimes its so hard to keep this promise. ive been through many good periods from last year until now, but sometimes a lot of things go wrong. at this moment work doesnt make me happy sometimes it makes me even feel nausea and my 6 years relationship isnt taking the best of the turns. i have been trying to have a social life, and its not that bad, but i still feel quite lonely some times. my mind has been so full of thoughts it never gives me a break, even when doing stuff like showering or eating. even though i dont think ill do it, when i hit the bottom these thoughts start to come, because it feels like such a good way out. it would cease all the pain, all the suffering, i wouldnt have to endure the future n times i feel like this again. because thats the thing, i know that ill get down again. ive been down in the past months and sometimes i question if there will indeed be better times, if i will be able to feel well again like i have in the past. i just needed to let this out. and perhaps listen from you how to stay true to my promise, because today is being a hard day to keep it.
Assesement: {'depression': 'yes'}

Post: i have depression, its not that i am depression. the feelings of never being good enough, the voice that tells me i dont deserve happiness, affection or anything good in my life, thats not me. thats the depression talking. ive been seeing a therapist for about half a year, and was diagnosed with reoccurring depression and anxiety. that helped me to accept that i sometimes dont feel like myself, that in periods of my life im unable to feel anything, and that its ok to sometimes be useless at my job and in social settings, because my brain is already on overdrive all the time. but in the process of digging deep, and trying to get to the bottom of how im feeling, and what im going through, i got so caught up in feeling my feelings, and trying to make sense of my patterns of behavior and emotion, that i somehow forgot that this isnt actually me. im in the middle of a shit storm, my brain is working against me, and all these negative feelings and thoughts, even though they feel real, theyre not. im still me somewhere, im still valid, im still loved, and i still deserve love even though i cant seem to accept it right now. i dont know what i want with sharing this, but maybe ill save it in case i forget again. i have depression, its not that i am depression.
Assesement: {'depression': 'yes'}

Post: god, how i wish i could just be a normal, happy person. i wish i didnt have to deal with this depression anymore. depression has ruined any type of romantic relationships, every single time. the worst part is that its my fault. my ex boyfriend cheated on me practically throughout our entire relationship. when i asked why, he just said i cant deal with your depression. i can understand, no one should be burdened with depression. depression has stolen the things i love away from me, from my love life, friends, family, and opportunities. im tired of living like this, but no matter what i do, things only get worse. im too tired to try anymore. i wish i wasnt so damn hard to love.
Assesement: {'depression': 'yes'}

Post: hard to forgive myself for being depressed and letting 2 years go without taking advantage of. all the logic in the world i.e. you cant change the past, so why dwell? change your behavior now for a better future cannot take away this awful, nauseating feeling away. what is weird and sad is that i am coming out of a depressed cycle i have extreme behavior changes for weeks to months and can say, i am looking forward to changing tomorrow despite staying up late again. but that is only because my brain chemistry is how it is coming out of a low. i cant hold on to this. i am a passive passenger in my body excuse this shitty, disjointed post. kill myself
Assesement: {'depression': 'yes'}

Based on the above, assess the content of the following post:
Post: I wish I had the ability to crawl out of my skin RIGHT NOW and climb into a hidden place of nothingness. No thinking, no sensations Just dark and definitely not here, trapped by personal choice. Trapped because of my actions today, and yesterday, and long before that. Trapped because things dont work correctly in my mind anymore and my behavior is never what I want it to be. But ultimately, its my choice how I act, right? Nobody else made me do anything. Trapped because it feels like shit and Ive been trying to get out unsuccessfully for years. Trapped because I cant stop the regret now, remaining paralyzed and not advancing in life which necessarily leads to more regret tomorrow. The regret that comes tomorrow is an amplified form of todays regret and its all the more difficult to forget. Being depressed is the lamest thing. It makes your friends either lose interest in you or become angered by an action you directed at them, albeit, something you did regretfully of course. It makes your significant other look at other suiters and become even more aware of their strength, their physical attractiveness, their joy to be around. All the things you start to lack and this becomes painfully obvious to your SO. So as a last ditch attempt, you start faking those things youre lacking. Fake it until you make it, right? The secret is that eventually you will slip up with your partner and your depression busts right through the cracks you had sealed up previously with denial and jealousy of other people. And everything you had done to hold your tongue in front of your SO, to pretend you were happy and fun to be around, to act as if you were strong and clearly headed down the same path of success as your partner is. will be forgotten by them in an instant. It wasnt genuine. You cant fake being an outstanding person.
Assessment:
","[{'depression': 'yes'}, {'depression': 'yes'}, {'depression': 'yes'}, {'depression': 'yes'}]","The content of this post indicates that the author is experiencing clinical depression, as evidenced by the following"
34,idztd0,"Diagnosed today. Could use some support, I have a few questions.","*Trigger warning- suicidal thoughts.
 So 6 weeks ago my regular doctor diagnosed me with depression and anxiety and prescribed me a small dose of Zoloft. At first, I felt on top of the world... I had more energy than I had in weeks. But then the nightmares kicked in at around 2 weeks. Every night, a different scenario in which everyone in my life hated me so I killed myself in my dreams. Then things started to get like that during waking hours. I've been going through a hard time in life- cut hours due to the pandemic, family emergencies all around, financial trouble, being treated poorly at work, all the things that contribute. It's also important to note that I am a daily weed smoker. It's my crutch and I'm very attached to my habit.
 Yesterday I blew up tremendously. I really really thought it was going to be the end. I visualized 8/20/2020 as my death date. I wrote a message to my doctor telling her what was going on and they scheduled me to meet with a psychiatrist first thing this morning. 
 Well the psychiatrist diagnosed me with PTSD after discussing some events that happened in my childhood and up until a few years ago. She said that the weed is what is causing the paranoia and suicidal thoughts, because it's reacting badly with Zoloft, and she also suspects my weed was laced. Thing is, I've been a regular user for several years now and I never had an issue until now. In fact, it's smoking weed that calms me down from suicidal thoughts. 
 I guess I'm looking for insight and support here, TIA.","[1, 1]","{'depressive_disorder', 'anxiety_disorder'}","Diagnosed today. Could use some support, I have a few questions. Trigger warning suicidal thoughts. So 6 weeks ago my regular doctor diagnosed me with depression and anxiety and prescribed me a small dose of Zoloft. At first, I felt on top of the world. I had more energy than I had in weeks. But then the nightmares kicked in at around 2 weeks. Every night, a different scenario in which everyone in my life hated me so I killed myself in my dreams. Then things started to get like that during waking hours. Ive been going through a hard time in life cut hours due to the pandemic, family emergencies all around, financial trouble, being treated poorly at work, all the things that contribute. Its also important to note that I am a daily weed smoker. Its my crutch and Im very attached to my habit. Yesterday I blew up tremendously. I really really thought it was going to be the end. I visualized 8202020 as my death date. I wrote a message to my doctor telling her what was going on and they scheduled me to meet with a psychiatrist first thing this morning. Well the psychiatrist diagnosed me with PTSD after discussing some events that happened in my childhood and up until a few years ago. She said that the weed is what is causing the paranoia and suicidal thoughts, because its reacting badly with Zoloft, and she also suspects my weed was laced. Thing is, Ive been a regular user for several years now and I never had an issue until now. In fact, its smoking weed that calms me down from suicidal thoughts. I guess Im looking for insight and support here, TIA.",Comorbid (Depression + Anxiety),1,1,"
Below are posts and their respective assessments based on the criteria for clinical depression as defined in the DSM-5.
Format your response as a JSON object {'depression': ''} with values either 'yes' or 'no'.

Post: ive been on antidepressants since i was 14. im now 24. i decided to get off the medications and have been weaning myself off with guidance from a psychiatrist. i just cant be medicated my whole life. problem is, ive been feeling extremely depressed and suicidal. i dont know what life is like without my medication and things are just so fucked up right now. nothing makes me happy and i just want to die. the only thing that helps is running, but that only lasts for like an hour and then the depression comes back. i just dont want to be taking zoloft. fuck that noise. i dont want to be taking any shit really. i just want to be drug free. however, ive been having a very hard time just going through day to day. i feel so massively depressed that i just cant do anything really. my house is a mess and i just cant clean it. i just have no energy. right now im just taking risperidone 1mg and mirtazapine at night to help me sleep. im trying to get off the mirtazapine so ive been cutting the pills in half. do i need medication? is that really the answer? do i need medication just to be happy? does anybody have any experience with cbd therapy? i used to smoke pot but that stuff just kind of fucked me up a lot. also, if you keep smoking pot, will that lead you down the road of a psychotic episode where you will never return back to normal? what are your thoughts on vaping cbd? would that help with depression and just life in general? im just so desperate to feel better, i think cbd might be the key to helping me get better, that and therapy.
Assesement: {'depression': 'yes'}

Post: does anybody have experience doing this? when i was 14 i was put on antidepressants. ive been taking them just about everyday, im 24 now. i was trying to get off them recently by weening myself off them with guidance from my psychiatrist, but i just felt pretty fucking bad. my therapist who ive had since i was 14, said i wasnt ready to come off my medications and that i needed it and recommended zoloft. really? more medications again? in the end, i just dont think i need these medications. im sick of my doctor telling me i need these pretty fucking bad drugs in my system. you get hooked on them. i honestly feel like im hooked on them. i just dont think its the right way to live. i think i will go through withdrawal. and im pretty fucking scared of that. i was thinking of using weed to help with the withdrawal. i know getting high everyday isnt exactly the greatest or is it? so i was just thinking of using cbd oils or something. i know i should ask my doctor. whats fucked up is i called my psychiatrist and she was at the office and i just had one simple question. and she couldnt answer it, saying i had to schedule an appointment and see her in person to ask the one minute question. to be honest, i wish my parents never put me on these medications in the first place. even my parents regret letting me get this far with taking these drugs. i know reddit isnt a doctor and i should ask my doctor, but i just wanted some introspective. is anyone else going through this?
Assesement: {'depression': 'yes'}

Post: so i had an extremely stressful summer and in october i was diagnosed with major depressive disorder when i started to get a very intense insomnia and panic attacks. at around the same time the weed wasnt helping me feel good anymore and it would also at times give me panic attacks. i was thinking maybe it wasnt feeling good because of the anxiety from the depression and sleep deprivation cause it only made me worry more. i was reading up on some stuff though and found some forums with people talking about how they had bad trips that scarred them and everything they said pretty much fucking went hand in hand with what im going through. the uncontrollable internalized thoughts, the physical pains and panic attacks, the uneasy feeling and depersonalization. now im having a hard time wondering if this was just an intense depression episode cause all of those things do happen with depression or mightve smoked a bad batch of something and now im fucked. the reason i do think that it is just depression is cause eventually my insomnia went away and a lot of my negative thoughts are subsiding and not bothering me anymore so im thinking its just an episode thats ending already due to being stressed out for too long plus the lack of toking after years. plus most of the people who said that they had those bad life scarring trips said they only smoked a couple times when i was heavy in it for years. what do yall think leaves
Assesement: {'depression': 'yes'}

Post: recently got diagnosed with depression and elements of ptsd long story and to make matters worse, the weed also stopped making me feel good. the kicker is now im scared i may have developed a more serious mental illness from smoking also and its really fucking stressed me out. i started to get racing thoughts, lack of motivation and enjoyment of things i used to like, lack of concentration and a loop of negative thoughts and really fucking insecure and kinda feeling like im not myself anymore due to the aforementioned symptoms. the reason im distraught is because the weed only makes me focus on my problems and doesnt help me solve them and gives me panic attacks now. is it possible for the weed to feel back to normal once i get over this depression ? cause the lack of it is only making things harder lol.
Assesement: {'depression': 'yes'}

Based on the above, assess the content of the following post:
Post: Diagnosed today. Could use some support, I have a few questions. Trigger warning suicidal thoughts. So 6 weeks ago my regular doctor diagnosed me with depression and anxiety and prescribed me a small dose of Zoloft. At first, I felt on top of the world. I had more energy than I had in weeks. But then the nightmares kicked in at around 2 weeks. Every night, a different scenario in which everyone in my life hated me so I killed myself in my dreams. Then things started to get like that during waking hours. Ive been going through a hard time in life cut hours due to the pandemic, family emergencies all around, financial trouble, being treated poorly at work, all the things that contribute. Its also important to note that I am a daily weed smoker. Its my crutch and Im very attached to my habit. Yesterday I blew up tremendously. I really really thought it was going to be the end. I visualized 8202020 as my death date. I wrote a message to my doctor telling her what was going on and they scheduled me to meet with a psychiatrist first thing this morning. Well the psychiatrist diagnosed me with PTSD after discussing some events that happened in my childhood and up until a few years ago. She said that the weed is what is causing the paranoia and suicidal thoughts, because its reacting badly with Zoloft, and she also suspects my weed was laced. Thing is, Ive been a regular user for several years now and I never had an issue until now. In fact, its smoking weed that calms me down from suicidal thoughts. I guess Im looking for insight and support here, TIA.
Assessment:
","[{'depression': 'yes'}, {'depression': 'yes'}, {'depression': 'yes'}, {'depression': 'yes'}]","{'depression': 'yes'}



"
35,ee58l8,How can I become smart once again ?,"\[17M\]
 
 I used to be very smart few years ago , but as the depression is getting worse and worse I am becoming more stupid .
 
 I tried to learn new stuff like history , psychology , expend my vocabulary , but I don't keep it up for too long bc of depression . And even when I do , it's not very helpful .
 
 Not even therapy and meds are working .
 
 Do you have any tips ?","[1, 0]",{'depressive_disorder'},"How can I become smart once again . 17M I used to be very smart few years ago , but as the depression is getting worse and worse I am becoming more stupid . I tried to learn new stuff like history , psychology , expend my vocabulary , but I dont keep it up for too long bc of depression . And even when I do , its not very helpful . Not even therapy and meds are working . Do you have any tips ?",Depression,1,0,"
Below are posts and their respective assessments based on the criteria for clinical depression as defined in the DSM-5.
Format your response as a JSON object {'depression': ''} with values either 'yes' or 'no'.

Post: i dont know if this is a common thing for depressions but i cant learn anything new anymore. it bothers me a lot since im currently just 24 years old. dont know what to do but it feels like my whole brain is shutting down as soon as i try to save what i saw if you know what i mean. i always have to think about that i wouldnt do it the right way anyway and that im basically useless in anything. its like that since a year after i was diagnosed with stressinduced depression. it goes that far that its going to cost me my job eventuelly because i cant improve. also i have a bit of memory loss especially for the days which i just live in my standby mode do you have any advice for me how to coop with that issue?
Assesement: {'depression': 'yes'}

Post: m22, i was diagnosed with depression during my senior year of high school, and ive had good and bad periods since, but i dont feel like ive been able to learn much of anything at college. im a physics major, and i used to be great at math. i picked up new concepts fast and they stayed in my head. now it takes me a long time to understand things, and no matter how long i study or practice for, i always forget after a little while. its like pouring water into a container with a bunch of holes. i still remember all the concepts and things i learned in high school, i just havent been able to learn anything new after three years. is this a thing anyone else here has experienced? has it gotten any better?
Assesement: {'depression': 'yes'}

Post: hey yall. im 19, and was diagnosed with mdd when i was 16. i think ive had way waaay before i was diagnosed, and i couldve been a different person today if only interventions were taken quickly. anyway! i feel like ive become dumber and dumber lately, and no, i dont take medication. i cant afford them on my own, and my moms stopped supporting me in terms of mh. its been 3 years since i last drank meds for my depression, and i mightve gotten worse. it really feels like i have gone dumber, stupid, unintelligent you name it. its frustrating because i know im not like this, that im capable of being a smart student, i cant help but feel this way, ive been finding myself having difficulties with what i should say, if im thinking correctly, if the information im reading is true, and the ability to absorb info has.well, gone down in me, and its usually not the case except for math. but with it i realized im in the level of doom, bc i usually understand math after two or three tries.
Assesement: {'depression': 'yes'}

Post: anybody else feeling so dumb and uncoscious from depression and anxiety? i feel like i never can focus or concentrate. my memory is also very bad. i feel so dumb as without memory and focus i cant hold any thoughts or learn new things. i cant getkeep hooked in convos, movies or uni classes. what do you do against this? is the only way to be free off this being free off depression and anxiety?
Assesement: {'depression': 'yes'}

Based on the above, assess the content of the following post:
Post: How can I become smart once again . 17M I used to be very smart few years ago , but as the depression is getting worse and worse I am becoming more stupid . I tried to learn new stuff like history , psychology , expend my vocabulary , but I dont keep it up for too long bc of depression . And even when I do , its not very helpful . Not even therapy and meds are working . Do you have any tips ?
Assessment:
","[{'depression': 'yes'}, {'depression': 'yes'}, {'depression': 'yes'}, {'depression': 'yes'}]",{'depression': 'yes'}
36,db88h2,I need some help,"&#x200B;
 
 Hello, so I have been diagnosed with depression 6 months ago but I had been feeling depressed about 1-1.5 years before that as well. In my case, depression is present along with dissociation disorder and because of that I always used to be uninterested in everything. However, these days it has become really bad. It's like I am living in another world and my body acts on autopilot. I do everything that I would normally do without my mind being there. Does that make sense?
 
 On another note, I am very influenced by Japanese anime, manga, all of that. My goal before things got this bad was to learn all the Jouyou kanji so that I can read manga and light novels without english translations and I was very passionate about it.
 
 But I don't feel anything about it anymore. I still want to read manga in Japanese of course but I can't muster up the strength to study the kanji. It's not laziness, I assure you.
 
 Can someone help me with this? I really need to get back in my daily routine as fast as I can but I feel as if I'm at a dead end","[1, 0]",{'depressive_disorder'},"I need some help. x200B Hello, so I have been diagnosed with depression 6 months ago but I had been feeling depressed about 11.5 years before that as well. In my case, depression is present along with dissociation disorder and because of that I always used to be uninterested in everything. However, these days it has become really bad. Its like I am living in another world and my body acts on autopilot. I do everything that I would normally do without my mind being there. Does that make sense? On another note, I am very influenced by Japanese anime, manga, all of that. My goal before things got this bad was to learn all the Jouyou kanji so that I can read manga and light novels without english translations and I was very passionate about it. But I dont feel anything about it anymore. I still want to read manga in Japanese of course but I cant muster up the strength to study the kanji. Its not laziness, I assure you. Can someone help me with this? I really need to get back in my daily routine as fast as I can but I feel as if Im at a dead end",Depression,1,0,"
Below are posts and their respective assessments based on the criteria for clinical depression as defined in the DSM-5.
Format your response as a JSON object {'depression': ''} with values either 'yes' or 'no'.

Post: hi, this is my first time using reddit so sorry if i do anything wrong. i have been diagnosed with clinical depression and take medication for it, for around a year now. im better but not completely. lately ive had no passion for any of my hobbies, photography, guitar, music, video games, cooking, and while i still do one or two of them im been lazing around the house, bored and numb. the thing is i have medication and ive gotten help but i dont know what to do anymore. help?
Assesement: {'depression': 'yes'}

Post: hello so a little bit about myself i that i have depression and am on 60mg of fluoxetine for it, however my motivation for anything basically has been declining, i still feel happy but because i cant enjoy anyting that is slowly dissipating, even the things i used to enjoy i struggle to do, im failing classes because i cant concentrate and im always doodling in my books and make them messy, and i struggle to do homework. i love playing video games but i cant even do that anymore. what could this be. please help
Assesement: {'depression': 'yes'}

Post: i dont know if this is a common thing for depressions but i cant learn anything new anymore. it bothers me a lot since im currently just 24 years old. dont know what to do but it feels like my whole brain is shutting down as soon as i try to save what i saw if you know what i mean. i always have to think about that i wouldnt do it the right way anyway and that im basically useless in anything. its like that since a year after i was diagnosed with stressinduced depression. it goes that far that its going to cost me my job eventuelly because i cant improve. also i have a bit of memory loss especially for the days which i just live in my standby mode do you have any advice for me how to coop with that issue?
Assesement: {'depression': 'yes'}

Post: i was diagnosed with depression when i was a teen, back then i took meds to help balance out my emotions but it made me feel like i was losing myself. two years ago i stopped taking meds, but more and more recently ive been realizing that the things i used to be passionate about dont excite me anymore, and i cant find motivation to get back into them. its like theyre all meaningless now. some days i get very depressed but more so now i just feel like im floating through life, watching people grow with their interests while i lose mine. i want to get interested in things again but i dont know if i can. please, no suggestions on seeing therapists or psychiatrists, ive seen those, and they didnt help. i want to be motivated again.
Assesement: {'depression': 'yes'}

Based on the above, assess the content of the following post:
Post: I need some help. x200B Hello, so I have been diagnosed with depression 6 months ago but I had been feeling depressed about 11.5 years before that as well. In my case, depression is present along with dissociation disorder and because of that I always used to be uninterested in everything. However, these days it has become really bad. Its like I am living in another world and my body acts on autopilot. I do everything that I would normally do without my mind being there. Does that make sense? On another note, I am very influenced by Japanese anime, manga, all of that. My goal before things got this bad was to learn all the Jouyou kanji so that I can read manga and light novels without english translations and I was very passionate about it. But I dont feel anything about it anymore. I still want to read manga in Japanese of course but I cant muster up the strength to study the kanji. Its not laziness, I assure you. Can someone help me with this? I really need to get back in my daily routine as fast as I can but I feel as if Im at a dead end
Assessment:
","[{'depression': 'yes'}, {'depression': 'yes'}, {'depression': 'yes'}, {'depression': 'yes'}]",['depression': 'yes']
37,enr8yz,I need someone else to either reassure or resolve my emotional and mental state.,"# This is gonna be fucking long.
 
 I'll give a bit of background, I'm a male junior in the US, used to fail classes due to lack of motivation but I somehow picked myself up, I play a fuck ton of video games, I'm the ""always happy and joking"" one, and I was diagnosed with severe depression when I was around 12.
 
 I think I'm at my lowest point ever, and I personally believe I have no reason to be. Nothing bad is happening, nothing changed, I was just slapped in the face with an extreme low that was lower than when I was failing half of my classes. I wrote out a 8-9 page thing that just goes over the whole thing, [and you can find that here](https://docs.google.com/document/d/1YQTaOtmaJswbUZSRETFn2VqmBh5vewVDte3X9GVQFZc/edit?usp=sharing). Comments are enabled, I initially wrote this for people who knew me, but I need some external advice and opinions.
 
 To be perfectly honest, I wouldnt mind if you say ""you dont have it as bad as me"", I would agree.
 
 If you take the time to read it (emphasis on ""if"") then honestly thank you.","[1, 0]",{'depressive_disorder'},"I need someone else to either reassure or resolve my emotional and mental state. This is gonna be fucking long. Ill give a bit of background, Im a male junior in the US, used to fail classes due to lack of motivation but I somehow picked myself up, I play a fuck ton of video games, Im the always happy and joking one, and I was diagnosed with severe depression when I was around 12. I think Im at my lowest point ever, and I personally believe I have no reason to be. Nothing bad is happening, nothing changed, I was just slapped in the face with an extreme low that was lower than when I was failing half of my classes. I wrote out a 89 page thing that just goes over the whole thing, and you can find that here. Comments are enabled, I initially wrote this for people who knew me, but I need some external advice and opinions. To be perfectly honest, I wouldnt mind if you say you dont have it as bad as me, I would agree. If you take the time to read it emphasis on if then honestly thank you.",Depression,1,0,"
Below are posts and their respective assessments based on the criteria for clinical depression as defined in the DSM-5.
Format your response as a JSON object {'depression': ''} with values either 'yes' or 'no'.

Post: hello, i am 20 years old, but admittedly not living as i should. i have suffered from mental illness my whole life. i am diagnosed with, bpd, bipolar disorder, ptsd, social anxiety, anxiety from ptsd, and clinical depression. i recently over the past year had some things happen, that pretty much halted my life. i broke my knee, and ended up having a reconstruction surgery done. leaving me bed ridden for 6 months, only to not receive physical therapy. recently, discovered that i could be dealing with cancer. a few months ago, i got released from out patient mental care. it was a great day for me, as i had been in therapy since the age of 12. i have been self harming, and self medicating since the age of 12. recently due to the path i have been walking my depression has gotten a lot worse. wont shower, brush my teeth, brush my hair, cant sleep. refusal to leave my room. im not suicidal, but often think of death. recently found myself relapsing back on my drug habit. need support i guess. in some way i do know that looking to the internet, for support is in itself not the most health habit.
Assesement: {'depression': 'yes'}

Post: i need an ally. i want someone to be sad on. i need to voice my sad here. i have struggled with depression for 7 years. ive been in therapy for almost two years. ive made progress, my therapist says. but ive stagnated. i think my father treats everyone in our family badly. i think my mom drinks too much. and between the work and time commitment of graduate school and internships, ive fallen deep into videogames. ive become withdrawn when im home, which my therapist comments is emotionally immature. im doing the best i can in school. it is hard upholding the acreage i have running. it is anxiety provoking to spend time with my mother and father at the same time. i find myself thinking, these days more than ever, how much is mom gonna take?, which snide comment will trigger a divorce? ive retreated into myself lately because it all seems so hard to face. im not helping myself to feel better. and thats shameful to me.
Assesement: {'depression': 'yes'}

Post: i think this is my first post on reddit, if not its something else mind numbingly stupid. my name is lea, im a 23 year old american. for me, depression comes and it goes. i have been diagnosed with mdd, among other things. i spent two years in therapy and feel like nothing has truly improved most of the time. my general motivation is zero, especially since i made it through college. nobody can tell me what im supposed to do now except get a job, and thats great. if i had any clue how to do that. i am very lonely, even in the house i live in, full of family members. the love of my life lives very far away and had issues of their own. i feel like anybody i speak to about all of my sadness is burdened by my words. in fact, i have times where i prefer not to talk at all. my friends have all drifted away because my family cannot afford to have internet access, so i lost many of my close friends to distance. ive been like this for as long as i can remember and still see no real light in my future expect for with my partner and far away from my blood relations. i dont know why i just told you all of this except maybe to feel less alone. this probably breaks some rule i didnt read and will get taken down because nothing i do is good enough.
Assesement: {'depression': 'yes'}

Post: ive tried so hard these years to be better every day. ive felt better, but then, i always end up in the same bad place i was before. depression has drained me. now, i spend almost all my energy trying to hold myself together, and i cant even study when i get home because i fall asleep. now, i cant even concentrate, or think clearly, even when im fine. i still see that brain fog every time a teacher asks me a question. i feel like homer simpson every time somebody tries to explain something to me. my mind is damaged. also, thanks to depression, ive lost people, because i start acting out, and people freak out. ive lost what i considered good chances of meeting a great person, and maybe, fall in love. i now understand that its never gonna happen. thanks to depression, my father has an aditional thing to stress about. i have a great family, and theyre very supportive, but i know how they feel when they realize im not okay. you people know how i feel. i just dont want to exist anymore. i really wish i could go to bed tonight, and maybe, not waking up ever again. im really tired of being useless, and a burden.
Assesement: {'depression': 'yes'}

Based on the above, assess the content of the following post:
Post: I need someone else to either reassure or resolve my emotional and mental state. This is gonna be fucking long. Ill give a bit of background, Im a male junior in the US, used to fail classes due to lack of motivation but I somehow picked myself up, I play a fuck ton of video games, Im the always happy and joking one, and I was diagnosed with severe depression when I was around 12. I think Im at my lowest point ever, and I personally believe I have no reason to be. Nothing bad is happening, nothing changed, I was just slapped in the face with an extreme low that was lower than when I was failing half of my classes. I wrote out a 89 page thing that just goes over the whole thing, and you can find that here. Comments are enabled, I initially wrote this for people who knew me, but I need some external advice and opinions. To be perfectly honest, I wouldnt mind if you say you dont have it as bad as me, I would agree. If you take the time to read it emphasis on if then honestly thank you.
Assessment:
","[{'depression': 'yes'}, {'depression': 'yes'}, {'depression': 'yes'}, {'depression': 'yes'}]","'depression': 'yes'

Note: The above assessment is based on the content of the post and"
38,fkai97,I don't see any other way out,"# TRIGGER WARNING
 

 
 Hi everyone,
 
 My depression has been getting worse for the past year or so to the point now I feel like suicide is the only possible way for me. When I try to think about the future, my mind just goes blank. The feeling of waiting for the inevitable with so little motivation and so much negativity has completely taken over my life.
 
 My psychiatrist told me to go jogging because exercise is the best way to beat depression. Due to the corona virus, he told me to play games, watch videos, listen to music instead. When I said that I wasn't motivated, he had a look of disappointment on his face and told me I couldn't do nothing and expect improvements. The meds haven't been working very well either so I'm going downhill fast.
 
 I'm still going through a breakup so right now my psychiatrist is the only person I trust (Like 60%). I wouldn't be able to go out even if corona virus wasn't a thing.
 
 I don't know what to do. Even if I were able to survive this, I still wouldn't want to live the rest of my life. I hate this world, the lies, the hypocrisy, selfishness, rudeness. I feel like I'm holding onto something that doesn't even exist.
 
 What do you think I should do at this point? 
 
 Thank you. Stay strong everyone <3","[1, 0]",{'depressive_disorder'},"I dont see any other way out. TRIGGER WARNING Hi everyone, My depression has been getting worse for the past year or so to the point now I feel like suicide is the only possible way for me. When I try to think about the future, my mind just goes blank. The feeling of waiting for the inevitable with so little motivation and so much negativity has completely taken over my life. My psychiatrist told me to go jogging because exercise is the best way to beat depression. Due to the corona virus, he told me to play games, watch videos, listen to music instead. When I said that I wasnt motivated, he had a look of disappointment on his face and told me I couldnt do nothing and expect improvements. The meds havent been working very well either so Im going downhill fast. Im still going through a breakup so right now my psychiatrist is the only person I trust Like 60. I wouldnt be able to go out even if corona virus wasnt a thing. I dont know what to do. Even if I were able to survive this, I still wouldnt want to live the rest of my life. I hate this world, the lies, the hypocrisy, selfishness, rudeness. I feel like Im holding onto something that doesnt even exist. What do you think I should do at this point? Thank you. Stay strong everyone 3",Depression,1,0,"
Below are posts and their respective assessments based on the criteria for clinical depression as defined in the DSM-5.
Format your response as a JSON object {'depression': ''} with values either 'yes' or 'no'.

Post: so this morning i attended my doctors appointment and i admitted total defeat. i completely broke down and told her exactly how i feel. she now knows i contemplate suicide everyday, i hardly sleep and i hardly eat. all i want to do is be alone and sit with my thoughts. i was prescribed with sertraline anti depressants also help with anxiety now i feel that going for help has made me weaker. sometimes i wish i had the courage to just give up! i always feel totally alone. i have no one and i feel that nothing is going to help me. i dont think ill ever be normal again
Assesement: {'depression': 'yes'}

Post: i have lost all my drive in the last three months. there does seem to be anything to look forward to. the though of the next few years make me suicidal. talking to people often makes me want to hurt myself more because i few as though i am troubling them or problematic or they just dont care. people have in fact told me to kill myself, but they were nameless people in online support groups. i made an appointment with my dr. to talk about my meds, but part of me doesnt want to be okay. i want things to change and meds wont fix things. suicide will. i dont want sympathy. i just want to get out the thoughts in my head.
Assesement: {'depression': 'yes'}

Post: i saw a psychiatristpsychologist today and finally got diagnosed with depression and anxiety. not sure if its a good thing or not but at least i know that its not all in my head. but that doesnt change the fact that i still have to continue living the same trash ass life with the same trash ass family. i literally dont contribute to society at all and i dont want to either. life is shit and i dont want to exist anymore but i dont have the energy to actually commit suicide. i really dont know what to do anymore.
Assesement: {'depression': 'yes'}

Post: so yesterday ive went to my psychiatrist, im dealing with depression since 2013, ive used to self harm and drink lots of medicines trying to off myself. anyway, my doc said to me that i need an activity, im mostly inside the house, cleaning, cooking and sometimes going out to pay some bill. she said to me that if i dont get out of my comfort zone and get to met new people, engage in a new routine, the meds arent miraculous, i have to do something. problem is i dont feel like doing nothing, i just want to hide and die, go as far away i can and die alone. after my appointment ive been feeling extremely guilty mostly because i dont think she was wrong, im on the edge of going back to self harm again. i dont want to, but i feel so overwhelmed.
Assesement: {'depression': 'yes'}

Based on the above, assess the content of the following post:
Post: I dont see any other way out. TRIGGER WARNING Hi everyone, My depression has been getting worse for the past year or so to the point now I feel like suicide is the only possible way for me. When I try to think about the future, my mind just goes blank. The feeling of waiting for the inevitable with so little motivation and so much negativity has completely taken over my life. My psychiatrist told me to go jogging because exercise is the best way to beat depression. Due to the corona virus, he told me to play games, watch videos, listen to music instead. When I said that I wasnt motivated, he had a look of disappointment on his face and told me I couldnt do nothing and expect improvements. The meds havent been working very well either so Im going downhill fast. Im still going through a breakup so right now my psychiatrist is the only person I trust Like 60. I wouldnt be able to go out even if corona virus wasnt a thing. I dont know what to do. Even if I were able to survive this, I still wouldnt want to live the rest of my life. I hate this world, the lies, the hypocrisy, selfishness, rudeness. I feel like Im holding onto something that doesnt even exist. What do you think I should do at this point? Thank you. Stay strong everyone 3
Assessment:
","[{'depression': 'yes'}, {'depression': 'yes'}, {'depression': 'yes'}, {'depression': 'yes'}]","
The content of the post is consistent with the criteria for clinical depression as defined in the DSM-5"
39,45it24,"Tried to hang myself , rope snapped",^ my life is a mess . I'm so depressed over my breakup which occurred over 2 months ago ! I have a new girlfriend but dear god it still hurts. I self harm a lot and did a bad session last night. I don't know what to do and I feel like crying and I am so done. My parents don't know and probably don't care. Everything feels empty and my psychologist doesn't even consider me depressed. I can't function normally at school and I want to kill myself on a daily basis. I'm 16 turning 17. I don't know what to do,"[1, 0]",{'depressive_disorder'},"Tried to hang myself , rope snapped. my life is a mess . Im so depressed over my breakup which occurred over 2 months ago ! I have a new girlfriend but dear god it still hurts. I self harm a lot and did a bad session last night. I dont know what to do and I feel like crying and I am so done. My parents dont know and probably dont care. Everything feels empty and my psychologist doesnt even consider me depressed. I cant function normally at school and I want to kill myself on a daily basis. Im 16 turning 17. I dont know what to do",Depression,1,0,"
Below are posts and their respective assessments based on the criteria for clinical depression as defined in the DSM-5.
Format your response as a JSON object {'depression': ''} with values either 'yes' or 'no'.

Post: i feel like im too broken. im sixteen, and i feel like im never going to get better. how can i, when ive been this sad? yeah, sometimes im able to be happy, but it always comes back to this. im just. i cant do it. i have a mental block when it comes to doing work to get better. my anxiety is where my depression comes from. im tired all the time. i want to just do it. end it. stop my suffering, stop my familys suffering. ive always thought i would die from suicide. and yet, i havent. why? i guess im hanging onto the idea that it could get better. but what is left? theres nothing more for me to do, no steps to take. i need someone to tell me what to do.
Assesement: {'depression': 'yes'}

Post: ive been so stressed out lately. ive had suicidal thoughts before but its never been like this. ive never wanted to die like this. last night i had a dream where i walked through my apartment and i saw my body in different places dead in different ways. bloody in the bathtub, hung on the side of my bed. overdosed in the closet. off the side of my balcony. ive never wanted to die more and its all because im way too stressed. and i wouldnt be so stressed if i just did my work but i didnt do my work because i thought i dont want to live why should i care about fucking school? so i didnt do my work so i became stressed so i became suicidal. my final is due in hours and i have done nothing. i dont know what to do. i keep seeingmy body. i keep thinking about killing myself. i keep wanting to be dead and this is all too too much. i dont want to live anymore and my fucking neighbor is so intrusive and my mom tries to make me feel better but she just makes it worse. i dont want to live anymore. im so scared for my future. what if i just end up as some bum on the street? what if i end up just flipping burgers making minimum wage?what if im stuck as some unfulfilled house wife? i dont want that.
Assesement: {'depression': 'yes'}

Post: ive been meaning to write this for a long time. im going to try to keep it short. so, i just want to die, seriously. i just cant stand myself, not even anyone, i just feel like im a total letdown to everyone. lately all i see is grey, i try to cheer up but nothing helps, everything right now is grey to me. im aware that a lot of people are struggling with this too, but i still feel so alone. the worst part is that deep down i know that everything is okay, but my mind is flooded with depressive thoughts. i simply dont want to stay alive anymore. lately all i think is about the fact that ive got to suicide before my birthday, simply because i dont want to see anyone congratulating me when i already know that no one likes me. i feel like im a huge piece of shit, i just know that no one wants to be around me, i know that i ruin everything, i know that i cant even write about my problems without feeling useless for not being able to handle them on my own. i just need someone to tell me that everything is going to be okay, even if it isnt going to be okay.
Assesement: {'depression': 'yes'}

Post: i dont know what to do. i was doing ok the last few months. everything shut down 4 days after i moved out of my house with my soon to be ex husband. ive never had to take care of myself before this. ive been. ok. ive been handling it. i just found out im losing my job last night. the state funded our company so that they could keep paying us but they cut off funding and it ends tomorrow. i dont know what to do. im not going to be able to pay my rent or any of my bills. i was doing so, so much better and now all i can do is think about how killing myself would solve every single fucking problem that i have right now.
Assesement: {'depression': 'yes'}

Based on the above, assess the content of the following post:
Post: Tried to hang myself , rope snapped. my life is a mess . Im so depressed over my breakup which occurred over 2 months ago ! I have a new girlfriend but dear god it still hurts. I self harm a lot and did a bad session last night. I dont know what to do and I feel like crying and I am so done. My parents dont know and probably dont care. Everything feels empty and my psychologist doesnt even consider me depressed. I cant function normally at school and I want to kill myself on a daily basis. Im 16 turning 17. I dont know what to do
Assessment:
","[{'depression': 'yes'}, {'depression': 'yes'}, {'depression': 'yes'}, {'depression': 'yes'}]","
 {'depression': 'yes'}"
40,ablcn6,It makes no sense to be afraid to die by suicide,">I am talking by the dying procces, not being dead from suicide. 
 > 
 >Death is rarely pleasant whether by natural circumstances, accident, illness or suicide.......My grandmother moaned in despair and pain on her death bed and from I have read this is not uncommon when people die.....people die in painful accidents every day.......a plesant death is just fantasy that does not have much to do with reality.......dying in many cases (though not all) IS very unpleasant......A ""good"" death is not at all given whether it is natural or provoked by suicide....... 
 > 
 >So why the hell am I, and others so afraid of dying by suicide?!........I really don't feel scared of actually being dead.
 
","[0, 0]",{'control_group'},"It makes no sense to be afraid to die by suicide. I am talking by the dying procces, not being dead from suicide. Death is rarely pleasant whether by natural circumstances, accident, illness or suicide.My grandmother moaned in despair and pain on her death bed and from I have read this is not uncommon when people die.people die in painful accidents every day.a plesant death is just fantasy that does not have much to do with reality.dying in many cases though not all IS very unpleasant.A good death is not at all given whether it is natural or provoked by suicide. So why the hell am I, and others so afraid of dying by suicide.I really dont feel scared of actually being dead.",Normal,0,0,"
Below are posts and their respective assessments based on the criteria for clinical depression as defined in the DSM-5.
Format your response as a JSON object {'depression': ''} with values either 'yes' or 'no'.

Post: my solution to everything hard in life is death hi, ive come to realize that whenever i come upon something difficult, whether its a difficult emotion, feeling, situation or anything else i just resort to thinking maybe i should just die. because i want to, its the easiest option. this is my automatic response to everything and its so weird. it just suddenly pops into my head in a difficult situation, even though it might have a super simple solution. i do struggle to see the point in actually being alive, there are so many struggles with no point to them. i just dont understand how everyone else seems to want to live.
Assesement: {'depression': 'yes'}

Post: does anyone else have this fear of someone they know just randomly committing suicide? whenever someone misses my call, doesnt respond to a text or is just isnt where i expect them to be i immediately think they mightve committed suicide. sometimes its a very quick though but other times, especially if i know theyre at risk or were just having a bad day before, i spiral and convince myself theyre gone. i literally start the grieving process without a shred of evidence. hell even when i watch a movie, if the character had something bad happen ill always assume theyre gonna kill themselves. if someone doesnt show up to a class sometimes ill also be worried they died. i dont have much general death fears, its specifically someone taking their own life and i havent really considered that it might not be normal. now to be fair i suffer from suicidal ideation and it doesnt help that in highschool our school suffered a loss because of suicide even though i had similar, but milder, thoughts before so im just always on edge. the worst is that i cant actually disprove those thoughts because i have no evidence. i only calm down if that person responds to my textshows up to class or just proves they are alive lol. can anyone relate? what do you do to cope? it gets pretty exhausting
Assesement: {'depression': 'no'}

Post: i dont think im brave enough to go through with suicide, not any time soon at least, but its definitely been on my mind. i feel like i cause people so much grief and pain, and i hate that i upset them. ive only ever wanted to make people happy, but i dont. i know my boyfriend and my mom would miss me, and that it would break them if anything happened to me, which is why i dont think id ever go through with it, but i just feel like i hold everyone back. if i wasnt here, id be out of the way and no one would have to worry about me anymore.
Assesement: {'depression': 'yes'}

Post: and today i am scared of being suicidal again. im scared of what ive become. i used to be so full of joy and out of nowhere i turned into a lifeless being. i wanted to end it all because its all so much pressure, so much white noise, so much thats expected of me that i cannot do. living is just uncomfortable. today im trying my best again to feel okay, although i got my meds taken away last night so i wouldnt take them all with alcohol and my mother is administrating them. she treated me like complete garbage last night, and that made me even more suicidal. i dont want to die, but its my only way out. i dont want to do it because of my beautiful boyfriend and dog and my sister. but last night my own mother demonstrated that i am a burden.
Assesement: {'depression': 'yes'}

Based on the above, assess the content of the following post:
Post: It makes no sense to be afraid to die by suicide. I am talking by the dying procces, not being dead from suicide. Death is rarely pleasant whether by natural circumstances, accident, illness or suicide.My grandmother moaned in despair and pain on her death bed and from I have read this is not uncommon when people die.people die in painful accidents every day.a plesant death is just fantasy that does not have much to do with reality.dying in many cases though not all IS very unpleasant.A good death is not at all given whether it is natural or provoked by suicide. So why the hell am I, and others so afraid of dying by suicide.I really dont feel scared of actually being dead.
Assessment:
","[{'depression': 'yes'}, {'depression': 'no'}, {'depression': 'yes'}, {'depression': 'yes'}]","{'depression': 'yes'}
The content of the post appears to be related to depression, as the author"
41,7uj559,Today's depression features!,"1. Feeling completely lonely and sad because I have no friends (even though I have many, many good friends and a wonderfully fulfilling romantic relationship)
 2. Desperately wanting to paint and make something beautiful but at the same time knowing I'd just fuck it up and it would be a waste of time
 3. Wishing like hell that one of these job applications would get back to me but at the same time being glad they're not because hearing nothing is better than rejection
 4. Being too lazy to take a shower even though I know for a fact that it would make me feel better
 5. Needing to fold laundry but not wanting to take the clothes out of the dryer and put them on the bed in case I have a sudden urge to nap
 
 I am so over this shit.","[1, 1]","{'depressive_disorder', 'anxiety_disorder'}","Todays depression features. 1. Feeling completely lonely and sad because I have no friends even though I have many, many good friends and a wonderfully fulfilling romantic relationship 2. Desperately wanting to paint and make something beautiful but at the same time knowing Id just fuck it up and it would be a waste of time 3. Wishing like hell that one of these job applications would get back to me but at the same time being glad theyre not because hearing nothing is better than rejection 4. Being too lazy to take a shower even though I know for a fact that it would make me feel better 5. Needing to fold laundry but not wanting to take the clothes out of the dryer and put them on the bed in case I have a sudden urge to nap I am so over this shit.",Comorbid (Depression + Anxiety),1,1,"
Below are posts and their respective assessments based on the criteria for clinical depression as defined in the DSM-5.
Format your response as a JSON object {'depression': ''} with values either 'yes' or 'no'.

Post: fairly normal pandemic wednesday. i got up, had a coffee with my wife, got the girls up and ready, and dropped them off at childcare. i came home and worked for a few hours before having lunch and a quick nap. when i woke from the nap everything was just blah and still is blah nine hours later. i have been diagnosed with clinical depression and taking medication for a year now. i just wanted someone to listen.
Assesement: {'depression': 'yes'}

Post: i saw a post on here, a list, about things the op wished people would have told them. so this is my list of things that i feel like i would need in order to help with my depression. its kinda long so dont mind me lol. i cant find the post that inspired me to do this so sorry about that. but this is just for me to get it out there. i need to tell my close friends i have suicidal thoughts everyday day i need to stop lying to my family and tell them that im not ok i need to throw away all my expired medication so i dont use it to harm myself via overdose i need to go outside again as ive chosen to isolate myself indoors for about 2 months. my skin actually got a lot lighter i need to speak to a profesional i need to try and pick up my old hobbies i enjoyed doing, it would make me feel happier i need to find motivation somehow i need to stop thinking of ways i would say goodbye to the people that care about me i need to eat healthier as i used to do. now i just eat junk i need to think in a more optimistic way i need to let myself cry once in a while instead of trying to hold it in
Assesement: {'depression': 'yes'}

Post: having a bit of a down end to the week. i have lost all motivation to do anything at all. yesterday i spent the entire day in bed. didnt bother getting up really except for food and cups of tea. other than that, i was just wishing the day away. i hate how depression has robbed me of my motivation to do anything. i dont enjoy anything like i used to. nothing has meaning and noone seems to want to talk to me. just fleeting conversations that i have to initiate. its fucking horrible.
Assesement: {'depression': 'yes'}

Post: i have this book, dont sweat the small stuff.and its all small stuff! within it, the author discusses the happiest people he knows. he says, paraphrasing here, the happiest people he knows are also some of the saddest most inflicted, but they take the good with the bad. they do not hold onto these negative emotions. with experiencing such highs, they experience the same level of lows. well, yesterday i had a great day. i went to a local park legit forced myself to gtfo of the house, got a lot of cute photos earwig sleeping in a flower petals, ladybug on an iris, and met two of my beloved friends there too! we had ice cream after. today, a complete shit day. i slept on and off, and finally got out of bed in the evening. then i drove around from about 11pm to 3am. huge storm system has been here all day, flash flooding, lightning, tornadic risk. i checked out a few lakes, relaxed, and bawled my eyes out thinking of how lonely i am at times. how lonesome i feel. lost loves. and im only 22. how it shouldnt really be like this. just wishing i had a community and purpose drawing upon the ted talk about the four pillars of happy living or a meaningful existence. anywho! tomorrow is back to work. and. im taking it as it comes. its okay to feel sad. but feel these emotions and let them go. you are not defined by your emotions. you do not have to dwell on your shortcomings. you do not have to let past experiences eat up your present moment. thanks for reading. this was kind of just a note or stream of consciousness, but im always so well received here.
Assesement: {'depression': 'no'}

Based on the above, assess the content of the following post:
Post: Todays depression features. 1. Feeling completely lonely and sad because I have no friends even though I have many, many good friends and a wonderfully fulfilling romantic relationship 2. Desperately wanting to paint and make something beautiful but at the same time knowing Id just fuck it up and it would be a waste of time 3. Wishing like hell that one of these job applications would get back to me but at the same time being glad theyre not because hearing nothing is better than rejection 4. Being too lazy to take a shower even though I know for a fact that it would make me feel better 5. Needing to fold laundry but not wanting to take the clothes out of the dryer and put them on the bed in case I have a sudden urge to nap I am so over this shit.
Assessment:
","[{'depression': 'yes'}, {'depression': 'yes'}, {'depression': 'yes'}, {'depression': 'no'}]","

"
42,gpdrk5,"Ranting, and looking for advice","1. I just stopped taking my meds (stimuloton) from taking them for about 2 weeks and I've lately been getting very weak, and I feel like I have to remind myself to breath. Whenever I get up from laying down my head feels a bit light. Am i experiencing withdrawal symptoms? If so, how can i relieve this? Should I start taking them again? I feel ill they aren't helping, then again I'm no professional. 
 
 2. I'm now trying to get over feeling sad all the time and doing nothing all day. I've been ignoring doing online projects and I'm very sure that I will have to repeat the 8th grade. Has anyone been through this? I'm a failure, but for some reason I've now decided to try and make myself feel better. I don't think I can do that when I know I'm going to fail out of school and disappoint my parents. 
 
 3. About 'making myself feel better', I'm interested in becoming a theoretical physicist, but jobs are limited in that field, I know ill probably end up poor going down this career, but I can't imagine myself doing anything else. Should I do this if I'll be happy (maybe suppress my sad feelings) but poor, or go down another career that'll end up with me being stable in the future? 
 
 I know I could do another more stable job and take up physics as a hobby, but that won't fulfill me (I'm planning on having other time taking hobbies) 
 
 
 I think I want to become a physicist for the hopes of becoming Einstein, though that's just me being delusional. I know I'll just end up broke, but then again happy im studying what I love","[1, 1]","{'depressive_disorder', 'anxiety_disorder'}","Ranting, and looking for advice. 1. I just stopped taking my meds stimuloton from taking them for about 2 weeks and Ive lately been getting very weak, and I feel like I have to remind myself to breath. Whenever I get up from laying down my head feels a bit light. Am i experiencing withdrawal symptoms? If so, how can i relieve this? Should I start taking them again? I feel ill they arent helping, then again Im no professional. 2. Im now trying to get over feeling sad all the time and doing nothing all day. Ive been ignoring doing online projects and Im very sure that I will have to repeat the 8th grade. Has anyone been through this? Im a failure, but for some reason Ive now decided to try and make myself feel better. I dont think I can do that when I know Im going to fail out of school and disappoint my parents. 3. About making myself feel better, Im interested in becoming a theoretical physicist, but jobs are limited in that field, I know ill probably end up poor going down this career, but I cant imagine myself doing anything else. Should I do this if Ill be happy maybe suppress my sad feelings but poor, or go down another career thatll end up with me being stable in the future? I know I could do another more stable job and take up physics as a hobby, but that wont fulfill me Im planning on having other time taking hobbies I think I want to become a physicist for the hopes of becoming Einstein, though thats just me being delusional. I know Ill just end up broke, but then again happy im studying what I love",Comorbid (Depression + Anxiety),1,1,"
Below are posts and their respective assessments based on the criteria for clinical depression as defined in the DSM-5.
Format your response as a JSON object {'depression': ''} with values either 'yes' or 'no'.

Post: i have been off anti depressants for a year now. this is the longest so far. i was diagnosed with depression since 2012 and has been struggling to stay motivated since way before. i am trying to finish my college degree with not much success. i have a problem with attendance and with passing my requirements on time or at all. i think im gonna fail all my courses this semester. im really frustrated but at the same time, i cant do anything but sleep and just stare at the ceiling of my room while lying on my bed. it just feels like everything wont matter in the end. i dont have a future so whats the use of trying.
Assesement: {'depression': 'yes'}

Post: hello, i dont know if this is just me wanting to rantvent on how i am feeling or what. two years ago i was diagnosed with depression, as well as lot low testosterone. i am 28 years old now, and ive been on medication for the low t but stopped my depression meds thinking the depression was due to just the low t. but recently i think ive been relapsing, all i think about is wanting to hurt myself which i would of done, but i cant bring myself to do it while im babysitting my nephews sad i know and i dont want do anything, talk to anyone, i lack any motivation. ive been reading trying to figure out whats changed why am i like this again. the only thing that comes to my mind is, that come this july im moving to a different city and attend a university. which i should be happy about because im getting a full ride. but whats all in my head is how ill ruin this opportunity like ive done in the past. i have family and friends who care about me but i cant bring myself to tell them anything because i dont want to be a bother which i missed my friends wedding today, good friend i am. i just dont know what to do
Assesement: {'depression': 'yes'}

Post: im just so exhausted. i feel like ive exhausted all options. i feel like im doing everything right. eating healthy, getting to sleep on time and waking up on time, getting outside, taking medication, seeing a therapist and a psychiatrist CUR300 per visit which i have to save ages for. and i still felt awful. and now i go to bed late, sleep in late, avoid going out. ive resorted to using the medical certificate my psy gave me, to excuse any absences. i feel like a failure, having to use it. im worried re the teachers views on mental health. im worried theyll think im slacking. i want to die. im going to skip all of my classes tomorrow. tomorrow i dont think ill leave my room, let alone my bed. to top it off, everything feels like a dream. nothing feels real. i feel so tired and defeated.
Assesement: {'depression': 'yes'}

Post: im sorry for complaining every once in a while on this sub, but i need to talk to people who actually understand whats going through my mind. im back to med school after a long break of 4 or 5 years of being useless because of my depression. it feels weird being back, because, you know, new people, new things to learn, etc. i still dont know if my mind is ready, and that makes me question if im ever gonna be ready for. idk, life. today is one of those days when i just feel sad for no apparent reason. i feel like im never gonna achieve anything, im doubting myself in every aspect, i feel like im gonna disappoint my family, i also realize im never gonna experience love, or success. and whats worse, i feel lost, and i dont know what to do with myself today. i have my normal facial expression, but my chest is killing me, and my head is like spinning. i wish i didnt have to leave my bed ever again. i dont even know if what i just wrote makes any sense.
Assesement: {'depression': 'yes'}

Based on the above, assess the content of the following post:
Post: Ranting, and looking for advice. 1. I just stopped taking my meds stimuloton from taking them for about 2 weeks and Ive lately been getting very weak, and I feel like I have to remind myself to breath. Whenever I get up from laying down my head feels a bit light. Am i experiencing withdrawal symptoms? If so, how can i relieve this? Should I start taking them again? I feel ill they arent helping, then again Im no professional. 2. Im now trying to get over feeling sad all the time and doing nothing all day. Ive been ignoring doing online projects and Im very sure that I will have to repeat the 8th grade. Has anyone been through this? Im a failure, but for some reason Ive now decided to try and make myself feel better. I dont think I can do that when I know Im going to fail out of school and disappoint my parents. 3. About making myself feel better, Im interested in becoming a theoretical physicist, but jobs are limited in that field, I know ill probably end up poor going down this career, but I cant imagine myself doing anything else. Should I do this if Ill be happy maybe suppress my sad feelings but poor, or go down another career thatll end up with me being stable in the future? I know I could do another more stable job and take up physics as a hobby, but that wont fulfill me Im planning on having other time taking hobbies I think I want to become a physicist for the hopes of becoming Einstein, though thats just me being delusional. I know Ill just end up broke, but then again happy im studying what I love
Assessment:
","[{'depression': 'yes'}, {'depression': 'yes'}, {'depression': 'yes'}, {'depression': 'yes'}]","Post: {'depression': 'yes'}

Based on the above, the following conclusions can be drawn"
43,d3jk7z,Things that happened today and just in general,"1. My mom almost read something of mine, it's not too personal but I dont want my dad seeing it. Also she took it out of my room. I don't like my shit being moved. She wanted to be praised for not reading it. ""I checked my boundaries! I didn't read it! Aren't you proud of me?"" No bitch. You have anxiety, not bipolar or BPD or something I could understand where boundaries aren't a thing for you but anxiety?? Shouldn't that be common sense? 
 
 2. My sister occasionally will send me stuff about how exercise is the best thing for depression when it's proven that exercise only relieves minor depression, not MDD. While it does help me a little my overall mood is still meh. 
 
 3. I'm being left to fend for myself when it comes to my mental health. I feel like my parents are abusing me with all their mental bullshit. Talking about killing themselves, dying and not caring, all their problems. My mom istg makes up something wrong with her every few hours. 
 
 4. I don't understand how they think me, someone who's had a suicide attempt and 2 others unknown, history of some form of self harm, can handle their triggering bullshit. Can't take it and I'm about to relapse.","[1, 0]",{'depressive_disorder'},"Things that happened today and just in general. 1. My mom almost read something of mine, its not too personal but I dont want my dad seeing it. Also she took it out of my room. I dont like my shit being moved. She wanted to be praised for not reading it. I checked my boundaries! I didnt read it! Arent you proud of me? No bitch. You have anxiety, not bipolar or BPD or something I could understand where boundaries arent a thing for you but anxiety? Shouldnt that be common sense? 2. My sister occasionally will send me stuff about how exercise is the best thing for depression when its proven that exercise only relieves minor depression, not MDD. While it does help me a little my overall mood is still meh. 3. Im being left to fend for myself when it comes to my mental health. I feel like my parents are abusing me with all their mental bullshit. Talking about killing themselves, dying and not caring, all their problems. My mom istg makes up something wrong with her every few hours. 4. I dont understand how they think me, someone whos had a suicide attempt and 2 others unknown, history of some form of self harm, can handle their triggering bullshit. Cant take it and Im about to relapse.",Depression,1,0,"
Below are posts and their respective assessments based on the criteria for clinical depression as defined in the DSM-5.
Format your response as a JSON object {'depression': ''} with values either 'yes' or 'no'.

Post: everything has come flooding back to me emotionally. ive been repressing everything because its the only way ive learnt to cope my mum is a nightmare at the best of times. shes gone to a psychic and conveniently the psychic has preached to her about everything my mum wants me to change. the things the psychic said 1. i need to lose weight or i will get type 2 diabetes not surprising as im super overweight but i have lupus, hypothyroidism and im living independently so i barely have time for life in between my dead end minimum wage job 2. im depressed ive been having panic attacks since i was 12 and been depressed since i was 18 officially. she knows this but has consistently refused me treatment even going as far to say i should stop my antidepressants because they kill my brain tissue like acid 3. i need to see a hypnotherapist this particular one has no qualifications so seems like a complete narcissist. their degree is in visual arts. 4. a bunch of other insignificant shit the way that she said it really fucks me off because she started with emotional bullshit like that her mum shes 95 yo is going to die and proceeded to cry and make a scene in the cafe we were at so i felt bad. like am i insane? my mum 180 believes in psychics etc. my sister is the golden child and her reading was nothing but positive plus was told shes a psychic. ive always been the black sheep. fucking help i feel like. im. going insane and im not even with a narcissistic family like im the problem.
Assesement: {'depression': 'yes'}

Post: i had a mental breakdown last night. i was once again blamed for something i had no control over. my boyfriend got ripped off by an auto repair shop for over CUR600. that was somehow my fault according to my mom. im always told about im a millenial fuck up and a failure. yet neither of my parents take responsibility for the abuse that lead to me becoming suicidal at the age of 12. i had the perfect childhood apparently. you know. cuz being beaten with a metal studded belt everyday and watching your parents scream at each other about even the tiniest inconveniences is the perfect childhood. oh but i went on vacations! according to my mother that somehow makes up for everything. they think im delusional. even though i was nearly put into foster care. they think the mental health problems i developed are also my own doing. like somehow that just happens in a vacuum. oh but its not their fault i wanted to take my life as a child! they wont admit any wrongdoing and my mother constantly uses the fact im a millennial as means to shoot down whatever issues i have. cuz we millenials are apparently some of the worst human beings to ever walk the earth.
Assesement: {'depression': 'yes'}

Post: so i went to dinner with my dad, stepmom, and daughter. i already was feeling off at that time. at dinner all the nagging and stress made me have a mental breakdown at the restaurant. my dad kept telling me to take breaths and calm down and that it was all in my head. i told them that its not like a light switch that i can turn on and off. i told them i never asked for this. i never asked to not be able to control the storm in my head. my stepmom started yelling at me that i dont try enough and that there is no such thing as a mental illness. today i cant control my emotions and i keep crying. my dad has been blowing up my phone trying to make excuses for my stepmom. he now keeps telling me he wants to sit down with me to just talk. i have nobody. i live for my daughter and thats the only reason i am still here.
Assesement: {'depression': 'no'}

Post: theres too much going on at my house for my mom to think i still give a shit. she has taken everything from me, literally everything, then expects me to give a shit when i have my friend pick me up so me and him can hang out for the day. i point out that i have a messed up superiority complex and she takes it too far, and treats me like hell over high waters. she will no longer speak to me, and as far as im concerned, i need to get out. im 16, and shes yet to get me my licence because she claims im too irresponsible to have that kind of responsibility. and i will never say shes a bad mother, shes not, i have 5 siblings that are turning out far better then i have mentally. and i feel terrible that my mom keeps saying these things about me so much that i ave just become them, to fit the mold almost, and not even on purpose. i feel bad that i am now a terrible role model for my siblings, and im almost glad ill be out soon. but, im not, and how im being treated at home is affecting me at school. ive become a vessel of my former self. i still have the emotions, i still feel, but now its wave after wave of depression. its pulling me deeper into insanity, and what helps it? everything i cant do at home. i hope you dont see this as some sob story, i just needed to get that out.
Assesement: {'depression': 'yes'}

Based on the above, assess the content of the following post:
Post: Things that happened today and just in general. 1. My mom almost read something of mine, its not too personal but I dont want my dad seeing it. Also she took it out of my room. I dont like my shit being moved. She wanted to be praised for not reading it. I checked my boundaries! I didnt read it! Arent you proud of me? No bitch. You have anxiety, not bipolar or BPD or something I could understand where boundaries arent a thing for you but anxiety? Shouldnt that be common sense? 2. My sister occasionally will send me stuff about how exercise is the best thing for depression when its proven that exercise only relieves minor depression, not MDD. While it does help me a little my overall mood is still meh. 3. Im being left to fend for myself when it comes to my mental health. I feel like my parents are abusing me with all their mental bullshit. Talking about killing themselves, dying and not caring, all their problems. My mom istg makes up something wrong with her every few hours. 4. I dont understand how they think me, someone whos had a suicide attempt and 2 others unknown, history of some form of self harm, can handle their triggering bullshit. Cant take it and Im about to relapse.
Assessment:
","[{'depression': 'yes'}, {'depression': 'yes'}, {'depression': 'no'}, {'depression': 'yes'}]","

Note: The assessment is based on the criteria for clinical depression as defined in the DSM-"
44,bzbdrp,My Story,"14 months ago I suffered a psychosis event which left me hearing voices and close to suicide, my world crashed around me. I came close to losing my family, I lost my job everything changed... After meeting with Doctors I opened up about my alcohol and drug use and I was diagnosed with depression and the long journey to recovery began. I attended numerous groups and listened to many stories of how everyone overcame/continue to battle their mental wellbeing challenges. It was at that point I became clear to me I joined a community of people all wanting the best for each other. Telling your story is incredibly important regardless of where you are in your journey, so i started Our Recovery to give a platform for people to inspire others with their story: [https://our-recovery.ning.com/](https://our-recovery.ning.com/) If you're part of this group and either suffering with an illness or helping a loved one. Tell your story, Inspire others - with a little bravery you can change a life..Cheers Chris","[1, 0]",{'depressive_disorder'},"My Story. 14 months ago I suffered a psychosis event which left me hearing voices and close to suicide, my world crashed around me. I came close to losing my family, I lost my job everything changed. After meeting with Doctors I opened up about my alcohol and drug use and I was diagnosed with depression and the long journey to recovery began. I attended numerous groups and listened to many stories of how everyone overcamecontinue to battle their mental wellbeing challenges. It was at that point I became clear to me I joined a community of people all wanting the best for each other. Telling your story is incredibly important regardless of where you are in your journey, so i started Our Recovery to give a platform for people to inspire others with their story If youre part of this group and either suffering with an illness or helping a loved one. Tell your story, Inspire others with a little bravery you can change a life.Cheers Chris",Depression,1,0,"
Below are posts and their respective assessments based on the criteria for clinical depression as defined in the DSM-5.
Format your response as a JSON object {'depression': ''} with values either 'yes' or 'no'.

Post: hi. one year ago today i was forced to leave school and was diagnosed with severe depressive disorder. i had been on antidepressants that sent me into a hypomanic episode. i came home, and i was placed in a psychiatric hospital for several months. i worked with doctors over this time, and was able to get to a more stable place. there are times when i feel like this illness is going to get the best of me, where it just feels like it requires too much to keep fighting. but im hoping that the more you get through them the easier itll get to believe you will? while nobody can fully understand the suffering another experiences, i believe that living in dark places makes you capable of guiding others through the dark too. while im still figuring out how to deal with this illness, i know i want to dedicate my future towards working with people feeling similar things to us, because nobody should feel what we feel alone. for this reason, im back at school one year later. there are times now where i cant sleep for nights, or wont push suicidal ideation out of my head, and im frightened that im going to be put back into the hospital. i just learned about this group and would really appreciate some advice about how to navigate this page. im choosing to learn about the importance of support groups what they look like, and how these communities are so much more than just a subpage on reddit. if you feel willing to tell a bit of your story and how this page has helped you, i would so appreciate it. thank you 3
Assesement: {'depression': 'yes'}

Post: 14 months ago i suffered a psychosis event which left me hearing voices and close to suicide, my world crashed around me. i came close to losing my family, i lost my job everything changed. after meeting with doctors i opened up about my alcohol and drug use and i was diagnosed with depression and the long journey to recovery began. i attended numerous groups and listened to many stories of how everyone overcamecontinue to battle their mental wellbeing challenges. it was at that point i became clear to me i joined a community of people all wanting the best for each other. telling your story is incredibly important regardless of where you are in your journey, so i started our recovery to give a platform for people to inspire others with their story web page linkweb page link if youre part of this group and either suffering with an illness or helping a loved one. tell your story, inspire others with a little bravery you can change a life.cheers chris
Assesement: {'depression': 'yes'}

Post: it has been nearly two months since i signed up in this website and i posted in this subreddit for the first time. a lot has happened since then.my oldest friend never contacted me again, i had to visit the hospital after cutting myself, my arm has marks that i have to be careful for no one to see, and i attempted suicide. pretty bad stuff. but i also see the good things. i have great friends that support me and are still here for me, a few of the scars on my arm are fading away, my medication is helping me enjoy the good days, and i am currently in therapy with a very wise and patient therapist. but one thing that also helped, was this subreddit. the stories that are shared here, the support that is voiced, the few people that i exchange message with, it all helped me get through these past weeks too. so thank you to all of you, my journey isnt done, but it is always nice to remember you are not alone. kindly, revelvet1804
Assesement: {'depression': 'yes'}

Post: after years of struggling, i finally had the courage to seek professional help. i was diagnosed with major depression, severe anxiety and ptsd. the doctor saw my cuts and as she held my arm, i almost sobbed in front of her. she asked me what made me decide to seek help. i was quiet for a moment and it came to me that i wanna get better. i want to get rid of the voices that tell me i dont belong in this world. i wish i will get better. lets see.
Assesement: {'depression': 'yes'}

Based on the above, assess the content of the following post:
Post: My Story. 14 months ago I suffered a psychosis event which left me hearing voices and close to suicide, my world crashed around me. I came close to losing my family, I lost my job everything changed. After meeting with Doctors I opened up about my alcohol and drug use and I was diagnosed with depression and the long journey to recovery began. I attended numerous groups and listened to many stories of how everyone overcamecontinue to battle their mental wellbeing challenges. It was at that point I became clear to me I joined a community of people all wanting the best for each other. Telling your story is incredibly important regardless of where you are in your journey, so i started Our Recovery to give a platform for people to inspire others with their story If youre part of this group and either suffering with an illness or helping a loved one. Tell your story, Inspire others with a little bravery you can change a life.Cheers Chris
Assessment:
","[{'depression': 'yes'}, {'depression': 'yes'}, {'depression': 'yes'}, {'depression': 'yes'}]","{'depression': 'yes'}
The above post meets the criteria for clinical depression as defined in the D"
45,bv2nnb,"please, help. *TRIGGER WARNING*","19 F, I came home from my first year of college about two weeks ago, and it's been awful. 
 

 
 Since i've gotten back, i've been feeling really depressed. I've been sleeping all day and staying up all night alone, and haven't made plans to see anyone. During the nights when I am awake, i've battled with the idea of self harm, and even have had thoughts of suicide. I feel like the only reason i haven't done it yet is because I don't want to traumatize my little sisters, and be a burden to my parents. I've had a major increase in panic attacks, and have been crying myself to sleep for the past few nights because my depression has become so unmanageable. My parents went out of town this week, and now im finding these dark thoughts popping into my head more than usual, and i'm afraid that I might give in. I'm on medication for my depression, but it doesn't seem to be working. I want to tell my parents about the way that i've been feeling, but im afraid that they'll just assume that I haven't been taking my meds, or that I'm just feeling this way because i have nothing to do. I don't want to worry my parents, and I want them to be able to trust me to be left home alone. I guess that I'm writing this in hopes that someone has gone through something similar, or can offer any advice on how to tell my parents and how to get the support that I need.","[1, 1]","{'depressive_disorder', 'anxiety_disorder'}","please, help. TRIGGER WARNING. 19 F, I came home from my first year of college about two weeks ago, and its been awful. Since ive gotten back, ive been feeling really depressed. Ive been sleeping all day and staying up all night alone, and havent made plans to see anyone. During the nights when I am awake, ive battled with the idea of self harm, and even have had thoughts of suicide. I feel like the only reason i havent done it yet is because I dont want to traumatize my little sisters, and be a burden to my parents. Ive had a major increase in panic attacks, and have been crying myself to sleep for the past few nights because my depression has become so unmanageable. My parents went out of town this week, and now im finding these dark thoughts popping into my head more than usual, and im afraid that I might give in. Im on medication for my depression, but it doesnt seem to be working. I want to tell my parents about the way that ive been feeling, but im afraid that theyll just assume that I havent been taking my meds, or that Im just feeling this way because i have nothing to do. I dont want to worry my parents, and I want them to be able to trust me to be left home alone. I guess that Im writing this in hopes that someone has gone through something similar, or can offer any advice on how to tell my parents and how to get the support that I need.",Comorbid (Depression + Anxiety),1,1,"
Below are posts and their respective assessments based on the criteria for clinical depression as defined in the DSM-5.
Format your response as a JSON object {'depression': ''} with values either 'yes' or 'no'.

Post: i finally worked up the courage to start telling people about my depression and seeking help for it. my boyfriend tries his best and sometimes even helps. but, telling my parents seems to have caused problems. they are still angry with me, dont try to help, and arent very supportive. they did try to get me a therapist, but the therapist cancelled several meetings due to weather conditions and illness. after that, my parents never tried rescheduling. even though i am diagnosed with depression and diabetes, they havent gotten me in to see the doctor and try to get medication or anything. im in a very low time in my life and at school at like a robot with work and smiling. at home all i do is cry. im very lost and not motivated to do anything. not sure what to do.
Assesement: {'depression': 'yes'}

Post: hi everyone, this past september i was diagnosed with major depression and have since been taking fluoxetine and receiving counseling to treat it. it has gotten much better but before treatment and during the weeks before the medication elevated my mood, it got to the point where i seriously considered suicide a few times. i have to tell my parents soon whats going on but im not sure how or when to initiate the conversation. im probably going to tell it to my mom only because ive always been comfortable telling her anything, whereas ive never had deep conversations with my dad. any help is appreciated, thank you.
Assesement: {'depression': 'yes'}

Post: long story short i started getting depressed after my girlfriend dumped me. back then i was a struggling college sophomore with no motivation, while she was a premed 4th year who just got accepted into stanford for grad school. then she cheats on me during finals week and everything goes to shit. fastforward a few months after we break up, i give us the no contact rule but for me everything just seems dull and gray and pointless, and at one point i just broke down at home when my parents yelled at me for forgetting to do chores when i came home during spring break. thats when i realized how fragile i was. then i let off that i was diagnosed with depression during my time at college, and now my parents are so fucking stressed about me being back on campus again and my sister texted me saying how they might actually die from the stress since everythings going to shit. i want to get better. i hate feeling like this. i dont want my parents getting hurt just because im hurting. is there anything i can do? at times ive thought itd be better to just disappear than putting everyone through so much trouble. i dont have hopes for the future since im failing college and have no motivation. i whine about not doing well when i didnt put in effort to better myself. and i really fucking hate how im hurting good people just because i cant handle anything
Assesement: {'depression': 'yes'}

Post: so i was diagnosed with depression a year ago i spent sometime in a mental hospital for it and up until a few months ago ive mostly been fine. as of late ive just felt so lonely like im unloved and have no one to talk to about what i really feel like. im to scared to bring it up to my parents because everytime i try to bring it up or i screw up in a mental way all they say is, maybe we should send you back to the mental hospital., and they say it in a threatning way. plus its hard to talk to other people due to my social anxiety, so i feel beyond alone.
Assesement: {'depression': 'yes'}

Based on the above, assess the content of the following post:
Post: please, help. TRIGGER WARNING. 19 F, I came home from my first year of college about two weeks ago, and its been awful. Since ive gotten back, ive been feeling really depressed. Ive been sleeping all day and staying up all night alone, and havent made plans to see anyone. During the nights when I am awake, ive battled with the idea of self harm, and even have had thoughts of suicide. I feel like the only reason i havent done it yet is because I dont want to traumatize my little sisters, and be a burden to my parents. Ive had a major increase in panic attacks, and have been crying myself to sleep for the past few nights because my depression has become so unmanageable. My parents went out of town this week, and now im finding these dark thoughts popping into my head more than usual, and im afraid that I might give in. Im on medication for my depression, but it doesnt seem to be working. I want to tell my parents about the way that ive been feeling, but im afraid that theyll just assume that I havent been taking my meds, or that Im just feeling this way because i have nothing to do. I dont want to worry my parents, and I want them to be able to trust me to be left home alone. I guess that Im writing this in hopes that someone has gone through something similar, or can offer any advice on how to tell my parents and how to get the support that I need.
Assessment:
","[{'depression': 'yes'}, {'depression': 'yes'}, {'depression': 'yes'}, {'depression': 'yes'}]","
The answer for the assessment is: {'depression': 'yes'}"
46,5ezmxc,downfall of 2016,"2 ish years ago i experimented with starving and purging. january this year, i was diagnosed with anxiety, depression and an eating disorder. beginning of 2016 was awful but great. i had my friends and all their support and they loved me so much. they still love me now, but it's not the same. they claim that i change when i'm around guys, as if i want to get with them. they all went to this concert on the weekend and i wasn't invited with them even though they're all my friends. they say i'm annoying sometimes bc of how i throw myself at guys but i don't and it's just making me feel so fucking low. none of my friends that i text can make me happy anymore except this one guy that i've been talking to, but he's been getting annoyed with me and has stopped replying. i don't have any will to live and all i do nowadays is sleep or contemplate death","[1, 1]","{'depressive_disorder', 'anxiety_disorder'}","downfall of 2016. 2 ish years ago i experimented with starving and purging. january this year, i was diagnosed with anxiety, depression and an eating disorder. beginning of 2016 was awful but great. i had my friends and all their support and they loved me so much. they still love me now, but its not the same. they claim that i change when im around guys, as if i want to get with them. they all went to this concert on the weekend and i wasnt invited with them even though theyre all my friends. they say im annoying sometimes bc of how i throw myself at guys but i dont and its just making me feel so fucking low. none of my friends that i text can make me happy anymore except this one guy that ive been talking to, but hes been getting annoyed with me and has stopped replying. i dont have any will to live and all i do nowadays is sleep or contemplate death",Comorbid (Depression + Anxiety),1,1,"
Below are posts and their respective assessments based on the criteria for clinical depression as defined in the DSM-5.
Format your response as a JSON object {'depression': ''} with values either 'yes' or 'no'.

Post: so. where do i start? i was diagnosed with depression in 2016 and im now taking mood stabilizers for it. only they work for my ups, not for my downs. as for my life. i have no job. ive been actively looking for jobs since 2015, without success. so i took a masters degree to help me find a job. only it was a colossal waste of time. and now im probably overqualified. i feel like ill never get out of this unemployment situation. my friends dont care about me. actually, i feel really unwanted by them. they never talk to me, and when i do start a conversation, it feels like theyre only talking because they feel they have to. or because they pity me. my ex broke up with me via text on january 2nd. and i told a friend of mine and was met with a suggestion it was my fault for not talking enough during the relationship. well, i tried. it just didnt work. whats the point in trying? i do take my medication. does it work? probably not the way they should. i dont even know why im reaching out. probably this post is gonna get lost somewhere in between other posts and itll make me feel even more unwanted. anyway, if anyone is reading this, id like to thank you for being a kind soul.
Assesement: {'depression': 'yes'}

Post: around two years ago i lost all my friends and and my mental health got to a point where i couldnt function as a human i wasnt eating and got to about 85lbs i didnt get out my bed didnt shower brush my teeth, i already have diagnosed bipolar and so i have depressive episodes, but this wasnt just that it was so severe that im surprised im here. but i feel like the cycles happening again. i had a really mutual civil breakup with my ex and we were fine i dont know why but hes suddenly turned really sour to me which is fine but im noticing that hes starting to ostracize me from my friendship group and when ive talked to people about it no one seems to care, i dont have a lot of friends and im scared im not going to make it through it this time so if anyone has any advice that would be super helpful.
Assesement: {'depression': 'yes'}

Post: i am not sure what to expect from this post. i think maybe it is just a vent because i am so incredibly sad. three years ago i got very ill. things started to get bad at work and also i got difficulties in my friendships. i couldnt be relaxed around my friends anymore because the pressure of the illness made it all so difficult for me. so when only a tiny problem would show up in a friendship i couldnt deal with it anymore in a reasonable way. so what i did because of that is that i cut contact to all of my friends, just because it got too much. now three years later, i am on the way to recovery, but now i am more alone than ever. no birthday invites, no weddings to attend to, no nights out, nothing. i am living the life of an old person, but i am only in my early thirties. how can i ever make this undone? i miss my friends, i miss having somewhere to belong, especially because at my age it is so much more difficult to make friends.
Assesement: {'depression': 'no'}

Post: i was recently diagnosed as bipolar instead of depression like they had thought for the last 4 years. they are trying to find the right med combo now and it is hell. then to add to the constant med changes over the last 3 months, i got over confident and asked out my only friend. she rejected me and then started getting cold to me. in my instability, i snapped at her and completely ruined our friendship. and she was my only support in trying to get better. the future seems pretty bleak right now. i am severely depressed and am considering just giving up on everything again. i dropped out of the real world for 2 years and did therapy and meds. this was my attempt to put my life back together and its failing miserably. every time i try to do things to make my future better it blows up in my face. im starting to think tomorrow never gets better
Assesement: {'depression': 'yes'}

Based on the above, assess the content of the following post:
Post: downfall of 2016. 2 ish years ago i experimented with starving and purging. january this year, i was diagnosed with anxiety, depression and an eating disorder. beginning of 2016 was awful but great. i had my friends and all their support and they loved me so much. they still love me now, but its not the same. they claim that i change when im around guys, as if i want to get with them. they all went to this concert on the weekend and i wasnt invited with them even though theyre all my friends. they say im annoying sometimes bc of how i throw myself at guys but i dont and its just making me feel so fucking low. none of my friends that i text can make me happy anymore except this one guy that ive been talking to, but hes been getting annoyed with me and has stopped replying. i dont have any will to live and all i do nowadays is sleep or contemplate death
Assessment:
","[{'depression': 'yes'}, {'depression': 'yes'}, {'depression': 'no'}, {'depression': 'yes'}]","

The following is the assessment of the post based on the DSM-5 criteria for clinical depression"
47,a34ffm,[RANT] Am I actually depressed? Not looking for a diagnosis....details inside.,"2 years ago I was diagnosed with major depression and I've been taking anti depressants and seeing various therapists ever since.
 
 I'm currently experiencing a depressive episode that's lasted for at least 2 weeks. Sometimes I feel a little better and sometimes I feel shitty all over again. I know that I am depressed/do have depression.
 
 But sometimes I feel like no one around me really understands what I'm going through. And I feel like I make too much of a big deal out of little things. For example, I get really down on myself if I have a hard time doing something small like getting out of bed, taking a shower, taking out trash, etc. 
 
 Since these are ""basic everyday tasks"", I end up telling myself that I'm not actually depressed and that I'm just making things harder than they have to be. That's something that various authority figures in my life always told me when I was a child and I think it's kind of just gotten to be ingrained in my mind. 
 
 Does anyone else ever feel like this? You know logically that you have depression but you feel like you're just making a huge deal out of something so simple?","[1, 0]",{'depressive_disorder'},"RANT Am I actually depressed? Not looking for a diagnosis.details inside. 2 years ago I was diagnosed with major depression and Ive been taking anti depressants and seeing various therapists ever since. Im currently experiencing a depressive episode thats lasted for at least 2 weeks. Sometimes I feel a little better and sometimes I feel shitty all over again. I know that I am depresseddo have depression. But sometimes I feel like no one around me really understands what Im going through. And I feel like I make too much of a big deal out of little things. For example, I get really down on myself if I have a hard time doing something small like getting out of bed, taking a shower, taking out trash, etc. Since these are basic everyday tasks, I end up telling myself that Im not actually depressed and that Im just making things harder than they have to be. Thats something that various authority figures in my life always told me when I was a child and I think its kind of just gotten to be ingrained in my mind. Does anyone else ever feel like this? You know logically that you have depression but you feel like youre just making a huge deal out of something so simple?",Depression,1,0,"
Below are posts and their respective assessments based on the criteria for clinical depression as defined in the DSM-5.
Format your response as a JSON object {'depression': ''} with values either 'yes' or 'no'.

Post: my medication switch i feel is finally taking effect and working, but life still feels shitty because now im well enough to really grasp the fact that my life is shitty.but when im just straight up depressed i dont give a crap. make sense? i feel like my life is always a lose lose. i wish it was just over. i dont see or feel any happiness coming my way in the future. i can just feel it in my gut. family thinks im crazy when i say that but my gut intuitions are usually pretty on point.
Assesement: {'depression': 'yes'}

Post: hi. i got diagnosed with depression over a year ago. i still have hard time believing i have it. i can still laugh and be happy sometimes but mostly i just feel like a piece of shit. these last couple of days have been so bad that i barely have gotten out of bed. i dont know if this happens just because my mom said that i am too young to have depression she also laughed at me when my therapist told her i self harm.
Assesement: {'depression': 'yes'}

Post: i have depression, its not that i am depression. the feelings of never being good enough, the voice that tells me i dont deserve happiness, affection or anything good in my life, thats not me. thats the depression talking. ive been seeing a therapist for about half a year, and was diagnosed with reoccurring depression and anxiety. that helped me to accept that i sometimes dont feel like myself, that in periods of my life im unable to feel anything, and that its ok to sometimes be useless at my job and in social settings, because my brain is already on overdrive all the time. but in the process of digging deep, and trying to get to the bottom of how im feeling, and what im going through, i got so caught up in feeling my feelings, and trying to make sense of my patterns of behavior and emotion, that i somehow forgot that this isnt actually me. im in the middle of a shit storm, my brain is working against me, and all these negative feelings and thoughts, even though they feel real, theyre not. im still me somewhere, im still valid, im still loved, and i still deserve love even though i cant seem to accept it right now. i dont know what i want with sharing this, but maybe ill save it in case i forget again. i have depression, its not that i am depression.
Assesement: {'depression': 'yes'}

Post: ive had major depression for 8 years but the last couple of months were the best of my life my medication was straightened out and i smiled, rekindled friendships, all of that jazz. unfortunately there always seems to be a but. these past few weeks ive been noticing some of my old patterns. going to bed at 7pm a few nights and then not sleeping at all, eating way too much to the point of nausea, and paranoia about others perception of me. another but, but i still go to school, i still smile i can carry on a conversation and on the inside i just want to fall to the floor and concede to existence, im physically exhausted by just being alive. i know there are things i could do eat healthier, work out, etc. but im just trying to focus the energy i have left on not breaking down during the day when im already exhausted half way through it. i was diagnosed with major depression, now i feel like i didnt get better i just feel like existence is still meaningless but now definitely no one will suspect that thats whats going on in my head. i hate asking people for help i feel like a bother even just thinking about it. anonymity seems to be my only outlet.
Assesement: {'depression': 'yes'}

Based on the above, assess the content of the following post:
Post: RANT Am I actually depressed? Not looking for a diagnosis.details inside. 2 years ago I was diagnosed with major depression and Ive been taking anti depressants and seeing various therapists ever since. Im currently experiencing a depressive episode thats lasted for at least 2 weeks. Sometimes I feel a little better and sometimes I feel shitty all over again. I know that I am depresseddo have depression. But sometimes I feel like no one around me really understands what Im going through. And I feel like I make too much of a big deal out of little things. For example, I get really down on myself if I have a hard time doing something small like getting out of bed, taking a shower, taking out trash, etc. Since these are basic everyday tasks, I end up telling myself that Im not actually depressed and that Im just making things harder than they have to be. Thats something that various authority figures in my life always told me when I was a child and I think its kind of just gotten to be ingrained in my mind. Does anyone else ever feel like this? You know logically that you have depression but you feel like youre just making a huge deal out of something so simple?
Assessment:
","[{'depression': 'yes'}, {'depression': 'yes'}, {'depression': 'yes'}, {'depression': 'yes'}]","
The assessment for each post is as follows:
Post 1: {'depression': 'yes'}
"
48,4iz9a3,I'm 18 and suicidal.,"2 years ago I was diagnosed with severe depression and social anxiety after taking severals exams over at my doctors and psychologists. I slowly started to get better by taking prescribed pills and visiting a therapist frequently. However, a year ago, I was forced to move back, after 9 years of living in Dallas, to my home country in Mexico due to economic stability and my parents divorced. Socially, I feel everyone rejects me and I tend to be my myself no matter how hard I try to talk to people. My friends back in Dallas no longer talk to me and most of them have unfollowed me from social media or have lost my number. My parents don't really care for me and talk to me once in a while. And to make matters worst, my grades have been terrible due to me not being able to adapt to this new system and most people tell me I probably won't be accepted to a good college because of my grades this year. Right now I just feel like dying more than ever because I see no point in living anymore. I have no money, little opportunity for a job, I don't understand how this country works and my friends and familiy don't really care for me. I have a huge exam tomorrow but I've lost motivation to even try.","[1, 1]","{'depressive_disorder', 'anxiety_disorder'}","Im 18 and suicidal. 2 years ago I was diagnosed with severe depression and social anxiety after taking severals exams over at my doctors and psychologists. I slowly started to get better by taking prescribed pills and visiting a therapist frequently. However, a year ago, I was forced to move back, after 9 years of living in Dallas, to my home country in Mexico due to economic stability and my parents divorced. Socially, I feel everyone rejects me and I tend to be my myself no matter how hard I try to talk to people. My friends back in Dallas no longer talk to me and most of them have unfollowed me from social media or have lost my number. My parents dont really care for me and talk to me once in a while. And to make matters worst, my grades have been terrible due to me not being able to adapt to this new system and most people tell me I probably wont be accepted to a good college because of my grades this year. Right now I just feel like dying more than ever because I see no point in living anymore. I have no money, little opportunity for a job, I dont understand how this country works and my friends and familiy dont really care for me. I have a huge exam tomorrow but Ive lost motivation to even try.",Comorbid (Depression + Anxiety),1,1,"
Below are posts and their respective assessments based on the criteria for clinical depression as defined in the DSM-5.
Format your response as a JSON object {'depression': ''} with values either 'yes' or 'no'.

Post: grew up with my mom, who is a hard time narsisist. it was hard, for sure. quit highschool after 1.5years due to my dream about becoming a paramedic. a week ago, i got the news that they for some odd reason they decided to cut my permit to study there. my life is all about going to school. i got very few friends, and i dont see them that often. my last relationship ended a year ago. im 21 years old, and i got fuck all when it comes to a diploma degree, no girlfriend, nothing. im close with my father, i rarely see my sisters. all i have thought about these last few days is suicide. i got absolutely no clue where to go from here. if i had the balls to commit suicide, i would have done it already tbh. im so fucking lost. all i can think about is a situation where i can spare my life for someone elses, go down like a hero. edit i have had diagnosed depression for 4 years now every response is appreciated. thanks a lot.
Assesement: {'depression': 'yes'}

Post: im 21f, living far away from my family because of uni. this is my first year at university and i attended very few classes im probably gonna fail everything. i cant stand it. last year was exactly the same, but different university. i feel bad for my parents because the are paying for everything rent, food, school, etc and everything i do is stay in bed and cry 247 because im too depressed to be fucking functional like a normal person. they are like the emotionally abusive parents and they never supported me. im scared to told them im feeling the same as the last 4 years and im gonna drop out. i feel like this world is not for me. i dont know what to do with my life and this was my last chance at uni. i have been diagnosed with depression, generalized anxiety and social anxiety severe. i go to therapy but seems like is not working at all and i dont have money to pay for a better therapist.i have suicidal thougts almost everyday. i dont have any friends so i feel very lonely and i dont have no one to talk to.
Assesement: {'depression': 'yes'}

Post: i havent had friends in 2 years. ive slowly but surely grown to accept that ill never have any again. over these 2 years ive lost all of my social skills. i dont know how to talk to anybody at all. i dont know what to say to anyone. i dont know how to act in public and in front of people. i started home school as well. that isnt helping at all. im so lonely. my own family doesnt give a shit about me at all so thats no good either. i feel like over these 2 years my mental health has gotten so horrible. ive gained so many new diagnoses. every single god damn day suicide crosses my mind a few times a day. lately ive been wanting to act on it a lot and ive gotten close a few times. i feel so lost and im always in my head. i literally feel like as if im in the woods with no way out like its endless. i have no clue what to do and i dont see any future for myself, i dont even want a future at this point.
Assesement: {'depression': 'yes'}

Post: i was a depressed, useless sack of shit my entire life. i decided i should move to another country in order to make my life better. so i did move out of the country for studies. now my degree is killing me. theres no way i can finish it. its too hard, or im just too much of a dumbfuck for it. ive always been the family disappointmentand mostly everybodys disappointment, so if i fail this coursewhich will definitely happen, my parents will most likely not let me live in their house againour relationship isnt exactly great. i want to die, for fucks sake. everybody told me im a complete failure, now i understand they are right. im hopeless. i have nothing to live for.
Assesement: {'depression': 'yes'}

Based on the above, assess the content of the following post:
Post: Im 18 and suicidal. 2 years ago I was diagnosed with severe depression and social anxiety after taking severals exams over at my doctors and psychologists. I slowly started to get better by taking prescribed pills and visiting a therapist frequently. However, a year ago, I was forced to move back, after 9 years of living in Dallas, to my home country in Mexico due to economic stability and my parents divorced. Socially, I feel everyone rejects me and I tend to be my myself no matter how hard I try to talk to people. My friends back in Dallas no longer talk to me and most of them have unfollowed me from social media or have lost my number. My parents dont really care for me and talk to me once in a while. And to make matters worst, my grades have been terrible due to me not being able to adapt to this new system and most people tell me I probably wont be accepted to a good college because of my grades this year. Right now I just feel like dying more than ever because I see no point in living anymore. I have no money, little opportunity for a job, I dont understand how this country works and my friends and familiy dont really care for me. I have a huge exam tomorrow but Ive lost motivation to even try.
Assessment:
","[{'depression': 'yes'}, {'depression': 'yes'}, {'depression': 'yes'}, {'depression': 'yes'}]","{'depression': 'yes'}

The above post presents several signs of depression, including:

*"
49,7aurgt,I just want someone to read this,"20-something, just feeling really depressed tonight. I was diagnosed with clinical depression while in high school and it has sort of been ruining my life for the last couple of years. I've flunked out of college, been kicked out of the military, and in general just not had a good time in life so far. The problem is, I feel that I don't really have any reason to be depressed. Yes, I am from a very working class family, and that certainly weighs on me from day-to-day, but my family is all very supportive, I have a good job that I enjoy, and I have an amazing girlfriend that is so supportive of me. I have worked so hard to get my depression in check (exercise, counseling, and even medication) but I am not doing any of that right now. Why am I like this? I have no reason not to make my life better in these ways, and yet here I am, crying at my computer screen because I don't feel like doing anything at all. If anyone actually reads this, thank you. Any advice, tips, or anything at all at this point would be really helpful, thank you all.
 
 Update: Holy shit, thank you all so much. It's been a rough ass week and I've just finished reading through everyone one of these replies with my girlfriend. You all are immensely helpful, and I am going to take a bit of every suggestion that I see. 
 P.S. I guess I should clean more","[1, 0]",{'depressive_disorder'},"I just want someone to read this. 20something, just feeling really depressed tonight. I was diagnosed with clinical depression while in high school and it has sort of been ruining my life for the last couple of years. Ive flunked out of college, been kicked out of the military, and in general just not had a good time in life so far. The problem is, I feel that I dont really have any reason to be depressed. Yes, I am from a very working class family, and that certainly weighs on me from daytoday, but my family is all very supportive, I have a good job that I enjoy, and I have an amazing girlfriend that is so supportive of me. I have worked so hard to get my depression in check exercise, counseling, and even medication but I am not doing any of that right now. Why am I like this? I have no reason not to make my life better in these ways, and yet here I am, crying at my computer screen because I dont feel like doing anything at all. If anyone actually reads this, thank you. Any advice, tips, or anything at all at this point would be really helpful, thank you all. Update Holy shit, thank you all so much. Its been a rough ass week and Ive just finished reading through everyone one of these replies with my girlfriend. You all are immensely helpful, and I am going to take a bit of every suggestion that I see. P.S. I guess I should clean more",Depression,1,0,"
Below are posts and their respective assessments based on the criteria for clinical depression as defined in the DSM-5.
Format your response as a JSON object {'depression': ''} with values either 'yes' or 'no'.

Post: ive tried so hard these years to be better every day. ive felt better, but then, i always end up in the same bad place i was before. depression has drained me. now, i spend almost all my energy trying to hold myself together, and i cant even study when i get home because i fall asleep. now, i cant even concentrate, or think clearly, even when im fine. i still see that brain fog every time a teacher asks me a question. i feel like homer simpson every time somebody tries to explain something to me. my mind is damaged. also, thanks to depression, ive lost people, because i start acting out, and people freak out. ive lost what i considered good chances of meeting a great person, and maybe, fall in love. i now understand that its never gonna happen. thanks to depression, my father has an aditional thing to stress about. i have a great family, and theyre very supportive, but i know how they feel when they realize im not okay. you people know how i feel. i just dont want to exist anymore. i really wish i could go to bed tonight, and maybe, not waking up ever again. im really tired of being useless, and a burden.
Assesement: {'depression': 'yes'}

Post: i was diagnosed with depression a while ago, and have been taking medicine.it helps me feel better at times, but most of the time i just.lack motivation to do much except eat, sleep, bathroom, and occasionally go out to see what little friends i have. i just got my drivers license, havent used it much. currently jobless, cant pay for gas, insurance, upkeep, student loans. and even though i know i should be applying to jobs and theres plenty of jobs out there this time of year.whenever i go to online, i just.freeze. my family thinks im super lazy.and i dunno, maybe i am.i just keep getting yelled at, and it doesnt help, even though i know their words have merit and are only trying to help. i just.wish i had motivation. yes, laying in bed and taking it easy feels super nice at times.but i know theres more.but i just dont seem to care and care at the same time, and the dont care usually wins. if this isnt the right sub for something like this, tell me, and ill post somewhere else.i just had to say something.
Assesement: {'depression': 'yes'}

Post: i was diagnosed with depression a while ago, and have been taking medicine.it helps me feel better at times, but most of the time i just.lack motivation to do much except eat, sleep, bathroom, and occasionally go out to see what little friends i have. i just got my drivers license, havent used it much. currently jobless, cant pay for gas, insurance, upkeep, student loans. and even though i know i should be applying to jobs and theres plenty of jobs out there this time of year.whenever i go to online, i just.freeze. my family thinks im super lazy.and i dunno, maybe i am.i just keep getting yelled at, and it doesnt help, even though i know their words have merit and are only trying to help. i just.wish i had motivation. yes, laying in bed and taking it easy feels super nice at times.but i know theres more.but i just dont seem to care and care at the same time, and the dont care usually wins. if this isnt the right sub for something like this, tell me, and ill post somewhere else.i just had to say something.
Assesement: {'depression': 'yes'}

Post: i think this is my first post on reddit, if not its something else mind numbingly stupid. my name is lea, im a 23 year old american. for me, depression comes and it goes. i have been diagnosed with mdd, among other things. i spent two years in therapy and feel like nothing has truly improved most of the time. my general motivation is zero, especially since i made it through college. nobody can tell me what im supposed to do now except get a job, and thats great. if i had any clue how to do that. i am very lonely, even in the house i live in, full of family members. the love of my life lives very far away and had issues of their own. i feel like anybody i speak to about all of my sadness is burdened by my words. in fact, i have times where i prefer not to talk at all. my friends have all drifted away because my family cannot afford to have internet access, so i lost many of my close friends to distance. ive been like this for as long as i can remember and still see no real light in my future expect for with my partner and far away from my blood relations. i dont know why i just told you all of this except maybe to feel less alone. this probably breaks some rule i didnt read and will get taken down because nothing i do is good enough.
Assesement: {'depression': 'yes'}

Based on the above, assess the content of the following post:
Post: I just want someone to read this. 20something, just feeling really depressed tonight. I was diagnosed with clinical depression while in high school and it has sort of been ruining my life for the last couple of years. Ive flunked out of college, been kicked out of the military, and in general just not had a good time in life so far. The problem is, I feel that I dont really have any reason to be depressed. Yes, I am from a very working class family, and that certainly weighs on me from daytoday, but my family is all very supportive, I have a good job that I enjoy, and I have an amazing girlfriend that is so supportive of me. I have worked so hard to get my depression in check exercise, counseling, and even medication but I am not doing any of that right now. Why am I like this? I have no reason not to make my life better in these ways, and yet here I am, crying at my computer screen because I dont feel like doing anything at all. If anyone actually reads this, thank you. Any advice, tips, or anything at all at this point would be really helpful, thank you all. Update Holy shit, thank you all so much. Its been a rough ass week and Ive just finished reading through everyone one of these replies with my girlfriend. You all are immensely helpful, and I am going to take a bit of every suggestion that I see. P.S. I guess I should clean more
Assessment:
","[{'depression': 'yes'}, {'depression': 'yes'}, {'depression': 'yes'}, {'depression': 'yes'}]",{'depression': 'yes'}
50,abshck,Thing i wrote before my birthday. Never knew the last paragraph could still hit me hard.,"2015/10/4
 It was the day before her birthday that she ended her life. It happened at about 10pm. Her skull was bashed on the brick floor, killing her almost instantly. Flies flew around her body, analysing the perfect spot to lay eggs. Where a life ended it begins new life. However the girl did not want new life. She cursed the day she was born, and did not want to live through that day again. For her, even though she well recongnised that this was not true, every single living being felt harmful to the world. The flies did not find a good spot. They flew away.
 Everything that went into her became nothing. The effort, the love, the worry, the money, the care all vanished into thin air. She became inedible meat. Once she was so alive, but the other day she became dead meat, nothing, no one, a ˜thing that seemed like it was never alive in the first place.
 And her brother was still cross at her because he couldnt go to the buffet. Her mother was angry; she initially meant this event to be happy and enjoyable. She had booked a meal with her daughters name. It was all because of her. Everything was, after all, her fault.
 
 Fuck me, fuck my life, fuck everyone around me and fuck everything
 fuck the day of my conception, fuck the day of my birth, fuck my first breath and my first heat beat
 Fuck me more than anything else because I deserved to be fucked the most","[1, 0]",{'depressive_disorder'},"Thing i wrote before my birthday. Never knew the last paragraph could still hit me hard. 2015104 It was the day before her birthday that she ended her life. It happened at about 10pm. Her skull was bashed on the brick floor, killing her almost instantly. Flies flew around her body, analysing the perfect spot to lay eggs. Where a life ended it begins new life. However the girl did not want new life. She cursed the day she was born, and did not want to live through that day again. For her, even though she well recongnised that this was not true, every single living being felt harmful to the world. The flies did not find a good spot. They flew away. Everything that went into her became nothing. The effort, the love, the worry, the money, the care all vanished into thin air. She became inedible meat. Once she was so alive, but the other day she became dead meat, nothing, no one, a thing that seemed like it was never alive in the first place. And her brother was still cross at her because he couldnt go to the buffet. Her mother was angry she initially meant this event to be happy and enjoyable. She had booked a meal with her daughters name. It was all because of her. Everything was, after all, her fault. Fuck me, fuck my life, fuck everyone around me and fuck everything fuck the day of my conception, fuck the day of my birth, fuck my first breath and my first heat beat Fuck me more than anything else because I deserved to be fucked the most",Depression,1,0,"
Below are posts and their respective assessments based on the criteria for clinical depression as defined in the DSM-5.
Format your response as a JSON object {'depression': ''} with values either 'yes' or 'no'.

Post: birthday happened about half a month ago, now im 24, only one classmate remembered my birthday, my friends dont. okay, topic proper, i cant wrap my head around the concept of living. to live is to suffer by having a job, im suffering by suffering, im living. then whats the point of me living if its fueled with suffering? for the past few weeks it has been manageable for me because i was going for classes sponsored by my company, which is a cakewalk because they are basic modules. when im studying, time seems to pass at a moderate pace, but when im working, time crawls. i will look at my phone thinking its lunch time, only to realize that im 2 hours away from it. i want to quit my job and spend the rest of my days sleeping at home. just sleeping and eating, nothing else, i can be thrifty, yes i can but. its not sustainable, my parents will definitely go before i do. i cant. but i want. but i cant. oh life, youve put me in a difficult spot. if i got a preview of life before i was born, id be like fuck that shit. heres a picture i saw on facebook which describes my situation pretty wellweb page link
Assesement: {'depression': 'yes'}

Post: i woke up very early, 2 am. i just came out of a vivid nightmare. after sweating in my bed for a moment it dawned on me that today i am 23. 23 years of age and i feel so unwanted. i then had a very depressant episode. i was almost in tears. i then went back to sleep and was woken up by my father at 5 am. what was the first thing he said to me? happy birthday? obviously not. no. it was, are you going to work or not? in such an antagonistic tone. i said yes and went to work with him. i help him in construction. it is a temporary job until i get my doctrine. all day long i had to deal with insulation and power tools. i hated every minute of it. i then returned home and didnt get any gifts or even a card. despite having 300+ friends on facebook, not one of them said happy birthday either. the ironic part is that i wish everyone a happy birthday. i guess none of them.no one ever thought of me as a friend. now i am in bed without a birthday cake or any positive feelings for myself. i have never felt so unloved.
Assesement: {'depression': 'yes'}

Post: my birthday is this month. and ive been dreading it for a while. the closer the day, the more anxious i am. every year, theres always something that happens. i was hurt, humiliated, forgotten, assaulted. my parents always managed to make it better, but this year, i live alone. i havent hurt myself as of late, the last time was a month ago. ive been thinking about slowly pushing away the people around me, im such a weight, its easy for me to do anyways. i know rationally it isnt true, i just feel so horrible, and as the days go by, i cant help but feel this void inside me. im nothing.
Assesement: {'depression': 'yes'}

Post: im largely at a loss for words. this is the first time ive ever felt scared for my birthday. today is my birthday, and i just want to be alone. i just want to be gone. the idea of suicide has become too difficult for me to handle. even after having attempted it months ago, i cant bring myself to try now, not even cutting feels right. even when everything is worse, i somehow became cowardly. i dont love anything. i want to parish instantaneously. i dont want a birthday. i want people out of my life so i stop holding on to nothing. pushing everyone away makes me sad, but i cant bring myself to do anything else. i need them gone from my life anyways.
Assesement: {'depression': 'yes'}

Based on the above, assess the content of the following post:
Post: Thing i wrote before my birthday. Never knew the last paragraph could still hit me hard. 2015104 It was the day before her birthday that she ended her life. It happened at about 10pm. Her skull was bashed on the brick floor, killing her almost instantly. Flies flew around her body, analysing the perfect spot to lay eggs. Where a life ended it begins new life. However the girl did not want new life. She cursed the day she was born, and did not want to live through that day again. For her, even though she well recongnised that this was not true, every single living being felt harmful to the world. The flies did not find a good spot. They flew away. Everything that went into her became nothing. The effort, the love, the worry, the money, the care all vanished into thin air. She became inedible meat. Once she was so alive, but the other day she became dead meat, nothing, no one, a thing that seemed like it was never alive in the first place. And her brother was still cross at her because he couldnt go to the buffet. Her mother was angry she initially meant this event to be happy and enjoyable. She had booked a meal with her daughters name. It was all because of her. Everything was, after all, her fault. Fuck me, fuck my life, fuck everyone around me and fuck everything fuck the day of my conception, fuck the day of my birth, fuck my first breath and my first heat beat Fuck me more than anything else because I deserved to be fucked the most
Assessment:
","[{'depression': 'yes'}, {'depression': 'yes'}, {'depression': 'yes'}, {'depression': 'yes'}]","
The assessment of the posts based on the criteria for clinical depression as defined in the DSM-5"
51,fjmu6u,Birthdays suck,"22F here, been suffering with depression for almost two years now. I've noticed that over the past few years, when my birthday comes around, I feel quite down and not at all like a celebration. If it were up to me, I probably wouldn't celebrate at all, but my parents are very big on the family topic and they always want to gather for such things. I don't want to be forced to sit at a table with some family, making awkward small talk and having them take pictures of me holding the stupid cake. How do I tell my family that I'd rather be alone on my birthday, because it's making me sad rather than the other way around?","[1, 0]",{'depressive_disorder'},"Birthdays suck. 22F here, been suffering with depression for almost two years now. Ive noticed that over the past few years, when my birthday comes around, I feel quite down and not at all like a celebration. If it were up to me, I probably wouldnt celebrate at all, but my parents are very big on the family topic and they always want to gather for such things. I dont want to be forced to sit at a table with some family, making awkward small talk and having them take pictures of me holding the stupid cake. How do I tell my family that Id rather be alone on my birthday, because its making me sad rather than the other way around?",Depression,1,0,"
Below are posts and their respective assessments based on the criteria for clinical depression as defined in the DSM-5.
Format your response as a JSON object {'depression': ''} with values either 'yes' or 'no'.

Post: birthdays are supposed to be a special day, and i cant feel special. every year, its a pizza, or a cake, or both. i try my hardest to have fun playing csgo and such, but its impossible without being called to do this and that. my parents were reluctant to buy me a cake, but bought me a tiny cake. the cake was good and i was planning to stuff myself later, only to find that they ate the whole cake. if it wasnt midnight, id fucking scream. i really wanted to lose it. if they wanted to have a piece despite me not wanting to share, they could have at least bought a bigger cake. i cant even have a birthday cake in the house without people eating it. now for some reason im not enjoying my day at all as much as i should. the cake would have really made my day.
Assesement: {'depression': 'no'}

Post: im largely at a loss for words. this is the first time ive ever felt scared for my birthday. today is my birthday, and i just want to be alone. i just want to be gone. the idea of suicide has become too difficult for me to handle. even after having attempted it months ago, i cant bring myself to try now, not even cutting feels right. even when everything is worse, i somehow became cowardly. i dont love anything. i want to parish instantaneously. i dont want a birthday. i want people out of my life so i stop holding on to nothing. pushing everyone away makes me sad, but i cant bring myself to do anything else. i need them gone from my life anyways.
Assesement: {'depression': 'yes'}

Post: my birthdays in a week and its really messing me up. how do i celebrate the day i was born when my parents arent around? im only turning 19 and yet i feel so alone and lost? every year i get older is another decision i have to make, another step towards the mythical future where im expected to have a job, a spouse, and a home. i dont have any semblance of an idea what i want to do with my life. i dont even know what path im on. sometimes ill do great and exceed expectations, and other times ill go missing for a week and not do a thing. why cant i be stable, why cant i meet in that middle? how do i continue to age and become more adult when my actions are so juvenile? and my thoughts so childishly hostile. i want more than anything to do better. i want to be strong and wise and have this great, powerful life helping people escape oppression and tyranny. but whenever im on a path at some point i just get hit in the face by the an unnamed something and lose whatever footing, progress, or happiness i had found. its so hard to subscribe onto another year of this existence. to celebrate and be happy about an upcoming birthday. to think woohoo, i made it!, when i didnt really. i scrapped by, i dragged on. the only reason i am still here is because it is easier to put myself through this emotional labor of living, than the emotional grief of dooming my family to suffer. and by family i mean my brothers, who do not deserve yet another family suicide, but probably wouldnt miss me if i were gone.
Assesement: {'depression': 'yes'}

Post: my birthday is this month. and ive been dreading it for a while. the closer the day, the more anxious i am. every year, theres always something that happens. i was hurt, humiliated, forgotten, assaulted. my parents always managed to make it better, but this year, i live alone. i havent hurt myself as of late, the last time was a month ago. ive been thinking about slowly pushing away the people around me, im such a weight, its easy for me to do anyways. i know rationally it isnt true, i just feel so horrible, and as the days go by, i cant help but feel this void inside me. im nothing.
Assesement: {'depression': 'yes'}

Based on the above, assess the content of the following post:
Post: Birthdays suck. 22F here, been suffering with depression for almost two years now. Ive noticed that over the past few years, when my birthday comes around, I feel quite down and not at all like a celebration. If it were up to me, I probably wouldnt celebrate at all, but my parents are very big on the family topic and they always want to gather for such things. I dont want to be forced to sit at a table with some family, making awkward small talk and having them take pictures of me holding the stupid cake. How do I tell my family that Id rather be alone on my birthday, because its making me sad rather than the other way around?
Assessment:
","[{'depression': 'no'}, {'depression': 'yes'}, {'depression': 'yes'}, {'depression': 'yes'}]",{'depression': 'no'}
52,n7p89i,"It's been 3 years but it still haunts me, i haven't had a good night of sleep since march.","22M. Too be honest, as a kid i was always powerless or at least told i was, at home and at school. But 3 years ago starting from March all the way to August was when i felt powerless as an adult. I was 18 soon turning 19 when i had a stalker. I tried being friendly with them and i truly wanted to help them, but things turned bad really fast. Whenever i tell this story now people are quick to say how i should've been able to stop them since i'm a male and bigger, but of course it's not that simple. I felt so powerless, and when it was over i really thought it would just go away but it never did. A later year i started having frequent panic attacks and flashbacks whenever i saw someone that looked like them. I would check my car before i get in it and it was impossible to sleep at night. I've been like this ever since and while i feel like this the rest of the year to some degree it's the strongest March through August. Whenever i do try to sleep i have nightmares and i start to feel like i'm out of my body. Everything hits me so hard at once (memories,etc.) that sometimes i find myself saying, ""ah! please, stop. Get out of my head. Get out of my head"" (I've never told anyone that). It's hard to talk about this with my friends because i don't want to burden them with all this (they know, but i try not to talk about it) and it's especially hard now trying to meet new people because i'm so terrified of having something like that happen all over again. Which has lead me to sabotage new relationships/friendships.","[0, 1]",{'anxiety_disorder'},"Its been 3 years but it still haunts me, i havent had a good night of sleep since march. 22M. Too be honest, as a kid i was always powerless or at least told i was, at home and at school. But 3 years ago starting from March all the way to August was when i felt powerless as an adult. I was 18 soon turning 19 when i had a stalker. I tried being friendly with them and i truly wanted to help them, but things turned bad really fast. Whenever i tell this story now people are quick to say how i shouldve been able to stop them since im a male and bigger, but of course its not that simple. I felt so powerless, and when it was over i really thought it would just go away but it never did. A later year i started having frequent panic attacks and flashbacks whenever i saw someone that looked like them. I would check my car before i get in it and it was impossible to sleep at night. Ive been like this ever since and while i feel like this the rest of the year to some degree its the strongest March through August. Whenever i do try to sleep i have nightmares and i start to feel like im out of my body. Everything hits me so hard at once memories,etc. that sometimes i find myself saying, ah! please, stop. Get out of my head. Get out of my head Ive never told anyone that. Its hard to talk about this with my friends because i dont want to burden them with all this they know, but i try not to talk about it and its especially hard now trying to meet new people because im so terrified of having something like that happen all over again. Which has lead me to sabotage new relationshipsfriendships.",Anxiety,0,1,"
Below are posts and their respective assessments based on the criteria for clinical depression as defined in the DSM-5.
Format your response as a JSON object {'depression': ''} with values either 'yes' or 'no'.

Post: i constantly feel afraid during the day, and for a while my only safe place was my bed. i would lay with the covers pulled over my head just hoping to fall asleep. but lately, ive been having nightmares every night. and the worst part is, theyre not full of monsters or snakes or anything like that. in the nightmares, i face people that i know and fear, and im put into social situations that make me wake up screaming. just want to know that im not alone. has anyone else had this happen to them? has anyone found a way to make it stop?
Assesement: {'depression': 'no'}

Post: must read first off, it is important you understand this is a collection of my thoughts, feelings, and fears. any ideas i express are purely in, and only in, my mind. now that this is loading, im not sure what to say. i feel smothered by my thoughts and skin. i feel i desperatelyneed a way to express this, but im not sure how. i remember when i use to dream. wonderful, exciting dreams that made me think and feel. alive? i guess you could say. thinking about it, ive never been alive or had any life in me. the last dream i had was a month ago. it was about my friend, she was laying next to me and i could hear crying. i think i was crying, but i cant recall. nor do i want too. when, and rarely, i do have dreams it usually involves sex, suicide, or murder. i just call it ssm. shed probably hate that shes been in my dreams lately, but oh well. most of the time i just have blank, dark dreams with nothing in them. im drained and tired all the time, unable to get out of this never ending cycle. ive been considering suicide more lately. i have no way to do it however.
Assesement: {'depression': 'yes'}

Post: i was about to go to bed and just started crying, sobbing uncontrolably, shaking, etc. i finally fell asleep but had very disturbing dreams related to abuse. i have to go to work now and i feel anxious, the words and images from my dream are on a loop in my head. i have been very tired, anxious and sad for weeks, i just have thse waves of sadness and uncontrolable crying. i have a therapist and im on meds i cant work out because of an injury. what can i do? i just want this to stop
Assesement: {'depression': 'yes'}

Post: lately i have been feeling great , my symptoms from anxiety , depression and ocd got better. i even stopped hearing voices and had no sleep paralysis. sadly this lasted only about a week or two. i met someone online who helped me through this with just chatting and isnt aware of my problems. however i went on holiday and couldnt chat with them at all and my symptoms were slowly going back and today is the absolute worst. my sleep paralysis returned , i keep hearing voices , want to cry , but cant and feel like shit. its 3am and someones car alarm is on for past 1 hour and neither me nor my cat can sleep. few more mins and i am back to yeeting
Assesement: {'depression': 'yes'}

Based on the above, assess the content of the following post:
Post: Its been 3 years but it still haunts me, i havent had a good night of sleep since march. 22M. Too be honest, as a kid i was always powerless or at least told i was, at home and at school. But 3 years ago starting from March all the way to August was when i felt powerless as an adult. I was 18 soon turning 19 when i had a stalker. I tried being friendly with them and i truly wanted to help them, but things turned bad really fast. Whenever i tell this story now people are quick to say how i shouldve been able to stop them since im a male and bigger, but of course its not that simple. I felt so powerless, and when it was over i really thought it would just go away but it never did. A later year i started having frequent panic attacks and flashbacks whenever i saw someone that looked like them. I would check my car before i get in it and it was impossible to sleep at night. Ive been like this ever since and while i feel like this the rest of the year to some degree its the strongest March through August. Whenever i do try to sleep i have nightmares and i start to feel like im out of my body. Everything hits me so hard at once memories,etc. that sometimes i find myself saying, ah! please, stop. Get out of my head. Get out of my head Ive never told anyone that. Its hard to talk about this with my friends because i dont want to burden them with all this they know, but i try not to talk about it and its especially hard now trying to meet new people because im so terrified of having something like that happen all over again. Which has lead me to sabotage new relationshipsfriendships.
Assessment:
","[{'depression': 'no'}, {'depression': 'yes'}, {'depression': 'yes'}, {'depression': 'yes'}]","{'depression': 'yes'}
Note: The assessment is based on the information provided in the post, and"
53,csl29i,23,"23 days clean idk how I did this shit but I came
 To the realization that their is never one more time and I need to stop tricking my ducking brain into making
 It okay to use again. I also had 2 root canals and horrible rotting in this 23 day span and so badly wanted to say fuck everything bc the pain was unbearable but I stayed strong remembering the pain of withdrawl worse then anything Ive felt
 In my life sometimes the only way out is through but if you allow yourself to say one more time you gotta go through it all over again. Also its time to realize even what I thought were good times were shit it was all shit I rather be sober and depressed then stuck in that dark fucking hole plummeting to the bottom desperately reaching for anything to hold on to thank god I grabbed on and didnt let go. Hope this helps someone, Im always here to talk. I know my time aint shit yet but mindset is everything.","[1, 0]",{'depressive_disorder'},"23. 23 days clean idk how I did this shit but I came To the realization that their is never one more time and I need to stop tricking my ducking brain into making It okay to use again. I also had 2 root canals and horrible rotting in this 23 day span and so badly wanted to say fuck everything bc the pain was unbearable but I stayed strong remembering the pain of withdrawl worse then anything Ive felt In my life sometimes the only way out is through but if you allow yourself to say one more time you gotta go through it all over again. Also its time to realize even what I thought were good times were shit it was all shit I rather be sober and depressed then stuck in that dark fucking hole plummeting to the bottom desperately reaching for anything to hold on to thank god I grabbed on and didnt let go. Hope this helps someone, Im always here to talk. I know my time aint shit yet but mindset is everything.",Depression,1,0,"
Below are posts and their respective assessments based on the criteria for clinical depression as defined in the DSM-5.
Format your response as a JSON object {'depression': ''} with values either 'yes' or 'no'.

Post: im 61 days off sub after 10 years and although my acute withdraws sucked.this time is much more difficult. stomach issues, anxiety and depression still exist. the last 23 days have been hard. been working all weekend and drinking 23 beers soon as i walk in the door from work, smoking some cannabis and listening to music or actually making music. just trying to stay grounded. its a lot of ups and downs physically and mentally still. i can do basic stuff and work, but generally on edge. im happy to be where im at, but to say i snapped back to normal and its easy after 60 days, is an understatement. however no urge to use, just dark thoughts and anxiety more so. anyways. thanks for listening.
Assesement: {'depression': 'no'}

Post: so i realised earlier that its been over half a year and i havent been to the doctors crying because of insomnia hoping to get hold of some sleepers, or trying to score benzos. i have also been off my antidepressants and havent gone back yet. also, over the previous year or so i was in and out of hospital with suspected overdoses, friends calling ambulances worried about me not answering them in my dorm room, or being nonsensical in the way i spoke. ive finally gotten to a point where i can manage my mental health and addiction, and am sober. ive not been to the doctors or a trip to the hospital and although i still feel like im dancing on the edge, ive at least taken a step back onto more solid ground. thanks for letting me share and know that you can beat this if you want to!
Assesement: {'depression': 'yes'}

Post: it was pretty brief and i just remember being really disappointed in myself. on day 1 i gave all my weed to my friend who promptly smoked it texted me later lol. i have been sleeping a lot, watching netflix and trying to keep myself entertained. im trying to be gentle with myself because the first few days are always the hardest for me. i keep reminding myself that i needed to quit first in order to take more subsequent healthy steps towards bettering myself. my goal for the next few days is to get more sunlight.
Assesement: {'depression': 'no'}

Post: yep so i now have 2 months behind me. today is tough though. i dont feel very optimistic, my work situation is back to the same where im picking up slack for others everyday, 69 of my check is being eaten up by taxes,health insurance ect. im practically working every day but broke and cant afford even billsrent. was screwed out of a month of disability pay. im working 5 days a week and making what i made in college, working 3 days a week part time. its really frustrating, depressing and i just really want to just gtfo out of my stress, fatigue and my head in general. im just on edge with all the more extreme emotional ups and downs since coming off. when i was on or using it didnt effect me as much. i just dont want to lose my mind and sobriety
Assesement: {'depression': 'yes'}

Based on the above, assess the content of the following post:
Post: 23. 23 days clean idk how I did this shit but I came To the realization that their is never one more time and I need to stop tricking my ducking brain into making It okay to use again. I also had 2 root canals and horrible rotting in this 23 day span and so badly wanted to say fuck everything bc the pain was unbearable but I stayed strong remembering the pain of withdrawl worse then anything Ive felt In my life sometimes the only way out is through but if you allow yourself to say one more time you gotta go through it all over again. Also its time to realize even what I thought were good times were shit it was all shit I rather be sober and depressed then stuck in that dark fucking hole plummeting to the bottom desperately reaching for anything to hold on to thank god I grabbed on and didnt let go. Hope this helps someone, Im always here to talk. I know my time aint shit yet but mindset is everything.
Assessment:
","[{'depression': 'no'}, {'depression': 'yes'}, {'depression': 'no'}, {'depression': 'yes'}]","'depression': 'yes'

The above post displays a number of signs that the author is experiencing de"
54,fh64c5,There has probably never been a bigger fuck up than me.,"23 years is how long this world has had to put up with my pathetic existence. I cant for the life of me do ANYTHING right. Nothing is ever enough no matter how hard I try. 20 years of going through the grade school and then college and its been nothing but failure. Undiagnosed adhd meant I could NEVER FUCKING FOCUS ON SHIT THAT IM SUPPOSED TO BE DOING. It took me till 16 to realize that adhd was even a thing. I cant hold down a job because i have no experience or skills. Everyone around me is an over-achiever that has everything figured out and never fail at a single thing they do. Buying houses, getting degrees, landing high paying jobs and all that shit while Im stuck with NOTHING and its nobodys fault but my own. 
 
 My family has made it their life goal to remind me every single day about how much a burden I am and that I should just get out of their lives and die already. I never make posts about stuff like this but fuck it im done. Life has no room for excuses or worthless cunts like me that cant do anything. 
 
 Im finished. I tried. Life isnt for me. Chances are that ill fuck up my death too.","[1, 0]",{'depressive_disorder'},"There has probably never been a bigger fuck up than me. 23 years is how long this world has had to put up with my pathetic existence. I cant for the life of me do ANYTHING right. Nothing is ever enough no matter how hard I try. 20 years of going through the grade school and then college and its been nothing but failure. Undiagnosed adhd meant I could NEVER FUCKING FOCUS ON SHIT THAT IM SUPPOSED TO BE DOING. It took me till 16 to realize that adhd was even a thing. I cant hold down a job because i have no experience or skills. Everyone around me is an overachiever that has everything figured out and never fail at a single thing they do. Buying houses, getting degrees, landing high paying jobs and all that shit while Im stuck with NOTHING and its nobodys fault but my own. My family has made it their life goal to remind me every single day about how much a burden I am and that I should just get out of their lives and die already. I never make posts about stuff like this but fuck it im done. Life has no room for excuses or worthless cunts like me that cant do anything. Im finished. I tried. Life isnt for me. Chances are that ill fuck up my death too.",Depression,1,0,"
Below are posts and their respective assessments based on the criteria for clinical depression as defined in the DSM-5.
Format your response as a JSON object {'depression': ''} with values either 'yes' or 'no'.

Post: i dont even know where to start. i was diagnosed with depression after a suicide attempt in my junior year of high school. after failing a class in high school i cant get into a university. it took me an entire year to find a bullshit minimum wage job at a sandwich shop. i found out today they fired me. so i decided i might be jumping off a bridge near my house tomorrow. ill send good bye texts to the few friends didnt abandon me and maybe a fuck you call to my boss before i end everything.
Assesement: {'depression': 'yes'}

Post: 27, and my whole life has come full circle. im crumbling under the weight of my disappointments and short comings. and ive come to the realization that im not special or whatever my family told me growing up. that it was all a lie. here i am, realizing that im not good enough to accomplish or attain even the most basic of necessities on my own. that i cant get the job done, that when i need me the most i cant come through. its heartbreaking, deflating, humiliating, knowing that the rest of your existence is drowning into the obscurity of inadequacy, or at best mediocrity. i see it in my home, i see it in my job, even in my passions and art. the distance, the small but significant gap between despair and joy is me. im not good enough. for all of my intelligence and selfawarenessintrospective mindfulness i cant change it, not really. its devastating, the helplessness of seeing how itll all end without the ability to make it stop. id rather just cease to exist.
Assesement: {'depression': 'yes'}

Post: im down in the shit rn, everyone thinks im fucking irresponsible, when im the most fucking automated human alive, im not the one who doesnt tell me whats going on and where i need to be. i just want to die now so i dont have to deal with being pathetic, but my parents have reinforced it into my mind that i cant because it will disappoint my family. ive been in out patient and therapy and meds and that is a joke.
Assesement: {'depression': 'yes'}

Post: for some odd reason, im not allowed to post on roffmychest so im posting it here, because i got to get this out there! i cant make decisions to save my fucking life! every decision i make in my life fucks me over in the end. its nobodys fault that i have CUR65 thousand fucking dollars in student loan debt! its nobodys fault that im a convicted felon. its no body elses fault but my own. i fucking fuck my fucking life up! nobody else did this, i fucking did this. i want to end this life so fucking bad right now. if i dont, im going to want to end my life tomorrow too. ive been thinking about suicide for almost 15 fucking years since i was fucking 14 and people tell me that my life will get better. it didnt it got worse. its not your fault, my life was suppose to be better. i worked my ass off to get educated. i sacrificed my future by paying money i will never ever be able to make back. my life is over! ! and to make it worse! it.is.my.fault! as long as i make decisions i will fail at life!
Assesement: {'depression': 'yes'}

Based on the above, assess the content of the following post:
Post: There has probably never been a bigger fuck up than me. 23 years is how long this world has had to put up with my pathetic existence. I cant for the life of me do ANYTHING right. Nothing is ever enough no matter how hard I try. 20 years of going through the grade school and then college and its been nothing but failure. Undiagnosed adhd meant I could NEVER FUCKING FOCUS ON SHIT THAT IM SUPPOSED TO BE DOING. It took me till 16 to realize that adhd was even a thing. I cant hold down a job because i have no experience or skills. Everyone around me is an overachiever that has everything figured out and never fail at a single thing they do. Buying houses, getting degrees, landing high paying jobs and all that shit while Im stuck with NOTHING and its nobodys fault but my own. My family has made it their life goal to remind me every single day about how much a burden I am and that I should just get out of their lives and die already. I never make posts about stuff like this but fuck it im done. Life has no room for excuses or worthless cunts like me that cant do anything. Im finished. I tried. Life isnt for me. Chances are that ill fuck up my death too.
Assessment:
","[{'depression': 'yes'}, {'depression': 'yes'}, {'depression': 'yes'}, {'depression': 'yes'}]","['depression': 'yes']

It seems like the common theme in all of these posts is a sense of"
55,oam6f2,I am so dumb!,"23M. I work in the hospitality industry, and my depression/ADHD is becoming worse and worse because of the stress during night shifts at the reception, I can barely function.
 
 When the colleagues from the restaurant came to hand out their reports, they saw me in a lot of stress they were like ""oh why are you stressing again relax, next time I'll bring the defribelator"". I just busted saying ""I HAVE ISSUES GUYS! I AM DOING MY FUCKING BEST BUT IT'S FU***** HARD"", plus they are managers. I asked them not to tell anything and they told me it's okay but I should keep this to myself because people talk.
 
 I think I just lost my job and all because of this depression bullshit and I can say goodbye to my career.
 
 I try my best to show up everyday and keep up my smile for the guests, but inside I am dead and tired.
 
 Keep your problems to yourself, don't do it like me!","[1, 0]",{'depressive_disorder'},"I am so dumb. 23M. I work in the hospitality industry, and my depressionADHD is becoming worse and worse because of the stress during night shifts at the reception, I can barely function. When the colleagues from the restaurant came to hand out their reports, they saw me in a lot of stress they were like oh why are you stressing again relax, next time Ill bring the defribelator. I just busted saying I HAVE ISSUES GUYS! I AM DOING MY FUCKING BEST BUT ITS FU HARD, plus they are managers. I asked them not to tell anything and they told me its okay but I should keep this to myself because people talk. I think I just lost my job and all because of this depression bullshit and I can say goodbye to my career. I try my best to show up everyday and keep up my smile for the guests, but inside I am dead and tired. Keep your problems to yourself, dont do it like me!",Depression,1,0,"
Below are posts and their respective assessments based on the criteria for clinical depression as defined in the DSM-5.
Format your response as a JSON object {'depression': ''} with values either 'yes' or 'no'.

Post: hey everyone. never really posted on here before but yeah. okay i work at home depot as a pro loader drive forklifts, reach trucks, and load up contractors i come in every morning at 7 am to do my job, dont really talk to anyone much but today i got dragged into the managers office and was sat down by my direct supervisor and the gm and was told that my depressed behavior is distracting i dont know what to do. i hate working there tho im sorry just wanted to get all that off my chest i guess sorry to bug everyone.
Assesement: {'depression': 'yes'}

Post: my job is killing me. it has almost from the beginning, so my family is use to my complaints about it. the problem is it is particularly bad right now. every mistake, even fixable mistakes, i end up getting ranted not yelled at by my boss. the problem is i dont have a great support system. my dad told me that jobs dont ever get better, so get use to it, which makes me feel hopeless. and my mom just agrees that i did mess up and it was my fault. it not that i dont know it just that i want support. i am falling into a downward spiral and they dont seem to notice though they do know i am diagnosed with depression. i know i need to get a new job, but i have no energy to do it. i just feel hopeless and useless.
Assesement: {'depression': 'yes'}

Post: i work in a corporate office for a small heavy equipment company. i use to really enjoy my job, however my boss has recently been breathing down my neck it seems. i have been working here for 9 months and have gone out of my way to achieve above and beyond. i actually can never hardly stop thinking about work. lately my boss has been harsher on us because of his new boss and i know i take everything to heart and too personally. i cry very easily and have been diagnosed with severe depression, anxiety, panic disorder since i was 13. i was actually admitted into a psych ward about a year and half ago for a suicide attempt. i dont take any medication because they just seem to make everything so much worse and even though i have been diagnosed by over 5 psychologists and doctors with these conditions, i dont actually believe i have mental illnesses. i just believe that everyone goes through depression and i am just a baby. i stayed up late last night working and i accidentally slept in an hour late. my job is very lenient with tardies and absence but i dont try to take advantage of this. however this morning as soon as i woke up i started crying and just could not stop. i let my employer know i didnt feel well and couldnt go in. i still feel very overwhelmed and stressed and i dont know how to take care of myself.
Assesement: {'depression': 'yes'}

Post: hey guys. i have been diagnosed with depression and generalized anxiety disorder. ive been handling it pretty well with the medication im on and family support. my current job however is putting me in a rut. my coworkers are very cliquey and unprofessional. they will blatantly make fun of others behind their backs and when i bring it up to my boss she brushes it off as everyone letting off steam and people will talk about others. i feel like this job is affecting my mental health and it is eating me alive. i am so stressed out and upset i go home and sleep until work the next day. what should i do?
Assesement: {'depression': 'yes'}

Based on the above, assess the content of the following post:
Post: I am so dumb. 23M. I work in the hospitality industry, and my depressionADHD is becoming worse and worse because of the stress during night shifts at the reception, I can barely function. When the colleagues from the restaurant came to hand out their reports, they saw me in a lot of stress they were like oh why are you stressing again relax, next time Ill bring the defribelator. I just busted saying I HAVE ISSUES GUYS! I AM DOING MY FUCKING BEST BUT ITS FU HARD, plus they are managers. I asked them not to tell anything and they told me its okay but I should keep this to myself because people talk. I think I just lost my job and all because of this depression bullshit and I can say goodbye to my career. I try my best to show up everyday and keep up my smile for the guests, but inside I am dead and tired. Keep your problems to yourself, dont do it like me!
Assessment:
","[{'depression': 'yes'}, {'depression': 'yes'}, {'depression': 'yes'}, {'depression': 'yes'}]","The post expresses feelings of frustration, helplessness, and hopelessness related to work-related stress"
56,jnk2pr,Cant hold a job because I'm so depressed.,"24. F. USA.
 
 I was literally fired from my previous employer for my depression. They said that while I performed great with customers, my demeanor around my team was bringing everyone down and made me not a team player. 
 
 I have struggled with severe anxiety, MDD, and PTSD for a long time. Diagnosed at 12. I struggle taking care of myself as is, plus i have other responsibilities outside of work.
 
 But when I'm working, I absolutely hate my life. I wake up wanting to die. Like seriously wake up crying and have to take a xanax to even function. I call in alot whether it's because of my mental health or my physical health making me depressed since I have chronic pain.
 
 This is obviously ruining my life. I need a job but I have no fucking will. I have lost my independence and dont know what to do. I have no insurance and I'm not eligible for free healthcare. I have no extra money so a therapist is out of question atm. Any advice appreciated.","[1, 1]","{'depressive_disorder', 'anxiety_disorder'}","Cant hold a job because Im so depressed. 24. F. USA. I was literally fired from my previous employer for my depression. They said that while I performed great with customers, my demeanor around my team was bringing everyone down and made me not a team player. I have struggled with severe anxiety, MDD, and PTSD for a long time. Diagnosed at 12. I struggle taking care of myself as is, plus i have other responsibilities outside of work. But when Im working, I absolutely hate my life. I wake up wanting to die. Like seriously wake up crying and have to take a xanax to even function. I call in alot whether its because of my mental health or my physical health making me depressed since I have chronic pain. This is obviously ruining my life. I need a job but I have no fucking will. I have lost my independence and dont know what to do. I have no insurance and Im not eligible for free healthcare. I have no extra money so a therapist is out of question atm. Any advice appreciated.",Comorbid (Depression + Anxiety),1,1,"
Below are posts and their respective assessments based on the criteria for clinical depression as defined in the DSM-5.
Format your response as a JSON object {'depression': ''} with values either 'yes' or 'no'.

Post: im 23 and the only job i have had so far is working at a walgreens store for a few years. i have no college experience or degrees and have been out of work for half of last year. i have depression and social anxiety i do take medicine and see a therapist as well as aspergers. i honestly just dont know what to do with my life. my low self esteem and depression make it hard for me to focus some days and im very awkward and i dont want to work with the public. i seem to have a complaint against any type of job i come across that makes me not want to do it. i know that no job can be perfect but i at least want to feel happy
Assesement: {'depression': 'yes'}

Post: i fucking hate my job so much and i already have mental health problems, it drives me to use drugs which makes everything worse when those drugs arent available. is there any easy way to stop working? i have thought of just finally allowing myself to fully fall apart and go insane, which i feel im capable of. i get so depressed i laugh and cry at the same time, and sometimes i cant help but giggle when someone asks me if im okay, or whats wrong, like its fucking funny, and i almost think it is. the idea of insanity is attractive to me. ive thought about getting myself committed somehow, looked into what it takes to get disability, but i dont really have any idea, or it would even be enough. but i do have the diagnoses that apparently are eligible for it, but i hear its hard for mental health problems. namely clinical depression and generalized anxiety disorder, social phobia. help, this is what work has done to me.
Assesement: {'depression': 'yes'}

Post: hello everyone, i find it so dam hard to do anything. i have been desperate to find work. the past 2 interviews were straight up scams one wanted me to legit money launder for them and the other straight up lied about the role i have diplomas and have run my own business in the past and still cant get anything. i have been looking even as low as stuff like supermarket stuff and they respond with im too overqualified and cant proceed from here i have been on and off depressed for the last 3 years and it sucks. i have no friends i wish i had a girlfriend but i feel im no way going to be good enough to have one and my family hates me as well since dad passed away. all i can do all day everyday is desperatly seek out work i have been looking for 18 months and want to get back to work that suits my diplomas and previous experience atm im having one of my low days where i just want to give up.
Assesement: {'depression': 'yes'}

Post: hi all, im a 34 year old male and i lost my job in january. admittedly i was in over my head, the dumb guy in a room full of smart people, and got fired for poor performance. this is the second time thats happened, so i finally decided to try and get help. went in for a psychological evaluation and it validated what id always suspected major depressive disorder generalized anxiety disorder adhd since ive been unemployed my depression and anxiety have spiraled pretty bad. ive just started adhd meds but the doc wants to get that right before moving on to antidepressants. taking 20mg adderall xr in the morning and i think it helps a little, at least until the mid afternoon when i feel pretty bad. the idea of job searching has me terrified. im scared of office jobs because ive failed them all in the past. and im even more scared of physical jobs, like factory work which ive done in the past because it makes me miserable. overtime, overnights, etc send my depression into a straight up nosedive. like really bad. i dont have any college failed at that too obviously so im afraid my options are limited. bleh. tldr so thats the gist, 34, newly diagnosed, unemployed, no talents, strengths, skills, or passion to speak of. honestly things seem pretty bleak at the moment. i just thought id say hi, and see if anyone has been in a similar situation. really any advice at this point would be welcome. if you took the time to read this, thank you! p.s. sorry this is long, i always try to make things short but it never works. i need an editor, lol.
Assesement: {'depression': 'yes'}

Based on the above, assess the content of the following post:
Post: Cant hold a job because Im so depressed. 24. F. USA. I was literally fired from my previous employer for my depression. They said that while I performed great with customers, my demeanor around my team was bringing everyone down and made me not a team player. I have struggled with severe anxiety, MDD, and PTSD for a long time. Diagnosed at 12. I struggle taking care of myself as is, plus i have other responsibilities outside of work. But when Im working, I absolutely hate my life. I wake up wanting to die. Like seriously wake up crying and have to take a xanax to even function. I call in alot whether its because of my mental health or my physical health making me depressed since I have chronic pain. This is obviously ruining my life. I need a job but I have no fucking will. I have lost my independence and dont know what to do. I have no insurance and Im not eligible for free healthcare. I have no extra money so a therapist is out of question atm. Any advice appreciated.
Assessment:
","[{'depression': 'yes'}, {'depression': 'yes'}, {'depression': 'yes'}, {'depression': 'yes'}]","'depression': 'yes'

The post describes the following symptoms of depression:

* Fe"
57,buvtch,I am thinking about paying a male escort. Is that a good idea in your opinion?,"24yo girl from Portugal. Very unattractive. Asymmetrical face. Big nose. I have never had a bf, virgin. I feel very very lonely. Bullied since I was a kid due to my looks. Diagnosed with severe depression, anxiety disorder,bulimia, self harm. Tried to kill myself once. I am a girl, a human being, so I crave love, affection, human contact and also sex. I cant have it due to my looks, so I am thinking to pay a male escort. I know its a bad thing, but I am desperate. I dont know if I will really want to have sex with him, but I am sure I will want him to hug me, cuddle me and talk to me. I am willing to pay good money. Maybe that experience could make me feel a bit better. But I dont know where I can find men who do those things. Does anybody here know where I could find? And what do you think about that? In your opinion is that a good idea or a bad one in my case?
 Edit: Yes, I see a therapist, a psychiatrist and I take medications","[1, 1]","{'depressive_disorder', 'anxiety_disorder'}","I am thinking about paying a male escort. Is that a good idea in your opinion. 24yo girl from Portugal. Very unattractive. Asymmetrical face. Big nose. I have never had a bf, virgin. I feel very very lonely. Bullied since I was a kid due to my looks. Diagnosed with severe depression, anxiety disorder,bulimia, self harm. Tried to kill myself once. I am a girl, a human being, so I crave love, affection, human contact and also sex. I cant have it due to my looks, so I am thinking to pay a male escort. I know its a bad thing, but I am desperate. I dont know if I will really want to have sex with him, but I am sure I will want him to hug me, cuddle me and talk to me. I am willing to pay good money. Maybe that experience could make me feel a bit better. But I dont know where I can find men who do those things. Does anybody here know where I could find? And what do you think about that? In your opinion is that a good idea or a bad one in my case? Edit Yes, I see a therapist, a psychiatrist and I take medications",Comorbid (Depression + Anxiety),1,1,"
Below are posts and their respective assessments based on the criteria for clinical depression as defined in the DSM-5.
Format your response as a JSON object {'depression': ''} with values either 'yes' or 'no'.

Post: im 22 years old. ive gone 32 days without an orgasm. before this i used to masturbate twice a day. first week or two i noticed increase energy and motivation to do things. last couple of weeks ive gone back to depression. basically i have social anxiety and shame about being a virgin and i wonder if hiring an escort legal in my country would have a positive or negative impact on my well being and my mental state. i started nofap 1because there is a girl at work who i think likes me but i have no guts to talk to her and 2 because i wanted to motivate myself to seek stimulation from women which is real and more gratifying rather than porn which is fake and unsatisfying. recently i have started to look at pics and gifs that are on my newsfeed and the urge is crazy right now, i know im an idiot im going to tone that down. i can distract myself and i wont masturbate but i wonder if having experience with a woman might give me more confidence in the real world. please dont judge, im looking for genuine advice if you were in my shoes, thankyou.
Assesement: {'depression': 'no'}

Post: 24 f from europe. i have been officially diagnosed with depression 3 years ago, but i started to deal with it since i was 1213yo. i am ugly. i have a very asymmetrical face, big nose etc. no, i dont have body dysmorphia. ive always been bullied and marginalized at school. i have never had a real friend, or boyfriend, due to my looks. i am also virgin. i feel so lonely. i am lonely. i crave human contact,love and yes, also sex, because i am a human being, but i cant have those things and i cant stand it anymore. i am going crazy.obviously, years and years of bullying and loneliness due to a thing that i cant change my looks led me to develop depression, anxiety, bulimia, i self harm sometimes especially in those moments when i crave an hug or a caress that i cant have and i attempted suicide once, but it didnt work unfortunately. i see a psychologist, a psychiatrist, and i take antidepressants, but how can they work if i have no sources of love? thats what i would need. to feel loved, to feel accepted, to not feel a piece of trash or a subhuman that can be marginalized, rejected, or insulted just because i am unattractive. i didnt chose to born like that. i want to die. i have no reasons to live. i know i will always be lonely and i wont have a family because i am too ugly to be loved by someone. so whats the point? my present is empty and i dont see a future. i am sorry for the vent, but writing helps me considering i dont have anybody to talk to. and i am sorry for my english.
Assesement: {'depression': 'yes'}

Post: i am a 24yo girl and i am from portugal. i dont have close friends, i dont have a partner i have never had one actually. i feel very lonely. i dont have anybody to talk to, i dont have anybody to have a walk with. i have been marginalized and outcasted by other people since i was a kid, probably because of my ugliness. when i went to high school i was heavily bullied due to my looks, and i was the only one who was never invited when my classmates organized something, like parties. bullism, marginalizion, loneliness and rejections led me to develop a severe depression, anxiety, self harm, bulimia, and i attempted suicide once. due to my mental health problems i didnt start university, even if i have always had very good grades. i dont work atm. i live with my parents but they work all day long so i am always at home alone. people seem to not want to stay around me and that hurts af, i am touch starved and i would do anything to have human contact, i even thought about paying someone to cuddle me. i didnt choose to born with that ugly face. its not my fault,but people dont understand that. i would like to have virtual friends, thats why i wrote my story, but please, if you are interested, dont ask for pics. that doesnt mean i will never show you pics, but dont ask at the beginning.
Assesement: {'depression': 'yes'}

Post: im 17, bisexual, and male ive never been in any real relationship at all ive never went on a date or even kissed anyone im a virgin and above all im a loser, i have severe anxiety and depression im maxed out on meds and im seeing 2 different therapists and im open with my problems except for this one, i feel like im just gonna be alone forever and all i do is just try and distract myself from me not having someone special and i just see myself as ugly and worthless nowadays and just try not to think about myself. sorry about my rant im just typing as the thoughts go through my head.
Assesement: {'depression': 'yes'}

Based on the above, assess the content of the following post:
Post: I am thinking about paying a male escort. Is that a good idea in your opinion. 24yo girl from Portugal. Very unattractive. Asymmetrical face. Big nose. I have never had a bf, virgin. I feel very very lonely. Bullied since I was a kid due to my looks. Diagnosed with severe depression, anxiety disorder,bulimia, self harm. Tried to kill myself once. I am a girl, a human being, so I crave love, affection, human contact and also sex. I cant have it due to my looks, so I am thinking to pay a male escort. I know its a bad thing, but I am desperate. I dont know if I will really want to have sex with him, but I am sure I will want him to hug me, cuddle me and talk to me. I am willing to pay good money. Maybe that experience could make me feel a bit better. But I dont know where I can find men who do those things. Does anybody here know where I could find? And what do you think about that? In your opinion is that a good idea or a bad one in my case? Edit Yes, I see a therapist, a psychiatrist and I take medications
Assessment:
","[{'depression': 'no'}, {'depression': 'yes'}, {'depression': 'yes'}, {'depression': 'yes'}]","
The assessment is as follows:
Post: {'depression': 'yes'}

The post expresses"
58,h7tzc7,I have plenty of energy,"36 M
 
 One of the issue with depression that I've seen mentioned with depression is a lack of energy. I'll walk at a decent speed on the treadmill and it occasionally will help a bit. While I'm walking I'm always thinking about how I should be going harder but even that doesn't make much difference. 
 I have rarely ever had issues with energy (I got to bed around the same time every night). I just sit around letting my mind drive me crazy with negative thoughts and feelings.
 
 I was diagnosed with ADHD as a kid but I don't see much of that while depressed (I'm guessing that the depression could mask that aspect?).
 
 Not sure where I would fit in the depression spectrum. Just thought I'd throw this out there.","[1, 0]",{'depressive_disorder'},I have plenty of energy. 36 M One of the issue with depression that Ive seen mentioned with depression is a lack of energy. Ill walk at a decent speed on the treadmill and it occasionally will help a bit. While Im walking Im always thinking about how I should be going harder but even that doesnt make much difference. I have rarely ever had issues with energy I got to bed around the same time every night. I just sit around letting my mind drive me crazy with negative thoughts and feelings. I was diagnosed with ADHD as a kid but I dont see much of that while depressed Im guessing that the depression could mask that aspect?. Not sure where I would fit in the depression spectrum. Just thought Id throw this out there.,Depression,1,0,"
Below are posts and their respective assessments based on the criteria for clinical depression as defined in the DSM-5.
Format your response as a JSON object {'depression': ''} with values either 'yes' or 'no'.

Post: things are fine for me right now. better than fine. ive recently met some pretty meaningful goals and yay for that. but in a way that made my depression worse because i thought that once i met these goals i would miraculously get better. but it doesnt work that way, does it? its inside, not outside, thats messed up. this morning i woke up at 815 and instead of going back to bed and sleeping until the last possible minute before getting ready for work, i got dressed and went to the store. i was supposed to train at 10, but i often find myself too tired to do any extra physical activity, despite knowing itll help increase my energy and mood. i also have a thyroid disorder, which i try not to use as an excuse for being constantly tired, but it makes sense. low thyroid, plus anxiety and depression, schizoaffective borderline nonsense thrown in there.its going to take a toll somewhere, somehow. i just feel.even. bored. not happy, not sad. i dont know what to do with that even baseline. just keep living until i cant anymore, i guess.
Assesement: {'depression': 'yes'}

Post: whenever i tell people i have depression they always tell me to be happy. im not happy or sad. im just physically tired all the time. i cry over shit sometimes and i laugh other times just like any other person. just no matter how much i sleep or how much i try i can barely muster up a pebble of energy. im pretty much always glued to my bed. i just get up to eat or smoke. its gotten to the point where its ruining things for me. i dont know why this is. nothing helps. ive been taking medication for depression for over a year and sleeping pills just make it worse. i dont know what to do.
Assesement: {'depression': 'yes'}

Post: all i want to do is sleep or disengage from life. i just have no energy to care or engage with anything other than some recreational interests i have. i recognise i could be relapsing as i have a history of depression, so im seeing my psychiatrist next week to get onto medication. other than that, any idea what i can do to increase my energy levels? i can have a good nights sleep, but i still want to stay in bed the next day and just sleep. the prospect of having to wake up and do anything is just daunting for me. it honestly makes me feel unproductive and lazy, but its been this way for me for a while now.
Assesement: {'depression': 'yes'}

Post: hey guys. i struggle with depression and i am unmotivated and tired all the time. i dont even have the energy to work out. on top of that i might be graduating if i pass this one class and i need to find a job. i miss being lively and having energy. i take 20 my adderall ir and prozac. help please. i want to be on top of shit, and always have my room clean and get shit done and not want to sleep all day.
Assesement: {'depression': 'yes'}

Based on the above, assess the content of the following post:
Post: I have plenty of energy. 36 M One of the issue with depression that Ive seen mentioned with depression is a lack of energy. Ill walk at a decent speed on the treadmill and it occasionally will help a bit. While Im walking Im always thinking about how I should be going harder but even that doesnt make much difference. I have rarely ever had issues with energy I got to bed around the same time every night. I just sit around letting my mind drive me crazy with negative thoughts and feelings. I was diagnosed with ADHD as a kid but I dont see much of that while depressed Im guessing that the depression could mask that aspect?. Not sure where I would fit in the depression spectrum. Just thought Id throw this out there.
Assessment:
","[{'depression': 'yes'}, {'depression': 'yes'}, {'depression': 'yes'}, {'depression': 'yes'}]",{'depression': 'no'}
59,7g1kg6,Feeling so much better from the last time I've posted here,"4 months ago, I felt so down. I felt as if someone put gravity on the highest level and I was bringing pulled into that ground. Constant thoughts of suicide followed me everywhere. Work, school, when I was alone at night. I knew how bad it was getting and how badly I wanted it...instead I got help. The reason being was seeing everyone's reaction after being sent to the mental health hospital. There was so much good vibes around me it inspired me. Also everyone at the hospital especially inspired me...there are people out that who are good and who only want to help.
 
 When I got out, I started seeing a therapist and taking medication. I also started doing things for myself more. Not going out as much, binge watching good shows, reading, learning new recipes. Your own company is the best and it's been the best for the last four months.
 
 Also I quit drinking and I've never regretted that decision.
 
 It gets better friends, hold in there :)","[1, 0]",{'depressive_disorder'},"Feeling so much better from the last time Ive posted here. 4 months ago, I felt so down. I felt as if someone put gravity on the highest level and I was bringing pulled into that ground. Constant thoughts of suicide followed me everywhere. Work, school, when I was alone at night. I knew how bad it was getting and how badly I wanted it.instead I got help. The reason being was seeing everyones reaction after being sent to the mental health hospital. There was so much good vibes around me it inspired me. Also everyone at the hospital especially inspired me.there are people out that who are good and who only want to help. When I got out, I started seeing a therapist and taking medication. I also started doing things for myself more. Not going out as much, binge watching good shows, reading, learning new recipes. Your own company is the best and its been the best for the last four months. Also I quit drinking and Ive never regretted that decision. It gets better friends, hold in there",Depression,1,0,"
Below are posts and their respective assessments based on the criteria for clinical depression as defined in the DSM-5.
Format your response as a JSON object {'depression': ''} with values either 'yes' or 'no'.

Post: im not one for big posts on social media, but im really excited about my mental state lately and wanted to share. dont get me wrong, i definitely still struggle and have hard days but recently, it has been a lot more manageable. i was diagnosed with severe clinical depression 10 years ago. i have been in therapy, switched medications, seen psychiatrists, and was almost institutionalized. however lately, its been different. i finally found a mix of meds that help with my anxiety but dont make me feel like a zombie. it took a long time and im surprised im still here, but im happy i am.
Assesement: {'depression': 'yes'}

Post: it has been nearly two months since i signed up in this website and i posted in this subreddit for the first time. a lot has happened since then.my oldest friend never contacted me again, i had to visit the hospital after cutting myself, my arm has marks that i have to be careful for no one to see, and i attempted suicide. pretty bad stuff. but i also see the good things. i have great friends that support me and are still here for me, a few of the scars on my arm are fading away, my medication is helping me enjoy the good days, and i am currently in therapy with a very wise and patient therapist. but one thing that also helped, was this subreddit. the stories that are shared here, the support that is voiced, the few people that i exchange message with, it all helped me get through these past weeks too. so thank you to all of you, my journey isnt done, but it is always nice to remember you are not alone. kindly, revelvet1804
Assesement: {'depression': 'yes'}

Post: ive had diagnosed depression since i was 16 im 24 now and my now therapist is the best ive ever had. i kinda gave up on it since all the ones before didnt really work with me and i felt even more worthless than usually. i had failed my last year of school which was the second time that happened and i gave up on all my goals. but since the start of this year its been getting better and better and better. i have a job now i tutor in german and english, i found the best partner i could ever wish for, my parents go to therapy with me once in a while and our relationship has become so much more relaxed. im starting to accept love and i am getting better at giving it. im lying in bed at this moment with freshly brushed teath i know this doesnt sound like a big deal to most people but it is to me cause i never had the energy to do so and my cat litters done. i had a long day at work and one of the kids got a good grade so im just glad to have never lost that little tiny spark to want to live my life the way i want. i am getting there. my therapist gives me confidence so i will try to go to school again! everyone but me seems to think im smart enough haha. anyways long story short i am happy and if i can do it so can you! even if life is a dark sinkhole believe me there will be sunlight again.
Assesement: {'depression': 'yes'}

Post: this is my first time posting on reddit although ive been an active reader for years. i have been diagnosed with clinical depression for my entire life. life has been a struggle. today feels like the lowest i have been. i have no motivation to finish school. my relationship is in shambles. i feel useless. my life is going nowhere. ive lost all of my friends due to depression. i have no one to talk to. im broke with money and my soul. i hope im not alone.
Assesement: {'depression': 'yes'}

Based on the above, assess the content of the following post:
Post: Feeling so much better from the last time Ive posted here. 4 months ago, I felt so down. I felt as if someone put gravity on the highest level and I was bringing pulled into that ground. Constant thoughts of suicide followed me everywhere. Work, school, when I was alone at night. I knew how bad it was getting and how badly I wanted it.instead I got help. The reason being was seeing everyones reaction after being sent to the mental health hospital. There was so much good vibes around me it inspired me. Also everyone at the hospital especially inspired me.there are people out that who are good and who only want to help. When I got out, I started seeing a therapist and taking medication. I also started doing things for myself more. Not going out as much, binge watching good shows, reading, learning new recipes. Your own company is the best and its been the best for the last four months. Also I quit drinking and Ive never regretted that decision. It gets better friends, hold in there
Assessment:
","[{'depression': 'yes'}, {'depression': 'yes'}, {'depression': 'yes'}, {'depression': 'yes'}]","
 {'depression': 'no'}"
60,l59o3y,The fact I haven't relapsed is amazing,"4 months ago, someone I loved dearly despite the fact he treated me like garbage cheated on me and left me for someone he doesn't even know irl. That hurt so much, in fact Im still taking it EXTREMELY rough and I cry every day about it and I still haven't hurt myself. I've also been having some identity crisis shit going on rn which is agonizing. Still didn't hurt myself. I've been having horrible intrusive thoughts and I STILL didn't hurt myself. The past few months have been so fucking rough but I haven't gone back to self harm. I'm so proud. I've had the urge but I've never done anything. I've been clean since April 2020. I'm never going to lose that streak","[1, 0]",{'depressive_disorder'},"The fact I havent relapsed is amazing. 4 months ago, someone I loved dearly despite the fact he treated me like garbage cheated on me and left me for someone he doesnt even know irl. That hurt so much, in fact Im still taking it EXTREMELY rough and I cry every day about it and I still havent hurt myself. Ive also been having some identity crisis shit going on rn which is agonizing. Still didnt hurt myself. Ive been having horrible intrusive thoughts and I STILL didnt hurt myself. The past few months have been so fucking rough but I havent gone back to self harm. Im so proud. Ive had the urge but Ive never done anything. Ive been clean since April 2020. Im never going to lose that streak",Depression,1,0,"
Below are posts and their respective assessments based on the criteria for clinical depression as defined in the DSM-5.
Format your response as a JSON object {'depression': ''} with values either 'yes' or 'no'.

Post: i have been clean from cutting for quite a time , but i think my clean streak is gonna end soon if i dont do something about my life i just hope i wont commit final yeet bc there are still many things i want to do in life . but my life is getting worse and worse once again. each time i feel better , depression hits even harder after some time edit haha i fucked up totally today , streak broken , possibly forever
Assesement: {'depression': 'yes'}

Post: i relapsed today after one of the worst depressive episodes i have had in a long while. my months of denying my mood swings and lack of coping mechanisms has caught up. my counselor informed me i should consider medication, and thats when the seriousness of how bad i have gotten set in i can barely get through the day. so i relapsed. not bad. but relapse is relapse. told my boyfriend and he told me that every time we talk about this i say i am going to change. but i go back to self harm. he told me he cant have another conversation like it. so reality check. i have to chose between self harm and my relationship. i cant let it take the one thing in my life that brings me joy these days. he is the one person i trust and feel safe with. strangely it is comforting to be told this. it gives me a solid deterrent and forces me to take accountability for my actions. so here is to no more cuts or scrapes. no more tools or bandages. i am done letting it control me. i will recover.
Assesement: {'depression': 'yes'}

Post: hi guys! i finally feel like im doing a little bit better, especially since i met someone special a couple of months ago. so now, here i am leaving not only this subreddit, but also all of the self harm subreddits im in because i cant really relate anymore, and some things are a bit triggering. good luck to everyone who is still struggling. its really fucken tough but that makes you the strongest kind of people for being able to endure all of this pain, even if you want to give up sometimes. i love all of you, and every single one of you deserves living just as much as anyone else.
Assesement: {'depression': 'no'}

Post: when i try to remember the last time that i truly loved myself, or at least didnt hate my own existence, i get lost in a field of old memories that faded long ago. and i think that one of the reasons i keep struggling with my addictions is this self hatred that i feel towards myself, youre too weak, what even is the point? its not like your life is going anywhere, you might as well relapse,this wont help you,nothing will!. and the sounds keep getting louder and louder, until the resonance of their chorus breaks me into a relapse. i dont know if i ever will be able to love myself again and stop trying to hurt it with every breathing second, but at least i now know a big part of my addiction.
Assesement: {'depression': 'yes'}

Based on the above, assess the content of the following post:
Post: The fact I havent relapsed is amazing. 4 months ago, someone I loved dearly despite the fact he treated me like garbage cheated on me and left me for someone he doesnt even know irl. That hurt so much, in fact Im still taking it EXTREMELY rough and I cry every day about it and I still havent hurt myself. Ive also been having some identity crisis shit going on rn which is agonizing. Still didnt hurt myself. Ive been having horrible intrusive thoughts and I STILL didnt hurt myself. The past few months have been so fucking rough but I havent gone back to self harm. Im so proud. Ive had the urge but Ive never done anything. Ive been clean since April 2020. Im never going to lose that streak
Assessment:
","[{'depression': 'yes'}, {'depression': 'yes'}, {'depression': 'no'}, {'depression': 'yes'}]","
The above post displays a positive attitude towards recovery and self-care, with language such as ""amazing,"""
61,epqftn,I got better but now I feel myself falling down the hole again,"5 or so years ago I was diagnosed with depression, anxiety and OCD. Main trigger was a bereavement and then a relationship breakdown. Now I am going through the same thing again. I have the support of my partner but fear my depressive episode will make me lose them. 
 
 Last time I fell into a deep depression, lost loads of weight and wanted to end it all. And now I can see myself falling down the same hole. I'm anxious constantly, catastrophising and having irrational thoughts. Last time I thought I was going to be arrested, now I think I'm going to be framed for a crime (I have done nothing wrong and I am aware of how ridiculous these thoughts are). 
 
 I don't want to be alone but have no desire to socialise. I am pretty content with being in bed all day. 
 
 I hope that recognising the early signs will be enough to help me stop this now. Any advice?
 
 Last time I was medicated but I had a bad reaction mentally (extreme paranoia) and physically (vomiting, headaches). I am not prepared to do that again. 
 
 Please help.","[1, 1]","{'depressive_disorder', 'anxiety_disorder'}","I got better but now I feel myself falling down the hole again. 5 or so years ago I was diagnosed with depression, anxiety and OCD. Main trigger was a bereavement and then a relationship breakdown. Now I am going through the same thing again. I have the support of my partner but fear my depressive episode will make me lose them. Last time I fell into a deep depression, lost loads of weight and wanted to end it all. And now I can see myself falling down the same hole. Im anxious constantly, catastrophising and having irrational thoughts. Last time I thought I was going to be arrested, now I think Im going to be framed for a crime I have done nothing wrong and I am aware of how ridiculous these thoughts are. I dont want to be alone but have no desire to socialise. I am pretty content with being in bed all day. I hope that recognising the early signs will be enough to help me stop this now. Any advice? Last time I was medicated but I had a bad reaction mentally extreme paranoia and physically vomiting, headaches. I am not prepared to do that again. Please help.",Comorbid (Depression + Anxiety),1,1,"
Below are posts and their respective assessments based on the criteria for clinical depression as defined in the DSM-5.
Format your response as a JSON object {'depression': ''} with values either 'yes' or 'no'.

Post: so. i was in ambulant psychiatric treatment between december 2015 and december 2016 but sadly i did not get better. im now out of school for 1 12 years and just sitting at home. i finally found the courage, called up that psychiatrist that was recommended to me. now im on antidepressants. also called up a psychiatric hospital just 10km away from me and made an appointment for an interview to get a therapy place for the semiambulant hospital go there in the morning and go back home in the evening so i guess its something. ive been getting gradually worse over the course of the last weeks that even my suicidal thoughts came back that i didnt have for 2 years. i also got diagnosed with severe anxiety disorder, severe depression with suicidal tendence and mild ptsd. idk. i could write more but im kind of lacking the energy for that. thanks for reading.
Assesement: {'depression': 'yes'}

Post: about ten years ago i got diagnosed with depression. at worst of times i tried to end me, but due to lack of resolute and energy im still here happy about that. with years ive gotten better, less depressed, cured even according to the doctors. most of the days im quite ok. the past few months have taken a slight dip in my mood. nowadays my selfesteem is plummeting, and most of the time i imagine people laughing at me, pitying me etc. from my previous dive into the thick fog of depression many years ago, ive learnt few indicators of the disease creeping up. now im afraid that im going to take a nosedive within few months if i dont get my thoughts under control. just wanted to went as i dont have anyone to talk to about this.
Assesement: {'depression': 'yes'}

Post: ive had major depression for 8 years but the last couple of months were the best of my life my medication was straightened out and i smiled, rekindled friendships, all of that jazz. unfortunately there always seems to be a but. these past few weeks ive been noticing some of my old patterns. going to bed at 7pm a few nights and then not sleeping at all, eating way too much to the point of nausea, and paranoia about others perception of me. another but, but i still go to school, i still smile i can carry on a conversation and on the inside i just want to fall to the floor and concede to existence, im physically exhausted by just being alive. i know there are things i could do eat healthier, work out, etc. but im just trying to focus the energy i have left on not breaking down during the day when im already exhausted half way through it. i was diagnosed with major depression, now i feel like i didnt get better i just feel like existence is still meaningless but now definitely no one will suspect that thats whats going on in my head. i hate asking people for help i feel like a bother even just thinking about it. anonymity seems to be my only outlet.
Assesement: {'depression': 'yes'}

Post: in late 2017 everything started spiralling downhill and i was diagnosed with depression and all throughout 2018 i was in and out of the psych ward for awhile. it got better towards the end of that year. when 2019 came i started doing amazing things, getting a job, weaning off meds, eating well and exercising, doing extremely well in school and even getting multiple scholarship offers. these gave so much hope to my family and my psych team and they were even planning to discharge me completely. however recently everything that happened back then in 2017 and 2018 is repeating itself again. all the little signs of me slipping are showing up once again. i dont have the heart to get help and crush everyones hope in me. even if i wanted to, my therapy sessions are so widely spaced out so ill have to hold everything in until i see my therapist about a month later and im not sure how much longer i can hold on for
Assesement: {'depression': 'yes'}

Based on the above, assess the content of the following post:
Post: I got better but now I feel myself falling down the hole again. 5 or so years ago I was diagnosed with depression, anxiety and OCD. Main trigger was a bereavement and then a relationship breakdown. Now I am going through the same thing again. I have the support of my partner but fear my depressive episode will make me lose them. Last time I fell into a deep depression, lost loads of weight and wanted to end it all. And now I can see myself falling down the same hole. Im anxious constantly, catastrophising and having irrational thoughts. Last time I thought I was going to be arrested, now I think Im going to be framed for a crime I have done nothing wrong and I am aware of how ridiculous these thoughts are. I dont want to be alone but have no desire to socialise. I am pretty content with being in bed all day. I hope that recognising the early signs will be enough to help me stop this now. Any advice? Last time I was medicated but I had a bad reaction mentally extreme paranoia and physically vomiting, headaches. I am not prepared to do that again. Please help.
Assessment:
","[{'depression': 'yes'}, {'depression': 'yes'}, {'depression': 'yes'}, {'depression': 'yes'}]","'depression': 'yes'

Note: The assessment is based on the criteria for clinical depression"
62,611d2l,"Just as I though: I failed, and I have nothing else.","A couple of days ago, I posted that I was scared to return to med school because anxiety got the best of me the last two times I tried, so I was supposed to be back again this week. On tuesday, I had a regular class, nothing particular. But yesterday, I was supposed to start in the hospital, like the real deal. I woke up and got ready really early, took the bus, and I got there. When I was on the way, my mind started spinning around, my breath was out of control, and I paralyzed.I stood in front of the hospital, having a crisis, and thinking about so many things. But the most prominent thought was: ""I wish I was physically ill, so I could stay in bed and die in peace"". I was thinking about death all day long, but that's another story. 
 I failed once again, and I don't have a plan B because I don't have the motivation for anything. I can already see the look on my father's face. It kills me, because he's the best father you can imagine. This really sucks. 
 As I read in another thread: ""I don't want to live anymore, but I don't want to kill myself"".
 Sorry if I misspelled anything, or any of my sentences don't make sense. I'm really numb because of Clonazepam. And thanks for readind (if anyone does).","[1, 1]","{'depressive_disorder', 'anxiety_disorder'}","Just as I though I failed, and I have nothing else. A couple of days ago, I posted that I was scared to return to med school because anxiety got the best of me the last two times I tried, so I was supposed to be back again this week. On tuesday, I had a regular class, nothing particular. But yesterday, I was supposed to start in the hospital, like the real deal. I woke up and got ready really early, took the bus, and I got there. When I was on the way, my mind started spinning around, my breath was out of control, and I paralyzed.I stood in front of the hospital, having a crisis, and thinking about so many things. But the most prominent thought was I wish I was physically ill, so I could stay in bed and die in peace. I was thinking about death all day long, but thats another story. I failed once again, and I dont have a plan B because I dont have the motivation for anything. I can already see the look on my fathers face. It kills me, because hes the best father you can imagine. This really sucks. As I read in another thread I dont want to live anymore, but I dont want to kill myself. Sorry if I misspelled anything, or any of my sentences dont make sense. Im really numb because of Clonazepam. And thanks for readind if anyone does.",Comorbid (Depression + Anxiety),1,1,"
Below are posts and their respective assessments based on the criteria for clinical depression as defined in the DSM-5.
Format your response as a JSON object {'depression': ''} with values either 'yes' or 'no'.

Post: tomorrow is the day im supposed to return to med school after 3 or 4 years of doing nothing, but trying to get myself together. its been a hard time, but i need to move on, right? the scary thing is, this is not the first time i try to return. i tried last year, and i broke in front of the hospital where i was supposed to be studying. the same happened the year before, and other two or three times. i have a history with failure, and im very scared. im scared because i can feel it coming. its like a demon thats whispering in my ear, saying that im too stupid, or too weak, or too lazy for this. i can see it in my head, breaking me and not letting me move on. i dont know. my heart is pounding, and im just paralyzed.
Assesement: {'depression': 'no'}

Post: this isnt going to be some sort of success story or something. i dont even know what its going to be. i was depressed for almost six years before i started on antidepressants last december. they actually worked. id been feeling ok for a while, and of course, it hits again. started cutting myself again for the first time in 7 months. i thought things had finally worked out. suicidal again as well, which is awesome. i dont know why i didnt just go through with it. then i wouldnt be here to fail over and over again. ive got my first uni finals in a week and i cant even study. i have no motivation to do anything, except die. i dont want to be here anymore. i want to destroy myself and anyones memories of me so it would be like i never existed. i just dont want to be anymore. im exhausted. dont know who else to talk to. no one seems to understand.
Assesement: {'depression': 'yes'}

Post: last semester i had no motivation. i couldnt even open up my laptop for assignments, i would just get home and sleep. this caused me to fail a class, which i still beat myself over. for this semester, i promised myself i would try. i have been under new treatment for the last few months and have seen an improvement. but some days i feel like i will inevitably retreat to my emotional state of earlier this year. some days, no matter how organized i try to be with my time and responsibilities, no matter if i give myself breaks or breathers, i feel the cold slow clasp of depression. i feel like its closing around my throat and will drag me down any movement. i feel like i am drowning painfully slow, and the harder i push to keep afloat, the more the claw tugs me down. im terrified but every day i feel weaker. today i just feel like, whats the point? for everything. i. just. want. to. sleep.
Assesement: {'depression': 'yes'}

Post: life hurts right now. everything is so uncertain. i am 19, almost 20 and i havent gone to college. but i am working on applying for some general education classes. no idea what id major in. but, mom, my living situation isnt ideal, the people can be very mean and push me aside, and i am waiting to get my dog back she was with a friend whilst i was homeless. i live an hour from my boyfriend. he is doing great things in college. and i recently had to take him to the er. and it brought back so much. it brought back you. what it was like to see you there. what it felt like to not give you a hug before you died. the smell of rubbing alcohol. the tubes. the noises. i cried. only once but i cried. and i am no longer happy. i wasnt doing too good the days leading up to this, but now i can 100 say i am in a slump again. my heart aches becausr i know what it is like to get up and be happy for the last month. now i dont know how long this sadness will last. i know i will relapse on my self harm. i had my first mental breakdown last night. paniac attack. hiding on the floor of my room. waiting for 3 hours outside of a laundromat because i literally felt like i was on a different planet. i am alone. i am so alone. it hurts, mom. it really, really hurts.
Assesement: {'depression': 'yes'}

Based on the above, assess the content of the following post:
Post: Just as I though I failed, and I have nothing else. A couple of days ago, I posted that I was scared to return to med school because anxiety got the best of me the last two times I tried, so I was supposed to be back again this week. On tuesday, I had a regular class, nothing particular. But yesterday, I was supposed to start in the hospital, like the real deal. I woke up and got ready really early, took the bus, and I got there. When I was on the way, my mind started spinning around, my breath was out of control, and I paralyzed.I stood in front of the hospital, having a crisis, and thinking about so many things. But the most prominent thought was I wish I was physically ill, so I could stay in bed and die in peace. I was thinking about death all day long, but thats another story. I failed once again, and I dont have a plan B because I dont have the motivation for anything. I can already see the look on my fathers face. It kills me, because hes the best father you can imagine. This really sucks. As I read in another thread I dont want to live anymore, but I dont want to kill myself. Sorry if I misspelled anything, or any of my sentences dont make sense. Im really numb because of Clonazepam. And thanks for readind if anyone does.
Assessment:
","[{'depression': 'no'}, {'depression': 'yes'}, {'depression': 'yes'}, {'depression': 'yes'}]","The assessment is: {'depression': 'yes'}

Explanation:
This post is assessed"
63,71hstm,Sapposed to be going back to work...,"A couple of months ago I was diagnosed with ptsd, depression, and anxiety. I was constantly feeling like I wanted to kill myself so I went to a therapist and started to get treatment. In the last two months I have not been to work. It has been extremely stressful not being paid but the therapy and medication seemed to be working. Until yesterday. Just thinking about having to go back to work is bringing back all the suicidal thoughts and feelings. I am feeling physically ill as well because of this. I thought I was doing better but I guess not. Don't know why I'm posting here but I wanted to tell someone without dissapointing the people around me.","[1, 1]","{'depressive_disorder', 'anxiety_disorder'}","Sapposed to be going back to work. A couple of months ago I was diagnosed with ptsd, depression, and anxiety. I was constantly feeling like I wanted to kill myself so I went to a therapist and started to get treatment. In the last two months I have not been to work. It has been extremely stressful not being paid but the therapy and medication seemed to be working. Until yesterday. Just thinking about having to go back to work is bringing back all the suicidal thoughts and feelings. I am feeling physically ill as well because of this. I thought I was doing better but I guess not. Dont know why Im posting here but I wanted to tell someone without dissapointing the people around me.",Comorbid (Depression + Anxiety),1,1,"
Below are posts and their respective assessments based on the criteria for clinical depression as defined in the DSM-5.
Format your response as a JSON object {'depression': ''} with values either 'yes' or 'no'.

Post: so. i was in ambulant psychiatric treatment between december 2015 and december 2016 but sadly i did not get better. im now out of school for 1 12 years and just sitting at home. i finally found the courage, called up that psychiatrist that was recommended to me. now im on antidepressants. also called up a psychiatric hospital just 10km away from me and made an appointment for an interview to get a therapy place for the semiambulant hospital go there in the morning and go back home in the evening so i guess its something. ive been getting gradually worse over the course of the last weeks that even my suicidal thoughts came back that i didnt have for 2 years. i also got diagnosed with severe anxiety disorder, severe depression with suicidal tendence and mild ptsd. idk. i could write more but im kind of lacking the energy for that. thanks for reading.
Assesement: {'depression': 'yes'}

Post: i have ptsd, panic disorder and depression. i went back to work about a month ago after 6 months off because of depression. i thought i was doing way better. i am doing all i can, sleeping regular hours, meditating, going to therapy, taking my meds, exercising a couple times a week. still i think of dying. i cry for no reason while watching my steak cook. while driving, walking, working. i saw my psychiatrist today. he said well, this is your illness. it sucks. i feel like i should be back to work full time and that i should be well. i am not. my doctor upped my meds. i am having trouble with the idea that there are parts of this illness, parts of my recovery that i have no control over. is anyone else struggling with this?
Assesement: {'depression': 'yes'}

Post: almost a month ago, i was admitted into an acute treatment center for suicidal ideations. for the last 5 years or so since the last time i had to go off of my meds i was having almost daily panic attacks, was almost always in a deep deep depressive state and just generally miserable, most of the time. when i was in treatment they started me back on prozac. my family helped me get the first month worth of my prescription. since being on it ive only had two panic attacks. thats literally a miracle for me. and things have seemed. good. i only have two pills left, and i cant afford to get more. im happy that i had, in a sense, a month long vacation from my depression. im fucking heartbroken that i know within a week or so, im going to be back at the same place. thats all i wanted to say. i just needed to vent.
Assesement: {'depression': 'yes'}

Post: hi guys thanks for reading in advance ill try to make it as short as possible. about 3 years ago i had a complete breakdown and had to stop working, i was diagnosed with depression, anxiety and ptsd. since then ive been trying different meds and tried going back to school to become a plumber. school was great but working after that was a disaster. i relapsed very hard and became very sick for an extended period of time i became so ill that i opted to do ect which im not sure if it helped or not. i sooner or later found a mix of medications that makes me somewhat alright and opted to try going back to work again which is where i am today. i have a job i start in 3 days. i uh dont know what to feel or how, im incredibly afraid and im already feeling the type of anxiety that i was feeling the last time i crashed but i would feel incredibly guilty and stupid if this didnt work somehow. i suppose i feel like ive set myself up to fail again. i dont know what to ask or how or what the whole point of this is but i feel incredibly awful.
Assesement: {'depression': 'yes'}

Based on the above, assess the content of the following post:
Post: Sapposed to be going back to work. A couple of months ago I was diagnosed with ptsd, depression, and anxiety. I was constantly feeling like I wanted to kill myself so I went to a therapist and started to get treatment. In the last two months I have not been to work. It has been extremely stressful not being paid but the therapy and medication seemed to be working. Until yesterday. Just thinking about having to go back to work is bringing back all the suicidal thoughts and feelings. I am feeling physically ill as well because of this. I thought I was doing better but I guess not. Dont know why Im posting here but I wanted to tell someone without dissapointing the people around me.
Assessment:
","[{'depression': 'yes'}, {'depression': 'yes'}, {'depression': 'yes'}, {'depression': 'yes'}]","

Note: It is important to use the same terminology as the DSM-5 when assessing for de"
64,bvj3zz,A feel good story on how life Can get better,"A couple of Weeks ago I was depressed and suicidel had no friends and was a constant victim of violent and mental bullying. One day I almost jumped off my balcony I just couldnt take it but i didnt at the time I wasnt sure why but now i know life is worth living for every little thing and if had killed my self the bullies Would have won I posted my story to r/teenagers asking for advice and they Helped me into calling a suicide hotline and the Nice people at the hotline helped me with realizing that my life was worth Living and to contact professionals i Got diagnosed with depression,ptsd and anxiety
 And being diagnosed has really helped me and my parents understand how to help me 
 I have also Gotten a emotional support dog and switched to a School where everybody knows i have problems and Many of them also have now i have many friends and the school also allow me to take my dog to school so i always have him by my side so guys just know life Can get better. 
 Take care","[1, 1]","{'depressive_disorder', 'anxiety_disorder'}","A feel good story on how life Can get better. A couple of Weeks ago I was depressed and suicidel had no friends and was a constant victim of violent and mental bullying. One day I almost jumped off my balcony I just couldnt take it but i didnt at the time I wasnt sure why but now i know life is worth living for every little thing and if had killed my self the bullies Would have won I posted my story to rteenagers asking for advice and they Helped me into calling a suicide hotline and the Nice people at the hotline helped me with realizing that my life was worth Living and to contact professionals i Got diagnosed with depression,ptsd and anxiety And being diagnosed has really helped me and my parents understand how to help me I have also Gotten a emotional support dog and switched to a School where everybody knows i have problems and Many of them also have now i have many friends and the school also allow me to take my dog to school so i always have him by my side so guys just know life Can get better. Take care",Comorbid (Depression + Anxiety),1,1,"
Below are posts and their respective assessments based on the criteria for clinical depression as defined in the DSM-5.
Format your response as a JSON object {'depression': ''} with values either 'yes' or 'no'.

Post: ive had depression since i was 11 years old. i have tried to kill myself many times and i have harmed myself even more times. i had enough and i went to the doctor today and talked about it. i was diagnosed for my depression and anxiety, with more research necessary to determine what other mental illnesses i may have. this is such a huge victory for me. i still have many more things that are wrong with me, and ill never be normal. regardless, this is a lot of progress for me and hopefully my life is headed in a better direction. thanks for listening.
Assesement: {'depression': 'yes'}

Post: so this has been how ive kept happy for the past two days . im working hard at school so i need the energy to keep me awake and i just feel super great. yeah im still lonely and yeah life is still kinda meh but i see the light at the end of the tunnel at the moment and everything is more or less okay. anyway thanks for reading hope everyone is safe and i hope you guys just keep pushing on and living for the good days that do happen every once in a while .
Assesement: {'depression': 'no'}

Post: 3 weeks ago i hit rock bottom, the depression was the worst it was in 5 years. i had my heart broken when things were already going wrong. i was trying to find anything to just let me die, but something in my head said to make it one more day, the next morning i walked outside and felt new. the sadness started fading, every little positive thing i found was turned up and it just went off, im able to be positive again. just writing this brings joy to me. success is my only option, whatever that may be. im setting a goal to do it now, even though im still told that im worthless. ive shut that out and im gonna be the best worthless person there ever was. im finally happy to be alive
Assesement: {'depression': 'yes'}

Post: ive had diagnosed depression since i was 16 im 24 now and my now therapist is the best ive ever had. i kinda gave up on it since all the ones before didnt really work with me and i felt even more worthless than usually. i had failed my last year of school which was the second time that happened and i gave up on all my goals. but since the start of this year its been getting better and better and better. i have a job now i tutor in german and english, i found the best partner i could ever wish for, my parents go to therapy with me once in a while and our relationship has become so much more relaxed. im starting to accept love and i am getting better at giving it. im lying in bed at this moment with freshly brushed teath i know this doesnt sound like a big deal to most people but it is to me cause i never had the energy to do so and my cat litters done. i had a long day at work and one of the kids got a good grade so im just glad to have never lost that little tiny spark to want to live my life the way i want. i am getting there. my therapist gives me confidence so i will try to go to school again! everyone but me seems to think im smart enough haha. anyways long story short i am happy and if i can do it so can you! even if life is a dark sinkhole believe me there will be sunlight again.
Assesement: {'depression': 'yes'}

Based on the above, assess the content of the following post:
Post: A feel good story on how life Can get better. A couple of Weeks ago I was depressed and suicidel had no friends and was a constant victim of violent and mental bullying. One day I almost jumped off my balcony I just couldnt take it but i didnt at the time I wasnt sure why but now i know life is worth living for every little thing and if had killed my self the bullies Would have won I posted my story to rteenagers asking for advice and they Helped me into calling a suicide hotline and the Nice people at the hotline helped me with realizing that my life was worth Living and to contact professionals i Got diagnosed with depression,ptsd and anxiety And being diagnosed has really helped me and my parents understand how to help me I have also Gotten a emotional support dog and switched to a School where everybody knows i have problems and Many of them also have now i have many friends and the school also allow me to take my dog to school so i always have him by my side so guys just know life Can get better. Take care
Assessment:
","[{'depression': 'yes'}, {'depression': 'no'}, {'depression': 'yes'}, {'depression': 'yes'}]","
It seems like the author of this post has experienced some form of depression, PTSD, and anxiety"
65,gxwbra,Im (25f) a Syrian refugee in Germany,"A couple of years ago I was diagnosed with severe depression after I had to be admitted to the hospital. 
 I was offered therapy sessions right from the start covered by my health insurance (yes, its true: the German health system is pretty good compared to other countries) my sessions were not even limited to a certain amount, I could have therapy for years if I wish to. 
 Anyway, I stopped going really early on because of extreme guilt feelings, I feel so guilty that my therapy is being paid for in a country I wasnt born in, dont pay taxes in, I even study at university almost for free, I feel so bad that the state is paying for a therapy for someone like me who is not even worth fixing. I feel so ashamed to admit this, I never told anyone I know about it so everyone around me assumes Im going to therapy because its very embarrassing to admit thats how I feel about it while there are a lot of people in the world with real problems that would do anything to have professional help like this and Im not even taking advantage of it. It reminds me of how my parents used to force us to finish our food when we were kids because they would say there are people right now somewhere else that dont have food. 
 
 I feel like my depression cant get any worse by now, some days are a bit better most days are really bad so to sum it up I wish every night I would die in my sleep and never wake up.
 
 I just really needed to let this out online. Thank you for taking the time to read this.","[1, 0]",{'depressive_disorder'},"Im 25f a Syrian refugee in Germany. A couple of years ago I was diagnosed with severe depression after I had to be admitted to the hospital. I was offered therapy sessions right from the start covered by my health insurance yes, its true the German health system is pretty good compared to other countries my sessions were not even limited to a certain amount, I could have therapy for years if I wish to. Anyway, I stopped going really early on because of extreme guilt feelings, I feel so guilty that my therapy is being paid for in a country I wasnt born in, dont pay taxes in, I even study at university almost for free, I feel so bad that the state is paying for a therapy for someone like me who is not even worth fixing. I feel so ashamed to admit this, I never told anyone I know about it so everyone around me assumes Im going to therapy because its very embarrassing to admit thats how I feel about it while there are a lot of people in the world with real problems that would do anything to have professional help like this and Im not even taking advantage of it. It reminds me of how my parents used to force us to finish our food when we were kids because they would say there are people right now somewhere else that dont have food. I feel like my depression cant get any worse by now, some days are a bit better most days are really bad so to sum it up I wish every night I would die in my sleep and never wake up. I just really needed to let this out online. Thank you for taking the time to read this.",Depression,1,0,"
Below are posts and their respective assessments based on the criteria for clinical depression as defined in the DSM-5.
Format your response as a JSON object {'depression': ''} with values either 'yes' or 'no'.

Post: theres just so much. so many emotions, i am hurting so deep inside. i am afraid that i will never be fully happy. like i am really happy with my boyfriend but like theres my depression, and my broken family that abused me for years and then theres the fact that i am going to be homeless at the end of this month if i dont find a flat for 300 euros because the government is paying for me, since i am still a student and not living with my family. 300 for a flat arent much here and i cant find a thing, thats what untold them. so they told me that i will need to stay in a thingy for homeless people. everything is just too much. i was on zoloft and on prozac neither of them helped. not taking anything at the moment. i dont want to hurt my partner by being hurt. theres just so much pain and hatred ? inside of me. i dont know how to get rid i just wanna cry and scream and bang my head against a wall. i wish i wouldve had a normal unbroken family. i bet everything wouldve turned out better. just needed to get it off my chest
Assesement: {'depression': 'yes'}

Post: i cried in therapy today, i cried, i cried, i cried. i never cry in therapy, but today i did. i told my therapist you know? im worthless, i dont matter, i am not worthy of being a person, i am a disgust. after a while of talking i asked her when did i become depressive? when did i become this way? .turns out, when i was a kid i used to punch myself in the face, head, arms and legs as selfpunishment im talking age 11 all the way to 18, as a way of controlling intrusive thoughts, as a way of letting out all of the frustration i had towards myself. i was never proud of my accomplishments as a kid, i felt alone, i was bullied, i felt ugly, i hated myself as a kid. i had completely forgotten about many of these things. i never thought i would have grown up depressive. theres so much more i want to express in here but im drained mentally. i cut yesterday, i cut today. i relapsed. ive never felt beautiful in my life, ive never felt enough in my life. i guess that thats why i never thought of myself as depressive, because i got used to it.
Assesement: {'depression': 'yes'}

Post: heres how it went down i went in for my first appointment in three weeks so i had a lot to catch my therapist up on. last week i called a suicide hotline which proved to be unhelpful after a nervous breakdown and having posted a snapchat story about wanting to kill myself soon and nobody responded. i then told her that virtually nobody on earth cares about me. she said that she cares, and i told her that she only cares because shes getting paid to. not realizing how insulting that sounded, she told me that what i said was hurtful. then i started bawling my eyes out, profusely apologizing to her and feeling guilty as ever. ive been seeing therapists on and off since i was 14 im 19f, and this has never happened before. i dont know what to make of it. she decided that at this point its safe to consider me clinically depressed and suggested that i go see a psychiatrist so i could start medication to regulate my mood. since im considered to be in crisis she has an obligation to call emergency services next time i show signs of suicidal ideation. ive never felt this low in my life. im currently going through a breakup, have no friends, and feel alone in this world. my lifelong problems such as social anxiety, depression, and toxic personality have followed me into the present. im at a loss. i truly have no one.
Assesement: {'depression': 'yes'}

Post: ive been struggling with depression and anxiety for the last 2 years, but was only diagnosed in april of 2019. i was diagnosed with depression, social anxiety and ocd intrusive thoughts . many people believe it started after my back surgery but it was when i started secondary school highschool in ireland. ive been getting bullied because of my sexual orientation im gay and because im 13 and am 70kg about 144lbs. ive had many suicide attempts and today i slit my wrists. i need professional help, ive been begging my parents to take me to therapy but the wont accept it. i was diagnosed by a cahms social worker.
Assesement: {'depression': 'yes'}

Based on the above, assess the content of the following post:
Post: Im 25f a Syrian refugee in Germany. A couple of years ago I was diagnosed with severe depression after I had to be admitted to the hospital. I was offered therapy sessions right from the start covered by my health insurance yes, its true the German health system is pretty good compared to other countries my sessions were not even limited to a certain amount, I could have therapy for years if I wish to. Anyway, I stopped going really early on because of extreme guilt feelings, I feel so guilty that my therapy is being paid for in a country I wasnt born in, dont pay taxes in, I even study at university almost for free, I feel so bad that the state is paying for a therapy for someone like me who is not even worth fixing. I feel so ashamed to admit this, I never told anyone I know about it so everyone around me assumes Im going to therapy because its very embarrassing to admit thats how I feel about it while there are a lot of people in the world with real problems that would do anything to have professional help like this and Im not even taking advantage of it. It reminds me of how my parents used to force us to finish our food when we were kids because they would say there are people right now somewhere else that dont have food. I feel like my depression cant get any worse by now, some days are a bit better most days are really bad so to sum it up I wish every night I would die in my sleep and never wake up. I just really needed to let this out online. Thank you for taking the time to read this.
Assessment:
","[{'depression': 'yes'}, {'depression': 'yes'}, {'depression': 'yes'}, {'depression': 'yes'}]",The content of the post expresses feelings of guilt and shame about seeking mental health treatment as a Syrian refugee
66,eu9wod,I'm relapsing and I hate it,"A couple of years ago I went to counseling and was diagnosed with severe anxiety and depression. At the end of the treatment everything was better and I had coping mechanisms. However, now that I started graduate school everything seems to be triggering me, and I hate it. I cried and had a panic attack over a small fixable problem. I am upset because I don't get attention or compliments. I feel alone and left out. I feel like I wanna cry, and those thoughts of suicidal idealization are coming back again. I think what if I were to disappear would anyone care? I just wanna cry and yell. This relapse is triggering so much. I feel broken and lost. I don't want this anymore. I hate that I'm this jealous person, and the internal battles I face. I feel so alone even though I have a support system. I am so tired.","[1, 1]","{'depressive_disorder', 'anxiety_disorder'}","Im relapsing and I hate it. A couple of years ago I went to counseling and was diagnosed with severe anxiety and depression. At the end of the treatment everything was better and I had coping mechanisms. However, now that I started graduate school everything seems to be triggering me, and I hate it. I cried and had a panic attack over a small fixable problem. I am upset because I dont get attention or compliments. I feel alone and left out. I feel like I wanna cry, and those thoughts of suicidal idealization are coming back again. I think what if I were to disappear would anyone care? I just wanna cry and yell. This relapse is triggering so much. I feel broken and lost. I dont want this anymore. I hate that Im this jealous person, and the internal battles I face. I feel so alone even though I have a support system. I am so tired.",Comorbid (Depression + Anxiety),1,1,"
Below are posts and their respective assessments based on the criteria for clinical depression as defined in the DSM-5.
Format your response as a JSON object {'depression': ''} with values either 'yes' or 'no'.

Post: ive had major depression for 8 years but the last couple of months were the best of my life my medication was straightened out and i smiled, rekindled friendships, all of that jazz. unfortunately there always seems to be a but. these past few weeks ive been noticing some of my old patterns. going to bed at 7pm a few nights and then not sleeping at all, eating way too much to the point of nausea, and paranoia about others perception of me. another but, but i still go to school, i still smile i can carry on a conversation and on the inside i just want to fall to the floor and concede to existence, im physically exhausted by just being alive. i know there are things i could do eat healthier, work out, etc. but im just trying to focus the energy i have left on not breaking down during the day when im already exhausted half way through it. i was diagnosed with major depression, now i feel like i didnt get better i just feel like existence is still meaningless but now definitely no one will suspect that thats whats going on in my head. i hate asking people for help i feel like a bother even just thinking about it. anonymity seems to be my only outlet.
Assesement: {'depression': 'yes'}

Post: in late 2017 everything started spiralling downhill and i was diagnosed with depression and all throughout 2018 i was in and out of the psych ward for awhile. it got better towards the end of that year. when 2019 came i started doing amazing things, getting a job, weaning off meds, eating well and exercising, doing extremely well in school and even getting multiple scholarship offers. these gave so much hope to my family and my psych team and they were even planning to discharge me completely. however recently everything that happened back then in 2017 and 2018 is repeating itself again. all the little signs of me slipping are showing up once again. i dont have the heart to get help and crush everyones hope in me. even if i wanted to, my therapy sessions are so widely spaced out so ill have to hold everything in until i see my therapist about a month later and im not sure how much longer i can hold on for
Assesement: {'depression': 'yes'}

Post: im 24 and ive went through many steps to get better but i dont think i can try anymore because my suicidal thoughts have never subsided. im drunk as i write this so it might not be coherent and i apologise. fuck. im sure not many of you will take the time to read this and thats okay, time is precious, but, i just feel so lost. ive lost joy in the things i used to love to do a few years ago. i self medicate with anything that makes me feel not sober, or at least not like myself and its taken an unbearable tole on me where i cant get out of bed without giving myself a little pep in my step regardless of what that pep is. ive had suicidal thoughts through bthe years but i feel like im at the point where its either burn to death, or jump. id rather jump. i dont know why im writing this but i am. i love you guys.
Assesement: {'depression': 'yes'}

Post: this isnt going to be some sort of success story or something. i dont even know what its going to be. i was depressed for almost six years before i started on antidepressants last december. they actually worked. id been feeling ok for a while, and of course, it hits again. started cutting myself again for the first time in 7 months. i thought things had finally worked out. suicidal again as well, which is awesome. i dont know why i didnt just go through with it. then i wouldnt be here to fail over and over again. ive got my first uni finals in a week and i cant even study. i have no motivation to do anything, except die. i dont want to be here anymore. i want to destroy myself and anyones memories of me so it would be like i never existed. i just dont want to be anymore. im exhausted. dont know who else to talk to. no one seems to understand.
Assesement: {'depression': 'yes'}

Based on the above, assess the content of the following post:
Post: Im relapsing and I hate it. A couple of years ago I went to counseling and was diagnosed with severe anxiety and depression. At the end of the treatment everything was better and I had coping mechanisms. However, now that I started graduate school everything seems to be triggering me, and I hate it. I cried and had a panic attack over a small fixable problem. I am upset because I dont get attention or compliments. I feel alone and left out. I feel like I wanna cry, and those thoughts of suicidal idealization are coming back again. I think what if I were to disappear would anyone care? I just wanna cry and yell. This relapse is triggering so much. I feel broken and lost. I dont want this anymore. I hate that Im this jealous person, and the internal battles I face. I feel so alone even though I have a support system. I am so tired.
Assessment:
","[{'depression': 'yes'}, {'depression': 'yes'}, {'depression': 'yes'}, {'depression': 'yes'}]","The post states that the author is experiencing a relapse of their depression and anxiety, which was previously treated"
67,b4jbxf,My friend is in a mental hospital now and I saw it coming,"A few days ago my close friend tried to commit suicide which now landed her in a psychiatric hospital. Ive been to two different mental facilities myself two months back, as I too suffer from depression. Never attempted though. I guess for a long while now Ive been a mentor for her since her depression started after mine. Weve talked about our medications and I let her ask me questions about my suicidal thoughts/addition. Stuff like that. 
 
 Despite me feeling helpful I also feel worse now that I found out about what she tried to do. Because I saw all the signs of it coming since I have suicidal thoughts as well. It was obvious to me. Her giving things away. Her making secret posts on Reddit asking for ways to die. Her telling me the most successful ways to do it. All things Ive done as well. Which makes me feel guilty because I KNEW AT THE TIME exactly what was going on and what she might be planning. It was almost like seeing a mirror imagine of myself and I turned a blind eye.
 
 I was in denial at the time and didnt care much about myself (still dont), which lead me in a way to not care about others. Not really looking for advice, just felt like sharing this in case anyone had similar experiences.","[1, 0]",{'depressive_disorder'},"My friend is in a mental hospital now and I saw it coming. A few days ago my close friend tried to commit suicide which now landed her in a psychiatric hospital. Ive been to two different mental facilities myself two months back, as I too suffer from depression. Never attempted though. I guess for a long while now Ive been a mentor for her since her depression started after mine. Weve talked about our medications and I let her ask me questions about my suicidal thoughtsaddition. Stuff like that. Despite me feeling helpful I also feel worse now that I found out about what she tried to do. Because I saw all the signs of it coming since I have suicidal thoughts as well. It was obvious to me. Her giving things away. Her making secret posts on Reddit asking for ways to die. Her telling me the most successful ways to do it. All things Ive done as well. Which makes me feel guilty because I KNEW AT THE TIME exactly what was going on and what she might be planning. It was almost like seeing a mirror imagine of myself and I turned a blind eye. I was in denial at the time and didnt care much about myself still dont, which lead me in a way to not care about others. Not really looking for advice, just felt like sharing this in case anyone had similar experiences.",Depression,1,0,"
Below are posts and their respective assessments based on the criteria for clinical depression as defined in the DSM-5.
Format your response as a JSON object {'depression': ''} with values either 'yes' or 'no'.

Post: i am diagnosed with depressive disorder as well as a really good friend of mine. she is in a much worse state and is at the point of committing suicide. i am the only person with who she has shared her suicidal with. she told her psychologist that she sometimes thinks about it but she is too scared to tell the full story. the other day, the last time we talked that was like a week ago, she told me that noone understands her. that het feelings get worse everyday. that nobody sees her cries for help. that nobody congratulates her to be alive the next day. she told me that in real life not through text. when i see her walk in school i can clearly see that she is getting worse, i can see it by the look on her face, the clothes she is wearing, the way she walks. is there anyone who has any tips for me? because im at the point of not knowing what to do anymore and it scares me.
Assesement: {'depression': 'yes'}

Post: so last week i tried to kill myself, was sent to the hospital, did inpatient at a psych ward and missed two days of school. i feel horrible about my attempt, i worried so many people and i dont know how to cope with the guilt. at school one of my friends seemed sorta offended that i didnt call or text him when he learned of my suicide attempt. i didnt think he cared that much honestly. another texted me and sent snaps every day to check up on me i guess and when i finally told him what i did he seemed pissed off. he even skipped school today because of it. and i have other people asking me why i just disappeared for awhile and i dont wanna tell em because i dont want them to react badly or guilt trip me for it. at the psych ward there was a family meeting and my great aunt was telling me about how awful my attempt made the family feel. like i knew that, she doesnt need to accentuate even more on that. she was acting like it was all my fault probably was tbh and then told me my great grandma had said next time op tries something like that, she better take me with her like wtff im a horrible person for making my grandma out of all people say such a thing. i still think about how guilty about i am and how much ive made people worry and how theyll countinue to worry about my stupid ass because of what i did. its like im more of a problem than a person at this point im such a fucking selfish piece of garbage for trying to kill myself
Assesement: {'depression': 'yes'}

Post: my close friend tried to commit suicide 5 hours ago by overdosing and slitting her wrist. she was taken to a nearby hospital where they are currently treating her. shes fine now. were both freshman in college btw. what do people dosay after something like this happens to an amigo. cause im depressed myself and im not ok either. so its probably really not a great idea for me to be asking questions relating to suicide but whatever, im just genuinely curious. i called her a few hours ago and we were on the phone for about 2 hours just talking about what happened and what lead her to do that. throwing in some jokes here and there as well because thats just the way we talk. also to not make the situation seem so bad. have any of you had similar experiences? what have you done or said in this type of situation.
Assesement: {'depression': 'yes'}

Post: im not that good with titles, so sorry for that, in the beginning of this year i was diagnosed with severe depression, i never had suicidal thoughts, but three months ago that changed, every week i cut myself 12 times i start feeling guilty and thats why i cut myself, i feel like i always have to help everyone around, that has a huge weight on my back and it gives me that guilt, i had to share this with someone. i cant take it anymore
Assesement: {'depression': 'yes'}

Based on the above, assess the content of the following post:
Post: My friend is in a mental hospital now and I saw it coming. A few days ago my close friend tried to commit suicide which now landed her in a psychiatric hospital. Ive been to two different mental facilities myself two months back, as I too suffer from depression. Never attempted though. I guess for a long while now Ive been a mentor for her since her depression started after mine. Weve talked about our medications and I let her ask me questions about my suicidal thoughtsaddition. Stuff like that. Despite me feeling helpful I also feel worse now that I found out about what she tried to do. Because I saw all the signs of it coming since I have suicidal thoughts as well. It was obvious to me. Her giving things away. Her making secret posts on Reddit asking for ways to die. Her telling me the most successful ways to do it. All things Ive done as well. Which makes me feel guilty because I KNEW AT THE TIME exactly what was going on and what she might be planning. It was almost like seeing a mirror imagine of myself and I turned a blind eye. I was in denial at the time and didnt care much about myself still dont, which lead me in a way to not care about others. Not really looking for advice, just felt like sharing this in case anyone had similar experiences.
Assessment:
","[{'depression': 'yes'}, {'depression': 'yes'}, {'depression': 'yes'}, {'depression': 'yes'}]",The assessment is: {'depression': 'yes'}
68,68vaat,Suicidal again,"A few months ago I couldn't handle the thought of life and the place I got diagnosed worked hard and quick to get me on some medicine. Now I have been on medicine for a few months, both for depression and excessive thought, yet my suicidal thought are coming back. My anxiety is getting worse and I have no energy anymore. Like hell I can barely even set up my computer so I can work on commission/draw. Or set up my PS4 so I can game and relax. I don't have that energy. Not even to take a bath or clean my room. I feel disgusting but tbh I don't know what I can do... all I really want is to just kill myself.","[1, 1]","{'depressive_disorder', 'anxiety_disorder'}","Suicidal again. A few months ago I couldnt handle the thought of life and the place I got diagnosed worked hard and quick to get me on some medicine. Now I have been on medicine for a few months, both for depression and excessive thought, yet my suicidal thought are coming back. My anxiety is getting worse and I have no energy anymore. Like hell I can barely even set up my computer so I can work on commissiondraw. Or set up my PS4 so I can game and relax. I dont have that energy. Not even to take a bath or clean my room. I feel disgusting but tbh I dont know what I can do. all I really want is to just kill myself.",Comorbid (Depression + Anxiety),1,1,"
Below are posts and their respective assessments based on the criteria for clinical depression as defined in the DSM-5.
Format your response as a JSON object {'depression': ''} with values either 'yes' or 'no'.

Post: i dont know what to do. i was doing ok the last few months. everything shut down 4 days after i moved out of my house with my soon to be ex husband. ive never had to take care of myself before this. ive been. ok. ive been handling it. i just found out im losing my job last night. the state funded our company so that they could keep paying us but they cut off funding and it ends tomorrow. i dont know what to do. im not going to be able to pay my rent or any of my bills. i was doing so, so much better and now all i can do is think about how killing myself would solve every single fucking problem that i have right now.
Assesement: {'depression': 'yes'}

Post: im 24 and ive went through many steps to get better but i dont think i can try anymore because my suicidal thoughts have never subsided. im drunk as i write this so it might not be coherent and i apologise. fuck. im sure not many of you will take the time to read this and thats okay, time is precious, but, i just feel so lost. ive lost joy in the things i used to love to do a few years ago. i self medicate with anything that makes me feel not sober, or at least not like myself and its taken an unbearable tole on me where i cant get out of bed without giving myself a little pep in my step regardless of what that pep is. ive had suicidal thoughts through bthe years but i feel like im at the point where its either burn to death, or jump. id rather jump. i dont know why im writing this but i am. i love you guys.
Assesement: {'depression': 'yes'}

Post: this isnt going to be some sort of success story or something. i dont even know what its going to be. i was depressed for almost six years before i started on antidepressants last december. they actually worked. id been feeling ok for a while, and of course, it hits again. started cutting myself again for the first time in 7 months. i thought things had finally worked out. suicidal again as well, which is awesome. i dont know why i didnt just go through with it. then i wouldnt be here to fail over and over again. ive got my first uni finals in a week and i cant even study. i have no motivation to do anything, except die. i dont want to be here anymore. i want to destroy myself and anyones memories of me so it would be like i never existed. i just dont want to be anymore. im exhausted. dont know who else to talk to. no one seems to understand.
Assesement: {'depression': 'yes'}

Post: i havent had suicidal thoughts for a while. maybe 2 years? thats about how long its been since i last self harmed. dont get me wrong, ive really been struggling on and off, especially the last few months. i posted on here last night because i cant seem to get a handle on it. today was the first time in a very long time that a it would be so much easier to die thought went through my head. i am just so tired and exhausted and right now i feel like the simplest thing to do would die. i dont feel like i have any support system. i dont really have any friends. my family cant help me because they dont understand. my husband and i have separated. im just crying myself to sleep every night and the thought of doing this for too much longer seems. excruciating.
Assesement: {'depression': 'yes'}

Based on the above, assess the content of the following post:
Post: Suicidal again. A few months ago I couldnt handle the thought of life and the place I got diagnosed worked hard and quick to get me on some medicine. Now I have been on medicine for a few months, both for depression and excessive thought, yet my suicidal thought are coming back. My anxiety is getting worse and I have no energy anymore. Like hell I can barely even set up my computer so I can work on commissiondraw. Or set up my PS4 so I can game and relax. I dont have that energy. Not even to take a bath or clean my room. I feel disgusting but tbh I dont know what I can do. all I really want is to just kill myself.
Assessment:
","[{'depression': 'yes'}, {'depression': 'yes'}, {'depression': 'yes'}, {'depression': 'yes'}]",{'depression': 'yes'}
69,ljkr4d,Relapse,"A few months ago I finished with the eating disorder treatment center. I had been in treatment for a little over 5 months. Once I discharge I felt confident I made progress but deep down I knew I was scared to go back to my old habits. 
 
 Today, I officially relapsed. I feel like the five months I spent in treatment was for nothing because I now relapsed. Im sacred, ashamed, lonely and hate myself. I bought a bakery cake, zebra cakes and candy. I hate this cycle Im stuck in. Tonight I binged on two large pieces of cake and a hand full of candy. I am feeling so many emotions. Eating disorder thoughts loud in my head, Im already planning on eating all of the cakes I got. I dont know what to do next.","[0, 0]",{'control_group'},"Relapse. A few months ago I finished with the eating disorder treatment center. I had been in treatment for a little over 5 months. Once I discharge I felt confident I made progress but deep down I knew I was scared to go back to my old habits. Today, I officially relapsed. I feel like the five months I spent in treatment was for nothing because I now relapsed. Im sacred, ashamed, lonely and hate myself. I bought a bakery cake, zebra cakes and candy. I hate this cycle Im stuck in. Tonight I binged on two large pieces of cake and a hand full of candy. I am feeling so many emotions. Eating disorder thoughts loud in my head, Im already planning on eating all of the cakes I got. I dont know what to do next.",Normal,0,0,"
Below are posts and their respective assessments based on the criteria for clinical depression as defined in the DSM-5.
Format your response as a JSON object {'depression': ''} with values either 'yes' or 'no'.

Post: to preface, i think ive done kind of well for myself. before the depression hit hard again, i lost just over 30lbs. literally just over. but now darkness, my old friend, is back again and ive started eating my feelings. and im scared this is it and ill undo all the progress ive made over the last few months. the reason i got so big in the first place was from eating my feelings for years in place of medication since none of it worked for me and im trying to stop before it gets out of control and i end up 300lbs+ this time but it feels like whats the point? fat or thin ill still be miserable. i might as well eat four donuts, a family sized chocolate bar, chips, biscuits, energy drinks what i ate yesterday on top of my 1600 calorie limit, which i managed to stick to for nearly 3 months i dont want to be back where i was, but as much as i try, im scared that this is the beginning of yet another downward spiral, back to square one again with even more weight to lose. i dont know. i guess im just wanting to vent and maybe try and find light at the end of the tunnel.
Assesement: {'depression': 'yes'}

Post: i relapsed today after one of the worst depressive episodes i have had in a long while. my months of denying my mood swings and lack of coping mechanisms has caught up. my counselor informed me i should consider medication, and thats when the seriousness of how bad i have gotten set in i can barely get through the day. so i relapsed. not bad. but relapse is relapse. told my boyfriend and he told me that every time we talk about this i say i am going to change. but i go back to self harm. he told me he cant have another conversation like it. so reality check. i have to chose between self harm and my relationship. i cant let it take the one thing in my life that brings me joy these days. he is the one person i trust and feel safe with. strangely it is comforting to be told this. it gives me a solid deterrent and forces me to take accountability for my actions. so here is to no more cuts or scrapes. no more tools or bandages. i am done letting it control me. i will recover.
Assesement: {'depression': 'yes'}

Post: ive been here a few times the past couple years. sometimes ive been here with good news and others not so good. unfortunately im on the not so good side this time. i struggle with some pretty severe depression and anxiety that stems from my childhood onwards. i didnt have much luck over the course of my life but i wont go on and on about my past. i gained 154lbs during a longterm abusive relationship and i finally broke free almost a couple years ago. ive vowed to lose weight and would lose anywhere from 4060lbs before my unresolved mental health issues would deprive me of any and all determination to move any further forward. in those couple years ive yoyod three times and now im right back where i started two years ago. 60lbs is quite a feat and i know that but it doesnt improve my selfesteem at all. to which my stress eating disorder comes in full force and undoes all of my hard work. when i lose weight i eat a balanced diet. i dont starve myself and i make it a point to exercise multiple times a week but not enough to burnout. its just that dark feeling creeping in that saps me of any desire to be a better me because i just cant see it making me any happier. anyone else here struggle with this cycle? how did you curb it or attempt to curb it? i really am tired of being this way and i want to be healthier but this apathy i feel has been completely swamping my desire to get healthier.
Assesement: {'depression': 'yes'}

Post: it seemed like i finally made progress, my pills were working and all. and overnight, it all went away. yesterday, after some time dealing with this relapse, i felt it. the numbness. i couldnt enjoy anything. i just laid on bed all day. i couldnt bring myself to enjoy any single thing i tried. selfhate. im so fucking done. why did i feel normal if i was going to fall all over again? now my brain is mocking me or what? tomorrow i will have to see a new psychologist. part of the team that sent me to the hospital back in december. i cant trust her. i know i will probably lie in the session. im sick of this. why cant i die already?
Assesement: {'depression': 'yes'}

Based on the above, assess the content of the following post:
Post: Relapse. A few months ago I finished with the eating disorder treatment center. I had been in treatment for a little over 5 months. Once I discharge I felt confident I made progress but deep down I knew I was scared to go back to my old habits. Today, I officially relapsed. I feel like the five months I spent in treatment was for nothing because I now relapsed. Im sacred, ashamed, lonely and hate myself. I bought a bakery cake, zebra cakes and candy. I hate this cycle Im stuck in. Tonight I binged on two large pieces of cake and a hand full of candy. I am feeling so many emotions. Eating disorder thoughts loud in my head, Im already planning on eating all of the cakes I got. I dont know what to do next.
Assessment:
","[{'depression': 'yes'}, {'depression': 'yes'}, {'depression': 'yes'}, {'depression': 'yes'}]","
This post meets the criteria for clinical depression as defined in the DSM-5. The content of the"
70,89l8dl,I saw a psychiatrist. Opinions on Zoloft (setraline) or medication in general?,"A few weeks ago I went to see a psychiatrist for the first time to see if he had any good advice on how to ween off my current medication which is generic lexapro. I've been on it for 3 years hoping it'd do something but never did and I have been on 5mg the past year and I'm afraid to stop taking it due to possible withdrawals. Well, the visit with the psych was only 10 minutes tops. I just basically told him how my mental state is and he also suggested I just stop taking the lexapro or if I feel more comfortable to take it every other day. then he prescribed me generic Zoloft. This was a few weeks ago and I never went to get the Zoloft. I am terrified of medication. I don't want to get even worse side effects. Then I am driving myself crazy. What if the Zoloft works for me and I can live my life again? I feel like I might not make it to 30 years of age. I am 26 now. I just feel sick and tired of this anxiety and depression. I want it to stop...","[1, 1]","{'depressive_disorder', 'anxiety_disorder'}","I saw a psychiatrist. Opinions on Zoloft setraline or medication in general. A few weeks ago I went to see a psychiatrist for the first time to see if he had any good advice on how to ween off my current medication which is generic lexapro. Ive been on it for 3 years hoping itd do something but never did and I have been on 5mg the past year and Im afraid to stop taking it due to possible withdrawals. Well, the visit with the psych was only 10 minutes tops. I just basically told him how my mental state is and he also suggested I just stop taking the lexapro or if I feel more comfortable to take it every other day. then he prescribed me generic Zoloft. This was a few weeks ago and I never went to get the Zoloft. I am terrified of medication. I dont want to get even worse side effects. Then I am driving myself crazy. What if the Zoloft works for me and I can live my life again? I feel like I might not make it to 30 years of age. I am 26 now. I just feel sick and tired of this anxiety and depression. I want it to stop.",Comorbid (Depression + Anxiety),1,1,"
Below are posts and their respective assessments based on the criteria for clinical depression as defined in the DSM-5.
Format your response as a JSON object {'depression': ''} with values either 'yes' or 'no'.

Post: does anybody have experience doing this? when i was 14 i was put on antidepressants. ive been taking them just about everyday, im 24 now. i was trying to get off them recently by weening myself off them with guidance from my psychiatrist, but i just felt pretty fucking bad. my therapist who ive had since i was 14, said i wasnt ready to come off my medications and that i needed it and recommended zoloft. really? more medications again? in the end, i just dont think i need these medications. im sick of my doctor telling me i need these pretty fucking bad drugs in my system. you get hooked on them. i honestly feel like im hooked on them. i just dont think its the right way to live. i think i will go through withdrawal. and im pretty fucking scared of that. i was thinking of using weed to help with the withdrawal. i know getting high everyday isnt exactly the greatest or is it? so i was just thinking of using cbd oils or something. i know i should ask my doctor. whats fucked up is i called my psychiatrist and she was at the office and i just had one simple question. and she couldnt answer it, saying i had to schedule an appointment and see her in person to ask the one minute question. to be honest, i wish my parents never put me on these medications in the first place. even my parents regret letting me get this far with taking these drugs. i know reddit isnt a doctor and i should ask my doctor, but i just wanted some introspective. is anyone else going through this?
Assesement: {'depression': 'yes'}

Post: im currently on risperidone 2mg for depression. i actually tried to wean myself off of it by going down to 1mg, and it was a very painful experience where i only lasted a week. my psychiatrist said it was the depression coming back. i got off of cymbalta 7 months ago, and was only on risperidone 2mg, and mirtazapine 15mg for a while. and then around october, i started feeling more and more depressed. and then during thanksgiving, my symptoms were extremely severe. i kept waking up in the morning with extreme anxiety and sense of impending doom. i couldnt focus or do anything except sit and watch television. nothing felt good or enjoyable and everything was very painful. i also had a constant pain in the center of my chest which was anxiety. i was seriously considering suicide. i felt like going to the emergency room because it was just so painful being alive. so i started taking zoloft at 50mg, and in just 3 days, i felt a billion times better. i dont think i should have ever gotten off of cymbalta. but here i am, trying to get better again with zoloft. i do believe it is helping. ive been on antidepressants ever since i was 12, im now 24. i dont know if i actually do have depression or the pills caused it. i really dont know. my sister turned out fine. i guess because i have depression, i will be on pills for life. its a scary thought and i guess i will just have to accept that.
Assesement: {'depression': 'yes'}

Post: hey there, im taking zoloft for 10 days now. 25mg. i was prescribed it due to anxiety, depression and probably ocd. i had an appointment with a psychiatrist today and he really confused me. he said he could prescribe me something else if its not working. i told him i feel more tired throughout the day thats why im sleeping during the day and now i cant sleep at night. my whole sleep pattern is screwed. also i seem to sweat a lot, especially at night, i feel so hot all the time. but i dont know if its due to zoloft or due to the mini pill im taking. he said i dont need to torture myself. but i told him that i read i need to get through the first 24 weeks until it might get better. i dont wanna give up right now. he just confused me and now i feel even more insecure. he said i should try it for one more week and if it doesnt get better i should quit it. should i already notice something good? can anybody help me? im desperate. he also said that maybe we cant increase the dose because my qt time is already a bit high or on the edge.
Assesement: {'depression': 'yes'}

Post: ive suffered from anxiety and depression my whole life. ever since i was 12 ive been medicated. im 24 now. im currently on risperidone 2mg, mirtazapine 15mg, and zoloft 100 mg. i just started taking the zoloft 3 months ago, and im feeling so much better. i feel happier. i have hope. i feel okay. things are looking up. my therapist says that if i do all the work in therapy and change my way of thinking, i will be able to get off the medication. but says im not ready yet. im scared of the future. just how long am i going to be medicated? the longer you are on zoloft, the harder it will be to get off it. im scared of being on it forever. i dont want to take meds for the rest of my life. i have no idea when the day will come when im ready to get off the meds. my dad thinks that when im older i wont need the medication. what will that even be like, to get off of medication? its scary and i hear horror stories of people who have to stay on this stuff forever. im just really scared and worried about the future.
Assesement: {'depression': 'yes'}

Based on the above, assess the content of the following post:
Post: I saw a psychiatrist. Opinions on Zoloft setraline or medication in general. A few weeks ago I went to see a psychiatrist for the first time to see if he had any good advice on how to ween off my current medication which is generic lexapro. Ive been on it for 3 years hoping itd do something but never did and I have been on 5mg the past year and Im afraid to stop taking it due to possible withdrawals. Well, the visit with the psych was only 10 minutes tops. I just basically told him how my mental state is and he also suggested I just stop taking the lexapro or if I feel more comfortable to take it every other day. then he prescribed me generic Zoloft. This was a few weeks ago and I never went to get the Zoloft. I am terrified of medication. I dont want to get even worse side effects. Then I am driving myself crazy. What if the Zoloft works for me and I can live my life again? I feel like I might not make it to 30 years of age. I am 26 now. I just feel sick and tired of this anxiety and depression. I want it to stop.
Assessment:
","[{'depression': 'yes'}, {'depression': 'yes'}, {'depression': 'yes'}, {'depression': 'yes'}]","{'depression': 'yes'}
Note: There are several posts where the user is assesses as having depression"
71,7h8kg3,Drunk and alone on a Saturday night,"A friend invited me out but i declined and just decided to stay in. I was going to go out alone, but i got too buzzed. I guess it wasn't such a good idea because, now i am thinking all kinds of really depressing thoughts. I wish i could just have someone that i can talk to that will listen but i don't..Everyone is too into themselves. I always try and make an effort to listen, but nobody ever cares to hear and respond to me. I need to make friends that i can actually talk and hangout with, but i guess that's too much to ask for..just like getting a single date.
 
 I'm thinking of how the end of the year is already here and i haven't accomplished anything. I hate where i live and i am so unenthusiastic about everything, so i can't help but to procrastinate. It sucks having to live through the holidays alone and single..it gets harder every year. It's even worse for me, since my birthday is also coming up soon. I keep thinking to myself that i really have to leave this place before then or i will end up doing something really stupid. 
 
 I do try to be optimistic and hopeful, but this depression is just eating away at me more and more. I feel so stuck.","[1, 1]","{'depressive_disorder', 'anxiety_disorder'}","Drunk and alone on a Saturday night. A friend invited me out but i declined and just decided to stay in. I was going to go out alone, but i got too buzzed. I guess it wasnt such a good idea because, now i am thinking all kinds of really depressing thoughts. I wish i could just have someone that i can talk to that will listen but i dont.Everyone is too into themselves. I always try and make an effort to listen, but nobody ever cares to hear and respond to me. I need to make friends that i can actually talk and hangout with, but i guess thats too much to ask for.just like getting a single date. Im thinking of how the end of the year is already here and i havent accomplished anything. I hate where i live and i am so unenthusiastic about everything, so i cant help but to procrastinate. It sucks having to live through the holidays alone and single.it gets harder every year. Its even worse for me, since my birthday is also coming up soon. I keep thinking to myself that i really have to leave this place before then or i will end up doing something really stupid. I do try to be optimistic and hopeful, but this depression is just eating away at me more and more. I feel so stuck.",Comorbid (Depression + Anxiety),1,1,"
Below are posts and their respective assessments based on the criteria for clinical depression as defined in the DSM-5.
Format your response as a JSON object {'depression': ''} with values either 'yes' or 'no'.

Post: ive been really lonely lately. last night i had a dream where i had an amazing entire day out with friends i havent seen in so long, one of whom i had feelings towards. nothing special or dreamlike happened in the dream, it felt like a regular day had passed. so when i woke up, i just stared sobbing because it had felt so real. i stopped seeing most of my friends almost 2 years ago. in 2019 i tried being more social again throughout the year, but it didnt work out, and i never saw any of them. i put my old friends behind me and got over my longstanding crush a good year ago, but since christmas ive been thinking about them again. i thought i had finally moved on but this hit me hard. ive had plenty of ongoing issues over the last few months that have made me feel pretty worthless, struggling to find a silver lining, with little reason to continue living. but this. just made me plain sad. not in a suicidal way, just flatout depressed.
Assesement: {'depression': 'yes'}

Post: i feel really down for some reason. this has been going on for like almost two weeks now where i feel depressed, anxious, worthless, ugly, unwanted, etc. its my 28th day, and i know this is something that i need to be proud of however, i just cant seem to be happy about it. it also doesnt help that i have barely anyone to talk about my feelings, a friend of mine doesnt usually want to talk to me anymore. im at work, waiting for my shift to start, i work at night. it feels good to be alone all the time since i get to think and write a lot, but, somehow, i yearn for talking to a friend. i really dont know whats happening. i feel like i just wanted to sleep and never wake up, really. why can anyone just leave you hanging without them feeling any pain whilst me, as i type this, have grown an emotional attachment to a friend who might have been enjoying right now without my company. why do i feel like whenever i try to make friends, theyre just gonna leave me hanging? is it because of how negative i am? why do i feel like giving up and then for some reason, i still go by with my normal day? ive gone through a lot of things, ive turned a quarter century last march, feeling insecure, introvert, looking for companionship im guessing. dont have many friends. im really sorry for feeling bad.
Assesement: {'depression': 'yes'}

Post: i feel completely alone although i am surrounded by people. i have no one to really speak to and tell how i feel. everything feels totally pointless. i dont want to feel like this. i dont even have words for this. i wish i could believe i can feel joy again but that perspective seems like it belongs to another person. i am just so tired of all this shit that i never asked for and have no way of dealing with. im posting this so i have at least said it all out loud. i will not drink today.
Assesement: {'depression': 'yes'}

Post: spent the day trying to distract myself from my thoughts by going for a walk in downtown earlier. it didnt help. i come home and my mother tells me how my younger brother is getting serious with a girl and why am i being so picky with girls and just settle down, like i have an option. i lost a girl a few months back, i never felt this strongly for a girl before.i still feel that sting. i am trying to talk to a girl i met through a friend that seemed interested before, but now she isnt. i feel beyond frustrated dealing with girls. im stuck in a very bad mood tonight, im trying to put myself into a good mood to go out, but i know ill probably just end up feeling even more down, seeing other people having a good time. i just feel really hopeless and tired all the time. everytime i try to open up about this to friends and family, i get ignored or they just aggravate me even more. i hate feeling like this, like all hope is has been sucked out of my body. i wish i could just be free to leave this place behind and go somewhere nice. i really need a break from everything.
Assesement: {'depression': 'yes'}

Based on the above, assess the content of the following post:
Post: Drunk and alone on a Saturday night. A friend invited me out but i declined and just decided to stay in. I was going to go out alone, but i got too buzzed. I guess it wasnt such a good idea because, now i am thinking all kinds of really depressing thoughts. I wish i could just have someone that i can talk to that will listen but i dont.Everyone is too into themselves. I always try and make an effort to listen, but nobody ever cares to hear and respond to me. I need to make friends that i can actually talk and hangout with, but i guess thats too much to ask for.just like getting a single date. Im thinking of how the end of the year is already here and i havent accomplished anything. I hate where i live and i am so unenthusiastic about everything, so i cant help but to procrastinate. It sucks having to live through the holidays alone and single.it gets harder every year. Its even worse for me, since my birthday is also coming up soon. I keep thinking to myself that i really have to leave this place before then or i will end up doing something really stupid. I do try to be optimistic and hopeful, but this depression is just eating away at me more and more. I feel so stuck.
Assessment:
","[{'depression': 'yes'}, {'depression': 'yes'}, {'depression': 'yes'}, {'depression': 'yes'}]",{'depression': 'yes'}
72,dso2kc,Ways to help someone going down a dark path?,"A guy I work with is going down a really dark path. I smoke weed with him every now and then but in the last year or so he's admitted that he's been using heroin and other opiates.
 
 He used to be a gambling addict but now that addiction has changed to heroin. A while ago he owed someone a lot of money otherwise they were going to do really bad things to him. I gave him some money to stop this from happening. I know it feels like enabling but I didn't want him to be seriously harmed.
 
 He seems like a really nice guy and its depressing to see this happening. I'm currently a recovering addict from opiates and benzos so I know how bad things can get and how addictive they are.
 
 I try to warn him and tell him to be safe but I don't think its making a difference. Is there anything I can do to help?","[0, 0]",{'control_group'},Ways to help someone going down a dark path. A guy I work with is going down a really dark path. I smoke weed with him every now and then but in the last year or so hes admitted that hes been using heroin and other opiates. He used to be a gambling addict but now that addiction has changed to heroin. A while ago he owed someone a lot of money otherwise they were going to do really bad things to him. I gave him some money to stop this from happening. I know it feels like enabling but I didnt want him to be seriously harmed. He seems like a really nice guy and its depressing to see this happening. Im currently a recovering addict from opiates and benzos so I know how bad things can get and how addictive they are. I try to warn him and tell him to be safe but I dont think its making a difference. Is there anything I can do to help?,Normal,0,0,"
Below are posts and their respective assessments based on the criteria for clinical depression as defined in the DSM-5.
Format your response as a JSON object {'depression': ''} with values either 'yes' or 'no'.

Post: alot of my friends are using drugs, and my bestfriend does too. she uses everything from pot and acids to lsd and more shit. i litterally know just a few people who doesnt use anything. i have decided to stay away from people who use stuff like that, but its harder to drop my best friend. but im gonna tell her to either drop the drugs or lose me as a friend. what would you do? im kinda worried that she will choose the drugs even though she says that shes not addicted.
Assesement: {'depression': 'no'}

Post: a friend of mine is going through some really hard times in the last few months. i just met her a few weeks ago, but she told me today about how her son o.dd in january after spending all her and husbands savings on drugs. apparently the shock of it caused her husband to have a stroke, and just in the last few days, theyve discovered that he has a clot and a tumor in his brain. hes in his 70s, shes in her 60s, and shes very, very sweet, but as she was telling me about this whole situation, she said a lot of things that set off alarm bells for me, mostly about how she doesnt understand why this happened to her, how her husband is all she has left, things like that. having contemplated suicide in the past, it makes me very worried. ive contacted our supervisor in regards to maybe setitng up a fundraiser to see if we can get her a gift card to dillions or walmart or something to that effect, to help her make ends meet right now, but i was wondering if anyone else had any ideas about how i can help her.
Assesement: {'depression': 'yes'}

Post: i am not 100 how much he was taking but it was likely 50+ grams a day, to help with pretty severe anxiety and depression. hes always had an addictive personality with substances. i have experience with kratom as it helps with mood and chronic health issues that i was cursed with. my brother only has mood issues, no chronic health problems. but i understand hes taken so much because he refuses to see a doctor for his mental health and his anxiety is out of control. i on the other hand take psych meds. hes bought some dispensary weed and a bunch of supplements to help him get off. its only been 24 hours and he says he feels horrible. i suspect a lot of it is anxiety that was previously controlled by kratom. restless legs, cant sleep, his whole body hurts. is there any advice from previously heavy users to get him off? hes doing cold turkey, as he cant seem to taper down.
Assesement: {'depression': 'yes'}

Post: hi everyone! i have had a friend for the past few years now. we arent close or anything, but if were both in the same class well sit by each other and talk. my friend is a lot of fun to talk to. we a lot of interesting conversations, and to be honest, i have a hard time connecting with people who dont have interesting conversations. he doesnt have a filter for sensitive topics, which can make him more interesting. a lot of what he talks about are morally ambiguous though, and they make me feel uncomfortable, including his weed habit. sometimes i feel guilty after talking to him. i have many issues with feeling guilty in general, so it doesnt help. should i try and talk to him about cutting back, should i just deal with it or should i distance myself?
Assesement: {'depression': 'no'}

Based on the above, assess the content of the following post:
Post: Ways to help someone going down a dark path. A guy I work with is going down a really dark path. I smoke weed with him every now and then but in the last year or so hes admitted that hes been using heroin and other opiates. He used to be a gambling addict but now that addiction has changed to heroin. A while ago he owed someone a lot of money otherwise they were going to do really bad things to him. I gave him some money to stop this from happening. I know it feels like enabling but I didnt want him to be seriously harmed. He seems like a really nice guy and its depressing to see this happening. Im currently a recovering addict from opiates and benzos so I know how bad things can get and how addictive they are. I try to warn him and tell him to be safe but I dont think its making a difference. Is there anything I can do to help?
Assessment:
","[{'depression': 'no'}, {'depression': 'yes'}, {'depression': 'yes'}, {'depression': 'no'}]","
Note: The assessments are based on the information provided in the posts and may not be accurate or comprehensive."
73,59zauo,I don't know whats wrong with me..,"A little back story i guess - I was diagnosed with Anxiety disorder at around 5yrs. Then At 12/13 I was diagnosed with severe depression. At 18 I was diagnosed with Social phobia.
 
 A lot happened in my life. From physical abuse from a male in the family to abuse from spouses to being given the news that i have a more aggressive form of PCOS (that ones not as bad but it somehow seems hugely horrible to me) 
 
 Yet... At 21 I STILL don't know FOR SURE what exactly is wrong with me. I've been screwed around by doctors all my life telling me its just my anxiety & depression mixed with my screwed hormones from my pcos that give me major mood swings. But deep down i know something more is wrong with me. I even made an attempt to get diagnosed at the hospital. They just said ""you're perfectly normal."" IF i am so ""normal"" why do i get so sad that nothing helps? Why do i get so mad about nothing at all? Why can't i sleep some nights. My sister has Bi-Polar. My brother is in the process of being diagnosed too. 
 
 I just right now, feel so shit. My feelings today have gone from happy-Searingly mad-severely depressed in the matter of a few hours.. I don't know what to do anymore... :'(","[1, 1]","{'depressive_disorder', 'anxiety_disorder'}","I dont know whats wrong with me. A little back story i guess I was diagnosed with Anxiety disorder at around 5yrs. Then At 1213 I was diagnosed with severe depression. At 18 I was diagnosed with Social phobia. A lot happened in my life. From physical abuse from a male in the family to abuse from spouses to being given the news that i have a more aggressive form of PCOS that ones not as bad but it somehow seems hugely horrible to me Yet. At 21 I STILL dont know FOR SURE what exactly is wrong with me. Ive been screwed around by doctors all my life telling me its just my anxiety depression mixed with my screwed hormones from my pcos that give me major mood swings. But deep down i know something more is wrong with me. I even made an attempt to get diagnosed at the hospital. They just said youre perfectly normal. IF i am so normal why do i get so sad that nothing helps? Why do i get so mad about nothing at all? Why cant i sleep some nights. My sister has BiPolar. My brother is in the process of being diagnosed too. I just right now, feel so shit. My feelings today have gone from happySearingly madseverely depressed in the matter of a few hours. I dont know what to do anymore.",Comorbid (Depression + Anxiety),1,1,"
Below are posts and their respective assessments based on the criteria for clinical depression as defined in the DSM-5.
Format your response as a JSON object {'depression': ''} with values either 'yes' or 'no'.

Post: nothing much.just in middle school i was diagnosed with severe depression and anxiety, was told to go see a psychiatrist and get professional help because i couldnt change on my own. i never did. i didnt want to, and even if i did, my parents wouldve refused. because they dont believe in depression, that their kid has it. they say its a sign of weakness.ive been called weak many times from them. but anyways, im in 10th grade now, so 15, and for some reason, right when i have lots of work and huge tests, the pain, the numbness i thought i had lessened, rushes back like fire. i dont cry.but ive been tearing up all day. i dont eat real food, just snacks, i dont sleep, i stay in bed all day, i couldnt even shower for two days. its never been this bad.at least not this year. im just, with the way my life is going, ive already failed. i want to disappear. im tired and i dont need this.hasnt the world played with me enough? i guess not. i guess it never will.
Assesement: {'depression': 'yes'}

Post: for a few years now ive just been feeling awfully most of the time. i recently got my dr to prescribe 16 different blood tests but i dont even know if i asked for the right ones. im a 28 year old male. ive suffered from depression since highschool but its gotten worse. i dont know whats happening but im getting scared. i look forward to nothing. on my days off i sit around my house and do chores then browse my phone. at work i do menial tasks then browse the internet all the time. i feel fatigue. anhedonia. depression. anxiety. malaise. im fucked. i look forward to nothing. absolutely nothing. i only talk to my parents and siblings outside of work. guys, i dont know what to do anymore if my doctors havent helped me. im not suicidal but holy hell im so miserable and dont want to exist in this misery. i want to be content and happy.
Assesement: {'depression': 'yes'}

Post: so ive been looking recently for some answers. ive had depression and anxiety for 10+ years. tried a hell of a lot of meds. i also have issues that make me think, and have had docs wonder about gerd, ibs, and ic. i saw a specialist for frequent negative utis. he said i have a painful bladder, and i said so ic and he told me not to put a label on it.wtf. anyway, when docs ask me about pain i guess i dont say much because how am i supposed to determine if my everyday pain is just normal pain everyone deals with? so i usually say no unless it really hurts. i get a lot of back and neck aches, knee pain, painful intercourse. i sleep like shit no matter what. i sleep for 12 hours i am tired, get some, tired.none, tired. i have no energy or motivation and basically only look forward to sleeping because then i dont have to constantly worry about all the symptoms that are probably all in my head anyway. my so thinks im a hypochondriac, which i probably am. at this point i just feel crazy. should i ask someone about fibro? could that explaun all this shit? or could it all be caused by all those things? or is it all caused by my depression? sorry for the rant.
Assesement: {'depression': 'yes'}

Post: im a 16 yi female. ive been diagnosed with generalized anxiety disorder that sometimes manifests in compulsions lots of routines. im clinically depressed and have major depressive disorder. i am, however, high functioning. so i still brush my teethget dressedetc. i have to do that because of my anxiety. which is exhausting. im currently on 45mg of mirtazapine and 10mg of prozac. i was on 60mg, but it made me self destructive. i remain on it now because it helps with my anxiety just not enough. mirtazapine has been amazing, it makes my baseline mood okay, instead of suicidal. the thing is, when im fine, im just that, fine. i cant remember what its like to be not fine, which makes therapy tricky. when im not fine, my head is so clouded. i definitely have an addictive personality, and went through a period of vaping a lot. whenever i look back on my lows, i cant believe it, it just seems ridiculous. why was i being so overdramatic? i frequently get angry. at noises, at people. i snap at my parents and occasionally my friends. i also shoplift, have been for, maybe, 8 months? i loved the adrenaline rush, but it isnt even scary anymore. those are two of the things that make me think i could be bipolar. i dont know what to do. i dont get why my mood isnt just. the same. i dont know what its from. my lows are definitely low enough to be considered lows, but im not sure if i really have manic episodes. i just know that something is wrong with my mood. do any of you have any idea of what it could be?
Assesement: {'depression': 'yes'}

Based on the above, assess the content of the following post:
Post: I dont know whats wrong with me. A little back story i guess I was diagnosed with Anxiety disorder at around 5yrs. Then At 1213 I was diagnosed with severe depression. At 18 I was diagnosed with Social phobia. A lot happened in my life. From physical abuse from a male in the family to abuse from spouses to being given the news that i have a more aggressive form of PCOS that ones not as bad but it somehow seems hugely horrible to me Yet. At 21 I STILL dont know FOR SURE what exactly is wrong with me. Ive been screwed around by doctors all my life telling me its just my anxiety depression mixed with my screwed hormones from my pcos that give me major mood swings. But deep down i know something more is wrong with me. I even made an attempt to get diagnosed at the hospital. They just said youre perfectly normal. IF i am so normal why do i get so sad that nothing helps? Why do i get so mad about nothing at all? Why cant i sleep some nights. My sister has BiPolar. My brother is in the process of being diagnosed too. I just right now, feel so shit. My feelings today have gone from happySearingly madseverely depressed in the matter of a few hours. I dont know what to do anymore.
Assessment:
","[{'depression': 'yes'}, {'depression': 'yes'}, {'depression': 'yes'}, {'depression': 'yes'}]","'depression': 'yes'

The author of the post mentions several conditions, including anxiety disorder,"
74,dq9c8x,I'm worried my liver might be starting to give up but I'm pretty sure it's all in my head. .,"A little background first. 
  I have had mental health problems since I was 12. I used to self-harm. One of my methods of SH was overdosing frequently. Nothing big, usually around or under 10. The most I took was 20. 
 Fast forward to now. Stopped overdosing. 
 I've been diagnosed with chronic gastris 1 year ago. I'm currently on medications Risperdone, Rantidine and Fostair which is a steroid inhaler. 
 Not supposed to drink on Risperdone or Randitine. 
 The past couple months I've been feeling really sick to the point of nearly throwing up. I thought this was due to alcohol cravings, even though they sometimes started when I started to drink. 
 The past few days I've been having this really unbearable fever, getting really cold and really hot, so hot that I had to stand in front of the freezer. 
 I googled alcohol fever and found out about the symptoms of hepatitis and now I'm worried this might be the start of it, even though I don't have jaundice and the only two symptoms I have is nausea and fever. 
 My Nan is also an alcoholic and has liver failure from it. 
 I only drink 4-5 double vodka and cokes every few days. 
 Im only 24. 
 And I feel to embarrassed about this to go to the Doctors about it as they might say I'm worrying over nothing. 
 I think I might be, but the worry is always there.","[0, 1]",{'anxiety_disorder'},"Im worried my liver might be starting to give up but Im pretty sure its all in my head. A little background first. I have had mental health problems since I was 12. I used to selfharm. One of my methods of SH was overdosing frequently. Nothing big, usually around or under 10. The most I took was 20. Fast forward to now. Stopped overdosing. Ive been diagnosed with chronic gastris 1 year ago. Im currently on medications Risperdone, Rantidine and Fostair which is a steroid inhaler. Not supposed to drink on Risperdone or Randitine. The past couple months Ive been feeling really sick to the point of nearly throwing up. I thought this was due to alcohol cravings, even though they sometimes started when I started to drink. The past few days Ive been having this really unbearable fever, getting really cold and really hot, so hot that I had to stand in front of the freezer. I googled alcohol fever and found out about the symptoms of hepatitis and now Im worried this might be the start of it, even though I dont have jaundice and the only two symptoms I have is nausea and fever. My Nan is also an alcoholic and has liver failure from it. I only drink 45 double vodka and cokes every few days. Im only 24. And I feel to embarrassed about this to go to the Doctors about it as they might say Im worrying over nothing. I think I might be, but the worry is always there.",Anxiety,0,1,"
Below are posts and their respective assessments based on the criteria for clinical depression as defined in the DSM-5.
Format your response as a JSON object {'depression': ''} with values either 'yes' or 'no'.

Post: someone linked this subreddit on a post i made on ranxiety. figured id tell my new worries here. so for the past few days ive been thinking i have colon cancer for two reasons. one is that restroom habits have changed a bit and the other is that i have a weird sharp discomfort that lasts a split second and then stops, almost like having a nerve get pinched really fast. thats been going on for a couple of months but started getting more common when i started getting worried. my boyfriend keeps saying its probably just a hemorrhoid since i have no real symptoms other than the ones in my head, and pain would mean it has spread or gotten very big and would be causing a lot more problems or blood. but my grandmother passed away from colon cancer and now i cant stop worrying no matter whether i have any issues or not. i did the worst thing possible as well and started googling for all kinds of symptoms. while googling did make it seem that what im experiencing is no means a sign of anything really bad, it said its a possibility and i cant stop thinking about it. im 20 and shouldnt need to be worried about this but ever since my grandma passed i worry about everything. i never had these problems before her. just last year i was positive i had lymphoma. in fact last month i was sure i had lung cancer. im really struggling lately and its been so hard since i have very little support from anyone.
Assesement: {'depression': 'no'}

Post: im 25f 54 130lbs, have a mthfr mutation 677tt which i take a whole slough of supplements for. have had a history of seizures and weird neurological issues probably related to extreme deficiencies. i have dysautonomia, various mental health issues, used to have a pretty severe eating disorder that ive mostly recovered from and gained weight, and some chronic pain issues theyre still trying to figure out about two months ago i was receiving iv iron venofer for a six week course and i was in the middle of it, obviously because of extreme iron deficiency anemia. this is when the liverarea pain started. its like a dull ache sometimes in my very upper right abdominal quadrant and sometimes in the lower right rib area. its gotten to the point where its almost constant. its kind of like a mild stomach ache, but in my liver or gall bladder area. the area doesnt feel tender and i dont have any weird lumps but it really does feel like this side of my stomach area is more full than the left side, just because touching the sides. i had my blood ammonia tested and it was on the lower side of normal, so thats good, but im not sure ive had other liver enzymes tested. i dont think i have. my family has a history of gall bladder issues as well. im currently living in a weird situation with family, which is not ideal right now, but i cannot drive because of the seizure. if i am an alarmist my dad wont be happy if i go to the doctor and its nothing im on his insurance but i want to be careful with my health as its not the best. im also not anemic anymore
Assesement: {'depression': 'no'}

Post: i havent had a drink in over a month. but in that time, my mental health has declined so rapidly. ive been getting mood swings, wanting to self harm, suicidal thoughts, irritable. i have actually tried to kill myself in the last month. when i was drinking, i had none of these problems. sure, i was irritable when i didnt have a drink back when i was drinking, could be grumpy but not on this scale. its so tempting to start drinking again.
Assesement: {'depression': 'yes'}

Post: i took am overdose a month ago and didnt seek medical attention. im also an alcoholic. ever since i took that overdose, i had had this fever and keep on going between hot and cold. i dont have any other symptoms, just this. im a bit worried, but at the same time i hope i did so i can die quicker. i did have a blood test yesterday and will find out the results tomorrow. does anyone know if thses two events are likely to be linked or is it all in my head?
Assesement: {'depression': 'yes'}

Based on the above, assess the content of the following post:
Post: Im worried my liver might be starting to give up but Im pretty sure its all in my head. A little background first. I have had mental health problems since I was 12. I used to selfharm. One of my methods of SH was overdosing frequently. Nothing big, usually around or under 10. The most I took was 20. Fast forward to now. Stopped overdosing. Ive been diagnosed with chronic gastris 1 year ago. Im currently on medications Risperdone, Rantidine and Fostair which is a steroid inhaler. Not supposed to drink on Risperdone or Randitine. The past couple months Ive been feeling really sick to the point of nearly throwing up. I thought this was due to alcohol cravings, even though they sometimes started when I started to drink. The past few days Ive been having this really unbearable fever, getting really cold and really hot, so hot that I had to stand in front of the freezer. I googled alcohol fever and found out about the symptoms of hepatitis and now Im worried this might be the start of it, even though I dont have jaundice and the only two symptoms I have is nausea and fever. My Nan is also an alcoholic and has liver failure from it. I only drink 45 double vodka and cokes every few days. Im only 24. And I feel to embarrassed about this to go to the Doctors about it as they might say Im worrying over nothing. I think I might be, but the worry is always there.
Assessment:
","[{'depression': 'no'}, {'depression': 'no'}, {'depression': 'yes'}, {'depression': 'yes'}]","
 {'depression': 'yes'} "
75,drpymi,Being abandoned,"A little background here i managed to date my crush/fp for 1 year and she ended it 1 year ago. She eventually started dating this other guy this hit like a ton of bricks worse episode of my life. But she now says she might move schools and the only thing keeping her is this guy and (apparently me) but i think that was just to be nice and now I'm really fighting with myself she is still my crush and fp so it feels awful I'm cutting and just destroying myself over this. She said today that someone she bearlly new was more important than everyone else (as a joke but it had some truth to it) the guy said hey and she said ""oh *guys name* is a bit more important"" right there i was in on this convo and no acknowledge meant I'm cutting and texting her i don't know what to do. Help.","[0, 0]",{'control_group'},Being abandoned. A little background here i managed to date my crushfp for 1 year and she ended it 1 year ago. She eventually started dating this other guy this hit like a ton of bricks worse episode of my life. But she now says she might move schools and the only thing keeping her is this guy and apparently me but i think that was just to be nice and now Im really fighting with myself she is still my crush and fp so it feels awful Im cutting and just destroying myself over this. She said today that someone she bearlly new was more important than everyone else as a joke but it had some truth to it the guy said hey and she said oh guys name is a bit more important right there i was in on this convo and no acknowledge meant Im cutting and texting her i dont know what to do. Help.,Normal,0,0,"
Below are posts and their respective assessments based on the criteria for clinical depression as defined in the DSM-5.
Format your response as a JSON object {'depression': ''} with values either 'yes' or 'no'.

Post: so where should i start? my life has taken a huge down fall in the past year. a year from. today i was dating what i thought would be the love of life, although im just 18 i feel like shes the only girl who will ever have loved me. my life started spiraling out of control after february where i drank bleach until i passed out and realized that i had depression. because of my suicide attempt and depression i missed a lot of school days and lost many friends including my bestfriend lets name him narf . despite all of that i tried to keep my head high and try to overcome my depression. my ex girlfriend at the time was the only thing i had. as the year continued i felt that my depression was affecting her and i decided to break up with her, after that she was my best friend and my only friend she would come visit me on my down days and give me kisses. fast forward to a few month ago she tells me she doesnt love me and has feelings for my bestfriend narf. i feel betrayed, lonely and helpless. i really dont have any friends anymore. and when i try talking to someone they never reply to my messages. she told me that doesnt see herself going out with me ever again. its hard to move on. the nightmares of them being together just haunt me. valentines will suck and life is a bitch
Assesement: {'depression': 'yes'}

Post: few years ago when i was a college i met this tomboy girl and she can be a bit weird goofy and just fun to hang out with and me being socially awkward having trouble making friends her and i became friends instantly, we hung out a lot we eat together and sometimes help each other study during exams, i used to tell her everything like girlfriend issues, family issues, crazyfunny childhood stories.etc, some people thought we were dating but were just close buddies that friendship was better than anything i have ever experienced. we kinda went out on a date was her idea but it didnt really feel right and she got out of a long term relationship recently we both agreed its not the right time and moved on like nothing happen. but all good things come to an end, a while later i noticed we dont really hang out as much as used to anymore and barely respond to my phone calls, i thought she might be feeling awkward cuz of the date so i didnt say anything. but she kept going further and further away till stopped talking to me at all. later i found out from her bff she went back to her ex and he really didnt like how close we were so she decided to leave me. it hurts that she didnt tell me why and left to deal with confusion all by my self and the fact that i am not that close to her and she can kick me out of her life like nothing hurts a whole lot more. that was 45 years ago but the wound didnt really heal.
Assesement: {'depression': 'no'}

Post: i feel so suicidal right now. i went to my therapist earlier and took my antidepressants, but nothing seems to help this heartbreak. she left me for the smallest reason, because i didnt get the cereal she wanted. but after, she said that its all pent up bad emotions towards me. that i never treated her right anyway. she told me she deserves better. i did everything for her, i pushed my own mental illness aside, and put on happy faces even when i was feeling depressed, just so that i didnt make her feel upset or make her feel like she was inadequate. i tried to communicate with her whenever there was an issue or when things upset her, but she kept shushing me. she never let me explain or let her in. when we started going out, she used to tell me things and she told me that i can be open with her about anything. as time went on, she became more aggressive with me. she wouldnt let me talk about my own feelings, she pushed me aside while keeping me the center of everything. i feel like theres no hope for me. i dont deserve to be happy, what was i even expecting? one thing comes and it just shatters.
Assesement: {'depression': 'yes'}

Post: its really fucked up. i am super low right now diagnosed with major depressive disorder so its not easy. yesterday night, me and her had really good intimate time together, and it was really enjoyable up until it ended and she compared me to this previous relationship she had with a guy when she was sad and depressed before. she told me that when she felt empty she would mess around, and then she said that she was empty and sad right now and she doesnt want mess around anymore. i felt absolutely broken because i care about her, i got angry, and said a lot of shit, i lost myself completely. but even though it isnt my fault i keep coming back to her myself. she says shes not over her ex boyfriend and i am always there to console when she gets rejected by her ex. i cant believe i am acting like a simp. what should i do? should i completely cut her off from my life? i dont want to cut her off, because i am extremely lonely and insecure i dont have many friends, and cutting her off completely means endless depression. what the fuck man
Assesement: {'depression': 'yes'}

Based on the above, assess the content of the following post:
Post: Being abandoned. A little background here i managed to date my crushfp for 1 year and she ended it 1 year ago. She eventually started dating this other guy this hit like a ton of bricks worse episode of my life. But she now says she might move schools and the only thing keeping her is this guy and apparently me but i think that was just to be nice and now Im really fighting with myself she is still my crush and fp so it feels awful Im cutting and just destroying myself over this. She said today that someone she bearlly new was more important than everyone else as a joke but it had some truth to it the guy said hey and she said oh guys name is a bit more important right there i was in on this convo and no acknowledge meant Im cutting and texting her i dont know what to do. Help.
Assessment:
","[{'depression': 'yes'}, {'depression': 'no'}, {'depression': 'yes'}, {'depression': 'yes'}]",{'depression': 'yes'}
76,8f8ga7,"My fiance is seriously depressed, I want to help but nothing is working.","A little background. I have been diagnosed with anxiety and depression however it is well controlled by both medication and cognitive behaviors. I have been with my fiance for 3ish years, and I have seen him struggle but never like this.
 
 While i won't go into great details, there are real life factors primarily financial that are helping to exacerbate his depression. Last week he had a panic attack about it and had thoughts of self harm, so we went to the ER. After waiting to be seen for 5 hours, he was feeling better and we went home, with the promise of seeing his primary care physician this coming Monday. Well tonight he's had another episode and I'm trying so hard to help but it's like the depression is blocking everything out and I can't get through to him.
 
 I've tried teaching him some of the cognitive things I've learned like grounding yourself by taking in your surroundings, or trying to remain cognizant that your thoughts are being twisted by depression. I've tried offering real world solutions to our problems. It just seems like everything I say he just ignores or argues with. I'm frustrated and sad and it's not helping my own depression (that would love to agree with him about being worthless and life being pointless) 
 
 I'm trying so hard to stay positive but I'm frustrated and exhausted and just need a little support for both of us honestly. What can I do to help him?","[1, 1]","{'depressive_disorder', 'anxiety_disorder'}","My fiance is seriously depressed, I want to help but nothing is working. A little background. I have been diagnosed with anxiety and depression however it is well controlled by both medication and cognitive behaviors. I have been with my fiance for 3ish years, and I have seen him struggle but never like this. While i wont go into great details, there are real life factors primarily financial that are helping to exacerbate his depression. Last week he had a panic attack about it and had thoughts of self harm, so we went to the ER. After waiting to be seen for 5 hours, he was feeling better and we went home, with the promise of seeing his primary care physician this coming Monday. Well tonight hes had another episode and Im trying so hard to help but its like the depression is blocking everything out and I cant get through to him. Ive tried teaching him some of the cognitive things Ive learned like grounding yourself by taking in your surroundings, or trying to remain cognizant that your thoughts are being twisted by depression. Ive tried offering real world solutions to our problems. It just seems like everything I say he just ignores or argues with. Im frustrated and sad and its not helping my own depression that would love to agree with him about being worthless and life being pointless Im trying so hard to stay positive but Im frustrated and exhausted and just need a little support for both of us honestly. What can I do to help him?",Comorbid (Depression + Anxiety),1,1,"
Below are posts and their respective assessments based on the criteria for clinical depression as defined in the DSM-5.
Format your response as a JSON object {'depression': ''} with values either 'yes' or 'no'.

Post: i have an adult child struggling with depression and anxiety. he just started a new job and makes good money. the problem is he refuses to get help. he has lost a job in the past due to these issues and im afraid it might happen again. i have tried everything to have him get help, but he refuses because he thinks he can beat it on his own. i am at my wits end. i am afraid for him. does anyone have any proactive suggestions? i have dealt with a mental health diagnosis for myself for the last 30+ years. i dont want him going through the same thing.
Assesement: {'depression': 'yes'}

Post: im not sure what to do. my partners depression has been getting a lot worse. she used to have bad days every 2 months or so. now it happens most days. it revolves about her job, being misgendered and her weight. at first, i could help her. i could pull her out of it. however, the more frequent these moods happen, the more its exhausting me. i love her with all my heart, but i work 2 jobs and im doing my diploma. im scared when i text her that shes sad again. im even more scared that one day she wont respond at all. shes said she doesnt want to do anything stupid, but i dont believe her. she goes emotionless sometimes, and thats the most scary. i dont know what to do. im tired, and frustrated and then im angry at being frustrated and selfish. i just want to come home after working a double shift to my happy fiance, but that doesnt happen anymore. its not her fault. its beyond not her fault. i dont want her to feel bad for making me feel bad. i just dont know what to do. shes booked in to see a psychologist soon. i hope this will help. is there anything else i could do?
Assesement: {'depression': 'yes'}

Post: im sure if this is the right place for this, because i know my fiance isnt bipolar, but where else should i ask this, am i right? my fiance has been suffering from depression, and i know it. he knows it too, but i dont think he admits whats particularly wrong with him. his mood changes at the drop of a hat, and he rarely ever smiles or laughs. i believe he has anger problems, though when he looks at me, he isnt ever angry. he just looks guilty. i think hes guilty about everything that happened in his past, and i think he also blames me for some of it. he has trust issues, yes, and its scary. i can tell that the past few months as im going down, hes getting worse too. how can we help each other or how can i at least help him? thank you, sincerely, r
Assesement: {'depression': 'yes'}

Post: i am taking medication for half a year right now and go to therapy every week and i am doing good i think. my bf of a few months did suffer of severe depression years ago but was really good when we met. he moved into my flat and we live together for a month now. we had some issues, and he had alot on his plate in work. both got better and i am very proud of him that he handled everything so well. since yesterday he started to have symptoms of depression. he slept all day and stopped eating normally. only sweets. i can see that he is very bad. i dont know what to do now. i get easily influenced into a bad mood and i asked how i can help and he said i cant i can only look after myself. but seeing him like this hurts. anyone some ideas or maybe hopeful thoughts? sorry if my description is not logically.
Assesement: {'depression': 'yes'}

Based on the above, assess the content of the following post:
Post: My fiance is seriously depressed, I want to help but nothing is working. A little background. I have been diagnosed with anxiety and depression however it is well controlled by both medication and cognitive behaviors. I have been with my fiance for 3ish years, and I have seen him struggle but never like this. While i wont go into great details, there are real life factors primarily financial that are helping to exacerbate his depression. Last week he had a panic attack about it and had thoughts of self harm, so we went to the ER. After waiting to be seen for 5 hours, he was feeling better and we went home, with the promise of seeing his primary care physician this coming Monday. Well tonight hes had another episode and Im trying so hard to help but its like the depression is blocking everything out and I cant get through to him. Ive tried teaching him some of the cognitive things Ive learned like grounding yourself by taking in your surroundings, or trying to remain cognizant that your thoughts are being twisted by depression. Ive tried offering real world solutions to our problems. It just seems like everything I say he just ignores or argues with. Im frustrated and sad and its not helping my own depression that would love to agree with him about being worthless and life being pointless Im trying so hard to stay positive but Im frustrated and exhausted and just need a little support for both of us honestly. What can I do to help him?
Assessment:
","[{'depression': 'yes'}, {'depression': 'yes'}, {'depression': 'yes'}, {'depression': 'yes'}]","
The content of the post indicates that the writer is experiencing significant emotional distress and is trying to help their"
77,6qc50l,My mood stabilizers are taking away my joy and I need advice.,"A little bit about me, I have schizoaffective disorder. That's sort of when you have a foot in bipolar and the other in schizophrenia. I take 200mg lamictal (mood stabilizer), 3000mg neurontin (anti anxiety), 3mg klonopin (anti anxiety), and 10mg zyprexa (antipsychotic).
 
 Before getting on lamictal, I would fall into these deep pits of depression where I legitimately wanted to end my life (the only reason I didn't was because I promised my mom I wouldn't try suicide again). The pills helped this. I haven't had one of those episodes in a while, relatively speaking.
 
 The problem is that this medication has taken away that fun feeling in my brain. I used to love video games and poetry, but cannot find enjoyment or enthusiasm in any activities. On one hand, this medication has help a lot with my bipolar and depression episodes. On the other, it has taken my joy away. Maybe I'm feeling symptoms of depression and can't identify it because of the mood stabilizer (I don't know).
 
 I don't know what to do about this. I have an appointment with my psychiatrist in late august, but she leaves a lot of the decisions to me and my judgment. I'm thinking about asking to have my mood stabilizer to be reduced by 50%, but maybe 25% would be smarter.
 
 Reducing this med could help bring back the joy and enthusiasm, but it could also bring back the depression episodes. 
 
 Has anyone else experienced this? How did you ""fix"" this? What do you think I should do?","[0, 1]",{'anxiety_disorder'},"My mood stabilizers are taking away my joy and I need advice. A little bit about me, I have schizoaffective disorder. Thats sort of when you have a foot in bipolar and the other in schizophrenia. I take 200mg lamictal mood stabilizer, 3000mg neurontin anti anxiety, 3mg klonopin anti anxiety, and 10mg zyprexa antipsychotic. Before getting on lamictal, I would fall into these deep pits of depression where I legitimately wanted to end my life the only reason I didnt was because I promised my mom I wouldnt try suicide again. The pills helped this. I havent had one of those episodes in a while, relatively speaking. The problem is that this medication has taken away that fun feeling in my brain. I used to love video games and poetry, but cannot find enjoyment or enthusiasm in any activities. On one hand, this medication has help a lot with my bipolar and depression episodes. On the other, it has taken my joy away. Maybe Im feeling symptoms of depression and cant identify it because of the mood stabilizer I dont know. I dont know what to do about this. I have an appointment with my psychiatrist in late august, but she leaves a lot of the decisions to me and my judgment. Im thinking about asking to have my mood stabilizer to be reduced by 50, but maybe 25 would be smarter. Reducing this med could help bring back the joy and enthusiasm, but it could also bring back the depression episodes. Has anyone else experienced this? How did you fix this? What do you think I should do?",Anxiety,0,1,"
Below are posts and their respective assessments based on the criteria for clinical depression as defined in the DSM-5.
Format your response as a JSON object {'depression': ''} with values either 'yes' or 'no'.

Post: hello. so currently i am on two medications. one is a mood stabilizer lamictal the other an antidepressant effexor. i am now on the full dose for the mood stabilizer 100mg and havent really noticed a big change. my moods seem to be a bit more stable but i feel like my depression has gotten worse. i mentioned this to my doctor and was put on the effexor. i started with 50mg now bumped up to 75mg. only been taking the new dose for a few days. today i feel weak physically not exactly drowsy but its hard to move and i cant carry a lot of weight. maybe im just adjusting not to sure. just reaching out to see if anyone has had a similar experience. not a fan of the meds and took a long time for me to even consider taking medication.
Assesement: {'depression': 'yes'}

Post: lately, i have been falling back into a down mood, even with the rapid mood swings. lately, i have been thinking about ingesting a lot of medication again. it was my prime escape from the emotional mind. basically overdose to punish myself as well as quiet the emotional mind as i have done its bidding the whole kill yourself that is repeated in my head. ive done this crap a lot and the ultrarapid metabolization thing kept me from killing myself for those 20+ times and failed once lamictal at the end of february. and to think i was actually being diligent with that one. well obviously after that seizurefilled night with family, i was pretty much without meds and had to come off that cold turkey. not fun i honestly dont know what to do. it took a lot of energy not to go and get my meds refilled or pick up 5htp and stuff. it is just too tempting.
Assesement: {'depression': 'yes'}

Post: im on effexor and lithium, i stopped taking my meds once before for a few weeks and told my therapist and eventually got back on, he really didnt motivate me i usually find the motivation myself. now its been probably 34 months off of my meds because i didnt think they were doing anything for me and i am noticing my motivation and mood changing to a point of a low again. when i try to start my meds i always feel sick from just putting them in my mouth like a mental block. and my dosage of lithium was doubled by my psychiatrist while i havent been taking them so its not even going to have the same effect anymore. if anyone has some advice, or how i can open up to my therapist about it, i would appreciate it.
Assesement: {'depression': 'yes'}

Post: ive been on many different ssrisnris, antipsychotics, trycyclics and even maois and beta blockers with not much success for my depression, anxiety and ocd. my psychiatrist treating team want me to try abilify again which im open to do but ive asked about lamictal a few times because ive heard great things about it in this subreddit but they wont prescribe it because they say its prescribed for bipolar. i live in australia and dont know how restricted it is but im annoyed that i cant even give it a go. can i please get some advice on what i should do in this situation?
Assesement: {'depression': 'yes'}

Based on the above, assess the content of the following post:
Post: My mood stabilizers are taking away my joy and I need advice. A little bit about me, I have schizoaffective disorder. Thats sort of when you have a foot in bipolar and the other in schizophrenia. I take 200mg lamictal mood stabilizer, 3000mg neurontin anti anxiety, 3mg klonopin anti anxiety, and 10mg zyprexa antipsychotic. Before getting on lamictal, I would fall into these deep pits of depression where I legitimately wanted to end my life the only reason I didnt was because I promised my mom I wouldnt try suicide again. The pills helped this. I havent had one of those episodes in a while, relatively speaking. The problem is that this medication has taken away that fun feeling in my brain. I used to love video games and poetry, but cannot find enjoyment or enthusiasm in any activities. On one hand, this medication has help a lot with my bipolar and depression episodes. On the other, it has taken my joy away. Maybe Im feeling symptoms of depression and cant identify it because of the mood stabilizer I dont know. I dont know what to do about this. I have an appointment with my psychiatrist in late august, but she leaves a lot of the decisions to me and my judgment. Im thinking about asking to have my mood stabilizer to be reduced by 50, but maybe 25 would be smarter. Reducing this med could help bring back the joy and enthusiasm, but it could also bring back the depression episodes. Has anyone else experienced this? How did you fix this? What do you think I should do?
Assessment:
","[{'depression': 'yes'}, {'depression': 'yes'}, {'depression': 'yes'}, {'depression': 'yes'}]","'depression': 'no'

The content of the post does not suggest any signs of depression. While"
78,6qc2ww,My mood stabilizers are taking away my joy and I need advice.,"A little bit about me, I have schizoaffective disorder. That's sort of when you have a foot in bipolar and the other in schizophrenia. I take 200mg lamictal (mood stabilizer), 3500mg neurontin (anti anxiety), 3mg klonopin (anti anxiety), and 10mg zyprexa (antipsychotic).
 
 Before getting on lamictal, I would fall into these deep pits of depression where I legitimately wanted to end my life (the only reason I didn't was because I promised my mom I wouldn't try suicide again). The pills helped this. I haven't had one of those episodes in a while, relatively speaking.
 
 The problem is that this medication has taken away that fun feeling in my brain. I used to love video games and poetry, but cannot find enjoyment or enthusiasm in any activities. On one hand, this medication has help a lot with my bipolar and depression episodes, but has taken my joy away. Maybe I'm feeling symptoms of depression and can't identify it because of the mood stabilizer (I don't know).
 
 I don't know what to do about this. I have an appointment with my psychiatrist in late august, but she leaves a lot of the decisions to me and my judgment. I'm thinking about asking to have my mood stabilizer to be reduced by 50%, but maybe 25% would be smarter.
 
 Reducing this med could help bring back the joy and enthusiasm, but it could also bring back the depression episodes. 
 
 Has anyone experienced this? How did you ""fix"" this? What do you think I should do?","[0, 0]",{'control_group'},"My mood stabilizers are taking away my joy and I need advice. A little bit about me, I have schizoaffective disorder. Thats sort of when you have a foot in bipolar and the other in schizophrenia. I take 200mg lamictal mood stabilizer, 3500mg neurontin anti anxiety, 3mg klonopin anti anxiety, and 10mg zyprexa antipsychotic. Before getting on lamictal, I would fall into these deep pits of depression where I legitimately wanted to end my life the only reason I didnt was because I promised my mom I wouldnt try suicide again. The pills helped this. I havent had one of those episodes in a while, relatively speaking. The problem is that this medication has taken away that fun feeling in my brain. I used to love video games and poetry, but cannot find enjoyment or enthusiasm in any activities. On one hand, this medication has help a lot with my bipolar and depression episodes, but has taken my joy away. Maybe Im feeling symptoms of depression and cant identify it because of the mood stabilizer I dont know. I dont know what to do about this. I have an appointment with my psychiatrist in late august, but she leaves a lot of the decisions to me and my judgment. Im thinking about asking to have my mood stabilizer to be reduced by 50, but maybe 25 would be smarter. Reducing this med could help bring back the joy and enthusiasm, but it could also bring back the depression episodes. Has anyone experienced this? How did you fix this? What do you think I should do?",Normal,0,0,"
Below are posts and their respective assessments based on the criteria for clinical depression as defined in the DSM-5.
Format your response as a JSON object {'depression': ''} with values either 'yes' or 'no'.

Post: hello. so currently i am on two medications. one is a mood stabilizer lamictal the other an antidepressant effexor. i am now on the full dose for the mood stabilizer 100mg and havent really noticed a big change. my moods seem to be a bit more stable but i feel like my depression has gotten worse. i mentioned this to my doctor and was put on the effexor. i started with 50mg now bumped up to 75mg. only been taking the new dose for a few days. today i feel weak physically not exactly drowsy but its hard to move and i cant carry a lot of weight. maybe im just adjusting not to sure. just reaching out to see if anyone has had a similar experience. not a fan of the meds and took a long time for me to even consider taking medication.
Assesement: {'depression': 'yes'}

Post: im on effexor and lithium, i stopped taking my meds once before for a few weeks and told my therapist and eventually got back on, he really didnt motivate me i usually find the motivation myself. now its been probably 34 months off of my meds because i didnt think they were doing anything for me and i am noticing my motivation and mood changing to a point of a low again. when i try to start my meds i always feel sick from just putting them in my mouth like a mental block. and my dosage of lithium was doubled by my psychiatrist while i havent been taking them so its not even going to have the same effect anymore. if anyone has some advice, or how i can open up to my therapist about it, i would appreciate it.
Assesement: {'depression': 'yes'}

Post: ive been on many different ssrisnris, antipsychotics, trycyclics and even maois and beta blockers with not much success for my depression, anxiety and ocd. my psychiatrist treating team want me to try abilify again which im open to do but ive asked about lamictal a few times because ive heard great things about it in this subreddit but they wont prescribe it because they say its prescribed for bipolar. i live in australia and dont know how restricted it is but im annoyed that i cant even give it a go. can i please get some advice on what i should do in this situation?
Assesement: {'depression': 'yes'}

Post: lately, i have been falling back into a down mood, even with the rapid mood swings. lately, i have been thinking about ingesting a lot of medication again. it was my prime escape from the emotional mind. basically overdose to punish myself as well as quiet the emotional mind as i have done its bidding the whole kill yourself that is repeated in my head. ive done this crap a lot and the ultrarapid metabolization thing kept me from killing myself for those 20+ times and failed once lamictal at the end of february. and to think i was actually being diligent with that one. well obviously after that seizurefilled night with family, i was pretty much without meds and had to come off that cold turkey. not fun i honestly dont know what to do. it took a lot of energy not to go and get my meds refilled or pick up 5htp and stuff. it is just too tempting.
Assesement: {'depression': 'yes'}

Based on the above, assess the content of the following post:
Post: My mood stabilizers are taking away my joy and I need advice. A little bit about me, I have schizoaffective disorder. Thats sort of when you have a foot in bipolar and the other in schizophrenia. I take 200mg lamictal mood stabilizer, 3500mg neurontin anti anxiety, 3mg klonopin anti anxiety, and 10mg zyprexa antipsychotic. Before getting on lamictal, I would fall into these deep pits of depression where I legitimately wanted to end my life the only reason I didnt was because I promised my mom I wouldnt try suicide again. The pills helped this. I havent had one of those episodes in a while, relatively speaking. The problem is that this medication has taken away that fun feeling in my brain. I used to love video games and poetry, but cannot find enjoyment or enthusiasm in any activities. On one hand, this medication has help a lot with my bipolar and depression episodes, but has taken my joy away. Maybe Im feeling symptoms of depression and cant identify it because of the mood stabilizer I dont know. I dont know what to do about this. I have an appointment with my psychiatrist in late august, but she leaves a lot of the decisions to me and my judgment. Im thinking about asking to have my mood stabilizer to be reduced by 50, but maybe 25 would be smarter. Reducing this med could help bring back the joy and enthusiasm, but it could also bring back the depression episodes. Has anyone experienced this? How did you fix this? What do you think I should do?
Assessment:
","[{'depression': 'yes'}, {'depression': 'yes'}, {'depression': 'yes'}, {'depression': 'yes'}]",The above post is assessed as {'depression': 'no'} as the author does not mention any symptoms of
79,88yqvs,Update from three years ago,"A little more than three years ago, I posted about losing my job. I was fired from a job that I had grown to hate. It came as such a relief to be out of that toxic environment.
 
 Several months after that, I started working for the company I work for now. With enthusiasm, I learned what I could and gave the job my best. Since then, I have been promoted multiple times and am now in a position I love.
 
 I now run a multimillion dollar company after less than three years of working for them. I was given the opportunity and proved myself over and over again.
 
 My depression still shows its ugly face from time to time. But the toxic environment I was working in previously made it so much worse. Not only do I work for a company that understands my ups and downs, but they see me for who I am and not for my mental disorder.
 
 For such a long time, I felt worthless and hopeless. Having caring people in my life has made the struggle more manageable.
 
 Not everyone can see that better times may be in their future, but I implore those who are having a hard time to fight like hell.","[1, 0]",{'depressive_disorder'},"Update from three years ago. A little more than three years ago, I posted about losing my job. I was fired from a job that I had grown to hate. It came as such a relief to be out of that toxic environment. Several months after that, I started working for the company I work for now. With enthusiasm, I learned what I could and gave the job my best. Since then, I have been promoted multiple times and am now in a position I love. I now run a multimillion dollar company after less than three years of working for them. I was given the opportunity and proved myself over and over again. My depression still shows its ugly face from time to time. But the toxic environment I was working in previously made it so much worse. Not only do I work for a company that understands my ups and downs, but they see me for who I am and not for my mental disorder. For such a long time, I felt worthless and hopeless. Having caring people in my life has made the struggle more manageable. Not everyone can see that better times may be in their future, but I implore those who are having a hard time to fight like hell.",Depression,1,0,"
Below are posts and their respective assessments based on the criteria for clinical depression as defined in the DSM-5.
Format your response as a JSON object {'depression': ''} with values either 'yes' or 'no'.

Post: in my 15 some odd years of working. 20082013 military they bugger my knee twice and then tell me to hit the road 20102014 college program 1 biased professors if they like you, you pass.they didnt like me. im not kidding the program i was in was specialized and started with 35 individuals. the highest graduation rate was 8 this also triggered my first major depressive episode 20142017 college program 2 excelled through the school portion.failed 2 seperate placements and nearly failed out of the third.second major depressive episode triggered. maybe i just cant work with people? 20172020 got hired out of school at the organization which i had a successful placement at.growing and learning pains related to interpersonalprofessional skills. apparently only the military world is black and white.the rest of the world is grey. third major depressive episode = off work diagnosis of adhd and adjustment to treatment.noticable improvement return to work plan in place! juneaugust 2020.same shit different day i dont play well with others, i hurt peoples feelings and coworkers and management alike dont know what to do with me. im not an asshole! im just socially inept! at this point though i am just.done.
Assesement: {'depression': 'yes'}

Post: im probably what they call a high functioning depressed. been diagnosed with depression but still doing clevel work and working out 4 times a week. but life inside me is not what it seems for people looking at it outside. i am tired, anxious, some times i have suicidal thoughts even though i dont take them seriously. i have burned out couple of times and now close again. my issue is that i cant give up. i try to cope. do therapy, practice mindfulness, workout, see people etc. i am trying to win but in the back of my head a voice says. let go. rest. go for sick leave. you cant fight your way out of this. do meds. in the evening i am sure i can change this. then in the morning i cant get out of bed. not sure what to do. hope the best for everyone there. i care of you.
Assesement: {'depression': 'yes'}

Post: in late 2017 everything started spiralling downhill and i was diagnosed with depression and all throughout 2018 i was in and out of the psych ward for awhile. it got better towards the end of that year. when 2019 came i started doing amazing things, getting a job, weaning off meds, eating well and exercising, doing extremely well in school and even getting multiple scholarship offers. these gave so much hope to my family and my psych team and they were even planning to discharge me completely. however recently everything that happened back then in 2017 and 2018 is repeating itself again. all the little signs of me slipping are showing up once again. i dont have the heart to get help and crush everyones hope in me. even if i wanted to, my therapy sessions are so widely spaced out so ill have to hold everything in until i see my therapist about a month later and im not sure how much longer i can hold on for
Assesement: {'depression': 'yes'}

Post: i have ptsd, panic disorder and depression. i went back to work about a month ago after 6 months off because of depression. i thought i was doing way better. i am doing all i can, sleeping regular hours, meditating, going to therapy, taking my meds, exercising a couple times a week. still i think of dying. i cry for no reason while watching my steak cook. while driving, walking, working. i saw my psychiatrist today. he said well, this is your illness. it sucks. i feel like i should be back to work full time and that i should be well. i am not. my doctor upped my meds. i am having trouble with the idea that there are parts of this illness, parts of my recovery that i have no control over. is anyone else struggling with this?
Assesement: {'depression': 'yes'}

Based on the above, assess the content of the following post:
Post: Update from three years ago. A little more than three years ago, I posted about losing my job. I was fired from a job that I had grown to hate. It came as such a relief to be out of that toxic environment. Several months after that, I started working for the company I work for now. With enthusiasm, I learned what I could and gave the job my best. Since then, I have been promoted multiple times and am now in a position I love. I now run a multimillion dollar company after less than three years of working for them. I was given the opportunity and proved myself over and over again. My depression still shows its ugly face from time to time. But the toxic environment I was working in previously made it so much worse. Not only do I work for a company that understands my ups and downs, but they see me for who I am and not for my mental disorder. For such a long time, I felt worthless and hopeless. Having caring people in my life has made the struggle more manageable. Not everyone can see that better times may be in their future, but I implore those who are having a hard time to fight like hell.
Assessment:
","[{'depression': 'yes'}, {'depression': 'yes'}, {'depression': 'yes'}, {'depression': 'yes'}]","
This post does not meet the criteria for clinical depression as defined in the DSM-5. The post"
80,8bvj4g,How can I improve my self esteem?,"A little off topic but long story short, I was diagnosed with depression when I was 10. Im 25 now. Ive been on all sorts of medications. Currently Im on Prozac, which seems to take the edge off. 
 
 Within the last 3 years or so, Ive gained 30 pounds. I was a little underweight before, so Im on the high end of normal now. I absolutely hate my body. My self esteem is complete trash. I dont have the motivation to go to the gym unless someone practically forces me or Im in a good mood. Its been two months since Ive gone to the gym. Anyway, my depression and self esteem is so horrible that I cant help but cry. 
 
 On top of that, Im starting a new job soon after being off work for nearly a year. Im so nervous that Ill eff it up somehow because of my depression.
 
 First time posting so please be kind! :)
 
 - What has helped you with low self esteem and major depression?
 - How can I improve my self esteem?","[1, 1]","{'depressive_disorder', 'anxiety_disorder'}","How can I improve my self esteem. A little off topic but long story short, I was diagnosed with depression when I was 10. Im 25 now. Ive been on all sorts of medications. Currently Im on Prozac, which seems to take the edge off. Within the last 3 years or so, Ive gained 30 pounds. I was a little underweight before, so Im on the high end of normal now. I absolutely hate my body. My self esteem is complete trash. I dont have the motivation to go to the gym unless someone practically forces me or Im in a good mood. Its been two months since Ive gone to the gym. Anyway, my depression and self esteem is so horrible that I cant help but cry. On top of that, Im starting a new job soon after being off work for nearly a year. Im so nervous that Ill eff it up somehow because of my depression. First time posting so please be kind!  What has helped you with low self esteem and major depression? How can I improve my self esteem?",Comorbid (Depression + Anxiety),1,1,"
Below are posts and their respective assessments based on the criteria for clinical depression as defined in the DSM-5.
Format your response as a JSON object {'depression': ''} with values either 'yes' or 'no'.

Post: hi everyone! i have been majorly depressed for the better part of this year. in following this sub, i have started exercising and have noticed that this is a really helpful way to feel a little bit better. however, i am also depressed to the extent where it is hard to bring myself to eat enough calories every day. because of this, i am losing weight, kind of considerably. i have always been very skinny never an eating disorder or any kind of neglect, and was made fun of for it for a very long time. because of this, i am growing increasingly self conscious, but am stuck in this place of being upset at how skinny im getting, and not being able to eat enough to put on weight because i am too depressed. does anyone have any advice for this? i want to try to get out of this cycle.
Assesement: {'depression': 'yes'}

Post: i struggle with some pretty severe depression. i know exercise is supposed to make you feel better and blah blah, but its a catch 22. it will make you feel better, but you have absolutely no motivation. i struggle to get up and go to work every day let alone do physical exercise. i put my clothes on today and cried. everything is so tight. i dont know if it is all my eating my emotions or a combination of that and a bunch of medications. looking terrible just makes me more depressed which in turn makes it so much harder to do anything. im hoping someone on here might have some suggestions. ive been a member of the academy for a few months but i cant get myself to start exercising
Assesement: {'depression': 'yes'}

Post: i struggle so much with body image, and my depression these last couple of weeks has been at an all time high. i look at my body and i think this body doesnt deserve to eat. i went through 90 of last week surviving on coffee and water and not eating until saturday evening. for the longest time ive felt like i dont deserve to be here living, and now im feeling like i dont deserve to even eat.
Assesement: {'depression': 'yes'}

Post: i struggle with some pretty severe depression. i know exercise is supposed to make you feel better, but i have absolutely no motivation. i struggle to get up and go to work every day let alone do physical exercise. i put my clothes on today and cried. everything is so tight. i dont know if it is all my eating my emotions or a combination of that and a bunch of medications celexa, buspar, seroquel. i am the heaviest i have ever been. i am scared that my meds are making my weight worse, and i have struggled with bulimia, so i dont know how to go about exercising and eating right without turning it into an obsession that spirals me down further. i feel better on the meds but its like i just avoid thinking about my weight, and then i am forced to see it and then i get more depressed even though meds are possibly helping. looking terrible just makes me more depressed which in turn makes it so much harder to do anything. im hoping someone on here might have some suggestions. i dont know what to do anymore. i can avoid it and keep my mood up but then i have to look in the mirror and it takes me right back down.
Assesement: {'depression': 'yes'}

Based on the above, assess the content of the following post:
Post: How can I improve my self esteem. A little off topic but long story short, I was diagnosed with depression when I was 10. Im 25 now. Ive been on all sorts of medications. Currently Im on Prozac, which seems to take the edge off. Within the last 3 years or so, Ive gained 30 pounds. I was a little underweight before, so Im on the high end of normal now. I absolutely hate my body. My self esteem is complete trash. I dont have the motivation to go to the gym unless someone practically forces me or Im in a good mood. Its been two months since Ive gone to the gym. Anyway, my depression and self esteem is so horrible that I cant help but cry. On top of that, Im starting a new job soon after being off work for nearly a year. Im so nervous that Ill eff it up somehow because of my depression. First time posting so please be kind!  What has helped you with low self esteem and major depression? How can I improve my self esteem?
Assessment:
","[{'depression': 'yes'}, {'depression': 'yes'}, {'depression': 'yes'}, {'depression': 'yes'}]","{'depression': 'yes'}
The above post is assessed as having depression based on the following criteria:"
81,d0102e,Feeling simultaneously guilty and passive about cutting off best friend,"A little over a month ago I cut off my best friend of four years. Ever since then I've been in a constant fight of feeling really guilty about it but also not caring. It's like there's two separate people dealing with the same issue. It would be nice if I could just settle on one emotion (or lack thereof) and go about life. But it feels like my conscience is pulling me back to it, yet my anger is trying to pull me away.","[0, 0]",{'control_group'},"Feeling simultaneously guilty and passive about cutting off best friend. A little over a month ago I cut off my best friend of four years. Ever since then Ive been in a constant fight of feeling really guilty about it but also not caring. Its like theres two separate people dealing with the same issue. It would be nice if I could just settle on one emotion or lack thereof and go about life. But it feels like my conscience is pulling me back to it, yet my anger is trying to pull me away.",Normal,0,0,"
Below are posts and their respective assessments based on the criteria for clinical depression as defined in the DSM-5.
Format your response as a JSON object {'depression': ''} with values either 'yes' or 'no'.

Post: yes! since february 2016 ive had suicidal thoughts. they have gotten really bad like to the point of me not wanting to leave the house because im scared ill hurt myself or someone else extreme repressed anger cause of acon but finally im going to a public hospital to the mental health unit not to be hospitalised but that was an option! just to seek help! i have been suffering with anxiety since i was 10 years old, depression since i was 16 and my parents denied me any treatment or psychological help. now as a self aware 23 year old im trying really hard to improve myself. ive been majorly triggered by my sessions with my psychologist because she is trying to stop me from suffering with the endless pain my nfamily have inflicted and continue to inflict on me. i dont know it i cant let the resentment and anger go? i know ill probably be better equipped to deal with it once my mental health is better but i just feel so fucking mad. i want to go full nc. but i cant because my mum is paying my rent because i lost my job. been trying desperately to get a job. dae experience this feeling of obscene rage? how am i meant to forgive my parents when i blame myself for everything and cant forgive myself? im trying to discover my sense of self and who i am but right now i dont like me
Assesement: {'depression': 'yes'}

Post: im not that good with titles, so sorry for that, in the beginning of this year i was diagnosed with severe depression, i never had suicidal thoughts, but three months ago that changed, every week i cut myself 12 times i start feeling guilty and thats why i cut myself, i feel like i always have to help everyone around, that has a huge weight on my back and it gives me that guilt, i had to share this with someone. i cant take it anymore
Assesement: {'depression': 'yes'}

Post: i dont know whats been up with me, but these past few days, ive been wanting to cry at random times, ive been thinking negatively whats the point in x?, i woke up this morning just dreading going to work and not wanting to interact with anyone all day and just stay in bed and sleep all day. i just cut like 5 times on my thighs, and all i feel is numbness. both emotionally and i guess spiritually? im getting dissociative as fuck right now, which is why i say spiritually. i feel stupid as hell for cutting, for thinking it could ever help.
Assesement: {'depression': 'yes'}

Post: i always have that empty feeling inside of me, even when im really really happy. these past few months have been amazing to me, but i feel so fucking guilty selfish because no matter how happy i am, i still have that empty feeling. its as if i cant let go of my depression. i recently graduated from high school which is a huge extremely shocking to me cause ever since i was 7 i believed that i would not live to graduate. i didnt think id even graduate elementary school. my suicidal thoughts are coming back to me and i dont know what to do. i feel as if im taking up someone elses spot when i speak to a professional, someone whose going through worse. i know that is stupid to say, but i cant help but keeping it in
Assesement: {'depression': 'yes'}

Based on the above, assess the content of the following post:
Post: Feeling simultaneously guilty and passive about cutting off best friend. A little over a month ago I cut off my best friend of four years. Ever since then Ive been in a constant fight of feeling really guilty about it but also not caring. Its like theres two separate people dealing with the same issue. It would be nice if I could just settle on one emotion or lack thereof and go about life. But it feels like my conscience is pulling me back to it, yet my anger is trying to pull me away.
Assessment:
","[{'depression': 'yes'}, {'depression': 'yes'}, {'depression': 'yes'}, {'depression': 'yes'}]","
Note: The above assessments are based on the information provided in the posts and are not a definitive diagnosis"
82,hp1llr,why am i scared of being happy,"a little while after i got diagnosed with depression i tried out some medication to help with it. i felt a lot better too, i felt more energetic and confident. I felt like i was almost a different person and i shouldve loved it, but for some fuckin reason i didnt. it felt like i was missing a part of myself. when im at my low points i hate it and beg god to just make it stop hurting but when it was actually gone i didnt know who i was. i feel like im not a person without my sadness and insecurities. and i also just thought i was faking my depression and didnt need the medication anyways (which i know realize makes no sense). i stopped taking it consistently and now im feeling the effects. i broke my phone and haven't talked to my therapist in months. i dont know where to go from here.","[1, 0]",{'depressive_disorder'},"why am i scared of being happy. a little while after i got diagnosed with depression i tried out some medication to help with it. i felt a lot better too, i felt more energetic and confident. I felt like i was almost a different person and i shouldve loved it, but for some fuckin reason i didnt. it felt like i was missing a part of myself. when im at my low points i hate it and beg god to just make it stop hurting but when it was actually gone i didnt know who i was. i feel like im not a person without my sadness and insecurities. and i also just thought i was faking my depression and didnt need the medication anyways which i know realize makes no sense. i stopped taking it consistently and now im feeling the effects. i broke my phone and havent talked to my therapist in months. i dont know where to go from here.",Depression,1,0,"
Below are posts and their respective assessments based on the criteria for clinical depression as defined in the DSM-5.
Format your response as a JSON object {'depression': ''} with values either 'yes' or 'no'.

Post: so i was diagnosed with mood swingsmild depression quite a while ago, and have been on a small dose of fluoxetine prozac most of my life now. based on looking at objective measures, i should be feeling pretty content right now, but i cant seem to be happy about it, and only about the things that i hope ill work towards in the future. i guess for example ive lost a little over 30 pounds since february, the first significant time ive actually lost weight, and im now no longer medically obese. but i still just feel fat and havent been able to feel anything good about the weight ive actually lost. i have a great job, and am just about to finish paying off all my loans, but i dont feel any accomplishment in that either. i keep thinking maybe ill feel good when i have enough to put down a downpayment on a house, but i doubt that will be the case. i have a bunch of great friends, but im tired of being single again. i know that i should just focus on the good things right now, but its not seeming to be any consolation. my faith life has been doing pretty good recently too, especially compared to the past, but i still feel like a shitty person a lot. i dunno, i know that so many other people are having a rough time and i should be happy with how things are going, but im just down right now.
Assesement: {'depression': 'yes'}

Post: i cant remember the last time i have felt normalhappy. i have been diagnosed with depression and have been on and off meds since middle school25 now. you may have the question, why not just stay on the meds? reason being, the meds do nothing. i have had multiple types, doses, therapy techniques. etc. nothing helps. am i going to be depressed my entire life? ive come to the point where ive accepted that fate. that i will be forever stuck with depression. ive made it thus far, i dont want to die. yet i do not want to feel this way. the only option i see is death. when im told to take meds, exercise, diet, i do it, but the depression pushes back and i give up after a while. im sure this is common? posting because i need to figure out what to do. i have a 5 yo child and thats the only real reason why i even want to get better. but i just dont see it happening.
Assesement: {'depression': 'yes'}

Post: i was diagnosed with major depression nov 2015, since then i have found out that im allergic to ssris and few other medications. i remember how i was long before i was officially diagnosed with depression and how i was when before i realized the depression symptoms set in before that summer and i honestly think that i will never be that person anymore. due to some schedule mishaps, i missed taking my meds on a reg day basis and i felt the same off of them as i do on them. im back on them to therapeutic level and nothing. i get moments of excitement but they fade away into the background. i cant think of one thing that im happy about. the only really thing i care about is my job. thats it. i do it very well. ive been under the care of a psychiatrist for a year now and in therapy for 2 years. just putting that out there.
Assesement: {'depression': 'yes'}

Post: it took 6 years to be diagnosed, for multiple reasons, but about 6 months ago i finally got diagnosed with cptsd, major depression and social anxiety. since then i found an amazing therapist who i owe everything to and we had a great connection and she changed a lot of the ways i think now. i got given medication that works for me, and that has given me the energy to get my life together. i even have a plan for this year, and ill be going to be studying something i am passionate about. i say all this because realistically i should be happy. logically i should be the furthest from suicidal, but im not. i still think about it every day, ive still self harmed, and want to fall back into that black hole that is so comfortable for me. even though i finally have more happy days than depression days, i still am drawn to just ending it, having to force myself to not do anything impulsive dangerous on a daily basis. my therapist is on leave so i cant talk to her, and i just wanted to know why i feel this, and if anyone knows what causes can help this. i apologise for rambling and being annoying. thankyou.
Assesement: {'depression': 'yes'}

Based on the above, assess the content of the following post:
Post: why am i scared of being happy. a little while after i got diagnosed with depression i tried out some medication to help with it. i felt a lot better too, i felt more energetic and confident. I felt like i was almost a different person and i shouldve loved it, but for some fuckin reason i didnt. it felt like i was missing a part of myself. when im at my low points i hate it and beg god to just make it stop hurting but when it was actually gone i didnt know who i was. i feel like im not a person without my sadness and insecurities. and i also just thought i was faking my depression and didnt need the medication anyways which i know realize makes no sense. i stopped taking it consistently and now im feeling the effects. i broke my phone and havent talked to my therapist in months. i dont know where to go from here.
Assessment:
","[{'depression': 'yes'}, {'depression': 'yes'}, {'depression': 'yes'}, {'depression': 'yes'}]",{'depression': 'yes'}
83,9a4cp1,Looking back but its all blurry,"A side note from my recovery. I have now been almost 3 weeks sober. Feels good but still a lot of work to maintain focus.
 
 But one thing that I found weird is remembering the times of despair I had. When I try to look back and bring those awful moments to my mind when I was looking at lien for hours, feeling like shit and taking sick leave from work etc., I cant really remember those times clearly.
 
 The memories are all kind of blurry. Its like I have been drunk or something. Weird.","[0, 0]",{'control_group'},"Looking back but its all blurry. A side note from my recovery. I have now been almost 3 weeks sober. Feels good but still a lot of work to maintain focus. But one thing that I found weird is remembering the times of despair I had. When I try to look back and bring those awful moments to my mind when I was looking at lien for hours, feeling like shit and taking sick leave from work etc., I cant really remember those times clearly. The memories are all kind of blurry. Its like I have been drunk or something. Weird.",Normal,0,0,"
Below are posts and their respective assessments based on the criteria for clinical depression as defined in the DSM-5.
Format your response as a JSON object {'depression': ''} with values either 'yes' or 'no'.

Post: after 2 years of relatively heavy adderall use, porn binges, isolation, stress and shitty habits, ive been clean since may 6th. about 2.5 months under my belt, and frankly, things dont seem much better or worse. i thought i just had anhedonia, but its deeper than that i have virtually no control over my thoughts, moodemotions and general cognition. this in turn leads to absolutely no focus, racing thoughtsuncontrollable overthinking, intrusive thoughts and unexplained, unpredictable shifts in mood, energy level and everything you can imagine. worst of all, even though i cant focus on one given thing, it seems like my random thoughts always gravitate towards something negative. one moment, im worrying about some stupid existential bullshit i dont wanna think about. the next moment a headache from tmj is capturing all my attention. the next moment, im worrying about something else. its like trying to catch positive thoughtsemotions are like ice cubes slippery, really hard to hold onto and melting rapidly. negative thoughtsemotions, however, are like velcro easily caught and hard to shake off. prestims, id had anxious tendencies where id overthink or ruminate on distressing shit. regardless, i was pretty much always able to find something positive to focus on and generally get too absorbed in life to let intrusive thoughts and anxiety fuck with me. now, given the poststem anhedonia, utter lack of focus and racing thoughts, it seems i just cant shake unwanted anxious thoughts. i just cant ever feel good. feels bad, man. anyone else?
Assesement: {'depression': 'no'}

Post: especially to those that have a bit more days under their belt is it really so that some symptoms can last for two years? and how do you recognize whether your issues relate to that or something else? i mean, i was already depressed and anxious before i started drinking, and had sleeping issues as a teenager. i didnt expect them to go away just by quitting alcohol they didnt the last time either when i got 6 months sober, but were way more manageable, even after two weeks i could tell the difference. now i just pretty much feel tired all the time. i can handle the mood swings, stress, even anxiety since i knew to expect them, but this lethargy is something brand new. not recovering from any form excercise doesnt really help either. or rather, it takes an insane amount of time. i guess my point is that should i see a doctor, is it possible ive really fucked up my body and brain during the last two years or is this just a part of the process?
Assesement: {'depression': 'yes'}

Post: so, to understand the situation, you must know the background. i had a pretty rough life so far in my pov, underlying negative thoughts which led to severe depression and excessive worry was the way i traveled through life, so far. last december i smoked a really strong green, and it made go nuts. i can not describe the situation better than becoming one with everything, my self dissolved and so on. since that day, i felt strange. i went through 2 stages so far, i do not know it was psychosis or not, but i can talk about it without triggering a panic attack at least. so thing is, i heard all of my thoughts for like 2 months, plus my imagination was like out of the place, overloaded is just not a word which can describe it. it almost made me go nuts, but i survived. the last one month, i just had severe anxiety attacks, imagination is not as overloaded as it was. but today. today, after i woke up. everything was just fluid. everything seemed full with life. nothing was sluggish, as usually. i just want to ask, is this how humans normally see things? i wont lie, i cried. it was wonderful. also, sometimes i still feel like i can not control my life. but at the other hand, i feel like i can. this state of mind yet is weird. maybe i will be absent from the internet for a long time again, because my mind tells me stupid stuff, like sharing this will make the feeling never return, and so on.
Assesement: {'depression': 'no'}

Post: its been a year and a half of suffering, but it literally feels like years. i honestly cant remember what my life was like before anxiety, depression, ocd and adhd took over. im on my 10th antidepressant my current one is the only one that hasnt added any negative side effects but it doesnt really help that much. ive stayed pretty strong through this ive resisted the urges to self harm and done my best to push the suicidal thoughts away. a month ago, i was finally actually starting to feel better, but now i feel the same way that i did a year and a half ago. why do i have to be traveling in one big circle? now im back where i started.
Assesement: {'depression': 'yes'}

Based on the above, assess the content of the following post:
Post: Looking back but its all blurry. A side note from my recovery. I have now been almost 3 weeks sober. Feels good but still a lot of work to maintain focus. But one thing that I found weird is remembering the times of despair I had. When I try to look back and bring those awful moments to my mind when I was looking at lien for hours, feeling like shit and taking sick leave from work etc., I cant really remember those times clearly. The memories are all kind of blurry. Its like I have been drunk or something. Weird.
Assessment:
","[{'depression': 'no'}, {'depression': 'yes'}, {'depression': 'no'}, {'depression': 'yes'}]","{'depression': 'no'}
Note: The assessment is based on the criteria for clinical depression as"
84,532f4u,Being like this feels like..,"A thousand little daggers stabbing your worn out heart. I'm sick of people judging me and telling me I'm not good enough or I don't even try when I DO. While on vacation, I approached and talked to girls, had great convos, made them laugh and got Snapchats. But around people that know me, they automatically assume I'm nothing like that and treat me as lower value, so I act low value. On vacation, Being in a different place has changed me alot and has opened me up. I feel more like a human-being, it has made me realize that what is really ""wrong"" with me is my environment and people that know me, but when I'm alone, in a new environment and surrounded by new people, I become the real me. 
 
 I met a girl and we seemed to have a great connection but she has stopped corresponding with me, I'm pretty upset about it because it's been a long time since I had a strong connection with a girl. But, I guess, that's life. Girls will always be a mystery to me. I decided that I'm not going to let shit like this get to me and just keep pushing through. I'm not going to mentally kill myself because of some girl and on the positive side I have good pretty good connections with other girls here. It just really sucks that I have to leave this place and go back home.","[0, 0]",{'control_group'},"Being like this feels like. A thousand little daggers stabbing your worn out heart. Im sick of people judging me and telling me Im not good enough or I dont even try when I DO. While on vacation, I approached and talked to girls, had great convos, made them laugh and got Snapchats. But around people that know me, they automatically assume Im nothing like that and treat me as lower value, so I act low value. On vacation, Being in a different place has changed me alot and has opened me up. I feel more like a humanbeing, it has made me realize that what is really wrong with me is my environment and people that know me, but when Im alone, in a new environment and surrounded by new people, I become the real me. I met a girl and we seemed to have a great connection but she has stopped corresponding with me, Im pretty upset about it because its been a long time since I had a strong connection with a girl. But, I guess, thats life. Girls will always be a mystery to me. I decided that Im not going to let shit like this get to me and just keep pushing through. Im not going to mentally kill myself because of some girl and on the positive side I have good pretty good connections with other girls here. It just really sucks that I have to leave this place and go back home.",Normal,0,0,"
Below are posts and their respective assessments based on the criteria for clinical depression as defined in the DSM-5.
Format your response as a JSON object {'depression': ''} with values either 'yes' or 'no'.

Post: i guess this is what you call a identity crisis. i just dont feel like myself anymore. i dont understand why i am the way i am. im not even sure why i am driving myself crazy with girls when i just dislike most of them. i dont even think i want a relationship either right now honestly. the reasons i wanted a relationship is to finally feel adequate and the same as everyone else. to get people off my back and stop pressuring me to find someone. i guess i wasnt doing it for the right reasons. i dont want to force anything anymore with girls. just continue on finding myself and a girl will just pop up in my life just like how they do in other guys girlfriend stories. i hope i am able to find myself and be at peace with my thoughts before i get swallowed by depression again.
Assesement: {'depression': 'yes'}

Post: spent the day trying to distract myself from my thoughts by going for a walk in downtown earlier. it didnt help. i come home and my mother tells me how my younger brother is getting serious with a girl and why am i being so picky with girls and just settle down, like i have an option. i lost a girl a few months back, i never felt this strongly for a girl before.i still feel that sting. i am trying to talk to a girl i met through a friend that seemed interested before, but now she isnt. i feel beyond frustrated dealing with girls. im stuck in a very bad mood tonight, im trying to put myself into a good mood to go out, but i know ill probably just end up feeling even more down, seeing other people having a good time. i just feel really hopeless and tired all the time. everytime i try to open up about this to friends and family, i get ignored or they just aggravate me even more. i hate feeling like this, like all hope is has been sucked out of my body. i wish i could just be free to leave this place behind and go somewhere nice. i really need a break from everything.
Assesement: {'depression': 'yes'}

Post: you ever feel like you are so preoccupied by your screwed up life that girls are the last thing on your mind? everyone tells me i need to talk to girls, that i dont try hard enough, that i am lazy.etc but the truth is i am just going through alot right now. my mind is running on 100mph and its hard to live in the present moment and focus on girls and relationships. i have severe depression and anxiety and people just make me feel worse by looking down on me and talking shit. being criticized and laughed at while you are feeling suicidal aint cool. i want to go out and meet girls and all i that but i feel too dead inside. girls dont respond well to this kind of energy so i think it would be pointless to try and pretend to be a happy, confident, seductive guy but i feel like my time is running out and i should force myself to talk to girls. i do hate that im not like any other normal guy, its so frustrating looking at other dudes making it while i sit here alone feeling miserable. im not sure if i can continue on living this way. i wish i was just like all of you.
Assesement: {'depression': 'yes'}

Post: i feel like throughout my life ive had bad experiences that had screwed up my mentality and the way i approach life. i always seem to be misunderstood and looked down upon. people seem to think im too shy and meek.i always have problems with confidence and im rarely ever happy. i also have only one friend in my life.my social circle sucks. i just dont know how to make friends when i have social anxiety, that makes me want to avoid people. the only time i feel normal is when im on something. girls obviously like guys whom are confident and happy with themselves.that have a good social life. i just keep thinking that nobody will ever be interested in me, because the way i am. i cant change when people are always putting me down in one way or another. it just makes me want to give up on everything. it doesnt feel good to be constantly criticized and looked down on because im inexperienced and that just makes me hate myself and push everyone away. i honestly wish i would just wake up one day and be the guy i always wanted to be like. i feel like im running out of time, because time is just flying by.
Assesement: {'depression': 'no'}

Based on the above, assess the content of the following post:
Post: Being like this feels like. A thousand little daggers stabbing your worn out heart. Im sick of people judging me and telling me Im not good enough or I dont even try when I DO. While on vacation, I approached and talked to girls, had great convos, made them laugh and got Snapchats. But around people that know me, they automatically assume Im nothing like that and treat me as lower value, so I act low value. On vacation, Being in a different place has changed me alot and has opened me up. I feel more like a humanbeing, it has made me realize that what is really wrong with me is my environment and people that know me, but when Im alone, in a new environment and surrounded by new people, I become the real me. I met a girl and we seemed to have a great connection but she has stopped corresponding with me, Im pretty upset about it because its been a long time since I had a strong connection with a girl. But, I guess, thats life. Girls will always be a mystery to me. I decided that Im not going to let shit like this get to me and just keep pushing through. Im not going to mentally kill myself because of some girl and on the positive side I have good pretty good connections with other girls here. It just really sucks that I have to leave this place and go back home.
Assessment:
","[{'depression': 'yes'}, {'depression': 'yes'}, {'depression': 'yes'}, {'depression': 'no'}]","{'depression': 'no'}

The post discusses feelings of low self-esteem and insecurity,"
85,nvx9af,Last night was tough,"A very close family member of mine is moving on up on her life and I'm so proud of her, I love to see her thriving and her happiness is the most important thing to me, but last night my head **trashed** me until I cried so much my tears burned my face. 
 
 I generally feel like I won't ever get anywhere in life and last night was not the exception. I began spiraling with intrusive thoughts and anxiety, thinking I'm a disappointment, that I'm stupid, useless, that I'll never be anyone, I'll stay where I'm at and just be sad all the time, that one day I will die being a nobody, that I'm the stupidest person on earth, lazy, etc.
 
 I cried so much, so so much. I can't even begin to comprehend why I have to be like this and I'm so frustrated because my mental health is declining again and I'm working on it with my therapist and I take my meds daily but I don't know how to keep going, my (diagnosed) OCD is destroying me.","[1, 0]",{'depressive_disorder'},"Last night was tough. A very close family member of mine is moving on up on her life and Im so proud of her, I love to see her thriving and her happiness is the most important thing to me, but last night my head trashed me until I cried so much my tears burned my face. I generally feel like I wont ever get anywhere in life and last night was not the exception. I began spiraling with intrusive thoughts and anxiety, thinking Im a disappointment, that Im stupid, useless, that Ill never be anyone, Ill stay where Im at and just be sad all the time, that one day I will die being a nobody, that Im the stupidest person on earth, lazy, etc. I cried so much, so so much. I cant even begin to comprehend why I have to be like this and Im so frustrated because my mental health is declining again and Im working on it with my therapist and I take my meds daily but I dont know how to keep going, my diagnosed OCD is destroying me.",Depression,1,0,"
Below are posts and their respective assessments based on the criteria for clinical depression as defined in the DSM-5.
Format your response as a JSON object {'depression': ''} with values either 'yes' or 'no'.

Post: i post here too often. so im sorry for that. however, unlike the past times, i no longer have anything in my life to keep myself going. my girlfriend broke up with me. i know, it sounds like a childish reason. but after losing my career, car, house, friends, and ton of other things, she was the only thing that kept me going. i would wake up each day and go i need to get better, because she deserves me to be better. but now thats gone. i have nothing anymore. i already took triple my normal dose of meds tonight. i just want to sleep forever.
Assesement: {'depression': 'yes'}

Post: everything is going awful. i need to move out very soon but havent found anywhere and probably wont be able to in time. no idea what i am doing once my time runs out. i have no family to go back to. today i didnt get out of bed. i was supposed to go to the store to get cleaning supplies to clean my room and do my laundry and clean out my animals cage and so much more. but you know what i did? lay in bed scrolling on my phone and then playing an hour or 2 of skyrim because i literally couldnt get out of bed. my partner was having a good time today. he was celebrating his very good friends birthday, dont worry it was a small party of like 5 people in the friends home. he had such a good time today and i cant help but feel like a burden to him because my dayg was so bad. i wanted and needed support and friendship today but he was busy. i dont have anyone else in my life and i just felt even worse because i dont want him to feel guilty for not being here for me. i just. am such a burden to everyone in my life. i cant even get out of bed and do the things that desperately need done. i am so alone. no one is my friend. no one is here for me. all i feel is pain.
Assesement: {'depression': 'yes'}

Post: last week i had my worst mixed episode ever. wanted to walk out my 12th story office window and go on a shopping spree at the same time. i managed to pull back thanks to a fellow bp2. the anniversary of my mothers death is coming up hard and fast i cant go home for the holidays im broke. my boyfriend is talking about buying a house, and combining our insurances when we do the thing our euphemism for marriage and i immediately respond if we do the thing to keep my brain from fixating on it. i feel isolated by this emotional storm and just want to be held boyfriend is out entertaining our guests in the living room. im so lonely. even when surrounded by people with the best of intentions. i want to burrow into bed and not come out. i dont know what i need or how to help myself the grief is strangling me and im drowning. i want out. i do. im so tired. but im too much a wuss to take my life. therapy is hard and just rehash week after week of my mothers death play by play. i want to sleep and never wake, or wake unbroken and whole, sound of mind, without gad and bp2 and joint pain and chronic fatigue and 100 pounds lighter. is that so much to ask?
Assesement: {'depression': 'no'}

Post: im laying in my bed writing this after what feels like my worst depression day ever. everything was fine this morning. i knew we were going to a gathering today so i was prepared and ready then my brother tells me because he got his car cleaned that i cannot bring my pop and chips in the car. something so small and unimportant suddenly caused me to be emotional. i didnt even really care but i was crying. i pushed it down and made myself go to the gathering. but the moment i got there i was just. done. i barely interacted with anybody and was basically a vegetable. i felt so awful that i barely ate then scarfed down mcdonalds when i got home just sad and overwelmed for no reason. i dont understand how something so small just caused a freaking downward spiral for the rest of the day. sorry to vent like this.
Assesement: {'depression': 'yes'}

Based on the above, assess the content of the following post:
Post: Last night was tough. A very close family member of mine is moving on up on her life and Im so proud of her, I love to see her thriving and her happiness is the most important thing to me, but last night my head trashed me until I cried so much my tears burned my face. I generally feel like I wont ever get anywhere in life and last night was not the exception. I began spiraling with intrusive thoughts and anxiety, thinking Im a disappointment, that Im stupid, useless, that Ill never be anyone, Ill stay where Im at and just be sad all the time, that one day I will die being a nobody, that Im the stupidest person on earth, lazy, etc. I cried so much, so so much. I cant even begin to comprehend why I have to be like this and Im so frustrated because my mental health is declining again and Im working on it with my therapist and I take my meds daily but I dont know how to keep going, my diagnosed OCD is destroying me.
Assessment:
","[{'depression': 'yes'}, {'depression': 'yes'}, {'depression': 'no'}, {'depression': 'yes'}]","
The assessment for the above post is {'depression': 'yes'} as the post describes symptoms of de"
86,9e9ahc,How can I better support my depressed friend?,"A very close friend of mine is and has been feeling depressed for a few months now. He has threatened suicide multiple times and doesn't seem to be getting any better. 
 
 I've tried everything in supporting him, sometimes with success but more often I end up saying the wrong thing. And it's not like I can't relate to him, I was diagnosed with a depressive disorder myself, but in the last few months I have managed to improve and I can't remember anymore what I would have wanted to hear when I was in that frame of mind.
 
 I just want to know how to support him, he's one of my best friends and it's so hard to get him to understand how much I genuinely care about and love him.","[1, 0]",{'depressive_disorder'},"How can I better support my depressed friend. A very close friend of mine is and has been feeling depressed for a few months now. He has threatened suicide multiple times and doesnt seem to be getting any better. Ive tried everything in supporting him, sometimes with success but more often I end up saying the wrong thing. And its not like I cant relate to him, I was diagnosed with a depressive disorder myself, but in the last few months I have managed to improve and I cant remember anymore what I would have wanted to hear when I was in that frame of mind. I just want to know how to support him, hes one of my best friends and its so hard to get him to understand how much I genuinely care about and love him.",Depression,1,0,"
Below are posts and their respective assessments based on the criteria for clinical depression as defined in the DSM-5.
Format your response as a JSON object {'depression': ''} with values either 'yes' or 'no'.

Post: i was talking with her when i mentioned that i went to a psychiatrist, and was diagnosed with adhd, and then she told me that she was diagnosed with depression, and has been going to therapy since september. she never seemed like a depressed person, she was always outgoing, adventurous and energetic. i was kinda shocked, and somewhat disappointed that she didnt tell me about it, i kinda felt like its my fault that she didnt feel comfortable enough to share this with me. i didnt know what to say, what to ask her or anything really. i know depression is a serious problem, and many suffer silently ,and i dont want for my friend to go through that alone, i want her to feel supported. what can i do?
Assesement: {'depression': 'yes'}

Post: i am diagnosed with depressive disorder as well as a really good friend of mine. she is in a much worse state and is at the point of committing suicide. i am the only person with who she has shared her suicidal with. she told her psychologist that she sometimes thinks about it but she is too scared to tell the full story. the other day, the last time we talked that was like a week ago, she told me that noone understands her. that het feelings get worse everyday. that nobody sees her cries for help. that nobody congratulates her to be alive the next day. she told me that in real life not through text. when i see her walk in school i can clearly see that she is getting worse, i can see it by the look on her face, the clothes she is wearing, the way she walks. is there anyone who has any tips for me? because im at the point of not knowing what to do anymore and it scares me.
Assesement: {'depression': 'yes'}

Post: i had known him for over 4 years and it was just last year i got to know he was diagnosed of having severe depression. i myself have also been diagnosed of having mild depression and bpd so i kinda know how he feels but he keeps on isolating himself. previously he had completely disappeared for over a month and left no means of contact. today marks the 5th month of his second disappearance and just like before there is no way to communicate. i dont know his perfect address i just know the area he lives in which is very big and he apparently dosent reply to any messaging service. although his social media account activity shows that he is actually there and active but he just refuses to communicate. he dosent even pick up his phone even if called from an unknown number. how can i actually communicate with him in this kind of situation? i just want to let him know that i am there for him and that i always would be since he is the only friend i knew over the past few years who was like me and we could relate a lot and it hurts so much that he just refuses to interact in any form. all kinds of help appreciated p.s pardon my english grammar, its not my first language.
Assesement: {'depression': 'yes'}

Post: hello everyone, i recently found out that my friend was diagnosed with depression, i had no idea, she never seemed like a depressed person, shes always energetic, outgoing and socially active. she mentioned it last time in conversation, and i kinda froze foe a moment, i didnt know what to do, i didnt know if i should talk about, and what to ask her, how to support her. i know depression is a serious problem, and many suffer in silence, but i dont want her to suffer alone. what should i do?
Assesement: {'depression': 'yes'}

Based on the above, assess the content of the following post:
Post: How can I better support my depressed friend. A very close friend of mine is and has been feeling depressed for a few months now. He has threatened suicide multiple times and doesnt seem to be getting any better. Ive tried everything in supporting him, sometimes with success but more often I end up saying the wrong thing. And its not like I cant relate to him, I was diagnosed with a depressive disorder myself, but in the last few months I have managed to improve and I cant remember anymore what I would have wanted to hear when I was in that frame of mind. I just want to know how to support him, hes one of my best friends and its so hard to get him to understand how much I genuinely care about and love him.
Assessment:
","[{'depression': 'yes'}, {'depression': 'yes'}, {'depression': 'yes'}, {'depression': 'yes'}]",{'depression': 'yes'}
87,ftwmqn,I did the whole wait a week thing and nothing has changed,"A week ago I woke up in a super good mood. excited for the day and all that shit. my boyfriend didn't work for once so we had all day to spend together! he accidently triggered my eating disorder thoughts and I've been on a downward spiral since.
 
 I tried setting small goals that would make me happy, the smallest just being to be able to play animal crossing for 10 minutes and the biggest being able to take a warm shower. I wasn't able to achieve any of them.
 
 I did the whole ""if I still feel suicidal in a week, then that's it.""
 
 I woke up today happy. I spent three hours laying in bed, playing animal crossing and looking at my boyfriend sleeping peacefully. He doesn't work today and I was excited to spend all day with him and do homework.
 
 He made a joke that hurt my feelings (I knew it was a a joke so I feel even worse letting it hurt my feelings), but no biggie! we still have homework and each other!
 
 never mind, have to stop homework not once, twice, but three separate times. Where it's note taking, me being able to keep my focus solely on it is important. This was originally an in person class, switch to online.
 
 So I can't do fucking anything and all I can think about is how nothing changed in a week, nothing will change next week, or the next week, and I'm close to taking his box cutter and fucking ending my life or downing his medicine and taking a bath.","[1, 0]",{'depressive_disorder'},"I did the whole wait a week thing and nothing has changed. A week ago I woke up in a super good mood. excited for the day and all that shit. my boyfriend didnt work for once so we had all day to spend together! he accidently triggered my eating disorder thoughts and Ive been on a downward spiral since. I tried setting small goals that would make me happy, the smallest just being to be able to play animal crossing for 10 minutes and the biggest being able to take a warm shower. I wasnt able to achieve any of them. I did the whole if I still feel suicidal in a week, then thats it. I woke up today happy. I spent three hours laying in bed, playing animal crossing and looking at my boyfriend sleeping peacefully. He doesnt work today and I was excited to spend all day with him and do homework. He made a joke that hurt my feelings I knew it was a a joke so I feel even worse letting it hurt my feelings, but no biggie! we still have homework and each other! never mind, have to stop homework not once, twice, but three separate times. Where its note taking, me being able to keep my focus solely on it is important. This was originally an in person class, switch to online. So I cant do fucking anything and all I can think about is how nothing changed in a week, nothing will change next week, or the next week, and Im close to taking his box cutter and fucking ending my life or downing his medicine and taking a bath.",Depression,1,0,"
Below are posts and their respective assessments based on the criteria for clinical depression as defined in the DSM-5.
Format your response as a JSON object {'depression': ''} with values either 'yes' or 'no'.

Post: the first week of april was my colleges spring break. i went to another state with my boyfriend to stay with my sister during the break. it was so great just being around people who seemed like they wanted me there as opposed to living with parents who dont make longerthan5minute conversations whenever they see me, which isnt that often to begin with and being able to just spend time with people and laugh about stupid shit we were doing. my boyfriend said that that break was the happiest hed seen me in weeks. then monday came around. i thought, okay, no big deal. 3 weeks until finals and 4 till the semester is done. i can do this. ha. on tuesday i spent the day sleeping and watching netflix, despite having essays to write that are due this upcoming week. wednesday was class, which went okay i think, then thursday was another class, most of which i wanted to cry during. now ive been zoned out on the couch all day, watching netflix and periodically napping. i worked on an essay thats due later this week, but i only worked on it for like 1 hour. im fucking back to how i was before breaklonely, unmotivated, depressed, suicidal, wanting to cut, back to hating life and just existence in general.
Assesement: {'depression': 'yes'}

Post: i hit a real fucking low this week. completely disfunctional for the past couple days. today i randomly had the spark to get up and clean my apartment. and after like five minutes i broke down crying. i fucked my life up. i now miss the things that i thought werent enough when i first became depressed. its funny turns out that when you want more than you have, the answer isnt to throw away everything you already have. that tends to just set you back even more. i get those sparks of motivation sometimes, but theyre never enough. the old me sets back in eventually and i go back to selfdestruction. i cant stop living in the past. i cant stop thinking about what couldve been and focus on what still can be. im fucking broken and the worst part is i broke myself. im the reason my life is a mess. failed my first semester for the third time. i dont know what to do anymore. im officially a failure. and i cant even trust myself to make good decisions.
Assesement: {'depression': 'yes'}

Post: today started off okay i went to my therapy session which was an assessment so i didnt get to talk about anything, but i knew this was my last assessment and we would talk about my results in the next session. so i was feeling good with making progress. i was in a good mood on my way home since i picked up mcdonalds and was going to clean the house today and get some shit done. i also really wanted to treat myself from my last paycheck and go get a piercing. i was asking my friend to come hang out and come with me, but i knew she was hesitate. i knew she didnt want to. eventually she said she would but then she remembered she has an online exam to take today. i get that, take it no prob. mine only ever took about an hour though? my boyfriend is at work and i was talking to him about what kind of piercings i want to get and i was thinking about getting a nipple piercing, but didnt know if i had the body for it. he just told me his male manager at his old job had one. i know i was fishing for some kind of compliment, but i feel like hes not even attracted to me. so instead of having all these big and fun plans, ill lay in bed like i normally do and feel sorry for myself. i wish i could at least cry while im on zoloft. tldr i have no friends and when i even want to get out of my bed nothing works out. i feel like my boyfriend only likes me as a friend.
Assesement: {'depression': 'yes'}

Post: so, i keep doing the same mistake again and again. i hate that i dont even know whats wrong with me. my mood changes a lot and this isnt probably the right place to post this, but i suffer from both anxiety and depression, this mix makes you either rely on some fix or wanna kill yourself cold blooded, i am single so i dont have access to sex except for porn, and i wont hook up on tinder, i dont like the idea. right now im questioning everything about myself and what do i even want in life? life is so meaningless for me right now and my brain feels like a dark room thats getting smaller and smaller every passing second, and relapsing was that temporary light that kept the darkness away for a few seconds. but right now, im even behind where i started and i feel awful! i cant find a good psychiatrist and i cant believe i once had a 120 days streak last year only to relapse twice in 1 week! it feeds my anxiety and depression, my brain is literally eating me alive and i am serious considering death. i know this isnt the right place to post this and most of you wont probably care, but i needed to confess that i keep doing the same mistake, even though i know its not gonna fix anything, but at least it makes me happy for a few seconds, and thats the most i have been happy in 3 weeks! fuck it. i cant even workout anymore and im too anxious to go to the gym! i just wanna die
Assesement: {'depression': 'yes'}

Based on the above, assess the content of the following post:
Post: I did the whole wait a week thing and nothing has changed. A week ago I woke up in a super good mood. excited for the day and all that shit. my boyfriend didnt work for once so we had all day to spend together! he accidently triggered my eating disorder thoughts and Ive been on a downward spiral since. I tried setting small goals that would make me happy, the smallest just being to be able to play animal crossing for 10 minutes and the biggest being able to take a warm shower. I wasnt able to achieve any of them. I did the whole if I still feel suicidal in a week, then thats it. I woke up today happy. I spent three hours laying in bed, playing animal crossing and looking at my boyfriend sleeping peacefully. He doesnt work today and I was excited to spend all day with him and do homework. He made a joke that hurt my feelings I knew it was a a joke so I feel even worse letting it hurt my feelings, but no biggie! we still have homework and each other! never mind, have to stop homework not once, twice, but three separate times. Where its note taking, me being able to keep my focus solely on it is important. This was originally an in person class, switch to online. So I cant do fucking anything and all I can think about is how nothing changed in a week, nothing will change next week, or the next week, and Im close to taking his box cutter and fucking ending my life or downing his medicine and taking a bath.
Assessment:
","[{'depression': 'yes'}, {'depression': 'yes'}, {'depression': 'yes'}, {'depression': 'yes'}]","The assessment is as follows:
'depression': 'yes'

The post exhibits several signs of"
88,g6jhjh,i am pathetic,"a while ago i posted here and said i will say or do anything and see if my family will notice, guess what happen? i forgot and i spoke to them and they didnt hear/care as always.
 
 i wonder what they think of me, what they think when they hear my angry frustrated noises coming from my room, i get angry when my computer acts like a retard and wouldnt start up for no reason, and video game are supposed to a stress relieving method but we all know its the number 1 cause of stress these days.
 
 and i have no hobbies i dont and cant read books cuz my brain is a dopamine addict and i dont even watch tv,","[0, 0]",{'control_group'},"i am pathetic. a while ago i posted here and said i will say or do anything and see if my family will notice, guess what happen? i forgot and i spoke to them and they didnt hearcare as always. i wonder what they think of me, what they think when they hear my angry frustrated noises coming from my room, i get angry when my computer acts like a retard and wouldnt start up for no reason, and video game are supposed to a stress relieving method but we all know its the number 1 cause of stress these days. and i have no hobbies i dont and cant read books cuz my brain is a dopamine addict and i dont even watch tv,",Normal,0,0,"
Below are posts and their respective assessments based on the criteria for clinical depression as defined in the DSM-5.
Format your response as a JSON object {'depression': ''} with values either 'yes' or 'no'.

Post: nobody really cares about how i feel, how im doing, how im holding up. they just care about themselves. they think im a nuisance. im holding them down. maybe i am, i dont know anymore. im broke, im depressed, i complain a lot recently, im ungrateful. maybe theyre trying to distance themselves from me, and cut me out of their lives. i only have my mom now. at least she still somewhat cares about me and loves me. and i need to get her out of this mess too. but im tired. i only have them to listen to my troubles, but even they have started to hate me. maybe i should just go.
Assesement: {'depression': 'yes'}

Post: i finally worked up the courage to start telling people about my depression and seeking help for it. my boyfriend tries his best and sometimes even helps. but, telling my parents seems to have caused problems. they are still angry with me, dont try to help, and arent very supportive. they did try to get me a therapist, but the therapist cancelled several meetings due to weather conditions and illness. after that, my parents never tried rescheduling. even though i am diagnosed with depression and diabetes, they havent gotten me in to see the doctor and try to get medication or anything. im in a very low time in my life and at school at like a robot with work and smiling. at home all i do is cry. im very lost and not motivated to do anything. not sure what to do.
Assesement: {'depression': 'yes'}

Post: im going to do it. i keep posting here about wanting to kill myself but now that my exams tomorrow and im still not done with half of the course i think its a sign that i need to make full on my word if only id listened to my parents and taken a break, because clearly i needed it. i just want them to know how sorry i am, its just impossible to live with myself. idk how they did it. im done wasting their money, and years of my life on a piece of paper that feels increasingly like a lottery ticket with this shitty oversubscribed job market everything i touch turns to dust my entire arm hurts from writing, my brain hurts from crying, and im overall so so tired and sick of my life. i know im the one who got myself here so i dont want sympathy, i just need someone to know because people in my life arent receptive to anything i say. im just figuring out a way to send a message to my family without them seeing it immediately. i think theres something on the sidebar about not giving advice but i cant read right now so ill ask anyway. any tips on how to do that?
Assesement: {'depression': 'yes'}

Post: i was up until 2am this morning because i couldnt sleep and i realized i live by myself i technically live with my grandparents, since my dad died and my moms a crackhead, but they moved out for the summer 3 weeks after i came home. i never fully realized how alone i am. how i have no one to really lean on during tough times. whenever i have a question i turn to the internet, to my brother whos two years older, to twitter. i buy my own groceries, clean the house, watch their cats, water their plants. i do my own taxes, i work 60 hrs a week, im a full time college student during the school year. my grandparents dont like my college, my brothers dont get it, i dont feel like i cant vent to my friends. how do you explain how sad you are your moms a heroin addict? that your dad hung himself in your garage? that everyday you wake up next to where he used to sit and feel empty. that the comforts of family, parents, understanding, support none of it is there. i have a great job on campaigns, and another job doing dishes, im always busy. my family tells me to quit my campaign job for my degree and future and focus on dish washing and seeing them. they dont care what it means for my future. im sad. and so emotionally congested. i keep talking to myself and screaming and being so stressed i cant breathe. i just want to talk to someone. i just want someone to fucking listen and give a shit. like a parent but i dont have any.
Assesement: {'depression': 'yes'}

Based on the above, assess the content of the following post:
Post: i am pathetic. a while ago i posted here and said i will say or do anything and see if my family will notice, guess what happen? i forgot and i spoke to them and they didnt hearcare as always. i wonder what they think of me, what they think when they hear my angry frustrated noises coming from my room, i get angry when my computer acts like a retard and wouldnt start up for no reason, and video game are supposed to a stress relieving method but we all know its the number 1 cause of stress these days. and i have no hobbies i dont and cant read books cuz my brain is a dopamine addict and i dont even watch tv,
Assessment:
","[{'depression': 'yes'}, {'depression': 'yes'}, {'depression': 'yes'}, {'depression': 'yes'}]",The content of the post does not demonstrate any signs of depression. The writer does not express feelings of hopelessness
89,gxx99z,Im going back down,A while ago I was depressed after a rough move to a new city. It took me a while to get used to a new school and make some friends. From there I started doing pretty good. I started going out more and finally felt like I beat depression. I was doing so good until today. I had an argument with one of my friends and in an instant everyone I had turned on me and essentially kicked me out of our friend group. Immediately after I got this feeling in my chest and its the same feeling I had the whole time I was depressed. I honestly dont know if Ill be able to make it out alive this time. I just dont wanna live through this again. Ive had suicidal thoughts before but not like this. Now it truly feels like its my only escape. I just cant take this anymore.,"[1, 0]",{'depressive_disorder'},Im going back down. A while ago I was depressed after a rough move to a new city. It took me a while to get used to a new school and make some friends. From there I started doing pretty good. I started going out more and finally felt like I beat depression. I was doing so good until today. I had an argument with one of my friends and in an instant everyone I had turned on me and essentially kicked me out of our friend group. Immediately after I got this feeling in my chest and its the same feeling I had the whole time I was depressed. I honestly dont know if Ill be able to make it out alive this time. I just dont wanna live through this again. Ive had suicidal thoughts before but not like this. Now it truly feels like its my only escape. I just cant take this anymore.,Depression,1,0,"
Below are posts and their respective assessments based on the criteria for clinical depression as defined in the DSM-5.
Format your response as a JSON object {'depression': ''} with values either 'yes' or 'no'.

Post: im scared of what i may do but i want it at the same time. ive been struggling with depression for a few years, not sure when exactly it began but i remember the moment it got the worst was august of 2017, when i thought about suicide. since then i had worse and better days, until last november i got diagnosed with depression and began taking antidepressants, but its not helping. my psychologist has already doubled the amount of them but its only getting worse, i feel that once again im at my lowest and im considering suicide. the last two days have been an absolute nightmare to me, ive had a few okay days but yesterday was my birthday and ive been feeling awful since. it wasnt even a bad day, got more sleep than usual, got some wishes from family and my internet friends since i dont have any real friends, but then as the day went on i only started to feel worse. all my problems returned stronger than before. i started to think that my friends are tired of me being depressed all the time while we play, they keep telling me that its alright but i feel so selfish when i talk about this with them and at the same time i dont have anyone else, if i lose them i dont know what would happen to me, at the same time i cant force them to always be there. soon may be the first time ill hurt myself just to see how it is, because i cant take anymore being a disappointment to everyone around. and if nothing gets better, i may end it all this summer.
Assesement: {'depression': 'yes'}

Post: i was getting better, but all of a sudden it all went down. my friends dont answer, i feel so ignored. they must hate me. suicidal thoughts are back. i started self harming again. i guess i cant escape this. why does this happen to me? i cant even truly open up to my psychiatrist. i still dont get an appointment with my psychologist. my friends forgot about me probably. this anguish, this pressure in my chest. theres no escape, right? why do i even write this
Assesement: {'depression': 'yes'}

Post: i havent had suicidal thoughts for a while. maybe 2 years? thats about how long its been since i last self harmed. dont get me wrong, ive really been struggling on and off, especially the last few months. i posted on here last night because i cant seem to get a handle on it. today was the first time in a very long time that a it would be so much easier to die thought went through my head. i am just so tired and exhausted and right now i feel like the simplest thing to do would die. i dont feel like i have any support system. i dont really have any friends. my family cant help me because they dont understand. my husband and i have separated. im just crying myself to sleep every night and the thought of doing this for too much longer seems. excruciating.
Assesement: {'depression': 'yes'}

Post: i dont know why im writing this or even if its okay. everything is hitting me so hard yesterday i sat in the car for nearly 12 hours with four people but yet felt so alone. today on the hike i planned in remembering my friend i felt so alone. even at milk shakes tonight because i knew i would feel alone at night surrounded by friends i was so alone and felt i couldnt communicate. everything im feeling is so intense. so much more then normal and i dont even deal with my normal well. i was just getting close to my friend agian before he took his life, i was devastated and still am. this whole year leading to this day was bettering my self and i have but i still am everywhere, it takes me an hour to get out of bed some days. i just got so depressed that i dont want to do anything. i honestly just hate life at this point but my brain still just wants to go and its such a rip on me. i know the hardest step is taking one backwards to view where you have come but this whole month ive felt worse and reverted back to how i was. i fucking hate this. i want it all to go away, why is it like this honestly.
Assesement: {'depression': 'yes'}

Based on the above, assess the content of the following post:
Post: Im going back down. A while ago I was depressed after a rough move to a new city. It took me a while to get used to a new school and make some friends. From there I started doing pretty good. I started going out more and finally felt like I beat depression. I was doing so good until today. I had an argument with one of my friends and in an instant everyone I had turned on me and essentially kicked me out of our friend group. Immediately after I got this feeling in my chest and its the same feeling I had the whole time I was depressed. I honestly dont know if Ill be able to make it out alive this time. I just dont wanna live through this again. Ive had suicidal thoughts before but not like this. Now it truly feels like its my only escape. I just cant take this anymore.
Assessment:
","[{'depression': 'yes'}, {'depression': 'yes'}, {'depression': 'yes'}, {'depression': 'yes'}]",The post is assessed as having a high risk of depression. The author mentions they are feeling hopeless and hel
90,585htw,I feel the depression coming back,"About 14 months ago I got diagnosed with depression. Things got worse for a while but then things got better. My medication got lowered, and eventually I took myself off it because I was gaining weight big time and that was destroying me.
 
 Now I can feel the depression creeping up again. I went to the doctors for something recently, and was so ready to tell them I wanted help again, then the day of my appointment and the few days before I'd felt fine. I chickened out at the doctors.
 
 Even though day to day I feel 'okay', I know I'm not. I moved away from home recently, started my first job and the stress of doing this on my own is getting to me. I can feel the anxiety and stress making me feel ill and sick. I'm starting to get nervous stomach really bad whenever I eat, which is making me feel like crap and affecting my job. No matter how much I try to relax, I can't. At nights I can't get to sleep, then at weekends I sleep almost constantly. I'm feeling withdrawn from friends. I notice more and more I am loosing enthusiasm to go to the gym, I can't remember the last time I indulged in one of my hobbies. I feel guilty for doing anything, and it doesn't help I owe my parents so much money to help me move out. I've had traumatic dreams and dreams of committing suicide a lot recently. I want this to stop now. But I know even if I go to the doctors and they give me antidepressants tomorrow, they won't kick in for a while, it will take months until I feel 'happier'. And I don't want the same problems of gaining weight again.","[1, 1]","{'depressive_disorder', 'anxiety_disorder'}","I feel the depression coming back. About 14 months ago I got diagnosed with depression. Things got worse for a while but then things got better. My medication got lowered, and eventually I took myself off it because I was gaining weight big time and that was destroying me. Now I can feel the depression creeping up again. I went to the doctors for something recently, and was so ready to tell them I wanted help again, then the day of my appointment and the few days before Id felt fine. I chickened out at the doctors. Even though day to day I feel okay, I know Im not. I moved away from home recently, started my first job and the stress of doing this on my own is getting to me. I can feel the anxiety and stress making me feel ill and sick. Im starting to get nervous stomach really bad whenever I eat, which is making me feel like crap and affecting my job. No matter how much I try to relax, I cant. At nights I cant get to sleep, then at weekends I sleep almost constantly. Im feeling withdrawn from friends. I notice more and more I am loosing enthusiasm to go to the gym, I cant remember the last time I indulged in one of my hobbies. I feel guilty for doing anything, and it doesnt help I owe my parents so much money to help me move out. Ive had traumatic dreams and dreams of committing suicide a lot recently. I want this to stop now. But I know even if I go to the doctors and they give me antidepressants tomorrow, they wont kick in for a while, it will take months until I feel happier. And I dont want the same problems of gaining weight again.",Comorbid (Depression + Anxiety),1,1,"
Below are posts and their respective assessments based on the criteria for clinical depression as defined in the DSM-5.
Format your response as a JSON object {'depression': ''} with values either 'yes' or 'no'.

Post: im 22 and have had diagnosed depression for years. im tired of it. tired of the way the world seems, it seems strange and far away. my depression has been getting worse the past few weeks, for the first time i have actually completely lost my appetite. i have hardly been eating anything the past week. the connection with my so seems to be dissapearing and i dont know why my mind is doing this. i dont feel connectedto anyone. im alone in the city. im so tired and lonely.
Assesement: {'depression': 'yes'}

Post: for a few years now ive just been feeling awfully most of the time. i recently got my dr to prescribe 16 different blood tests but i dont even know if i asked for the right ones. im a 28 year old male. ive suffered from depression since highschool but its gotten worse. i dont know whats happening but im getting scared. i look forward to nothing. on my days off i sit around my house and do chores then browse my phone. at work i do menial tasks then browse the internet all the time. i feel fatigue. anhedonia. depression. anxiety. malaise. im fucked. i look forward to nothing. absolutely nothing. i only talk to my parents and siblings outside of work. guys, i dont know what to do anymore if my doctors havent helped me. im not suicidal but holy hell im so miserable and dont want to exist in this misery. i want to be content and happy.
Assesement: {'depression': 'yes'}

Post: i have been depression on and off the past 6 years. however after graduating in december. my depression has gotten so bad. i go three days straight without leaving the house. im jobless, my room is a mess, all i do is stay in bed and play video games. i was such a motivated and passionate person. i worked out 5 days a week, was always networking and applying to jobs in finance my dream job and now i feel like a vegetable. i cant bring myself to do anything. i cried last night after looking over at my shelf with my finance books because i have no passion or interest for anything in life right now. occasionally my bf will get me out of the house to walk my puppy, or to get a beer at my favorite bar. february i was prescribed effexor and taken off of prozac. i dont notice much difference, im a little more anxious. my general practitioner prescribed it because i cant find a psychiatrist. i take 3 pills of 37.5 mg a night. i take adderall xr sometimes and adderall ir. i find the adderall xr doesnt make me sleep as well and the comedown sucks someone please give me input
Assesement: {'depression': 'yes'}

Post: about a year ago i was diagnosed with depression and anxiety, for a while it was really bad but things slowly improved. i went to the doctors, got prescribed medication and i felt like i was improving. i didnt think id ever get that bad again but i feel like im falling back into those ways. i currently live at home with my parents, im 23 but i dont mind, i have a close relationship with my parents and they have been nothing but supportive for me. im currently studying for a masters degree which finishes in september so i feel like i at least have some direction in life. however, lately i just havent felt myself. i have absolutely no motivation to do things, even the things that i want to do. i cant seem to sleep at night and i usually wake up late around 10.30am but end up getting back into bed and just looking at my phone until around midday. i barely go out. i moved to a new area back in may of last year and i have no friends here, its pretty rural as well so there isnt many places to go and join clubsactivities and i dont drive. my course is distance learning so theres no clubs to join there either. i just feel like i am wasting my life and everything just feels incredibly pointless right now. i just feel miserable all the time and i honestly dont know what i can do anymore.
Assesement: {'depression': 'yes'}

Based on the above, assess the content of the following post:
Post: I feel the depression coming back. About 14 months ago I got diagnosed with depression. Things got worse for a while but then things got better. My medication got lowered, and eventually I took myself off it because I was gaining weight big time and that was destroying me. Now I can feel the depression creeping up again. I went to the doctors for something recently, and was so ready to tell them I wanted help again, then the day of my appointment and the few days before Id felt fine. I chickened out at the doctors. Even though day to day I feel okay, I know Im not. I moved away from home recently, started my first job and the stress of doing this on my own is getting to me. I can feel the anxiety and stress making me feel ill and sick. Im starting to get nervous stomach really bad whenever I eat, which is making me feel like crap and affecting my job. No matter how much I try to relax, I cant. At nights I cant get to sleep, then at weekends I sleep almost constantly. Im feeling withdrawn from friends. I notice more and more I am loosing enthusiasm to go to the gym, I cant remember the last time I indulged in one of my hobbies. I feel guilty for doing anything, and it doesnt help I owe my parents so much money to help me move out. Ive had traumatic dreams and dreams of committing suicide a lot recently. I want this to stop now. But I know even if I go to the doctors and they give me antidepressants tomorrow, they wont kick in for a while, it will take months until I feel happier. And I dont want the same problems of gaining weight again.
Assessment:
","[{'depression': 'yes'}, {'depression': 'yes'}, {'depression': 'yes'}, {'depression': 'yes'}]","
Note: The assessment is based on the information provided in the post, and it is not a diagnosis of"
91,dl5omy,Help on remembering things? Find myself completely lost at work on things I was just explained,"About 2 months ago, I was diagnosed with Recurring MDD (Major Depressive Disorder), though I was struggling with depression and anxiety for about 2 years prior. 
 
 I got a new job and moved to a new city. I love the work at this place, and its given me a better picture of what I want to do; however, I feel my depression numbs excitement, while anxiety makes me paranoid that Im constantly messing up. 
 
 My main issue right now, at least the one that effects my day-to-day is trouble remembering things. I work a deadline heavy job, and Im constantly having to ask my boss to re-explain things that were discussed the day before. Everything seems straightforward, but then when I sit down, my mind is wiped clean. 
 
 Its very frustrating, and makes me feel worse. I want to perform well and stay in this city, but Im worried that Im seen as a dummy because I dont get instructions. 
 
 Has anyone else dealt with this?","[1, 1]","{'depressive_disorder', 'anxiety_disorder'}","Help on remembering things? Find myself completely lost at work on things I was just explained. About 2 months ago, I was diagnosed with Recurring MDD Major Depressive Disorder, though I was struggling with depression and anxiety for about 2 years prior. I got a new job and moved to a new city. I love the work at this place, and its given me a better picture of what I want to do however, I feel my depression numbs excitement, while anxiety makes me paranoid that Im constantly messing up. My main issue right now, at least the one that effects my daytoday is trouble remembering things. I work a deadline heavy job, and Im constantly having to ask my boss to reexplain things that were discussed the day before. Everything seems straightforward, but then when I sit down, my mind is wiped clean. Its very frustrating, and makes me feel worse. I want to perform well and stay in this city, but Im worried that Im seen as a dummy because I dont get instructions. Has anyone else dealt with this?",Comorbid (Depression + Anxiety),1,1,"
Below are posts and their respective assessments based on the criteria for clinical depression as defined in the DSM-5.
Format your response as a JSON object {'depression': ''} with values either 'yes' or 'no'.

Post: i dont know if this is a common thing for depressions but i cant learn anything new anymore. it bothers me a lot since im currently just 24 years old. dont know what to do but it feels like my whole brain is shutting down as soon as i try to save what i saw if you know what i mean. i always have to think about that i wouldnt do it the right way anyway and that im basically useless in anything. its like that since a year after i was diagnosed with stressinduced depression. it goes that far that its going to cost me my job eventuelly because i cant improve. also i have a bit of memory loss especially for the days which i just live in my standby mode do you have any advice for me how to coop with that issue?
Assesement: {'depression': 'yes'}

Post: since i was a kid ive been forgetful. but when i got diagnosed with depression at the age of 14 it escalated. now 7 years laters im still awful at remembering. x200b i forget to take my meds, i forget laundry, i forget dishes, i even forget to take my insulin as im a type 1 diabetic. its making my life hell and im starting to feel its all useless. i have over 5 alarms for daily shit that needs to get done, i see the alarm, and 910 times i forget what it was the next half minute. i dont know how to deal with this anymore.
Assesement: {'depression': 'yes'}

Post: im 19. i was diagnosed with mdd when i was 11. i struggled with it for so long and it all sucks, but now that my meds are on track and i dont feel like shit, i really notice that i cant remember anything. and theres nothing i can do about it. i cant remember things from a long time ago and i cant remember conversations i had with my fianc this morning. i just want to be fixed.
Assesement: {'depression': 'yes'}

Post: i dont mean just the typical, well, of course no one expects you to remember everything! youre learning so much! thats the most common response i get. i am plagued with anxiety over this particular thought. i am extremely forgetful not just short term, but also long term. i also feel like i dont always put in enough effort because i get sidetracked or i start a project, put in my 200 for a couple days, and then abandon it. i was always and am still a perfectionist and set high standards for myself, but yet i still feel like im not deserving of where im at now. i feel like i was able to breeze through high school simply because i was smart with tactics, not because i remembered much or because im genuinely smart enough to be here. this might be more of an anxietyrelated problem, but i also feel like im not doing enough to supplement my courses. sure, i do whats expected in class and for tests, but i dont do much beyond that. i tried starting new habits like reading articles and listening to podcasts, but those fell through quickly because i also cant keep any habits that help me. compounded with the forgetting, i dont really know why im here or what im going to show for it after graduation. i honestly dont bring up my adhd as a reason for things i do much anymore because i feel like people see it as an excuse and diminish its effect on me. i am medicated, but i still struggle with it. when i used to go to therapy for anxiety, i would also work on my adhd to an extent, but i didnt find that many of the techniques we tried really worked.
Assesement: {'depression': 'no'}

Based on the above, assess the content of the following post:
Post: Help on remembering things? Find myself completely lost at work on things I was just explained. About 2 months ago, I was diagnosed with Recurring MDD Major Depressive Disorder, though I was struggling with depression and anxiety for about 2 years prior. I got a new job and moved to a new city. I love the work at this place, and its given me a better picture of what I want to do however, I feel my depression numbs excitement, while anxiety makes me paranoid that Im constantly messing up. My main issue right now, at least the one that effects my daytoday is trouble remembering things. I work a deadline heavy job, and Im constantly having to ask my boss to reexplain things that were discussed the day before. Everything seems straightforward, but then when I sit down, my mind is wiped clean. Its very frustrating, and makes me feel worse. I want to perform well and stay in this city, but Im worried that Im seen as a dummy because I dont get instructions. Has anyone else dealt with this?
Assessment:
","[{'depression': 'yes'}, {'depression': 'yes'}, {'depression': 'yes'}, {'depression': 'no'}]",The post contains elements of both depression and anxiety. The person is struggling with remembering things and feels frustr
92,c03jvo,What were temporary side effects of antidepressants for you?,"About 8 years ago I was diagnosed with GAD, social anxiety and low grade depression. My psych told me she thought I would do well with antidepressants. I declined the offer and started exercising a lot and following CBT. I was really lucky that it worked for me. Two years later however, I once again got back to my depressed an anxious state. My psych told me again she thought I would benefit from an SSRI. I told her I wanted to try bupropion instead. This gave me panic attacks which I really could not handle so I quit and started exercising again, which helped tremendously for depression, but my GAD and social anxiety never really went away. Now, a few years later, I have a rebound of my depressive symptoms. Since this is the third time, I accepted the idea that maybe I would do ok on an SSRI. This week I therefore started with sertraline. Luckily I don't really experience unbearable side effects, only feeling a bit spaced out, low grade nausea, no appetite and sometimes feeling like a panic attack is lurking somewhere in the distance but not revealing itself, which I'm sure are all temporary. This made me wondering, what were the side effects of antidepressants that were temporary for you?","[1, 1]","{'depressive_disorder', 'anxiety_disorder'}","What were temporary side effects of antidepressants for you. About 8 years ago I was diagnosed with GAD, social anxiety and low grade depression. My psych told me she thought I would do well with antidepressants. I declined the offer and started exercising a lot and following CBT. I was really lucky that it worked for me. Two years later however, I once again got back to my depressed an anxious state. My psych told me again she thought I would benefit from an SSRI. I told her I wanted to try bupropion instead. This gave me panic attacks which I really could not handle so I quit and started exercising again, which helped tremendously for depression, but my GAD and social anxiety never really went away. Now, a few years later, I have a rebound of my depressive symptoms. Since this is the third time, I accepted the idea that maybe I would do ok on an SSRI. This week I therefore started with sertraline. Luckily I dont really experience unbearable side effects, only feeling a bit spaced out, low grade nausea, no appetite and sometimes feeling like a panic attack is lurking somewhere in the distance but not revealing itself, which Im sure are all temporary. This made me wondering, what were the side effects of antidepressants that were temporary for you?",Comorbid (Depression + Anxiety),1,1,"
Below are posts and their respective assessments based on the criteria for clinical depression as defined in the DSM-5.
Format your response as a JSON object {'depression': ''} with values either 'yes' or 'no'.

Post: i am not looking for advice on whether or not to discontinue you my meds as i plan on being them for at least another year. although, i am curious how and when you realized the cons outweighed the pros with antidepressants? ive been on antidepressants for about 4 years now. first, effexor, next lexapro, then prozac, and finally, pristiq. pristiq has been amazing at minimizing my anxiety and depression in conjunction with bimonthly therapy. i have gi problems to begin with and antidepressants make them 10x worse. ive had sleeping problems since childhood and antidepressants seem to exacerbate these issues at one point i was sleeping 5 hours ever 34 days. i feel numb and unemotional almost as if im disconnected from everyone else because i feel less. these are only a few of the issues ive noticed in my course of medications. despite all of this, medication seems to keep my depression and anxiety from going off the deep end except for a 6month downward spiral last spring. im just wondering when you thought that being off of medication could possibly be better than being on them despite dealing with depression and other mental health issues on your own? and if you have never had this thought, how do you deal with side effects? edit im just tired of feeling halfhuman, but am scared that i would deplete to nothingness without them.
Assesement: {'depression': 'yes'}

Post: i was diagnosed with ptsd, depression, and anxiety in the summer of 2018. i was prescribed for some meds but never decided to take them after seeing side effects of hair loss and possible worsening of the conditions. recently i lost a bunch of hair in the back of my head. im 20 so this isnt usual. i figure now that since ive already lost hair i should look into taking the meds since my mental health hasnt gotten much better. i still am nervous about the side effects of getting worse. i have problems with derealization and drugs so i really refrain from doing any drugs but i do want to get better. i would appreciate if anyone who has experience with ssris would let me know if they got better. how they were when they got off of them. and just their general opinion on the matter.
Assesement: {'depression': 'yes'}

Post: im not really sure where to start with this. i was diagnosed with major depression at 14 and began taking lexapro just until i could get stable. now im 19 and still on a pretty significant dose, and have added 4 other meds to the list. it never seemed like the right time to go off, i would be okay for a bit and then id have another episode. i cant effectively make out any side effects because ive been medicated throughout puberty. ive made an appointment with my psychiatrist to talk about it, but id love to hear from anyone on antidepressants long term and your experiences with it. thank you in advance and obligatory apology for the format since im on mobile.
Assesement: {'depression': 'yes'}

Post: im in a low point in my life right now, not quite the lowest but still struggling. i got diagnosed with depression around 5 years ago and visited a therapist regularly for about. well 4 years but never tried antidepressants. recently i had to move for college and im not doing so well and due to change and loneliness it has been a rough time, tried to talk with my mom and she just told me i should book a date with a psychiatrist in order to get antidepressants. but i dont know. im starting to fail classes because of my lack of will power, not being able to leave bed and constant distractions in and out. has anyone suffered side effects from antidepressants? how and what was it ? and would you recommend it? please. i dont know who else could i ask to
Assesement: {'depression': 'yes'}

Based on the above, assess the content of the following post:
Post: What were temporary side effects of antidepressants for you. About 8 years ago I was diagnosed with GAD, social anxiety and low grade depression. My psych told me she thought I would do well with antidepressants. I declined the offer and started exercising a lot and following CBT. I was really lucky that it worked for me. Two years later however, I once again got back to my depressed an anxious state. My psych told me again she thought I would benefit from an SSRI. I told her I wanted to try bupropion instead. This gave me panic attacks which I really could not handle so I quit and started exercising again, which helped tremendously for depression, but my GAD and social anxiety never really went away. Now, a few years later, I have a rebound of my depressive symptoms. Since this is the third time, I accepted the idea that maybe I would do ok on an SSRI. This week I therefore started with sertraline. Luckily I dont really experience unbearable side effects, only feeling a bit spaced out, low grade nausea, no appetite and sometimes feeling like a panic attack is lurking somewhere in the distance but not revealing itself, which Im sure are all temporary. This made me wondering, what were the side effects of antidepressants that were temporary for you?
Assessment:
","[{'depression': 'yes'}, {'depression': 'yes'}, {'depression': 'yes'}, {'depression': 'yes'}]",{'depression': 'yes'}
93,e6x7x3,Recently diagnosed with depression and going through breakup.,"About a week ago I was diagnosed with depression. I got some meds prescribed and started taking them 3 days ago. I was feeling BAD for last couple of weeks, but in fact I was feeling down, depressed and lonely since June 2019. The reason of me shutting down completely and not being able to do anything (like attending university, cleaning my apartament, etc.) was a recent breakup. My boyfriend broke up with me due to his mental issues. He told me he doesnt want to be romantically involved with me, but he wants to be friends. Since then I spoke to him once, tried to tell him that it hurt me, because it happend unexpectedly. He says he doesnt want to take responsibilty for how I feel. What is more, we are in the same group at university, so we see each other like 4 days a week. I feel awful, had some suicidal thoughts recently and therapy isnt helping me at all. I feel left alone and miserable. (Btw, sorry for my English, Im not a native speaker.)","[1, 0]",{'depressive_disorder'},"Recently diagnosed with depression and going through breakup. About a week ago I was diagnosed with depression. I got some meds prescribed and started taking them 3 days ago. I was feeling BAD for last couple of weeks, but in fact I was feeling down, depressed and lonely since June 2019. The reason of me shutting down completely and not being able to do anything like attending university, cleaning my apartament, etc. was a recent breakup. My boyfriend broke up with me due to his mental issues. He told me he doesnt want to be romantically involved with me, but he wants to be friends. Since then I spoke to him once, tried to tell him that it hurt me, because it happend unexpectedly. He says he doesnt want to take responsibilty for how I feel. What is more, we are in the same group at university, so we see each other like 4 days a week. I feel awful, had some suicidal thoughts recently and therapy isnt helping me at all. I feel left alone and miserable. Btw, sorry for my English, Im not a native speaker.",Depression,1,0,"
Below are posts and their respective assessments based on the criteria for clinical depression as defined in the DSM-5.
Format your response as a JSON object {'depression': ''} with values either 'yes' or 'no'.

Post: i have been going in and out of depression for a while now. its been bad for a while. yesterday my so broke it off, saying he has been dragging it for too long. he didnt even love me, said its complicated that he liked how i look and the good sex, but he has no connection to me. it came out of the blue. i was convinced we were in love, i had no idea there were troubles. we were planning to move in together a week ago, and now im alone and depressed.
Assesement: {'depression': 'yes'}

Post: i started to act weird and have some unusual emotions swings from 2 months ago,he suggested me to go to the therapist therefore i went to the therapist last month and was diagnosed with depression.i feel really terrible for all my behaviors last month,but its too late now he dumped me said im rely on him and problematic he cant take it anymore.he doesnt believe that i went to the therapy. im regretting everyday if i could realized its depression and search for help much earlier then i wouldnt drive him away.we were all fine before. i never mean to do that like emotional breakdown or have the idea of self harm.i ruined everything and the damage caused already. no wonder he think im abuse and manipulative.i deserved all of this,i feel really terrible now.although he said its nothing to do with my depression he just dont have the feelings for me anymore.but still im afraid its all my fault to let the one walk away. if i could control myself more he wouldnt leave me
Assesement: {'depression': 'yes'}

Post: i am taking medication for half a year right now and go to therapy every week and i am doing good i think. my bf of a few months did suffer of severe depression years ago but was really good when we met. he moved into my flat and we live together for a month now. we had some issues, and he had alot on his plate in work. both got better and i am very proud of him that he handled everything so well. since yesterday he started to have symptoms of depression. he slept all day and stopped eating normally. only sweets. i can see that he is very bad. i dont know what to do now. i get easily influenced into a bad mood and i asked how i can help and he said i cant i can only look after myself. but seeing him like this hurts. anyone some ideas or maybe hopeful thoughts? sorry if my description is not logically.
Assesement: {'depression': 'yes'}

Post: im sorry if this is incoherent, but i just feel like i need to throw all of my thoughts out there. i was diagnosed with depression 3 years ago. i dont know what to do with my life anymore. i constantly am wondering whether i was supposed to be here or whether its a mistake that im actually here. most days i will think about killing myself, but the only person stopping me is my boyfriend. he means so much to me, but i drag him down so much because he wastes his time cheering me up. my friends dont even know what i go through because i feel like i put on this mask everytime i see them. the only person who knows about my depression is my boyfriend, but ive started to talk to him less because i dont like putting the weight of the world on him. i just feel like im a waste of time and money to everyone around me. if i disappeared, im sure no one would even notice. they would all just continue on with their lives.
Assesement: {'depression': 'yes'}

Based on the above, assess the content of the following post:
Post: Recently diagnosed with depression and going through breakup. About a week ago I was diagnosed with depression. I got some meds prescribed and started taking them 3 days ago. I was feeling BAD for last couple of weeks, but in fact I was feeling down, depressed and lonely since June 2019. The reason of me shutting down completely and not being able to do anything like attending university, cleaning my apartament, etc. was a recent breakup. My boyfriend broke up with me due to his mental issues. He told me he doesnt want to be romantically involved with me, but he wants to be friends. Since then I spoke to him once, tried to tell him that it hurt me, because it happend unexpectedly. He says he doesnt want to take responsibilty for how I feel. What is more, we are in the same group at university, so we see each other like 4 days a week. I feel awful, had some suicidal thoughts recently and therapy isnt helping me at all. I feel left alone and miserable. Btw, sorry for my English, Im not a native speaker.
Assessment:
","[{'depression': 'yes'}, {'depression': 'yes'}, {'depression': 'yes'}, {'depression': 'yes'}]","The post is about a person who has been struggling with depression since June 2019, which they have"
94,ag7u5a,I feel like my life is falling apart,"About a year ago I was diagnosed with depression and anxiety, for a while it was really bad but things slowly improved. I went to the doctors, got prescribed medication and I felt like I was improving. I didn't think I'd ever get that bad again but I feel like I'm falling back into those ways.
 
 I currently live at home with my parents, I'm 23 but I don't mind, I have a close relationship with my parents and they have been nothing but supportive for me. I'm currently studying for a masters degree which finishes in September so I feel like I at least have some direction in life.
 
 However, lately I just haven't felt myself. I have absolutely no motivation to do things, even the things that I want to do. I can't seem to sleep at night and I usually wake up late (around 10.30am) but end up getting back into bed and just looking at my phone until around midday. I barely go out. I moved to a new area back in May of last year and I have no friends here, it's pretty rural as well so there isn't many places to go and join clubs/activities and I don't drive. My course is distance learning so there's no clubs to join there either. I just feel like I am wasting my life and everything just feels incredibly pointless right now. I just feel miserable all the time and I honestly don't know what I can do anymore.","[1, 1]","{'depressive_disorder', 'anxiety_disorder'}","I feel like my life is falling apart. About a year ago I was diagnosed with depression and anxiety, for a while it was really bad but things slowly improved. I went to the doctors, got prescribed medication and I felt like I was improving. I didnt think Id ever get that bad again but I feel like Im falling back into those ways. I currently live at home with my parents, Im 23 but I dont mind, I have a close relationship with my parents and they have been nothing but supportive for me. Im currently studying for a masters degree which finishes in September so I feel like I at least have some direction in life. However, lately I just havent felt myself. I have absolutely no motivation to do things, even the things that I want to do. I cant seem to sleep at night and I usually wake up late around 10.30am but end up getting back into bed and just looking at my phone until around midday. I barely go out. I moved to a new area back in May of last year and I have no friends here, its pretty rural as well so there isnt many places to go and join clubsactivities and I dont drive. My course is distance learning so theres no clubs to join there either. I just feel like I am wasting my life and everything just feels incredibly pointless right now. I just feel miserable all the time and I honestly dont know what I can do anymore.",Comorbid (Depression + Anxiety),1,1,"
Below are posts and their respective assessments based on the criteria for clinical depression as defined in the DSM-5.
Format your response as a JSON object {'depression': ''} with values either 'yes' or 'no'.

Post: i was diagnosed with depression and was on antidepressants for a few months and had therapy didnt like my therapist so i stopped going to him. i was actually feeling good till a month ago then i had to take my exam in august for which i had been studying on and off and was actually studying well in the beginning of this month but then i stopped again and now im not taking the exam and will have to postpone it. for the last 2 weeks i have been numb, unmotivated, lazy and dont leave the house unless i have to. i live alone financially dependent on my father, just stay in bed all day and eat. i have one friend who i speak to on the phone or skype with. i just dont see a future for my self and everything i had planned seems blurry. am i just being lazy? anyone else feel this way? what helped you get your stuff together? tldr feel lazydepressed not sure anymore, have a lot of workstudying to do that i used to do but just stopped for the last 2 weeks.
Assesement: {'depression': 'yes'}

Post: the past year has been a rough one for me. after graduating college i became severely depressed, i spend most of my days in bed playing video games. i am often way too tired to do anything and rarely leave the house. on top of that, a few months ago i got diagnosed with aspergers and interstial cystitis. my career was once my passion. i actively pursued it, i was so ambitious, but now it has been over a year and i am jobless, and i feel like my life has no purpose. i dont do anything all day. i am seeing a therapist but she only helps so much, she tells me to focus on a day by day schedule and forget about my future motives and focus on a routine, but i am having difficulties sticking to it. i spend most of my days at home, my parents house. i have no job, i was suppose to go back to school but i couldnt because of financial issues. i never expected for myself to be here. my self esteem is so low, and my life just feels so disorganized from my room, to my computer to my goals. i want to have energy again, confidence, i want to be proud of who i am, fearless, badass. i need some source of income, i am not ready to give up on my dream career. just everything feels so hard right now for me and i am lost and dont know how to get to things. i know what i want, but i cant get there and then i am hard on myself for not getting there. please i need some guidance or some help.
Assesement: {'depression': 'yes'}

Post: about a year ago i was diagnosed with depression and anxiety, for a while it was really bad but things slowly improved. i went to the doctors, got prescribed medication and i felt like i was improving. i didnt think id ever get that bad again but i feel like im falling back into those ways. i currently live at home with my parents, im 23 but i dont mind, i have a close relationship with my parents and they have been nothing but supportive for me. im currently studying for a masters degree which finishes in september so i feel like i at least have some direction in life. however, lately i just havent felt myself. i have absolutely no motivation to do things, even the things that i want to do. i cant seem to sleep at night and i usually wake up late around 10.30am but end up getting back into bed and just looking at my phone until around midday. i barely go out. i moved to a new area back in may of last year and i have no friends here, its pretty rural as well so there isnt many places to go and join clubsactivities and i dont drive. my course is distance learning so theres no clubs to join there either. i just feel like i am wasting my life and everything just feels incredibly pointless right now. i just feel miserable all the time and i honestly dont know what i can do anymore.
Assesement: {'depression': 'yes'}

Post: hey everyone. my life, i feel like i am just floating right now and i have no purpose. i graduated from a top university, it took me 5 years, and i majored in something i hated. not letting my major stop me, i recruited for investment banking and it became my dream career. i am 25 now, it is a year and a half since i have graduated and i am so lost. i have been battling with depression, on and off and lately it has gotten pretty bad. ony top of that i have adhd, autism. i currently work part time as a developer, my job is a joke. i just feel my day passing by, i am not excited for anything. i have also messed up my relationship with my boyfriend. i think he is sick of my depression. i use to be so motivated and ambitious, now i feel like i am wilting away. i never want to go out in public because i am so ashamed of who i am. i feel like a loser. i honestly sometimes dont see myself making it to 30, constantly at a sword fight with myself, and everything i do wrong, every flaw. every quality i dislike about myself. i dont know what to do, i am so lost.
Assesement: {'depression': 'yes'}

Based on the above, assess the content of the following post:
Post: I feel like my life is falling apart. About a year ago I was diagnosed with depression and anxiety, for a while it was really bad but things slowly improved. I went to the doctors, got prescribed medication and I felt like I was improving. I didnt think Id ever get that bad again but I feel like Im falling back into those ways. I currently live at home with my parents, Im 23 but I dont mind, I have a close relationship with my parents and they have been nothing but supportive for me. Im currently studying for a masters degree which finishes in September so I feel like I at least have some direction in life. However, lately I just havent felt myself. I have absolutely no motivation to do things, even the things that I want to do. I cant seem to sleep at night and I usually wake up late around 10.30am but end up getting back into bed and just looking at my phone until around midday. I barely go out. I moved to a new area back in May of last year and I have no friends here, its pretty rural as well so there isnt many places to go and join clubsactivities and I dont drive. My course is distance learning so theres no clubs to join there either. I just feel like I am wasting my life and everything just feels incredibly pointless right now. I just feel miserable all the time and I honestly dont know what I can do anymore.
Assessment:
","[{'depression': 'yes'}, {'depression': 'yes'}, {'depression': 'yes'}, {'depression': 'yes'}]","The assessment is {'depression': 'yes'}
Reason: The post mentions symptoms of depression such"
95,d8fnbb,I feel like I wasn't meant to live.,"About a year ago, I planned on killing myself. I had it planned and made a letter. But, being a senior in highschool, I wanted to wait until after graduating so I wouldn't hurt anyone. Then I waited until after a show I liked released a new show. Then I waited until I finished season 2 of some random show I found from my childhood. 
 
 The waiting kept going on and on. Always pushing it off until another day. I was too depressed to get out of bed to kill myself.
 
 But now, I just feel like a shell of a person. I don't look forward to tomorrow. I don't have plans for the future. I don't have aspirations. 
 
 I've always wanted kids. Now that I have a boyfriend, we talk about kids every once in awhile. But I honestly don't think I will live long enough to have kids, get married, graduate college, or hell apply for college.
 
 I just feel empty. I feel so empty. And I want to feel something. I want to feel love for my boyfriend. Happy when I see my dog. I want to feel something other than vague numbness, stress, and exhaustion.
 
 The past few days the idea of killing myself has come back. I don't want to deal with this anymore.
 
 I'm so sick of this.","[1, 0]",{'depressive_disorder'},"I feel like I wasnt meant to live. About a year ago, I planned on killing myself. I had it planned and made a letter. But, being a senior in highschool, I wanted to wait until after graduating so I wouldnt hurt anyone. Then I waited until after a show I liked released a new show. Then I waited until I finished season 2 of some random show I found from my childhood. The waiting kept going on and on. Always pushing it off until another day. I was too depressed to get out of bed to kill myself. But now, I just feel like a shell of a person. I dont look forward to tomorrow. I dont have plans for the future. I dont have aspirations. Ive always wanted kids. Now that I have a boyfriend, we talk about kids every once in awhile. But I honestly dont think I will live long enough to have kids, get married, graduate college, or hell apply for college. I just feel empty. I feel so empty. And I want to feel something. I want to feel love for my boyfriend. Happy when I see my dog. I want to feel something other than vague numbness, stress, and exhaustion. The past few days the idea of killing myself has come back. I dont want to deal with this anymore. Im so sick of this.",Depression,1,0,"
Below are posts and their respective assessments based on the criteria for clinical depression as defined in the DSM-5.
Format your response as a JSON object {'depression': ''} with values either 'yes' or 'no'.

Post: lately ive just been really disconnected from reality, ive had a reverse existential crisis where ive realized there is no point in living, but there is also no point in killing myself. i no longer feel any emotions except a droning melancholy, i dont even feel love towards my family anymore. sometimes i wish i felt more strongly, that i was seriously depressed enough to having thoughts of suicide, because then id feel the drive to do something to fix the state i am in. but no, i dont have any motivation to go to better or worse, so i just sit here maintaining the status quo, unhappy and unfulfilled.
Assesement: {'depression': 'yes'}

Post: all things considered, ive had a really good life. i was born and raised by two parents who loved me very much in an upper middle class home. but around 2014, everything started to fall apart, although not nearly in as bad of a way that other people would consider to be really awful. my dreams fell apart, circumstances drifted me and my friends away from each other, and my greatest passion in life, coming up with my own stories in my head, sort of left me in the sense that anytime i tried to get lost in my own ideas it felt very shallow and superficial. i was, and still am, very alone. i considered and attempted suicide many times simply because it felt like i had nothing in life that made it meaningful, like i was watching life through a window rather than experiencing it. i became frustrated and my thoughts looped over and over in my head. i like to believe that ive gotten better, but honestly, nothing has changed. i have nothing giving me purpose. i feel like i survive, but not really live. its to the point where i am continuing to consider suicide as an option to finally be at peace with my endless circling misery, were it not for the oblique fear of hell and for the fact that i cant get ahold of a weapon. i dont know what to do anymore. i dont want to live like this forever. i want to really live, not just float around aimlessly. but nothing inspires me or fills me with genuine joy. its as though forces in the universe conspire to keep me away from anything that really matters. i dont want to just exist. i want to live.
Assesement: {'depression': 'yes'}

Post: ive been meaning to write this for a long time. im going to try to keep it short. so, i just want to die, seriously. i just cant stand myself, not even anyone, i just feel like im a total letdown to everyone. lately all i see is grey, i try to cheer up but nothing helps, everything right now is grey to me. im aware that a lot of people are struggling with this too, but i still feel so alone. the worst part is that deep down i know that everything is okay, but my mind is flooded with depressive thoughts. i simply dont want to stay alive anymore. lately all i think is about the fact that ive got to suicide before my birthday, simply because i dont want to see anyone congratulating me when i already know that no one likes me. i feel like im a huge piece of shit, i just know that no one wants to be around me, i know that i ruin everything, i know that i cant even write about my problems without feeling useless for not being able to handle them on my own. i just need someone to tell me that everything is going to be okay, even if it isnt going to be okay.
Assesement: {'depression': 'yes'}

Post: my days have become meaningless, i wake up, go to work, go back to bed. the same stuff every day. my work is pointless. i cant see a future for myself in anything. when i try to think of even 5 years ahead, i get severely overwhelmed and depressed because i literally cannot see myself doing anything with my life. i dont want kids and i dont want to grow old. i dont even know if im capable of being loved and that makes it even worse. some days i feel like itd just be so much easier if i just ended it all because then i dont have to think anymore. im in a foreign country with shitty healthcare so i cant even get help. i dont know what to do.
Assesement: {'depression': 'yes'}

Based on the above, assess the content of the following post:
Post: I feel like I wasnt meant to live. About a year ago, I planned on killing myself. I had it planned and made a letter. But, being a senior in highschool, I wanted to wait until after graduating so I wouldnt hurt anyone. Then I waited until after a show I liked released a new show. Then I waited until I finished season 2 of some random show I found from my childhood. The waiting kept going on and on. Always pushing it off until another day. I was too depressed to get out of bed to kill myself. But now, I just feel like a shell of a person. I dont look forward to tomorrow. I dont have plans for the future. I dont have aspirations. Ive always wanted kids. Now that I have a boyfriend, we talk about kids every once in awhile. But I honestly dont think I will live long enough to have kids, get married, graduate college, or hell apply for college. I just feel empty. I feel so empty. And I want to feel something. I want to feel love for my boyfriend. Happy when I see my dog. I want to feel something other than vague numbness, stress, and exhaustion. The past few days the idea of killing myself has come back. I dont want to deal with this anymore. Im so sick of this.
Assessment:
","[{'depression': 'yes'}, {'depression': 'yes'}, {'depression': 'yes'}, {'depression': 'yes'}]","The content of the post expresses feelings of hopelessness, emptiness, and a lack of motivation or"
96,8mrw9l,Accepting my situation,"Acceptance is not that you will accept what happened and move on. Thats too easy. Acceptance happens when you become so helpless to that feeling that you make it part of you. You accept that no matter where you are or what you do, that feeling will be there. Like an embarrassing pain that you cant verbalize. Until one day you can move on: sometimes it is hours, sometimes its days, weeks, months, years¦. but when you finally move on there will be reminders and youll feel a sting but it will be so distant that you wont remember the initial pain. And thats what we can look forward to, remnants of pain. Just enough to keep you grounded but not too much that it wont let you move forward.","[0, 0]",{'control_group'},"Accepting my situation. Acceptance is not that you will accept what happened and move on. Thats too easy. Acceptance happens when you become so helpless to that feeling that you make it part of you. You accept that no matter where you are or what you do, that feeling will be there. Like an embarrassing pain that you cant verbalize. Until one day you can move on sometimes it is hours, sometimes its days, weeks, months, years. but when you finally move on there will be reminders and youll feel a sting but it will be so distant that you wont remember the initial pain. And thats what we can look forward to, remnants of pain. Just enough to keep you grounded but not too much that it wont let you move forward.",Normal,0,0,"
Below are posts and their respective assessments based on the criteria for clinical depression as defined in the DSM-5.
Format your response as a JSON object {'depression': ''} with values either 'yes' or 'no'.

Post: hard to forgive myself for being depressed and letting 2 years go without taking advantage of. all the logic in the world i.e. you cant change the past, so why dwell? change your behavior now for a better future cannot take away this awful, nauseating feeling away. what is weird and sad is that i am coming out of a depressed cycle i have extreme behavior changes for weeks to months and can say, i am looking forward to changing tomorrow despite staying up late again. but that is only because my brain chemistry is how it is coming out of a low. i cant hold on to this. i am a passive passenger in my body excuse this shitty, disjointed post. kill myself
Assesement: {'depression': 'yes'}

Post: i locked away all my hurts since i was a kid. boys dont cry, be a man, never show your true feelings, all that toxic bullshit. i was bullied for 8 years in school and thought that was my fault. when i discovered alcohol as a teenager, i thought id found a way to control all the unpleasant feelings inside me. and i did, for a while. the thing is, ive been to therapy for years now and had kinda given up on it. i thought it would only ever go that far, and that id just exist with my depression sober. but ive never been sober for this long, and i dont know if its the pandemic, paws finally subsiding or just luck, but yesterday and today i finally faced my emotions. the deep, buried wounds. i cried and wept, shifting from hope to rage to sorrow. and finally compassion. for myself and everyone else. i havent felt peace like this. ever? since i was a teenager? i know its only temporary. but what i want to say is it gets better and you got this no matter who or where you are and what your mileage is. and this coming from a lifelong cynic and pessimist. who wouldve thought. peace.
Assesement: {'depression': 'yes'}

Post: i have a personal question that i hope isnt too depressing. have any of you learned through your experiences about the rejection of self? have any of you struggled with this and made it out the other side? thats my main goal. i just want to accept myself and i feel like this could be a medium through which i can learn how to do that, or at least learn to understand myself. ive struggled for more than a decade with this and i feel like all i do is push that same boulder up the hill everyday and then let it roll to the bottom every night. but i digress. i hope to hear some interesting answers!
Assesement: {'depression': 'yes'}

Post: being stuck in this weird purgatory of being in a better place but at the same time not a responsible healthy productive adult. my wallet has suffered immensely because i just buy things and food to give me burst of serotonin to keep going. try to work out when i have the energy, try to eat healthy and establish a meal routine, but break those habits in a week. and i just get stuck on the same loop of sort of functioning but really not. i am very grateful to be out of the darkest periods but i didnt think it would take me this long to get back to a sort of normal.
Assesement: {'depression': 'yes'}

Based on the above, assess the content of the following post:
Post: Accepting my situation. Acceptance is not that you will accept what happened and move on. Thats too easy. Acceptance happens when you become so helpless to that feeling that you make it part of you. You accept that no matter where you are or what you do, that feeling will be there. Like an embarrassing pain that you cant verbalize. Until one day you can move on sometimes it is hours, sometimes its days, weeks, months, years. but when you finally move on there will be reminders and youll feel a sting but it will be so distant that you wont remember the initial pain. And thats what we can look forward to, remnants of pain. Just enough to keep you grounded but not too much that it wont let you move forward.
Assessment:
","[{'depression': 'yes'}, {'depression': 'yes'}, {'depression': 'yes'}, {'depression': 'yes'}]",The post is discussing the concept of acceptance in relation to past traumas or negative experiences. The author acknowled
97,4micpj,what does a mood disorder say about someone's present or future?,"ADHD or OCD for example are **not mood disorders**. Meds can help but they don't fully fix the problem. ADHD and OCD people are **always** going to be ADHD or OCD like in some way even if they take meds, get treated, etc.
 
 i mean meds or no meds, CBT or no CBT, ADHDers will **always** have time management, inattention, impulsivity, emotional dysregulation or hyperactivity problems. it's like being nearsighted or having diabetes.
 
 &nbsp;
 
 however **mood disorders** seem more like...i can't think of an analogy in physical illnesses but it seems to me that if someone, [who is, let's say for the sake of argument, incapable of having a manic or hypomanic episode](https://np.reddit.com/r/AskDocs/comments/4mh9ed/why_is_mdd_diagnosed_after_one_major_depressive/), has a major depressive episode then that person is diagnosed with major depressive disorder.
 
 **but what exactly does that mean?**
 
 that to me sounds like diagnosing people with major arm breakage disorder after they broke their arms **once**. it wouldn't necessarily make sense if there doesn't seem to be a **reasonable expectation** of those people breaking their arms again.
 
 so for major depressive disorder, there is a reasonable expectation of another depressive episode based on one depressive episode?
 
 for bipolar I disorder, there is a reasonable expectation of manic or mixed episode based on one manic episode?","[0, 0]",{'control_group'},"what does a mood disorder say about someones present or future. ADHD or OCD for example are not mood disorders. Meds can help but they dont fully fix the problem. ADHD and OCD people are always going to be ADHD or OCD like in some way even if they take meds, get treated, etc. i mean meds or no meds, CBT or no CBT, ADHDers will always have time management, inattention, impulsivity, emotional dysregulation or hyperactivity problems. its like being nearsighted or having diabetes. nbsp however mood disorders seem more like.i cant think of an analogy in physical illnesses but it seems to me that if someone, who is, lets say for the sake of argument, incapable of having a manic or hypomanic episode, has a major depressive episode then that person is diagnosed with major depressive disorder. but what exactly does that mean? that to me sounds like diagnosing people with major arm breakage disorder after they broke their arms once. it wouldnt necessarily make sense if there doesnt seem to be a reasonable expectation of those people breaking their arms again. so for major depressive disorder, there is a reasonable expectation of another depressive episode based on one depressive episode? for bipolar I disorder, there is a reasonable expectation of manic or mixed episode based on one manic episode?",Normal,0,0,"
Below are posts and their respective assessments based on the criteria for clinical depression as defined in the DSM-5.
Format your response as a JSON object {'depression': ''} with values either 'yes' or 'no'.

Post: this is an odd question. my doctor diagnosed me with mdd and panic disorder and ill be seeing a psychiatrist soon to rule out anything else like bipolar disorder due to family history. i started medication and my depressive episode seems to have lifted after a month or two which is great. however, ill probably be on these medications long term since my last episode was so bad. im really struggling with my diagnosis and the idea of taking medication. i feel like this diagnosis means i wont be able to excel at being a professor, artist, researcher, etc. i dont know very many successful people with severe mental illness. my aunt is bipolar and the medications she takes have slowed her cognitive abilities. she speaks slowly, forgets things all the time, and has a hard time stringing complex thoughts together. my father has mdd and has retreated from society and basically lives by himself in a cabin in the woods and cant be around other people. my grandmother had bipolar disorder and even on medications she was a bit unstable. i know people with mild anxiety and situational depression who do well. i feel really down about this and worry about my future. my work is still good but for how long? im worried. what are your experiences?
Assesement: {'depression': 'yes'}

Post: suppose a patient is taking antidepressants for a reason other than treating major depressive disorder. if the patient is supposed to have a major depressive episode, the patient instead doesnt because the patient is already on antidepressants. so practically, it does not matter much assuming the patient does not go into a major depressive episode despite several incidents of dysphoria because antidepressants is kind of already the treatment for major depressive disorder. the above is my limited layman understanding. the following question is based on the above. is there a kind of way a doctor can diagnose a patient with major depressive disorder or something like probable mdd if patient goes off antidepressants based on several episodes of dysphoria while on antidepressants for the purpose of transferring medical records when, for example, the patient moves to another country? the context of asking is my own experience which while i dont mind saying, i dont want to say because im posting this on several subreddits, some of which have problems with medical advice asking. edit what do you think about mood disorder not otherwise specifiedweb page link?
Assesement: {'depression': 'yes'}

Post: i was diagnosed with major depressive disorder awhile ago. but i was reading web page link this article and now im confused. it says people with mdd have a normal mood baseline when theyre not experiencing depression. people with pdd experience depression all the time and dont remember or know what it feels like not to be depressed. i do not have a normal mood, my default mood is neither here nor there. i really wouldnt care if im dead or alive. so that sounds more like pdd but i have more suicidal thoughts than someone with pdd. right now im sleeping and lying in bed because i have nothing to do. but when im in school or get a job i get up and do it. i really dont want to but i do anyways because anxiety. i heard its possible to have both? im going go hopefully see a psychiatrist next week to talk about my psychosis and nyctophobia. should i also mention this though? or is it too early and should i mention it another time?
Assesement: {'depression': 'yes'}

Post: i was diagnosed with mdd years ago when i was 19. the thing about my depression is that even though its chronic, its not always there. it comes and goes. i can go from feeling suicidal to feeling fine. i can go up to a week without feeling depressed. and i would have a lot more energy to do things. and then i get depressed andor suicidal again. a year ago, my psychiatrist said this doesnt sound like bipolar to her. i have been questioning my depression for a long time now because when every time i hear stories about other people with chronic depression, their depression is always there. they rarely have a good day. its important for me to have the right diagnosis so i can finally get into remission if possible. antidepressants dont fully work for me.
Assesement: {'depression': 'yes'}

Based on the above, assess the content of the following post:
Post: what does a mood disorder say about someones present or future. ADHD or OCD for example are not mood disorders. Meds can help but they dont fully fix the problem. ADHD and OCD people are always going to be ADHD or OCD like in some way even if they take meds, get treated, etc. i mean meds or no meds, CBT or no CBT, ADHDers will always have time management, inattention, impulsivity, emotional dysregulation or hyperactivity problems. its like being nearsighted or having diabetes. nbsp however mood disorders seem more like.i cant think of an analogy in physical illnesses but it seems to me that if someone, who is, lets say for the sake of argument, incapable of having a manic or hypomanic episode, has a major depressive episode then that person is diagnosed with major depressive disorder. but what exactly does that mean? that to me sounds like diagnosing people with major arm breakage disorder after they broke their arms once. it wouldnt necessarily make sense if there doesnt seem to be a reasonable expectation of those people breaking their arms again. so for major depressive disorder, there is a reasonable expectation of another depressive episode based on one depressive episode? for bipolar I disorder, there is a reasonable expectation of manic or mixed episode based on one manic episode?
Assessment:
","[{'depression': 'yes'}, {'depression': 'yes'}, {'depression': 'yes'}, {'depression': 'yes'}]","
Post: i think i might have mdd. ive had some dysphoria for a few months now"
98,fg2pt7,10 years later,"After 10 years of feeling like something isnt right, I finally was diagnosed with depression and anxiety today.
 
 I was on the fence because at first the symptoms were only felt every few days a month. I remember being 14 and accepting the fact that I was going to kill myself, but I was just waiting for the right moment. Yet throughout the years I still pushed it away as me only having the occasional bad day or feeling hormonal cuz of puberty. Since I could still get out of bed in the morning to do stuff and I wasnt self-harming (in the traditional way people tend to think of), I figured I was just being dramatic or looking for attention. 
 
 Fast forward to today, and Im at the point where waking up everyday is just exhausting. Having to do this daily; putting on a smiling face when deep down I feel like a shell of a person. Struggling to pay attention in a 1 hour lecture. Sitting down to do homework and ending up not doing anything. Falling behind with no motivation to do better, and every day asking myself ""why am I even still here? Whats the point?""
 
 I know this is just the start on the road to recovery. But I cant try to give up without at least trying a few options first.
 
 Thank you everyone for sharing your stories on this subreddit. Wish you all well in your roads to recovery or discovery too.","[1, 1]","{'depressive_disorder', 'anxiety_disorder'}","10 years later. After 10 years of feeling like something isnt right, I finally was diagnosed with depression and anxiety today. I was on the fence because at first the symptoms were only felt every few days a month. I remember being 14 and accepting the fact that I was going to kill myself, but I was just waiting for the right moment. Yet throughout the years I still pushed it away as me only having the occasional bad day or feeling hormonal cuz of puberty. Since I could still get out of bed in the morning to do stuff and I wasnt selfharming in the traditional way people tend to think of, I figured I was just being dramatic or looking for attention. Fast forward to today, and Im at the point where waking up everyday is just exhausting. Having to do this daily putting on a smiling face when deep down I feel like a shell of a person. Struggling to pay attention in a 1 hour lecture. Sitting down to do homework and ending up not doing anything. Falling behind with no motivation to do better, and every day asking myself why am I even still here? Whats the point? I know this is just the start on the road to recovery. But I cant try to give up without at least trying a few options first. Thank you everyone for sharing your stories on this subreddit. Wish you all well in your roads to recovery or discovery too.",Comorbid (Depression + Anxiety),1,1,"
Below are posts and their respective assessments based on the criteria for clinical depression as defined in the DSM-5.
Format your response as a JSON object {'depression': ''} with values either 'yes' or 'no'.

Post: ive had major depression for 8 years but the last couple of months were the best of my life my medication was straightened out and i smiled, rekindled friendships, all of that jazz. unfortunately there always seems to be a but. these past few weeks ive been noticing some of my old patterns. going to bed at 7pm a few nights and then not sleeping at all, eating way too much to the point of nausea, and paranoia about others perception of me. another but, but i still go to school, i still smile i can carry on a conversation and on the inside i just want to fall to the floor and concede to existence, im physically exhausted by just being alive. i know there are things i could do eat healthier, work out, etc. but im just trying to focus the energy i have left on not breaking down during the day when im already exhausted half way through it. i was diagnosed with major depression, now i feel like i didnt get better i just feel like existence is still meaningless but now definitely no one will suspect that thats whats going on in my head. i hate asking people for help i feel like a bother even just thinking about it. anonymity seems to be my only outlet.
Assesement: {'depression': 'yes'}

Post: this is my first post. i dont know where else to go . long story short i am 28 and have been diagnosed with severe depression since i was 7 and yet here i am. im honestly sick of feeling like this and finding myself at 23am, searching ways which would be quick and painless to just go, i know thats far from true ,3 failed attempts and i know it hurts. i feel like, i am just wondering aimlessly through life. no one ever wants anything to do with me and i seem to always do wrong. i find myself always in my room just to be alone and away from everything. paired up with anxiety and a long list of physical illnesses, just seems like spending the rest of my life like this, isnt worth it any more.
Assesement: {'depression': 'yes'}

Post: i was diagnosed with depression at age 12 and im 20 now. my dad told me that it was just temporary and itd get better for years and years, but its genuinely only gotten worse. i had one week in 2017 where i felt amazing, motivated, happy, and its the only time i can recall where i didnt want to put a fucking bullet through my skull. ive accepted the shittiness will be a part of me for the rest of my life till i nut up and bite the bullet. im not gonna grow old and have a family, i know that much for sure already. its only a question of when itll get too much to handle and im not sure ive got that much fight left in me. ive tried several therapists, over 2 dozen different types of meds, changing my lifestyle repeatedly, and nothing has made me want to have a life. i might run out of steam tonight or tomorrow or 3 years from now but i know its not far off, then its just not my problem anymore.
Assesement: {'depression': 'yes'}

Post: im a 37yr old woman whos dealt with these life altering symptoms since age 16. i just figured that i was broken all of these years and that my life was destined to be a string of failed attempts at any sort of real life. short term jobs, failed marriages, lack of any ability to keep long term freindships. the only thing thats kept me together all this time is the love i have for my kids and my purpose as their mother. a couple of times i went to different doctors who told me my symptoms were imaginary and got no help. today for the first time i was diagnosed with major depression and anxiety after 2 traumatic events over the past two years caused me to spiral down into a completely different person which caused me to seek help. im starting two medications and therapy. heres to hoping life can finally start looking up and moving forward! ive been in a perpetual state of being stuck in a dark place for the past 20yrs and im ready to come into the light.
Assesement: {'depression': 'yes'}

Based on the above, assess the content of the following post:
Post: 10 years later. After 10 years of feeling like something isnt right, I finally was diagnosed with depression and anxiety today. I was on the fence because at first the symptoms were only felt every few days a month. I remember being 14 and accepting the fact that I was going to kill myself, but I was just waiting for the right moment. Yet throughout the years I still pushed it away as me only having the occasional bad day or feeling hormonal cuz of puberty. Since I could still get out of bed in the morning to do stuff and I wasnt selfharming in the traditional way people tend to think of, I figured I was just being dramatic or looking for attention. Fast forward to today, and Im at the point where waking up everyday is just exhausting. Having to do this daily putting on a smiling face when deep down I feel like a shell of a person. Struggling to pay attention in a 1 hour lecture. Sitting down to do homework and ending up not doing anything. Falling behind with no motivation to do better, and every day asking myself why am I even still here? Whats the point? I know this is just the start on the road to recovery. But I cant try to give up without at least trying a few options first. Thank you everyone for sharing your stories on this subreddit. Wish you all well in your roads to recovery or discovery too.
Assessment:
","[{'depression': 'yes'}, {'depression': 'yes'}, {'depression': 'yes'}, {'depression': 'yes'}]","The post describes the following symptoms of depression:
* Feeling like something isnt right for 10"
99,d5om0u,I feel like such a piece of shit,"After 2 months of procrastinating calling and scheduling an appointment with the psychiatrist, I finally did it. I was supposed to do it a long time ago but idk why but I hate phone calls and I avoid it. Ive had this psychiatrist before and it was just for a follow up to maybe tweak the dosage of pills and whatever. So the receptionist picks up and I tell her I want to schedule an appointment and she says ok and asks me a bunch of info and how Im doing. I say Im good but I feel like the refills for my anti depressants have stopped coming in but I tell her I still have more. She goes WHAT? and kind of scolds me on that I need to take these pills every day and all this shit. I just felt like such a piece of shit because I cant keep a fucking schedule. No matter what I always forget to take these fucking pills and it pisses me off so much even when I try to make a routine out of it. ADHD has made it hard for me to do stuff every day and I just feel horrible for not taking these pills every day even though I know it will help me out so much. I dont know why Im like this but I am just so disappointed in myself and I dont want my doctor to be disappointed and get upset that I forget to take them a lot. Im just so upset with myself.
 Just wanted to talk to someone about this because I feel like I have no one.","[1, 0]",{'depressive_disorder'},"I feel like such a piece of shit. After 2 months of procrastinating calling and scheduling an appointment with the psychiatrist, I finally did it. I was supposed to do it a long time ago but idk why but I hate phone calls and I avoid it. Ive had this psychiatrist before and it was just for a follow up to maybe tweak the dosage of pills and whatever. So the receptionist picks up and I tell her I want to schedule an appointment and she says ok and asks me a bunch of info and how Im doing. I say Im good but I feel like the refills for my anti depressants have stopped coming in but I tell her I still have more. She goes WHAT? and kind of scolds me on that I need to take these pills every day and all this shit. I just felt like such a piece of shit because I cant keep a fucking schedule. No matter what I always forget to take these fucking pills and it pisses me off so much even when I try to make a routine out of it. ADHD has made it hard for me to do stuff every day and I just feel horrible for not taking these pills every day even though I know it will help me out so much. I dont know why Im like this but I am just so disappointed in myself and I dont want my doctor to be disappointed and get upset that I forget to take them a lot. Im just so upset with myself. Just wanted to talk to someone about this because I feel like I have no one.",Depression,1,0,"
Below are posts and their respective assessments based on the criteria for clinical depression as defined in the DSM-5.
Format your response as a JSON object {'depression': ''} with values either 'yes' or 'no'.

Post: im currently on prozac because the nurse practitioner in my clinic thinks i am depressed and have anxiety. i told her my to do list makes me feel paralyzed and i get incredibly nervous about my to do list and i get depressed from time to time and it makes me feel like i just want to give up entirely. i know its only been 2 days. and i also dump out half of the contents in the capsule so im not even taking the full dose im just super scared but this isnt doing crap for my adhd. on the plus side, i am not as nervous about my todo list. and this is probably just a placeboeffect since it takes 3 weeks for prozac to fully work. im irritated. i really just wanted to try wellbutrin. and also, she doesnt want me to take my adhd meds for 3 weeks so we can see how this works for me. also note i also see a therapist 1 2xweek and we are doing cognitive behavioral therapy i just find this situation odd. any thoughts?
Assesement: {'depression': 'yes'}

Post: hey moms of reddit. my realbio mom is nc my choice because she is a narcissist and extremely toxic. i saw psychologist today. i was really scared i didnt want another thing that made me like her. ive struggled with my depression and anxiety. ive been ignoring it for a really long time, over half my life at this point. ive tried so many medications and they never work. i start two new medications and did an addadhd test. the psychologist said you obviously have adhd based on your test. so she upped my current medication. i want to be excited but i waited 3 and 12 hrs for 15 minutes with the dr. i hope i can feel happy again. lately i just feel explosive, angry, and irritated. and very depressed. therapy by itself hasnt helped. i hope this works. im praying this works. thanks for reading if you get this far.
Assesement: {'depression': 'yes'}

Post: my psychiatrist is very shitty. she literally forgets or completely misinterprets everything i say. i have adhd and depression. i asked her to prescribe me adderrall since it was cheaper than evekeo and that i want to continue my zoloft. she send the prescription to walmart. somehow they didnt get it. i call her to send it again and she tells me but i thought you said youre no longer having concentration problems and i thought you said you wanted to stop the zoloft because its not working . what? im afraid to go back to her for new adderrall prescription because i think i need a bigger dose. im not in the mood to deal with her suspecting me of prescription abuse or something she once asked me to do a pee drug test. just randomly.
Assesement: {'depression': 'yes'}

Post: hello my psychiatrist prescribed an antipsychotic to treat my depression as a supplement. it makes me sleep most of the day and i have no desire to eat, play, listen to music and things i do to cope. whenever i wake up, my anxiety takes over and i dont know what im anxious about. when i rang my psychiatrist, she told me its normal and she wanted me to go to her clinic to check if something can be done. ive been working so hard to improve, tried to find new ways to cope and search for the direction i want to go but this med is torturing me even more. im just watching all my effort go to waste and i really dont know what im supposed to do with the thought im gonna end it all by my next birthday because everything has been leading me to that moment
Assesement: {'depression': 'yes'}

Based on the above, assess the content of the following post:
Post: I feel like such a piece of shit. After 2 months of procrastinating calling and scheduling an appointment with the psychiatrist, I finally did it. I was supposed to do it a long time ago but idk why but I hate phone calls and I avoid it. Ive had this psychiatrist before and it was just for a follow up to maybe tweak the dosage of pills and whatever. So the receptionist picks up and I tell her I want to schedule an appointment and she says ok and asks me a bunch of info and how Im doing. I say Im good but I feel like the refills for my anti depressants have stopped coming in but I tell her I still have more. She goes WHAT? and kind of scolds me on that I need to take these pills every day and all this shit. I just felt like such a piece of shit because I cant keep a fucking schedule. No matter what I always forget to take these fucking pills and it pisses me off so much even when I try to make a routine out of it. ADHD has made it hard for me to do stuff every day and I just feel horrible for not taking these pills every day even though I know it will help me out so much. I dont know why Im like this but I am just so disappointed in myself and I dont want my doctor to be disappointed and get upset that I forget to take them a lot. Im just so upset with myself. Just wanted to talk to someone about this because I feel like I have no one.
Assessment:
","[{'depression': 'yes'}, {'depression': 'yes'}, {'depression': 'yes'}, {'depression': 'yes'}]","
The assessment for the above post is:
 {'depression': 'no'}

Explanation:"
