id,title,selftext,labels,disorder,text,groundtruth_label,results_depression_naive_gpt-4
c32kf6,Never been so unhealthy mentally and physically.,"(18m) About 5 months ago I was the happiest and healthiest I had ever been in my life enjoying new hobbies in a very good relationship with the love of my life eating really well while also going to the gym regularly. But 5 months ago my whole life crumbled I found out that my girlfriend had cheated on me with my best friend and had all of her friends lie to me for months just to cover there relationship up but everything just went downhill from there. I got diagnosed with manic depression and schizophrenia after i reached out for help at my nearest hospital they have put me on an ssri and a medication called risperidone but it hasnt done much for me at all. I attempted to commit suicide with those pills but woke up the next super ill and it really just made everything worse. I have panic attacks almost daily and have started smoking cigs to cope with it. My parents arent supportive and ive done almost everything on my own since i was 16. My biggest concern right now is i go days without eating and just drink water and i lost 10 pounds which doesnt sound like much but when your 145 pounds and 6ft tall then drop to 135 you can really see the difference (ribs) I have never done good in school and im not getting any credits this semester because i very rarely left my room for the past 4 months so im in a very bad spot with school.
 

 
 sorry my grammar is awful ive never been good at writing 
 
 i will respond to any questions asap","[1, 1]","{'depressive_disorder', 'anxiety_disorder'}",Never been so unhealthy mentally and physically. 18m About 5 months ago I was the happiest and healthiest I had ever been in my life enjoying new hobbies in a very good relationship with the love of my life eating really well while also going to the gym regularly. But 5 months ago my whole life crumbled I found out that my girlfriend had cheated on me with my best friend and had all of her friends lie to me for months just to cover there relationship up but everything just went downhill from there. I got diagnosed with manic depression and schizophrenia after i reached out for help at my nearest hospital they have put me on an ssri and a medication called risperidone but it hasnt done much for me at all. I attempted to commit suicide with those pills but woke up the next super ill and it really just made everything worse. I have panic attacks almost daily and have started smoking cigs to cope with it. My parents arent supportive and ive done almost everything on my own since i was 16. My biggest concern right now is i go days without eating and just drink water and i lost 10 pounds which doesnt sound like much but when your 145 pounds and 6ft tall then drop to 135 you can really see the difference ribs I have never done good in school and im not getting any credits this semester because i very rarely left my room for the past 4 months so im in a very bad spot with school. sorry my grammar is awful ive never been good at writing i will respond to any questions asap,Comorbid (Depression + Anxiety),{'depression':'yes'}
dx4nn5,What haunts you?(a thread if you want to add to it),"(23f if anyone cares) My mom mentally and emotionally abused me up until I was seventeen. Near the end of 2012 we all of a sudden started getting along and she never yelled at me or treated me like she had been my whole life (it was bad - Ive got mdd, gad, and ptsd from it among other things). And then, in January of 2013 she was diagnosed with cancer that had spread to her brain. 
 
 She was dead in a month. 
 
 Im grateful that for some reason she stopped treating me like shit for those last few months but as Ive gotten older this thought haunts me: I think the only reason she changed is because the cancer had spread to her brain and it changed her personality and acting towards me. Because it was sudden. Im talking she would have me sobbing day in and out with the way she treated me and then all of a sudden it just stopped. It wasnt perfect but it was a huge change. 
 
 Like I said, Im grateful we had those few months at the end but it really fucking sucks to think the cancer is the only reason she started treating me, her only daughter, with basic human decency. I wish it could of been good the whole time. 
 
 And it really sucks that I dont have the chance to grow up and have an adult relationship with her, maybe we could of worked through why she treated me that way, maybe I could have understood to some extent. Idk. Im just never going to have that and it bothers me so much.","[1, 1]","{'depressive_disorder', 'anxiety_disorder'}","What haunts you?a thread if you want to add to it. 23f if anyone cares My mom mentally and emotionally abused me up until I was seventeen. Near the end of 2012 we all of a sudden started getting along and she never yelled at me or treated me like she had been my whole life it was bad Ive got mdd, gad, and ptsd from it among other things. And then, in January of 2013 she was diagnosed with cancer that had spread to her brain. She was dead in a month. Im grateful that for some reason she stopped treating me like shit for those last few months but as Ive gotten older this thought haunts me I think the only reason she changed is because the cancer had spread to her brain and it changed her personality and acting towards me. Because it was sudden. Im talking she would have me sobbing day in and out with the way she treated me and then all of a sudden it just stopped. It wasnt perfect but it was a huge change. Like I said, Im grateful we had those few months at the end but it really fucking sucks to think the cancer is the only reason she started treating me, her only daughter, with basic human decency. I wish it could of been good the whole time. And it really sucks that I dont have the chance to grow up and have an adult relationship with her, maybe we could of worked through why she treated me that way, maybe I could have understood to some extent. Idk. Im just never going to have that and it bothers me so much.",Comorbid (Depression + Anxiety),{'depression':'yes'}
4mfd88,Episodes of Atypical Depression vs Episodes of Major Depressive Disorder - ELI5,"**My understanding:**
 
 1. **Major Depressive Disorder** is diagnosed in a patient who has at least one depressive episode that has certain characteristics.
 
 2. This episode is called a **major depressive episode**. One of the features such an episode is that it lasts at least **two weeks**.
 
 3. Atypical Depression is a **subtype** of Major Depressive Disorder.
 
 4. Related: [Depression, MDD, Atypical Depression - ELI5](https://www.reddit.com/r/AskDocs/comments/4lwx4w/depression_mdd_atypical_depression_eli5/)
 
 &nbsp;
 
 **Questions:**
 
 1. So is the subdisorder ""atypical depression"" diagnosed after at least one ""atypical depressive **episode**""?
 
 2. So the [symptoms here](https://en.wikipedia.org/wiki/Atypical_depression#Symptoms) then describe **not** the subdisorder ""atypical depression"" but rather than an ""atypical depressive **episode**"" of the subdisorder ""atypical depression"" ?
 
 3. Is an ""atypical depressive episode"" supposed to last for at least **two weeks?** Wikipedia (and DSM) says **mood reactivity** is a symptom of ""atypical depression"" or an ""atypical depressive episode"". I believe then that if mood reactivity reduces the depression, then the length of the ""atypical depressive episode"" may vary.
 
 4. **In terms of the episodes, how can atypical depression be a subtype of major depressive disorder?** I thought ""atypical depression"" or ""atypical depressive episodes"" has or have mood reactivity, hypersomnia and increased appetite while ""major depressive disorder"" or ""major depressive episodes"" has or have insomnia and decreased appetite and doesn't or don't have mood reactivity.
 
 It seems to me that instead atypical depression and major depressive disorder are **types of depressive disorders** rather than atypical depression being a subtype of major depressive disorder, but there aren't depressive disorders [other](https://en.wikipedia.org/wiki/Mood_disorder#Depressive_disorders) than major depressive disorder? That seems kind of strange.","[0, 0]",{'control_group'},"Episodes of Atypical Depression vs Episodes of Major Depressive Disorder ELI5. My understanding 1. Major Depressive Disorder is diagnosed in a patient who has at least one depressive episode that has certain characteristics. 2. This episode is called a major depressive episode. One of the features such an episode is that it lasts at least two weeks. 3. Atypical Depression is a subtype of Major Depressive Disorder. 4. Related Depression, MDD, Atypical Depression ELI5 nbsp Questions 1. So is the subdisorder atypical depression diagnosed after at least one atypical depressive episode? 2. So the symptoms here then describe not the subdisorder atypical depression but rather than an atypical depressive episode of the subdisorder atypical depression ? 3. Is an atypical depressive episode supposed to last for at least two weeks? Wikipedia and DSM says mood reactivity is a symptom of atypical depression or an atypical depressive episode. I believe then that if mood reactivity reduces the depression, then the length of the atypical depressive episode may vary. 4. In terms of the episodes, how can atypical depression be a subtype of major depressive disorder? I thought atypical depression or atypical depressive episodes has or have mood reactivity, hypersomnia and increased appetite while major depressive disorder or major depressive episodes has or have insomnia and decreased appetite and doesnt or dont have mood reactivity. It seems to me that instead atypical depression and major depressive disorder are types of depressive disorders rather than atypical depression being a subtype of major depressive disorder, but there arent depressive disorders other than major depressive disorder? That seems kind of strange.",Normal,{'depression':'no'}
5imvgl,"I wish I had the ability to crawl out of my skin RIGHT NOW and climb into a hidden place of nothingness. No thinking, no sensations-- Just dark and definitely not here, trapped by personal choice. Trapped because of my actions today, and yesterday, and long before that.","**Trapped** because **things don't work correctly in my mind anymore** and my behavior is never what I want it to be. **But ultimately, it's my choice how I act, right?** Nobody else made me do anything. 
 
 **Trapped** because it feels like shit and I've been **trying to get out unsuccessfully for years.**
 
 **Trapped** because **I can't stop the regret** now, remaining paralyzed and not advancing in life-- which necessarily leads to more regret tomorrow. The regret that comes tomorrow is an amplified form of today's regret and it's all the more difficult to forget.
 
 # Being depressed is the lamest thing. 
 
 It makes your friends either lose interest in you or become angered by an action you directed at them, **albeit, something you did regretfully of course.** 
 
 It makes **your significant other look at other suiters** and become even more aware of *their* strength, *their* physical attractiveness, *their* joy to be around. All the things you start to lack and this becomes painfully obvious to your SO. 
 
 **So as a last ditch attempt, you start faking those things you're lacking**. *Fake it until you make it*, right?
 
 **The secret is** that eventually you *will* slip up [with your partner] and your depression busts right through the cracks you had sealed up previously with denial and jealousy of other people. And everything you had done-- to hold your tongue in front of your SO, to pretend you were happy and fun to be around, to act as if you were strong and *clearly* headed down the same path of success as your partner is... will be forgotten by them in an instant. It wasn't genuine. 
 
 **You can't fake being an outstanding person.**","[1, 0]",{'depressive_disorder'},"I wish I had the ability to crawl out of my skin RIGHT NOW and climb into a hidden place of nothingness. No thinking, no sensations Just dark and definitely not here, trapped by personal choice. Trapped because of my actions today, and yesterday, and long before that. Trapped because things dont work correctly in my mind anymore and my behavior is never what I want it to be. But ultimately, its my choice how I act, right? Nobody else made me do anything. Trapped because it feels like shit and Ive been trying to get out unsuccessfully for years. Trapped because I cant stop the regret now, remaining paralyzed and not advancing in life which necessarily leads to more regret tomorrow. The regret that comes tomorrow is an amplified form of todays regret and its all the more difficult to forget. Being depressed is the lamest thing. It makes your friends either lose interest in you or become angered by an action you directed at them, albeit, something you did regretfully of course. It makes your significant other look at other suiters and become even more aware of their strength, their physical attractiveness, their joy to be around. All the things you start to lack and this becomes painfully obvious to your SO. So as a last ditch attempt, you start faking those things youre lacking. Fake it until you make it, right? The secret is that eventually you will slip up with your partner and your depression busts right through the cracks you had sealed up previously with denial and jealousy of other people. And everything you had done to hold your tongue in front of your SO, to pretend you were happy and fun to be around, to act as if you were strong and clearly headed down the same path of success as your partner is. will be forgotten by them in an instant. It wasnt genuine. You cant fake being an outstanding person.",Depression,"{""depression"":""yes""}"
db88h2,I need some help,"&#x200B;
 
 Hello, so I have been diagnosed with depression 6 months ago but I had been feeling depressed about 1-1.5 years before that as well. In my case, depression is present along with dissociation disorder and because of that I always used to be uninterested in everything. However, these days it has become really bad. It's like I am living in another world and my body acts on autopilot. I do everything that I would normally do without my mind being there. Does that make sense?
 
 On another note, I am very influenced by Japanese anime, manga, all of that. My goal before things got this bad was to learn all the Jouyou kanji so that I can read manga and light novels without english translations and I was very passionate about it.
 
 But I don't feel anything about it anymore. I still want to read manga in Japanese of course but I can't muster up the strength to study the kanji. It's not laziness, I assure you.
 
 Can someone help me with this? I really need to get back in my daily routine as fast as I can but I feel as if I'm at a dead end","[1, 0]",{'depressive_disorder'},"I need some help. x200B Hello, so I have been diagnosed with depression 6 months ago but I had been feeling depressed about 11.5 years before that as well. In my case, depression is present along with dissociation disorder and because of that I always used to be uninterested in everything. However, these days it has become really bad. Its like I am living in another world and my body acts on autopilot. I do everything that I would normally do without my mind being there. Does that make sense? On another note, I am very influenced by Japanese anime, manga, all of that. My goal before things got this bad was to learn all the Jouyou kanji so that I can read manga and light novels without english translations and I was very passionate about it. But I dont feel anything about it anymore. I still want to read manga in Japanese of course but I cant muster up the strength to study the kanji. Its not laziness, I assure you. Can someone help me with this? I really need to get back in my daily routine as fast as I can but I feel as if Im at a dead end",Depression,"{""depression"":""yes""}"
fkai97,I don't see any other way out,"# TRIGGER WARNING
 

 
 Hi everyone,
 
 My depression has been getting worse for the past year or so to the point now I feel like suicide is the only possible way for me. When I try to think about the future, my mind just goes blank. The feeling of waiting for the inevitable with so little motivation and so much negativity has completely taken over my life.
 
 My psychiatrist told me to go jogging because exercise is the best way to beat depression. Due to the corona virus, he told me to play games, watch videos, listen to music instead. When I said that I wasn't motivated, he had a look of disappointment on his face and told me I couldn't do nothing and expect improvements. The meds haven't been working very well either so I'm going downhill fast.
 
 I'm still going through a breakup so right now my psychiatrist is the only person I trust (Like 60%). I wouldn't be able to go out even if corona virus wasn't a thing.
 
 I don't know what to do. Even if I were able to survive this, I still wouldn't want to live the rest of my life. I hate this world, the lies, the hypocrisy, selfishness, rudeness. I feel like I'm holding onto something that doesn't even exist.
 
 What do you think I should do at this point? 
 
 Thank you. Stay strong everyone <3","[1, 0]",{'depressive_disorder'},"I dont see any other way out. TRIGGER WARNING Hi everyone, My depression has been getting worse for the past year or so to the point now I feel like suicide is the only possible way for me. When I try to think about the future, my mind just goes blank. The feeling of waiting for the inevitable with so little motivation and so much negativity has completely taken over my life. My psychiatrist told me to go jogging because exercise is the best way to beat depression. Due to the corona virus, he told me to play games, watch videos, listen to music instead. When I said that I wasnt motivated, he had a look of disappointment on his face and told me I couldnt do nothing and expect improvements. The meds havent been working very well either so Im going downhill fast. Im still going through a breakup so right now my psychiatrist is the only person I trust Like 60. I wouldnt be able to go out even if corona virus wasnt a thing. I dont know what to do. Even if I were able to survive this, I still wouldnt want to live the rest of my life. I hate this world, the lies, the hypocrisy, selfishness, rudeness. I feel like Im holding onto something that doesnt even exist. What do you think I should do at this point? Thank you. Stay strong everyone 3",Depression,"{""depression"": ""yes""}"
bzbdrp,My Story,"14 months ago I suffered a psychosis event which left me hearing voices and close to suicide, my world crashed around me. I came close to losing my family, I lost my job everything changed... After meeting with Doctors I opened up about my alcohol and drug use and I was diagnosed with depression and the long journey to recovery began. I attended numerous groups and listened to many stories of how everyone overcame/continue to battle their mental wellbeing challenges. It was at that point I became clear to me I joined a community of people all wanting the best for each other. Telling your story is incredibly important regardless of where you are in your journey, so i started Our Recovery to give a platform for people to inspire others with their story: [https://our-recovery.ning.com/](https://our-recovery.ning.com/) If you're part of this group and either suffering with an illness or helping a loved one. Tell your story, Inspire others - with a little bravery you can change a life..Cheers Chris","[1, 0]",{'depressive_disorder'},"My Story. 14 months ago I suffered a psychosis event which left me hearing voices and close to suicide, my world crashed around me. I came close to losing my family, I lost my job everything changed. After meeting with Doctors I opened up about my alcohol and drug use and I was diagnosed with depression and the long journey to recovery began. I attended numerous groups and listened to many stories of how everyone overcamecontinue to battle their mental wellbeing challenges. It was at that point I became clear to me I joined a community of people all wanting the best for each other. Telling your story is incredibly important regardless of where you are in your journey, so i started Our Recovery to give a platform for people to inspire others with their story If youre part of this group and either suffering with an illness or helping a loved one. Tell your story, Inspire others with a little bravery you can change a life.Cheers Chris",Depression,"{""depression"":""yes""}"
611d2l,"Just as I though: I failed, and I have nothing else.","A couple of days ago, I posted that I was scared to return to med school because anxiety got the best of me the last two times I tried, so I was supposed to be back again this week. On tuesday, I had a regular class, nothing particular. But yesterday, I was supposed to start in the hospital, like the real deal. I woke up and got ready really early, took the bus, and I got there. When I was on the way, my mind started spinning around, my breath was out of control, and I paralyzed.I stood in front of the hospital, having a crisis, and thinking about so many things. But the most prominent thought was: ""I wish I was physically ill, so I could stay in bed and die in peace"". I was thinking about death all day long, but that's another story. 
 I failed once again, and I don't have a plan B because I don't have the motivation for anything. I can already see the look on my father's face. It kills me, because he's the best father you can imagine. This really sucks. 
 As I read in another thread: ""I don't want to live anymore, but I don't want to kill myself"".
 Sorry if I misspelled anything, or any of my sentences don't make sense. I'm really numb because of Clonazepam. And thanks for readind (if anyone does).","[1, 1]","{'depressive_disorder', 'anxiety_disorder'}","Just as I though I failed, and I have nothing else. A couple of days ago, I posted that I was scared to return to med school because anxiety got the best of me the last two times I tried, so I was supposed to be back again this week. On tuesday, I had a regular class, nothing particular. But yesterday, I was supposed to start in the hospital, like the real deal. I woke up and got ready really early, took the bus, and I got there. When I was on the way, my mind started spinning around, my breath was out of control, and I paralyzed.I stood in front of the hospital, having a crisis, and thinking about so many things. But the most prominent thought was I wish I was physically ill, so I could stay in bed and die in peace. I was thinking about death all day long, but thats another story. I failed once again, and I dont have a plan B because I dont have the motivation for anything. I can already see the look on my fathers face. It kills me, because hes the best father you can imagine. This really sucks. As I read in another thread I dont want to live anymore, but I dont want to kill myself. Sorry if I misspelled anything, or any of my sentences dont make sense. Im really numb because of Clonazepam. And thanks for readind if anyone does.",Comorbid (Depression + Anxiety),"{""depression"":""yes""}"
gxwbra,Im (25f) a Syrian refugee in Germany,"A couple of years ago I was diagnosed with severe depression after I had to be admitted to the hospital. 
 I was offered therapy sessions right from the start covered by my health insurance (yes, its true: the German health system is pretty good compared to other countries) my sessions were not even limited to a certain amount, I could have therapy for years if I wish to. 
 Anyway, I stopped going really early on because of extreme guilt feelings, I feel so guilty that my therapy is being paid for in a country I wasnt born in, dont pay taxes in, I even study at university almost for free, I feel so bad that the state is paying for a therapy for someone like me who is not even worth fixing. I feel so ashamed to admit this, I never told anyone I know about it so everyone around me assumes Im going to therapy because its very embarrassing to admit thats how I feel about it while there are a lot of people in the world with real problems that would do anything to have professional help like this and Im not even taking advantage of it. It reminds me of how my parents used to force us to finish our food when we were kids because they would say there are people right now somewhere else that dont have food. 
 
 I feel like my depression cant get any worse by now, some days are a bit better most days are really bad so to sum it up I wish every night I would die in my sleep and never wake up.
 
 I just really needed to let this out online. Thank you for taking the time to read this.","[1, 0]",{'depressive_disorder'},"Im 25f a Syrian refugee in Germany. A couple of years ago I was diagnosed with severe depression after I had to be admitted to the hospital. I was offered therapy sessions right from the start covered by my health insurance yes, its true the German health system is pretty good compared to other countries my sessions were not even limited to a certain amount, I could have therapy for years if I wish to. Anyway, I stopped going really early on because of extreme guilt feelings, I feel so guilty that my therapy is being paid for in a country I wasnt born in, dont pay taxes in, I even study at university almost for free, I feel so bad that the state is paying for a therapy for someone like me who is not even worth fixing. I feel so ashamed to admit this, I never told anyone I know about it so everyone around me assumes Im going to therapy because its very embarrassing to admit thats how I feel about it while there are a lot of people in the world with real problems that would do anything to have professional help like this and Im not even taking advantage of it. It reminds me of how my parents used to force us to finish our food when we were kids because they would say there are people right now somewhere else that dont have food. I feel like my depression cant get any worse by now, some days are a bit better most days are really bad so to sum it up I wish every night I would die in my sleep and never wake up. I just really needed to let this out online. Thank you for taking the time to read this.",Depression,"{""depression"":""yes""}"
6qc2ww,My mood stabilizers are taking away my joy and I need advice.,"A little bit about me, I have schizoaffective disorder. That's sort of when you have a foot in bipolar and the other in schizophrenia. I take 200mg lamictal (mood stabilizer), 3500mg neurontin (anti anxiety), 3mg klonopin (anti anxiety), and 10mg zyprexa (antipsychotic).
 
 Before getting on lamictal, I would fall into these deep pits of depression where I legitimately wanted to end my life (the only reason I didn't was because I promised my mom I wouldn't try suicide again). The pills helped this. I haven't had one of those episodes in a while, relatively speaking.
 
 The problem is that this medication has taken away that fun feeling in my brain. I used to love video games and poetry, but cannot find enjoyment or enthusiasm in any activities. On one hand, this medication has help a lot with my bipolar and depression episodes, but has taken my joy away. Maybe I'm feeling symptoms of depression and can't identify it because of the mood stabilizer (I don't know).
 
 I don't know what to do about this. I have an appointment with my psychiatrist in late august, but she leaves a lot of the decisions to me and my judgment. I'm thinking about asking to have my mood stabilizer to be reduced by 50%, but maybe 25% would be smarter.
 
 Reducing this med could help bring back the joy and enthusiasm, but it could also bring back the depression episodes. 
 
 Has anyone experienced this? How did you ""fix"" this? What do you think I should do?","[0, 0]",{'control_group'},"My mood stabilizers are taking away my joy and I need advice. A little bit about me, I have schizoaffective disorder. Thats sort of when you have a foot in bipolar and the other in schizophrenia. I take 200mg lamictal mood stabilizer, 3500mg neurontin anti anxiety, 3mg klonopin anti anxiety, and 10mg zyprexa antipsychotic. Before getting on lamictal, I would fall into these deep pits of depression where I legitimately wanted to end my life the only reason I didnt was because I promised my mom I wouldnt try suicide again. The pills helped this. I havent had one of those episodes in a while, relatively speaking. The problem is that this medication has taken away that fun feeling in my brain. I used to love video games and poetry, but cannot find enjoyment or enthusiasm in any activities. On one hand, this medication has help a lot with my bipolar and depression episodes, but has taken my joy away. Maybe Im feeling symptoms of depression and cant identify it because of the mood stabilizer I dont know. I dont know what to do about this. I have an appointment with my psychiatrist in late august, but she leaves a lot of the decisions to me and my judgment. Im thinking about asking to have my mood stabilizer to be reduced by 50, but maybe 25 would be smarter. Reducing this med could help bring back the joy and enthusiasm, but it could also bring back the depression episodes. Has anyone experienced this? How did you fix this? What do you think I should do?",Normal,{'depression':'yes'}
fg2pt7,10 years later,"After 10 years of feeling like something isnt right, I finally was diagnosed with depression and anxiety today.
 
 I was on the fence because at first the symptoms were only felt every few days a month. I remember being 14 and accepting the fact that I was going to kill myself, but I was just waiting for the right moment. Yet throughout the years I still pushed it away as me only having the occasional bad day or feeling hormonal cuz of puberty. Since I could still get out of bed in the morning to do stuff and I wasnt self-harming (in the traditional way people tend to think of), I figured I was just being dramatic or looking for attention. 
 
 Fast forward to today, and Im at the point where waking up everyday is just exhausting. Having to do this daily; putting on a smiling face when deep down I feel like a shell of a person. Struggling to pay attention in a 1 hour lecture. Sitting down to do homework and ending up not doing anything. Falling behind with no motivation to do better, and every day asking myself ""why am I even still here? Whats the point?""
 
 I know this is just the start on the road to recovery. But I cant try to give up without at least trying a few options first.
 
 Thank you everyone for sharing your stories on this subreddit. Wish you all well in your roads to recovery or discovery too.","[1, 1]","{'depressive_disorder', 'anxiety_disorder'}","10 years later. After 10 years of feeling like something isnt right, I finally was diagnosed with depression and anxiety today. I was on the fence because at first the symptoms were only felt every few days a month. I remember being 14 and accepting the fact that I was going to kill myself, but I was just waiting for the right moment. Yet throughout the years I still pushed it away as me only having the occasional bad day or feeling hormonal cuz of puberty. Since I could still get out of bed in the morning to do stuff and I wasnt selfharming in the traditional way people tend to think of, I figured I was just being dramatic or looking for attention. Fast forward to today, and Im at the point where waking up everyday is just exhausting. Having to do this daily putting on a smiling face when deep down I feel like a shell of a person. Struggling to pay attention in a 1 hour lecture. Sitting down to do homework and ending up not doing anything. Falling behind with no motivation to do better, and every day asking myself why am I even still here? Whats the point? I know this is just the start on the road to recovery. But I cant try to give up without at least trying a few options first. Thank you everyone for sharing your stories on this subreddit. Wish you all well in your roads to recovery or discovery too.",Comorbid (Depression + Anxiety),"{""depression"":""yes""}"
7hp8ir,some notes i took last night *POSSIBLE TRIGGER WARNING*,"after two days of feeling alive again, last night i collapsed and this is what my depression looks like:
 
 NOBODY CARES ABOUT YOU, THEY ALL LOOK TO BE CALM AND HAVE A GOOD TIME AND THEY ACT LIKE NOTHING'S HAPPENING. THEY SHOUT AT ME AND TELL ME I'LL END UP IN THE MENTAL HOSPITAL, MY DAD IN THE GRAVEYARD (because of an argument with him i collapsed) AND MY MOTHER IN PRISON (she said she'd kill him, although I now know I she was exaggerating, I couldn't bear it yesterday. Felt like I'd fucked everything up). I TRY TO NOT LISTEN AND I COVER MY OWN EARS BECAUSE IT'S ALL BULLSHIT AND THEY SAY I'M CRAZY. I HATE THIS. MY SISTER TOLD ME THAT I'M FAKING MY BREAKDOWN FOR ATTENTION. NOBODY CARES ABOUT ME, THEY ONLY WANT TO BE OKAY THEMSELVES AND NOT HAVE ANY TROUBLE. I AM THE ONE WHO'S SUFFERING. IF I TIRE THEM SO MUCH THEN THE SOLUTION IS TO KILL MYSELF, THEY TREAT ME LIKE TOTAL SHIT AND IT'S ALL ABOUT THEM. I'D RATHER DIE AND NOT KNOW ANYTHING ABOUT ANYBODY.
 
 Now that it's the next day, I can understand that my family was trying to get me out of the shit-filled circle to not go back into the hole I was finally getting out of. I felt attacked, I felt alone, I felt misunderstood, I felt like I deserved death.
 
 This is what my depression looks like, more specifically my breakdowns on depression.
 
 Does this happen to any of you? I'm so sorry if it triggered anyone.","[1, 0]",{'depressive_disorder'},"some notes i took last night POSSIBLE TRIGGER WARNING. after two days of feeling alive again, last night i collapsed and this is what my depression looks like NOBODY CARES ABOUT YOU, THEY ALL LOOK TO BE CALM AND HAVE A GOOD TIME AND THEY ACT LIKE NOTHINGS HAPPENING. THEY SHOUT AT ME AND TELL ME ILL END UP IN THE MENTAL HOSPITAL, MY DAD IN THE GRAVEYARD because of an argument with him i collapsed AND MY MOTHER IN PRISON she said shed kill him, although I now know I she was exaggerating, I couldnt bear it yesterday. Felt like Id fucked everything up. I TRY TO NOT LISTEN AND I COVER MY OWN EARS BECAUSE ITS ALL BULLSHIT AND THEY SAY IM CRAZY. I HATE THIS. MY SISTER TOLD ME THAT IM FAKING MY BREAKDOWN FOR ATTENTION. NOBODY CARES ABOUT ME, THEY ONLY WANT TO BE OKAY THEMSELVES AND NOT HAVE ANY TROUBLE. I AM THE ONE WHOS SUFFERING. IF I TIRE THEM SO MUCH THEN THE SOLUTION IS TO KILL MYSELF, THEY TREAT ME LIKE TOTAL SHIT AND ITS ALL ABOUT THEM. ID RATHER DIE AND NOT KNOW ANYTHING ABOUT ANYBODY. Now that its the next day, I can understand that my family was trying to get me out of the shitfilled circle to not go back into the hole I was finally getting out of. I felt attacked, I felt alone, I felt misunderstood, I felt like I deserved death. This is what my depression looks like, more specifically my breakdowns on depression. Does this happen to any of you? Im so sorry if it triggered anyone.",Depression,"{""depression"": ""yes""}"
5dqwph,"Been feeling a bit depressed these past few days, yet somehow, i feel...comfortable.","All I want to do is sleep. I want to ignore everyone and just be alone and cry and cut. I find myself thinking, ""I should do X to pass time"" but then i just shoot that thought down with ""Whats the point though? It's not like it'll matter if I do that anyways."" I'm not happy doing the things I enjoy, so I just don't do them. All I do is eat, even when I'm not hungry.
 
 I really dont want to go to work tomorrow because then that'd mean i have to smile and act like everything's okay when I'm starting to come to terms with the fact that im going through another relapse.
 
 But despite all this...I feel comfortable with myself. For the past year, ive been happy and not depressed. And i've felt guilty for it, ive felt awkward about myself. i dont like being happy sometimes, it doesnt feel right. Im comfortable being depressed because it's all ive ever known..
 
 Just wanted to get this out there, maybe some of you could relate? I dont know, i just want to tell people what's wrong with me when I know that all they can do is feign concern and worry.
 
 Anyways, That's all i wanted to say.","[1, 0]",{'depressive_disorder'},"Been feeling a bit depressed these past few days, yet somehow, i feel.comfortable. All I want to do is sleep. I want to ignore everyone and just be alone and cry and cut. I find myself thinking, I should do X to pass time but then i just shoot that thought down with Whats the point though? Its not like itll matter if I do that anyways. Im not happy doing the things I enjoy, so I just dont do them. All I do is eat, even when Im not hungry. I really dont want to go to work tomorrow because then thatd mean i have to smile and act like everythings okay when Im starting to come to terms with the fact that im going through another relapse. But despite all this.I feel comfortable with myself. For the past year, ive been happy and not depressed. And ive felt guilty for it, ive felt awkward about myself. i dont like being happy sometimes, it doesnt feel right. Im comfortable being depressed because its all ive ever known. Just wanted to get this out there, maybe some of you could relate? I dont know, i just want to tell people whats wrong with me when I know that all they can do is feign concern and worry. Anyways, Thats all i wanted to say.",Depression,{'depression':'yes'}
67jylm,"1.5 weeks out of hospital, very shaky","And I'm ashamed of it. I thought the hospital (it was my first time hospitalized, fyi) would at least decrease the frequency of the suicidal thoughts, but I still have a very dark cloud in my head with the same amount of suicidal thoughts. It's so scary. The only thing that has changed is I have more energy, a dread of sleep and a decreased appetite.
 
 I can't go back to the hospital again. I love my job so much when I'm stable and able to feel enjoyment again. I want to be a CEO someday. But I can't do that by constantly going to the hospital. 
 
 I've been grasping at straws to try to stop this from happening. I've been digging up old papers full of mindfulness tricks and tips. But I can't seem to get out of my head. I've been in intensive treatment for four years, and the only break I've gotten was the first few days out of the hospital. I was euphoric, it felt so good. But then it stopped and dipped back down.
 
 When I talk to people who kind of care about me, they say it's my diet and not enough exercise. But I've been pushing myself to do yoga again when I can, and, as for diet, I barely eat anymore. 
 
 Maybe this is just it. Maybe this is how it's going to be.
 
 I'm really sorry for being so jumbled. It just hurts a lot.","[1, 1]","{'depressive_disorder', 'anxiety_disorder'}","1.5 weeks out of hospital, very shaky. And Im ashamed of it. I thought the hospital it was my first time hospitalized, fyi would at least decrease the frequency of the suicidal thoughts, but I still have a very dark cloud in my head with the same amount of suicidal thoughts. Its so scary. The only thing that has changed is I have more energy, a dread of sleep and a decreased appetite. I cant go back to the hospital again. I love my job so much when Im stable and able to feel enjoyment again. I want to be a CEO someday. But I cant do that by constantly going to the hospital. Ive been grasping at straws to try to stop this from happening. Ive been digging up old papers full of mindfulness tricks and tips. But I cant seem to get out of my head. Ive been in intensive treatment for four years, and the only break Ive gotten was the first few days out of the hospital. I was euphoric, it felt so good. But then it stopped and dipped back down. When I talk to people who kind of care about me, they say its my diet and not enough exercise. But Ive been pushing myself to do yoga again when I can, and, as for diet, I barely eat anymore. Maybe this is just it. Maybe this is how its going to be. Im really sorry for being so jumbled. It just hurts a lot.",Comorbid (Depression + Anxiety),"{""depression"":""yes""}"
ifvuwd,What do people do when they feel strong negative emotions building?,"Any suggestions about things one can do when they feel a bad wave of depression building? Anything to try to mitigate or control the feelings? I know there's no outright way to stop them and I am on medication, but I'd love suggestions on ways people fight through the feelings. 
 
 
 I'm new to dealing with my depression. I've known for years I was almost guaranteed to have it since there's such a strong family history of depression and other mental illnesses in my family and, sure enough, this year I started feeling REALLY bad (doesn't help that the world is on fire, my mom was diagnosed with stage 4 cancer a few months ago, and I got furloughed from my job of 7 years). I was diagnosed and prescribed the same depression medication my mom takes, been taking it for a month now (I know it takes a while for it to take effect so I'm not sure if it has yet), but I still get hit by these waves of depression. I can feel them building, it's a very odd physical thing. It's like someone is pouring a thick, cold, heavy fluid into the back of my head and spine, and it just keeps building, then it hits the inside of my face and it feels like someone is grabbing my eye sockets and trying to pull me down and every fiber of my being just wants to lay in bed and cry but I know that's just the depression, it's counter productive. I also get self destructive urges and thoughts but I'm not a self harm risk, I've always at least quashed those. 
 
 
 Any help would be greatly appreciated. Hopefully other people could use the info too.","[1, 0]",{'depressive_disorder'},"What do people do when they feel strong negative emotions building. Any suggestions about things one can do when they feel a bad wave of depression building? Anything to try to mitigate or control the feelings? I know theres no outright way to stop them and I am on medication, but Id love suggestions on ways people fight through the feelings. Im new to dealing with my depression. Ive known for years I was almost guaranteed to have it since theres such a strong family history of depression and other mental illnesses in my family and, sure enough, this year I started feeling REALLY bad doesnt help that the world is on fire, my mom was diagnosed with stage 4 cancer a few months ago, and I got furloughed from my job of 7 years. I was diagnosed and prescribed the same depression medication my mom takes, been taking it for a month now I know it takes a while for it to take effect so Im not sure if it has yet, but I still get hit by these waves of depression. I can feel them building, its a very odd physical thing. Its like someone is pouring a thick, cold, heavy fluid into the back of my head and spine, and it just keeps building, then it hits the inside of my face and it feels like someone is grabbing my eye sockets and trying to pull me down and every fiber of my being just wants to lay in bed and cry but I know thats just the depression, its counter productive. I also get self destructive urges and thoughts but Im not a self harm risk, Ive always at least quashed those. Any help would be greatly appreciated. Hopefully other people could use the info too.",Depression,{'depression':'yes'}
7veicr,Im fine.,"Anyone else getting tired of telling people Im fine. Really Im not. I hardly get any sleep, even though I can feel myself being so exhausted. I was diagnosed a couple months ago with depression. I never knew I had it. But I always knew something was off about me. My parents try as they might really try to help me through this. But Sometimes they make it worse. I guess things really gone down hill after my relationship ended. My depression has kicked into high gear. Normally I would just drink the pain away. But Im really trying not to do that. I just dont really know what to do to make me happy anymore. Everything I do feels hopeless. My anxiety keeps me up at night, I have panic attacks everyday. Why am I like this. I go to school (college) I get good grades. I have a job. But I still have the bad thoughts. Nothing traumatic has ever happened to me. As of lately I only get a good 3 hours of sleep. Im tired all the time. I have no energy in me. Whats wrong with me.","[1, 1]","{'depressive_disorder', 'anxiety_disorder'}","Im fine. Anyone else getting tired of telling people Im fine. Really Im not. I hardly get any sleep, even though I can feel myself being so exhausted. I was diagnosed a couple months ago with depression. I never knew I had it. But I always knew something was off about me. My parents try as they might really try to help me through this. But Sometimes they make it worse. I guess things really gone down hill after my relationship ended. My depression has kicked into high gear. Normally I would just drink the pain away. But Im really trying not to do that. I just dont really know what to do to make me happy anymore. Everything I do feels hopeless. My anxiety keeps me up at night, I have panic attacks everyday. Why am I like this. I go to school college I get good grades. I have a job. But I still have the bad thoughts. Nothing traumatic has ever happened to me. As of lately I only get a good 3 hours of sleep. Im tired all the time. I have no energy in me. Whats wrong with me.",Comorbid (Depression + Anxiety),{'depression':'yes'}
5bbg6f,"argument with my sister, still feeling terrible.","around 2 hours ago, I was studying for Uni next to my sister when she asked me if I was going to go out tomorrow with her and my dad, to which I replied that I didn't know because I am collapsed with work to do and books to read for Uni. She then said to me in a rough tone ""oh, you are going to go"". I don't know why I started to feel extremely pressured and worried about everything I have to do for this week and just snapped. Last night I went out after a long day of trying to study, so she used that situation and told me ""if you were so worried about Uni, then you wouldn't have gone out last night"". 
 
 I was so angry because I tried to study as much as I could during the day so I could go out (I also didn't drink last night just so I could be able to study today again). After she told me that we just remained silent for about 20 minutes and then I just had to go anywhere else because I wasn't concentrating and I was starting to worry way too much, so I went to the kitchen to get a glass of water and my coordination just vanished and I was feeling horrible as I was dropping everything I grabbed.
 
 As I said, it's been 2 hours and I'm still feeling with a tight throat and a little anxious, and I don't know what I should do.
 
 Has this happened to anyone here before? What can I do to relax?","[0, 0]",{'control_group'},"argument with my sister, still feeling terrible. around 2 hours ago, I was studying for Uni next to my sister when she asked me if I was going to go out tomorrow with her and my dad, to which I replied that I didnt know because I am collapsed with work to do and books to read for Uni. She then said to me in a rough tone oh, you are going to go. I dont know why I started to feel extremely pressured and worried about everything I have to do for this week and just snapped. Last night I went out after a long day of trying to study, so she used that situation and told me if you were so worried about Uni, then you wouldnt have gone out last night. I was so angry because I tried to study as much as I could during the day so I could go out I also didnt drink last night just so I could be able to study today again. After she told me that we just remained silent for about 20 minutes and then I just had to go anywhere else because I wasnt concentrating and I was starting to worry way too much, so I went to the kitchen to get a glass of water and my coordination just vanished and I was feeling horrible as I was dropping everything I grabbed. As I said, its been 2 hours and Im still feeling with a tight throat and a little anxious, and I dont know what I should do. Has this happened to anyone here before? What can I do to relax?",Normal,{'depression':'no'}
ex82du,I feel I may not last too long,"As much as I can remember, I was always depressed. Back in my childhood, in my teen years, in my late teens. Now I am 23, I smoked pot while being low. And, TL;DR: I lost hope.
 
 I am in a horrible situation. My doc said: take anti-dp. My family does not support taking medicines: it makes you weak. They want me to overcome this void, this nothing by myself. But I just can not.
 
 I have no personality at this point. I am like a 5 years old: yeah, sure, I help, I do this, I help you out. I fear to say no, I feat to stand up for myself.
 
 I am whining, I do not know how the fuck I can be happy, I am in the middle of two fronts. I am just. Fucked up. Idk what to do.
 
 I am such a bunch of pathetic piece of shit. I regret everything, I have no spine at all. I have never seen how to live a happy life, so I just want to be in darkness. Always. It is like I got so used to to depression that it is my way of life. :(
 
 I quit my job because of it, I could not take it, the pain, the misery. I went home, thought it will be fine, refreshing myself. Turned out it wont. I got used out day 3.
 
 And yet, here I am again, whining except doing anything, because it is so much easier. :(
 
 Gosh...someone just fucking slap me guys/girls. Maybe it would help.","[1, 1]","{'depressive_disorder', 'anxiety_disorder'}","I feel I may not last too long. As much as I can remember, I was always depressed. Back in my childhood, in my teen years, in my late teens. Now I am 23, I smoked pot while being low. And, TLDR I lost hope. I am in a horrible situation. My doc said take antidp. My family does not support taking medicines it makes you weak. They want me to overcome this void, this nothing by myself. But I just can not. I have no personality at this point. I am like a 5 years old yeah, sure, I help, I do this, I help you out. I fear to say no, I feat to stand up for myself. I am whining, I do not know how the fuck I can be happy, I am in the middle of two fronts. I am just. Fucked up. Idk what to do. I am such a bunch of pathetic piece of shit. I regret everything, I have no spine at all. I have never seen how to live a happy life, so I just want to be in darkness. Always. It is like I got so used to to depression that it is my way of life. I quit my job because of it, I could not take it, the pain, the misery. I went home, thought it will be fine, refreshing myself. Turned out it wont. I got used out day 3. And yet, here I am again, whining except doing anything, because it is so much easier. Gosh.someone just fucking slap me guysgirls. Maybe it would help.",Comorbid (Depression + Anxiety),{'depression':'yes'}
gnmvb0,the difficulty in Explaining SH to my coworkers,"At my job i used to take the razors from the box cutters and cut myself with them, but now as a precaution i make sure i never even touch a box cutter at my work or anything with a blade. Some of my coworkers question me on why i never a use a box cutter or look at me confused whenever i get jumpy at the sight of a blade. No matter what i tell them even if it's the truth they look at me confused or criticize me by saying, ""That's just stupid"". Today I was with one of my coworkers unloading the delivery we received today and my manager came and ask why i wasn't using a box cutter. I tried to explain to her why i didn't need one but she insisted. As she handed it to me i started to have a panic attack and she looked at me all scared. She tried joking with me about it but when i told her why i was afraid was when she and my coworker next to me became silent. I got the usual questions like, ""Why would someone SH"" and stuff but it only got worse when i said, ""Oh but don't worry i'm 3 months clean."" Thats when they really looked at me like if i was some kind of crazy person. It really makes me feel like i'm some kind of weirdo or monster whenever i get those looks. I later apologized if i made them uncomfortable and even though they said it was okay i still had the feeling that they were uncomfortable. For the rest of the work day i just stayed quiet because i felt like such a burden.","[0, 1]",{'anxiety_disorder'},"the difficulty in Explaining SH to my coworkers. At my job i used to take the razors from the box cutters and cut myself with them, but now as a precaution i make sure i never even touch a box cutter at my work or anything with a blade. Some of my coworkers question me on why i never a use a box cutter or look at me confused whenever i get jumpy at the sight of a blade. No matter what i tell them even if its the truth they look at me confused or criticize me by saying, Thats just stupid. Today I was with one of my coworkers unloading the delivery we received today and my manager came and ask why i wasnt using a box cutter. I tried to explain to her why i didnt need one but she insisted. As she handed it to me i started to have a panic attack and she looked at me all scared. She tried joking with me about it but when i told her why i was afraid was when she and my coworker next to me became silent. I got the usual questions like, Why would someone SH and stuff but it only got worse when i said, Oh but dont worry im 3 months clean. Thats when they really looked at me like if i was some kind of crazy person. It really makes me feel like im some kind of weirdo or monster whenever i get those looks. I later apologized if i made them uncomfortable and even though they said it was okay i still had the feeling that they were uncomfortable. For the rest of the work day i just stayed quiet because i felt like such a burden.",Anxiety,{'depression':'no'}
474v69,"Feeling very lonely for a while now, and it hurts me a lot","Back in 2013, I was diagnosed with depression. A little bit later, I developed OCD. My life got very rocky, and it sent me to deep places. I started actually taking medicine in 2014 though, and it has gone a little uphill from there. Even though these things bother me greatly everyday, there are times when my outlook on life is a bit better than it was in 2013. Now, in my Junior year of high school, I just feel very lonely. I have friends, but I can't talk to them about my feelings, and none of them are interested in the same stuff I am. When I'm at school, it just brings me down when I see other people hanging out and having fun, and I'm just there, alone. I hate the feeling that I might never have an impact on someone else's life, and that I may die alone. For very summer since 4th grade, I have been alone as well. I haven't hung out with a friend, or even had any social contact with others. When school ends, I go into a deep sadness because I know I will be by myself while other people have fun. I don't look forward to the summer break at all, and since it will come soon I feel very anxious about it. Life sometimes seems very bleak to me, and I assume it does to many others too. I'm glad to post this somewhere, maybe someone in the same situation will see it and know their not totally alone, you know?","[1, 1]","{'depressive_disorder', 'anxiety_disorder'}","Feeling very lonely for a while now, and it hurts me a lot. Back in 2013, I was diagnosed with depression. A little bit later, I developed OCD. My life got very rocky, and it sent me to deep places. I started actually taking medicine in 2014 though, and it has gone a little uphill from there. Even though these things bother me greatly everyday, there are times when my outlook on life is a bit better than it was in 2013. Now, in my Junior year of high school, I just feel very lonely. I have friends, but I cant talk to them about my feelings, and none of them are interested in the same stuff I am. When Im at school, it just brings me down when I see other people hanging out and having fun, and Im just there, alone. I hate the feeling that I might never have an impact on someone elses life, and that I may die alone. For very summer since 4th grade, I have been alone as well. I havent hung out with a friend, or even had any social contact with others. When school ends, I go into a deep sadness because I know I will be by myself while other people have fun. I dont look forward to the summer break at all, and since it will come soon I feel very anxious about it. Life sometimes seems very bleak to me, and I assume it does to many others too. Im glad to post this somewhere, maybe someone in the same situation will see it and know their not totally alone, you know?",Comorbid (Depression + Anxiety),"{""depression"": ""yes""}"
7sedju,Anxiety disorder exacerbating phobias,"Background: late 20s/F diagnosed with anxiety, depression, OCD, and panic disorder at age 11
 
 I have always had a phobia of spiders. When I was a kid, a nest hatched in my room and there were hundreds of them. It was really traumatizing. I could not sleep in my room for almost a year, out of sheer fear.
 
 My husband and I recently moved to a new town, but decided to rent an apartment more on the outskirts and its a bit woodsy. We needed the quiet. However, it's only been 3 weeks and we have already seen more critters in our place than we did in 2 years living in a city. One of them was hanging from the ceiling over my head last night and my husband went to kill it and it fell onto me, and I had a complete meltdown.
 
 I had a massive panic attack, the worst I've had in years. I was scratching all over my body and dry heaving and shaking. I thought I was having a heart attack. It was awful. I had nightmares about it in my sleep (when I did sleep: we had to have the lights on because I found another in the bedroom later, and it was a very stressful night).
 
 I am wondering how I can control my phobia better. Or, if anyone has tips on how to keep critters at bay. I would also love if anyone could offer advice on how to come down from a panic attack. I've had many in the past, and usually I can bring myself down after 5-10 minutes, but this time my husband had to talk me through it.","[1, 1]","{'depressive_disorder', 'anxiety_disorder'}","Anxiety disorder exacerbating phobias. Background late 20sF diagnosed with anxiety, depression, OCD, and panic disorder at age 11 I have always had a phobia of spiders. When I was a kid, a nest hatched in my room and there were hundreds of them. It was really traumatizing. I could not sleep in my room for almost a year, out of sheer fear. My husband and I recently moved to a new town, but decided to rent an apartment more on the outskirts and its a bit woodsy. We needed the quiet. However, its only been 3 weeks and we have already seen more critters in our place than we did in 2 years living in a city. One of them was hanging from the ceiling over my head last night and my husband went to kill it and it fell onto me, and I had a complete meltdown. I had a massive panic attack, the worst Ive had in years. I was scratching all over my body and dry heaving and shaking. I thought I was having a heart attack. It was awful. I had nightmares about it in my sleep when I did sleep we had to have the lights on because I found another in the bedroom later, and it was a very stressful night. I am wondering how I can control my phobia better. Or, if anyone has tips on how to keep critters at bay. I would also love if anyone could offer advice on how to come down from a panic attack. Ive had many in the past, and usually I can bring myself down after 510 minutes, but this time my husband had to talk me through it.",Comorbid (Depression + Anxiety),{'depression':'no'}
heqbf5,Kinda losing everything and it sucks,"Been out of school for 3 months now, and I have been looking for work. I live alone in an apartment (got subsidized by the state for living abroad when I went to school) which I dont anymore. I felt at peace with my situation, living alone and having a budget and all that, but I have no prior work experience, and Ive searched so many jobs with none of them wanting me. I have 2 more months before I have to move in with my parents since I cant afford to live in an apartment with a sustainable income. My actual motivation is basically non-existent, and the only thing helping me search for jobs is that if I have to move in with my parents again I will feel like an absolute failure. 
 
 I have a great support system with people who want to talk to me and want me to open up about myself. However, I cant, no matter how much they want me to I just cant talk about it, I hate talking about feeling depressed, struggling with self-harm and having suicidal thoughts, because taking about it makes it feel real. 
 
 Man I wished things were easy, when I got diagnosed with depression 4 years ago I overcame it by locking into the feeling of what makes me happy. But nothing really makes me happy anymore, my passions are dwindling and Ive lost what held me at peace. 
 
 If anyone wants to chat please let me know, I just felt like I had to rant since its all a bit overwhelming. <3","[1, 1]","{'depressive_disorder', 'anxiety_disorder'}","Kinda losing everything and it sucks. Been out of school for 3 months now, and I have been looking for work. I live alone in an apartment got subsidized by the state for living abroad when I went to school which I dont anymore. I felt at peace with my situation, living alone and having a budget and all that, but I have no prior work experience, and Ive searched so many jobs with none of them wanting me. I have 2 more months before I have to move in with my parents since I cant afford to live in an apartment with a sustainable income. My actual motivation is basically nonexistent, and the only thing helping me search for jobs is that if I have to move in with my parents again I will feel like an absolute failure. I have a great support system with people who want to talk to me and want me to open up about myself. However, I cant, no matter how much they want me to I just cant talk about it, I hate talking about feeling depressed, struggling with selfharm and having suicidal thoughts, because taking about it makes it feel real. Man I wished things were easy, when I got diagnosed with depression 4 years ago I overcame it by locking into the feeling of what makes me happy. But nothing really makes me happy anymore, my passions are dwindling and Ive lost what held me at peace. If anyone wants to chat please let me know, I just felt like I had to rant since its all a bit overwhelming. 3",Comorbid (Depression + Anxiety),{'depression':'yes'}
71uogc,I cant deal with the adult life,"Before I used to love problematic things, being able to reveal problems to someone that will make them be shocked and care for you. I used to kind of get high off the fact that I was failing and when someone pushes me to the edge I can scream that im struggling and failing and theyll feel bad for pushing me, for getting mad, because ive got a worse problem.
 
  Essentialy I wish I did that back in highschool where nothing mattered¦now shit matters, no one cares that youre failing uni, you just shouldnt be in uni, no one cares you that you cant work, cause you have to or else you cant live, no one cares because im at the age where I need to be independent or im just weak¦.having fantasy dreams is not practical anymore¦you need real skills, you need to communicate be a part of society, unless youre extremely gifted in a specific talent where all you have to do is perform in that talent and get rewarded for it youre screwed. You cant hide away and have a life anymore. Youre an adult, you need to do shit. I cant have a job, I dont have friends, I dont have a partner, I dont have a talent, I suck at writing, I suck a creativity, I hate society, I want to go into the clouds and disappear. I want to be peterpan, but the cruel ting is we need to grow up, peterpan isnt a happy story, he just didnt want to grow up.","[1, 0]",{'depressive_disorder'},"I cant deal with the adult life. Before I used to love problematic things, being able to reveal problems to someone that will make them be shocked and care for you. I used to kind of get high off the fact that I was failing and when someone pushes me to the edge I can scream that im struggling and failing and theyll feel bad for pushing me, for getting mad, because ive got a worse problem. Essentialy I wish I did that back in highschool where nothing matterednow shit matters, no one cares that youre failing uni, you just shouldnt be in uni, no one cares you that you cant work, cause you have to or else you cant live, no one cares because im at the age where I need to be independent or im just weak.having fantasy dreams is not practical anymoreyou need real skills, you need to communicate be a part of society, unless youre extremely gifted in a specific talent where all you have to do is perform in that talent and get rewarded for it youre screwed. You cant hide away and have a life anymore. Youre an adult, you need to do shit. I cant have a job, I dont have friends, I dont have a partner, I dont have a talent, I suck at writing, I suck a creativity, I hate society, I want to go into the clouds and disappear. I want to be peterpan, but the cruel ting is we need to grow up, peterpan isnt a happy story, he just didnt want to grow up.",Depression,"{""depression"":""yes""}"
7190co,[Serious] How doesn't every person in the world have crippling depression? A question and a rant.,"But for reals. How do people just continue to be happy? I don't remember the last time I have had any amount of extended happiness. I even got engaged recently and that doesn't even make me happy. Don't get me wrong, I love my partner and she is the most supportive person I have ever met. Without her I'd probably have already ended it all. I have a job and so does she. We have a house together with 2 dogs, 3 cats and 2 snakes that we live with all our hearts. I have hobbies, free time, friends, all the things a person could ask for, but I'm still not happy.
 
 Yes, I have been diagnosed with depression about 3 years ago now. It did get a little better around a year ago, but I'm quickly falling away from reality. I feel like I just don't understand life or people anymore. Every day I constantly feel a crushing combination of sadness, fear, anger, hate, anxiety, confusion, longing, exhaustion, lonelyness, pain, and frustration (just to name a couple). 
 
 So back to my origional question, how is it that people put these emotions aside, or do the not feel them as often as I do? How can someone just be happy? I see no meaning to my life, or any life for that matter. What is there to be so happy about? The things that actually do make me happy usually cause me more anguish than joy so I don't even get to enjoy being happy, however brief those moments may be. I'm not searching for a great meaning to life, life only has meaning because we give it meaning, it's a human construct. Fuck, I just don't know anymore.","[1, 1]","{'depressive_disorder', 'anxiety_disorder'}","Serious How doesnt every person in the world have crippling depression? A question and a rant. But for reals. How do people just continue to be happy? I dont remember the last time I have had any amount of extended happiness. I even got engaged recently and that doesnt even make me happy. Dont get me wrong, I love my partner and she is the most supportive person I have ever met. Without her Id probably have already ended it all. I have a job and so does she. We have a house together with 2 dogs, 3 cats and 2 snakes that we live with all our hearts. I have hobbies, free time, friends, all the things a person could ask for, but Im still not happy. Yes, I have been diagnosed with depression about 3 years ago now. It did get a little better around a year ago, but Im quickly falling away from reality. I feel like I just dont understand life or people anymore. Every day I constantly feel a crushing combination of sadness, fear, anger, hate, anxiety, confusion, longing, exhaustion, lonelyness, pain, and frustration just to name a couple. So back to my origional question, how is it that people put these emotions aside, or do the not feel them as often as I do? How can someone just be happy? I see no meaning to my life, or any life for that matter. What is there to be so happy about? The things that actually do make me happy usually cause me more anguish than joy so I dont even get to enjoy being happy, however brief those moments may be. Im not searching for a great meaning to life, life only has meaning because we give it meaning, its a human construct. Fuck, I just dont know anymore.",Comorbid (Depression + Anxiety),{'depression':'yes'}
ck8nqc,I wrote this a little while back. Thought you guys might like it.,"Dark
 
 
 
 It is swirling, ever growing
 Eating everything in it's way.
 It keeps going, never stopping,
 Gaining traction along the way.
 
 Any light I bring in,
 It eats it all away
 Only making it stronger,
 Twice the size it was yesterday
 
 All the hope I once had
 Now is in it's belly.
 I forget what it's like to be glad
 
 It follows me all the time
 Eating my world as I know
 I hope someone can make it stop
 I'm the only one who can see it, though.
 
 It now eats up my heart
 The rest of my soul 
 It's backed me up into a corner; 
 There's nowhere I can go
 
 The only way is down
 To escape all this pain
 It's all spiraling out of control 
 What else can I gain?
 
 They say when you hit rock bottom,
 The only way is up
 But how can I go back up
 When this world is so damn corrupt?
 
 You can go deeper than rock bottom
 Specifically: six feet under
 Sending yourself to an early grave 
 Since the darkness took your life as plunder
 
 As you try to piece it together
 It falls apart worse
 The only car you might see next
 Is a dark colored hearse.
 
 This darkness has taken me hostage
 It's now taken control of me 
 It makes me see bad things
 Things I never wanted to see
 
 It ruins my whole worldview;
 Making me see the bad.
 Making me remember
 All the horrible days that I have never had.
 
 And as I sit here wondering
 What am I really worth?
 All I know is
 That darkness does more than hurt
 
 I keep trying to leave
 Yet it pulls me back in
 This thing is the center of my problems,
 Yet where do I begin?","[0, 0]",{'control_group'},"I wrote this a little while back. Thought you guys might like it. Dark It is swirling, ever growing Eating everything in its way. It keeps going, never stopping, Gaining traction along the way. Any light I bring in, It eats it all away Only making it stronger, Twice the size it was yesterday All the hope I once had Now is in its belly. I forget what its like to be glad It follows me all the time Eating my world as I know I hope someone can make it stop Im the only one who can see it, though. It now eats up my heart The rest of my soul Its backed me up into a corner Theres nowhere I can go The only way is down To escape all this pain Its all spiraling out of control What else can I gain? They say when you hit rock bottom, The only way is up But how can I go back up When this world is so damn corrupt? You can go deeper than rock bottom Specifically six feet under Sending yourself to an early grave Since the darkness took your life as plunder As you try to piece it together It falls apart worse The only car you might see next Is a dark colored hearse. This darkness has taken me hostage Its now taken control of me It makes me see bad things Things I never wanted to see It ruins my whole worldview Making me see the bad. Making me remember All the horrible days that I have never had. And as I sit here wondering What am I really worth? All I know is That darkness does more than hurt I keep trying to leave Yet it pulls me back in This thing is the center of my problems, Yet where do I begin?",Normal,{'depression':'yes'}
c2wasr,Constant fatigue and brain fog due to anxiety/depression ??,"Dear redditors,
 
 I would like to know if anyone of you guys experienced non restorative sleep due to anxiety? I have to mention that I do not have panic attacks anymore and I am not aware that I am experiencing anxiety at night. What I do know is that I am very afraid of going to university and have to deal with ""normal life"" after being unemployed for about 1 year now due to depression and generalized anxiety. I do not feel depressed anymore but the constant fatigue and weakness is so debiliating. Ive ruled out a lot of physical check-ups with no results so I expect it to be a psychological problem. But its so hard to believe because as I mentioned I do not feel nearly as depressed as Ive been some months ago. Ive done a sleep study as well and they have found out that my sleep is quite fragmented (my brain gets activated a lot more than usual while I should be asleep at night). The neurologist thinks its anxiety and I cannot exclude his theory.
 
 Have someone of you experienced something similar for almost a year or more due to anxiety (or depression; even if you are quite motivated and cannot believe that it could be depression anymore at all)? The key symptoms I have are the following: Constant fatigue, irritation, clouded mind, hard issues with concentration, weak bones and joints (but no real pain or swellings), stressed with no obvious stressor, nervous, afraid if it ever gets better and researching a lot.
 
 Many thanks in advance - I highly appreciate every single response!","[1, 1]","{'depressive_disorder', 'anxiety_disorder'}","Constant fatigue and brain fog due to anxietydepression . Dear redditors, I would like to know if anyone of you guys experienced non restorative sleep due to anxiety? I have to mention that I do not have panic attacks anymore and I am not aware that I am experiencing anxiety at night. What I do know is that I am very afraid of going to university and have to deal with normal life after being unemployed for about 1 year now due to depression and generalized anxiety. I do not feel depressed anymore but the constant fatigue and weakness is so debiliating. Ive ruled out a lot of physical checkups with no results so I expect it to be a psychological problem. But its so hard to believe because as I mentioned I do not feel nearly as depressed as Ive been some months ago. Ive done a sleep study as well and they have found out that my sleep is quite fragmented my brain gets activated a lot more than usual while I should be asleep at night. The neurologist thinks its anxiety and I cannot exclude his theory. Have someone of you experienced something similar for almost a year or more due to anxiety or depression even if you are quite motivated and cannot believe that it could be depression anymore at all? The key symptoms I have are the following Constant fatigue, irritation, clouded mind, hard issues with concentration, weak bones and joints but no real pain or swellings, stressed with no obvious stressor, nervous, afraid if it ever gets better and researching a lot. Many thanks in advance I highly appreciate every single response!",Comorbid (Depression + Anxiety),{'depression':'yes'}
gre6fb,Depression vs anxiety,"Depression makes me feel like everything in my whole life is pointless and I'm just bored with existing so I should kill myself because I'm tired of living.
 
 
 But...
 Anxiety also makes me suicidal because I don't want to live to see all the bad happen.Im afraid of time passing. Im afraid of losing people. Im afraid of getting older. I feel anxious in environments that aren't home around non family members just because. I have to take pills to calm down to sleep. I fear new social events so bad I cry.
 
 
 Idk they both suck...","[1, 1]","{'depressive_disorder', 'anxiety_disorder'}",Depression vs anxiety. Depression makes me feel like everything in my whole life is pointless and Im just bored with existing so I should kill myself because Im tired of living. But. Anxiety also makes me suicidal because I dont want to live to see all the bad happen.Im afraid of time passing. Im afraid of losing people. Im afraid of getting older. I feel anxious in environments that arent home around non family members just because. I have to take pills to calm down to sleep. I fear new social events so bad I cry. Idk they both suck.,Comorbid (Depression + Anxiety),{'depression':'yes'}
9supxf,Hate death but despise life more,"Depression ptsd bpd
 They all drag me down with the people i love
 I'm a leech, hurts like shit if you rip it off but slowly killing in the long run
 Wish for death every second terrified of all these people in the world with the same mental capacity and suffering
 If she exists hate hate hate god
 Can't take care of my cat anymore can't do anything
 Lying in bed takes up too much energy
 Stopped doing things i love- reading drawing gaming socialising drinking eating
 Less sad but more empty
 Can't wash brush teeth get dressed eat healthy
 Self harm still bleeding, been 2 days
 Wasting time
 Wasting money
 Wasting love
 Wasting life
 Wasting
 
 Frustrated because i am held down in life by loved ones
 Can't study because of medical condition
 Want to go in a coma and spend an infinite amount of time in my head
 Nightmares are painful but bearable compared to real life
 Shutting down not talking
 My body only makes sound when farting, no voices
 Want to fade away
 Anger bitterness sadness disgust towards ptsd
 Hyperventilation in a very slight amount always gasping for air all the time
 Feels like I'm hungover even though i didn't drink
 Look at others, look at me, see how much of a failure i am
 Never doing productive work
 Has tons of ideas of the 'perfect suicide'
 
 My blanket is choking me
 Shut the fuck up clocks
 No more tic tic bullshit
 I'm never going to get better
 I prefer to die
 Please","[1, 1]","{'depressive_disorder', 'anxiety_disorder'}","Hate death but despise life more. Depression ptsd bpd They all drag me down with the people i love Im a leech, hurts like shit if you rip it off but slowly killing in the long run Wish for death every second terrified of all these people in the world with the same mental capacity and suffering If she exists hate hate hate god Cant take care of my cat anymore cant do anything Lying in bed takes up too much energy Stopped doing things i love reading drawing gaming socialising drinking eating Less sad but more empty Cant wash brush teeth get dressed eat healthy Self harm still bleeding, been 2 days Wasting time Wasting money Wasting love Wasting life Wasting Frustrated because i am held down in life by loved ones Cant study because of medical condition Want to go in a coma and spend an infinite amount of time in my head Nightmares are painful but bearable compared to real life Shutting down not talking My body only makes sound when farting, no voices Want to fade away Anger bitterness sadness disgust towards ptsd Hyperventilation in a very slight amount always gasping for air all the time Feels like Im hungover even though i didnt drink Look at others, look at me, see how much of a failure i am Never doing productive work Has tons of ideas of the perfect suicide My blanket is choking me Shut the fuck up clocks No more tic tic bullshit Im never going to get better I prefer to die Please",Comorbid (Depression + Anxiety),"{""depression"": ""yes""}"
ocid30,got permabanned from r/fasting bc i have BED,"Disclaimer: its for ppl intermittent fasting, not pro-anorexia (tho personally I think some posts teeter on the edge of it).
 
 I made a comment that some ppls rhetoric was borderline dangerous bc they encouraged going 7+ days without food OR water in order to appear more toned, or saying saying that the food pyramid is bad actually.
 
 I do intermittent fasting and Ive lost 30 pounds since March. I never go more than 24 hours (or less if I feel I need to) because of potential risks, and I drink water throughout the day. When I do eat a meal its relatively big to compensate for the fast, so Im not fully depriving myself either. Its not foolproof, but for now it works. I plan on slowly increasing how often I eat as I get closer to my goal.
 
 Anyway, in my comment expressing my discomfort with what ppl encourage in the sub, Im pretty sure I didnt mention my BED (i might have but tbh I forget). Regardless, the whole comment was very opposed to eating disorders and dangerous weight loss practices or going too far.
 
 Despite that, I got banned for ˜having a history of BED. I joined the sub to aid in my recovery so its pretty shitty to get banned just for having struggled with any eating disorder. Idk if the ppl I mentioned were also banned, and I can kind of understand why they feel they need to ban anything remotely to do with eating disorders. But it seems counterproductive to do so when Im trying to overcome it. (R/intermittent fasting seems to have a similar rule so Ill prob just leave that too lol)","[0, 0]",{'control_group'},"got permabanned from rfasting bc i have BED. Disclaimer its for ppl intermittent fasting, not proanorexia tho personally I think some posts teeter on the edge of it. I made a comment that some ppls rhetoric was borderline dangerous bc they encouraged going 7+ days without food OR water in order to appear more toned, or saying saying that the food pyramid is bad actually. I do intermittent fasting and Ive lost 30 pounds since March. I never go more than 24 hours or less if I feel I need to because of potential risks, and I drink water throughout the day. When I do eat a meal its relatively big to compensate for the fast, so Im not fully depriving myself either. Its not foolproof, but for now it works. I plan on slowly increasing how often I eat as I get closer to my goal. Anyway, in my comment expressing my discomfort with what ppl encourage in the sub, Im pretty sure I didnt mention my BED i might have but tbh I forget. Regardless, the whole comment was very opposed to eating disorders and dangerous weight loss practices or going too far. Despite that, I got banned for having a history of BED. I joined the sub to aid in my recovery so its pretty shitty to get banned just for having struggled with any eating disorder. Idk if the ppl I mentioned were also banned, and I can kind of understand why they feel they need to ban anything remotely to do with eating disorders. But it seems counterproductive to do so when Im trying to overcome it. Rintermittent fasting seems to have a similar rule so Ill prob just leave that too lol",Normal,{'depression':'no'}
big2mx,I'm not suicidal and I dont think I can kill myself. But I don't find joy in living either.,"Does anyone else feel this way?
 
 Here's why I think I am not suicidal. Last year I was in a sticky situation at work. Without going into too much detail I happened upon the genius idea of injuring myself to stay in bed for a few weeks. But I couldn't being myself to do it. Tried throwing myself from the top of stairs, giving myself food poisoning, throwing myself in front of a slow moving car, breaking my ankle, breaking my leg. Just couldn't bring myself to do it. I have a very strong instinct for self preservation. So I asked a friend to do it. He tried to break my leg. But his hands would shake. And he started crying because he couldn't do it. Honestly, I felt pure terror when he swung the bat and I'm thankful that he didn't go all the way. And I still feel like shit for putting him in that position. But yeah I realised that I lack the capability to harm myself.
 
 I felt suicidal for the first time recently after taking some medication and it was absolutely horrible. Again I knew that I wouldn't kill myself. But I just wanted my life to end.
 
 I have a loving family and people who depend on me. I have enemies who would be happy to see me go. For these reasons alone I must live.
 
 But there are days when I think what makes me happy? What am I working for? Where am I headed? What do I want? And I feel something hollow and empty inside me. Such days are when I struggle with dark thoughts.
 
 And it is at these times that I dread the thought of living for another day.","[1, 0]",{'depressive_disorder'},"Im not suicidal and I dont think I can kill myself. But I dont find joy in living either. Does anyone else feel this way? Heres why I think I am not suicidal. Last year I was in a sticky situation at work. Without going into too much detail I happened upon the genius idea of injuring myself to stay in bed for a few weeks. But I couldnt being myself to do it. Tried throwing myself from the top of stairs, giving myself food poisoning, throwing myself in front of a slow moving car, breaking my ankle, breaking my leg. Just couldnt bring myself to do it. I have a very strong instinct for self preservation. So I asked a friend to do it. He tried to break my leg. But his hands would shake. And he started crying because he couldnt do it. Honestly, I felt pure terror when he swung the bat and Im thankful that he didnt go all the way. And I still feel like shit for putting him in that position. But yeah I realised that I lack the capability to harm myself. I felt suicidal for the first time recently after taking some medication and it was absolutely horrible. Again I knew that I wouldnt kill myself. But I just wanted my life to end. I have a loving family and people who depend on me. I have enemies who would be happy to see me go. For these reasons alone I must live. But there are days when I think what makes me happy? What am I working for? Where am I headed? What do I want? And I feel something hollow and empty inside me. Such days are when I struggle with dark thoughts. And it is at these times that I dread the thought of living for another day.",Depression,"{""depression"":""yes""}"
7wr5xn,I'm seeking attention,"EDIT: THIS TITLE IS A JOKE (partially) BUT I REALLY NEED HELP. I realize it was in poor taste, but I thought it would grab people's attention. I'm sorry. On with the post. 
 
 I have been diagnosed with major depressive disorder previously. My current psychiatrist also is fairly confident I have bipolar as well as a lot of other shit going on. I've got ADD that Continued into my adulthood and my mother did drugs while she was pregnant with me (which I only recently found out) I feel defeated. Despite all my problems, I've managed to accomplish a lot for my position. I graduated high school (though I had to go back) and got a technical degree in a bullshit service, both through job corps. I can speak well and analyze thing fairly well. All of these things make me feel like I could and should have made something of myself. I am a waste of space. Logically, I know my mental issues have played a part, but even with that knowledge, ai can't help but feel like I'm the biggest fuck up ever. It's much worse than. That, but idk the words. Knowing that I'm decently smart not only makes me feel worse about not achieving anything, but also makes me think of what I could've been in a normal household. I try so hard not to hate myself, but my logic and emotions can't connect no matter how hard I try. I hate myself and the only thing that's stopped me from killing myself is the lingering childhood feelings that maybe there is a hell. I just want to feel okay. I would appreciate any advice.","[1, 0]",{'depressive_disorder'},"Im seeking attention. EDIT THIS TITLE IS A JOKE partially BUT I REALLY NEED HELP. I realize it was in poor taste, but I thought it would grab peoples attention. Im sorry. On with the post. I have been diagnosed with major depressive disorder previously. My current psychiatrist also is fairly confident I have bipolar as well as a lot of other shit going on. Ive got ADD that Continued into my adulthood and my mother did drugs while she was pregnant with me which I only recently found out I feel defeated. Despite all my problems, Ive managed to accomplish a lot for my position. I graduated high school though I had to go back and got a technical degree in a bullshit service, both through job corps. I can speak well and analyze thing fairly well. All of these things make me feel like I could and should have made something of myself. I am a waste of space. Logically, I know my mental issues have played a part, but even with that knowledge, ai cant help but feel like Im the biggest fuck up ever. Its much worse than. That, but idk the words. Knowing that Im decently smart not only makes me feel worse about not achieving anything, but also makes me think of what I couldve been in a normal household. I try so hard not to hate myself, but my logic and emotions cant connect no matter how hard I try. I hate myself and the only thing thats stopped me from killing myself is the lingering childhood feelings that maybe there is a hell. I just want to feel okay. I would appreciate any advice.",Depression,{'depression':'yes'}
blzt8p,I hate that I'm whining so much,"Every single time I'm trying to articulate what's bothering me, whether it be online or in person, I keep on thinking that I just sound like I'm whining. 
 
 All of my problems feel so small when I'm talking to other people. Problems like 'my family doesn't care about me' and 'im so alone' always makes me think to myself, so what? Even though I don't want to be effected so much by every little thought, it overpowers my brain. I can't seem to use the logistical side of my brain when I'm such a mess, like I am right now. 
 
 The littlest things also seem to set me off. I feel so guilty that I'm unable to hold myself together for more than a few minutes. I'm just not strong enough to deal with it. Normal people don't have to worry about being unable to get out of bed. They don't have to worry about being so miserable they can't even get a moment of peace. Am I just making things worse for myself? What if everyone feels parts of what I'm feeling but I'm just making a bigger deal out of them/overreacting? 
 
 How can I express how I feel without being constantly whiney? How can I assure that I'm not constantly rambling? I don't want to give everyone I'm around a tour of my mind but I don't want to keep them in the dark. How is this so complicated?","[1, 0]",{'depressive_disorder'},"I hate that Im whining so much. Every single time Im trying to articulate whats bothering me, whether it be online or in person, I keep on thinking that I just sound like Im whining. All of my problems feel so small when Im talking to other people. Problems like my family doesnt care about me and im so alone always makes me think to myself, so what? Even though I dont want to be effected so much by every little thought, it overpowers my brain. I cant seem to use the logistical side of my brain when Im such a mess, like I am right now. The littlest things also seem to set me off. I feel so guilty that Im unable to hold myself together for more than a few minutes. Im just not strong enough to deal with it. Normal people dont have to worry about being unable to get out of bed. They dont have to worry about being so miserable they cant even get a moment of peace. Am I just making things worse for myself? What if everyone feels parts of what Im feeling but Im just making a bigger deal out of themoverreacting? How can I express how I feel without being constantly whiney? How can I assure that Im not constantly rambling? I dont want to give everyone Im around a tour of my mind but I dont want to keep them in the dark. How is this so complicated?",Depression,{'depression':'yes'}
687l8b,"I want to believe that maybe if i write a super long post on reddit, that it'll distract me from wanting to SH.","Feeling pretty fucking sad/hopeless/despondent/other fun way to say you're depressed without actually saying you're depressed.
 
 I want to bitch about how I feel to r/ depression, but I feel like my problems are too ""*that's* why you're depressed? That's nothing to be depressed about. Lots of people here have it way worse than that."" for that place; same with r/ suicidewatch.
 
 Like, my stupid problems about how i feel i have no friends, no direction in life, no drive to do anything with myself (better my self-esteem/self-worth/self-confidence; learn skills or pick up hobbies; motivate myself to do school work; get a job), no yearning to ""live"" (shit like having fun, doing things with family or what little friends I have), no real passions...that doesnt really seem like anything that would validate my depression/sucidality.
 
 I dunno.. I dont know what im doing with myself or my life.
 
 Sorry, this most likely doesnt belong on this sub. Im just not sure what to do at this point.
 
 EDIT: just realized I got the wrong kind of things. May still try because fuck it.","[1, 0]",{'depressive_disorder'},"I want to believe that maybe if i write a super long post on reddit, that itll distract me from wanting to SH. Feeling pretty fucking sadhopelessdespondentother fun way to say youre depressed without actually saying youre depressed. I want to bitch about how I feel to r depression, but I feel like my problems are too thats why youre depressed? Thats nothing to be depressed about. Lots of people here have it way worse than that. for that place same with r suicidewatch. Like, my stupid problems about how i feel i have no friends, no direction in life, no drive to do anything with myself better my selfesteemselfworthselfconfidence learn skills or pick up hobbies motivate myself to do school work get a job, no yearning to live shit like having fun, doing things with family or what little friends I have, no real passions.that doesnt really seem like anything that would validate my depressionsucidality. I dunno. I dont know what im doing with myself or my life. Sorry, this most likely doesnt belong on this sub. Im just not sure what to do at this point. EDIT just realized I got the wrong kind of things. May still try because fuck it.",Depression,{'depression':'yes'}
kblv7h,When I listen to music I get overwhelmed by my emotions and I don't know what to do.,"For almost one year I haven't been listening to music. I used to love music and listen to it whenever I could. But for some reason I stopped and I don't know how to start again, because I'm scared. I kinda figured out that I am scared to feel the emotions that come up when I hear music. This does not apply only to sad songs, actually I don't even listen to sad songs. Also upbeat tracks can make me sad and I feel overwhelmed by the feelings they give me. I tried severall times to get back into it again but it only lasted for 2 weeks or so because it became so exhausting to me to constantly be overwhelmed by my feelings. But I'm sure I still love music and therefore I feel like there is a huge hole in my life now. But it feels like all my negative emotions and negative memories (I have mild depression) come up and become more intense when I'm doing it. 
 
 I constantly try to be mindful with my feelings and not repress them in my daily life and I meditate and so on. This works really good and I think I'm connected to my emotions really well. Only music makes them so overwhelming that I can't really be mindful with it. 
 
 I even tried to switch genres but I haven't found one so far that could make me feel better. Has anyone ever experienced something like this and maybe has some advice for me? And is it possible that it has sth. do to with my depression? (Even though I don't feel worse than a year before. I actually feel better than a year ago).","[1, 1]","{'depressive_disorder', 'anxiety_disorder'}","When I listen to music I get overwhelmed by my emotions and I dont know what to do. For almost one year I havent been listening to music. I used to love music and listen to it whenever I could. But for some reason I stopped and I dont know how to start again, because Im scared. I kinda figured out that I am scared to feel the emotions that come up when I hear music. This does not apply only to sad songs, actually I dont even listen to sad songs. Also upbeat tracks can make me sad and I feel overwhelmed by the feelings they give me. I tried severall times to get back into it again but it only lasted for 2 weeks or so because it became so exhausting to me to constantly be overwhelmed by my feelings. But Im sure I still love music and therefore I feel like there is a huge hole in my life now. But it feels like all my negative emotions and negative memories I have mild depression come up and become more intense when Im doing it. I constantly try to be mindful with my feelings and not repress them in my daily life and I meditate and so on. This works really good and I think Im connected to my emotions really well. Only music makes them so overwhelming that I cant really be mindful with it. I even tried to switch genres but I havent found one so far that could make me feel better. Has anyone ever experienced something like this and maybe has some advice for me? And is it possible that it has sth. do to with my depression? Even though I dont feel worse than a year before. I actually feel better than a year ago.",Comorbid (Depression + Anxiety),{'depression':'no'}
44f3ai,"I receive a lot of praise, but I still hate myself...","For as long as I can remember, I've always been the one people could rely on. I am the ace people call upon on when they need a job done, I'm the rock for people being swept away by life's various woes, and my commentary and jokes are often the source of nodding heads and laughter. I've been told I'm wise beyond my years and extremely intelligent. Why then, in spite of all this praise I receive on a regular basis, do I feel nothing but anger and hatred towards myself and the rest of the world? I cannot accept what others tell me as true, all I see is an ugly asshole who doesn't deserve half of what he has. I constantly agonize over my failures and belittle my accomplishments.
 
 I was diagnosed with depression at age 16 (I'm 28 now), but I've worked hard to keep it a secret. I've always felt that other people relied on me, so I've always felt I could never afford to have a moment of weakness in front of anyone. When no one is looking, however, I immediately take out a bottle of booze and start drinking until I can swallow my shame enough to stumble into bed and pass out.
 
 I've gotten by like this for a long time now, but anymore, whenever I ride the metro to work, I just stare at the tracks as a train starts to barrel into the station and I wonder if it wouldn't be easier to just jump?
 
 Anti-depressants haven't really helped me in the past and I'm too ashamed to go see a shrink... All they ever want to do is give me pills anyway. What should I do?","[1, 0]",{'depressive_disorder'},"I receive a lot of praise, but I still hate myself. For as long as I can remember, Ive always been the one people could rely on. I am the ace people call upon on when they need a job done, Im the rock for people being swept away by lifes various woes, and my commentary and jokes are often the source of nodding heads and laughter. Ive been told Im wise beyond my years and extremely intelligent. Why then, in spite of all this praise I receive on a regular basis, do I feel nothing but anger and hatred towards myself and the rest of the world? I cannot accept what others tell me as true, all I see is an ugly asshole who doesnt deserve half of what he has. I constantly agonize over my failures and belittle my accomplishments. I was diagnosed with depression at age 16 Im 28 now, but Ive worked hard to keep it a secret. Ive always felt that other people relied on me, so Ive always felt I could never afford to have a moment of weakness in front of anyone. When no one is looking, however, I immediately take out a bottle of booze and start drinking until I can swallow my shame enough to stumble into bed and pass out. Ive gotten by like this for a long time now, but anymore, whenever I ride the metro to work, I just stare at the tracks as a train starts to barrel into the station and I wonder if it wouldnt be easier to just jump? Antidepressants havent really helped me in the past and Im too ashamed to go see a shrink. All they ever want to do is give me pills anyway. What should I do?",Depression,"{""depression"":""yes""}"
5riov8,Need help can't shake off the feeling,"For background info, I'm a 29 year old male. I recently started school again getting another degree. I have been diagnosed with major depression, and general anxiety disorder. I used to take meds, a lot of them, but haven't in many years. I've been able to cope by myself for a long time now. I've attempted suicide twice, landed in the hospital three times, including 2 stays a psych ward. 
 
 Anyway to get on with the story. I can usually cope. Deal with it on my own. I have no friends. I have no one to talk to. When I decide to get close to someone, I guess it kind've backfires? I dunno I'm socially deficient. 
 
 Last night I started to spiral downward. I woke up today feeling more depressed than usual. To the point where I feel physical discomfort, I feel more slow and sluggish. And the worst of all I have this sinking feeling in my heart that can't go away.
 
 I've tried reading, I've tried watching movies. I thought about talking to some classmates as they are the only contact I have with the real world. But I dismissed that idea, the only person who understands the same situation as me just got married and I don't want to drag him down. Seems to personal to just ask for advice, like I doubt they would actually care about a random person.
 
 Anyway I was wondering if anyone had advice on what I could do. I just feel really bad. And it has been a long ass time since I felt this badly and I can't shake it off at all. Usually it can just go away or I can distract myself but nothing is working. Thanks","[1, 1]","{'depressive_disorder', 'anxiety_disorder'}","Need help cant shake off the feeling. For background info, Im a 29 year old male. I recently started school again getting another degree. I have been diagnosed with major depression, and general anxiety disorder. I used to take meds, a lot of them, but havent in many years. Ive been able to cope by myself for a long time now. Ive attempted suicide twice, landed in the hospital three times, including 2 stays a psych ward. Anyway to get on with the story. I can usually cope. Deal with it on my own. I have no friends. I have no one to talk to. When I decide to get close to someone, I guess it kindve backfires? I dunno Im socially deficient. Last night I started to spiral downward. I woke up today feeling more depressed than usual. To the point where I feel physical discomfort, I feel more slow and sluggish. And the worst of all I have this sinking feeling in my heart that cant go away. Ive tried reading, Ive tried watching movies. I thought about talking to some classmates as they are the only contact I have with the real world. But I dismissed that idea, the only person who understands the same situation as me just got married and I dont want to drag him down. Seems to personal to just ask for advice, like I doubt they would actually care about a random person. Anyway I was wondering if anyone had advice on what I could do. I just feel really bad. And it has been a long ass time since I felt this badly and I cant shake it off at all. Usually it can just go away or I can distract myself but nothing is working. Thanks",Comorbid (Depression + Anxiety),"{""depression"": ""yes""}"
astplx,Being alone has made me cut more and more severely at that. (rant),"For context, It's been about a year since I dropped out of high school. I used to be that person who had friends at school, but I was never the one people ever called up to hang out with out of school, to give you an idea. I moved after I dropped out and haven't made really tried to make friends any whee else for over a year now. Being alone social-wise (I'm still living with my parents since I'm only 17) has made me depressed beyond belief. And granted, I have seen pictures of deep cuts and thought that my cuts weren't good enough, but I did have other factors playing in to it. It gets so repetitive day after day, seeing the same people over and over again to the point of going to the store to simply see someone new for once. I feel so pathetic, so I cut. I cut until I'm satisfied with it all. And even if I were to try to make friends, I fear that my severe scarring on my arms will make me give up in fear that they'll leave me because of it. Idk where this was going to go, I just wanted to let out some feelings, I guess.","[1, 0]",{'depressive_disorder'},"Being alone has made me cut more and more severely at that. rant. For context, Its been about a year since I dropped out of high school. I used to be that person who had friends at school, but I was never the one people ever called up to hang out with out of school, to give you an idea. I moved after I dropped out and havent made really tried to make friends any whee else for over a year now. Being alone socialwise Im still living with my parents since Im only 17 has made me depressed beyond belief. And granted, I have seen pictures of deep cuts and thought that my cuts werent good enough, but I did have other factors playing in to it. It gets so repetitive day after day, seeing the same people over and over again to the point of going to the store to simply see someone new for once. I feel so pathetic, so I cut. I cut until Im satisfied with it all. And even if I were to try to make friends, I fear that my severe scarring on my arms will make me give up in fear that theyll leave me because of it. Idk where this was going to go, I just wanted to let out some feelings, I guess.",Depression,{'depression':'yes'}
4tpfcs,Triggered Mood Instability for ADHD and BPD (borderline),"From [here](http://www.bphope.com/6-factors-that-differentiate-adhd-from-bipolar-disorder/)
 
 > **Triggered Mood instability**: People with ADHD are passionate people who have strong emotional reactions to the events of their lives. However, it is precisely this clear triggering of mood shifts that distinguishes ADHD from Bipolar mood shifts that come and go without any connection to life events. In addition, there is mood congruency in ADHD, that is, the mood reaction is appropriate in kind to the trigger. Happy events in the lives of ADHD individuals result in intensely happy and excited states of mood. Unhappy events and especially the experience of being rejected, criticized or teased elicit intense dysphoric states. This rejection sensitive dysphoria is one of the causes for the misdiagnosis of borderline personality disorder.
 
 1. **For BPD (borderline), is triggered mood instability the same as the thing in the DSM that says this?**
 
 > Affective instability due to a marked reactivity of mood (e.g., intense episodic dysphoria, irritability, or anxiety usually lasting a few hours and only rarely more than a few days).
 
 2. **For ADHD, where's triggered mood instability in the DSM?** This is the closest I found
 
 > **Personality disorders**. In adolescents and adults, it may be difficult to distinguish ADHD from borderline, narcissistic, and other personality disorders. All these disorders tend to share the features of disorganization, social intrusiveness, emotional dysregulation, and cognitive dysregulation
 
 3. **Where else does the DSM say that ADHD has emotional dysregulation?** I see only two other emotional dysregulation in the DSM namely in ODD and CD.
 
 If it's not in the DSM, how do we know triggered mood instability is a property of ADHD (since I guess it's not part of the definition of ADHD)?","[0, 0]",{'control_group'},"Triggered Mood Instability for ADHD and BPD borderline. From here Triggered Mood instability People with ADHD are passionate people who have strong emotional reactions to the events of their lives. However, it is precisely this clear triggering of mood shifts that distinguishes ADHD from Bipolar mood shifts that come and go without any connection to life events. In addition, there is mood congruency in ADHD, that is, the mood reaction is appropriate in kind to the trigger. Happy events in the lives of ADHD individuals result in intensely happy and excited states of mood. Unhappy events and especially the experience of being rejected, criticized or teased elicit intense dysphoric states. This rejection sensitive dysphoria is one of the causes for the misdiagnosis of borderline personality disorder. 1. For BPD borderline, is triggered mood instability the same as the thing in the DSM that says this? Affective instability due to a marked reactivity of mood e.g., intense episodic dysphoria, irritability, or anxiety usually lasting a few hours and only rarely more than a few days. 2. For ADHD, wheres triggered mood instability in the DSM? This is the closest I found Personality disorders. In adolescents and adults, it may be difficult to distinguish ADHD from borderline, narcissistic, and other personality disorders. All these disorders tend to share the features of disorganization, social intrusiveness, emotional dysregulation, and cognitive dysregulation 3. Where else does the DSM say that ADHD has emotional dysregulation? I see only two other emotional dysregulation in the DSM namely in ODD and CD. If its not in the DSM, how do we know triggered mood instability is a property of ADHD since I guess its not part of the definition of ADHD?",Normal,{'depression':'no'}
gix5fy,anxiety depression and a bit of a panic is building is up been lately,"FUCK!! FUCK FUCK FUCKKKKKK!!!!!
 
 just trying to write this makes me panic cuz thinking scares the FUCK outta me !
 
 i am 25M turning 26 this August and long story short i never had a job till few months ago and now i dont have a job cuz of this damn lockdown, thats a problem but not my main problem, you see i am living in Sudan which its miserable horrible place to live in and its politically corrupted AF and dont you fucking dare tell me every country has issues !!!! .
 
 i want to get to the fuck out of there as soon as i can but i cant because you need at minimal 5 years of work experience to apply for a job seeker visa ""i looked it up"" and i dont have jack shit, i always pictured myself celebrating my 25th birthday in own apartment somewhere in the US, i didnt even celebrate my 25th at all i didnt want to, so yeah at this rate i am gonna turn 30 with ZERO job experience and living in a basement, i rather slice my wrists than living that scenario and i am not kidding i will actully do it.
 
 now i have a plan to move to Australia , i do whatever job i find i will find i till i sort things out but the foundation of that plan is having money to support my self there and i cant have money without a damn job , and i cant and wouldnt ask family for help lets leave it that way.","[1, 1]","{'depressive_disorder', 'anxiety_disorder'}","anxiety depression and a bit of a panic is building is up been lately. FUCK! FUCK FUCK FUCKKKKKK! just trying to write this makes me panic cuz thinking scares the FUCK outta me ! i am 25M turning 26 this August and long story short i never had a job till few months ago and now i dont have a job cuz of this damn lockdown, thats a problem but not my main problem, you see i am living in Sudan which its miserable horrible place to live in and its politically corrupted AF and dont you fucking dare tell me every country has issues ! . i want to get to the fuck out of there as soon as i can but i cant because you need at minimal 5 years of work experience to apply for a job seeker visa i looked it up and i dont have jack shit, i always pictured myself celebrating my 25th birthday in own apartment somewhere in the US, i didnt even celebrate my 25th at all i didnt want to, so yeah at this rate i am gonna turn 30 with ZERO job experience and living in a basement, i rather slice my wrists than living that scenario and i am not kidding i will actully do it. now i have a plan to move to Australia , i do whatever job i find i will find i till i sort things out but the foundation of that plan is having money to support my self there and i cant have money without a damn job , and i cant and wouldnt ask family for help lets leave it that way.",Comorbid (Depression + Anxiety),{'depression':'yes'}
fuati2,Magical thinking,"Going through a bit of rough period now with anxiety. But the question or advice needed was related to magical thinking. Does anyone have it also?
 
 Its a bit like OCD. For me it means worrying kind of. I dont allow myself to think positive cause I am afraid then something bad happens. So I constantly fear things in order to try to control them.
 
 Today something that I have feared happened. I thought that maybe it is related to a thought I had before that. That everything is good. Then all of a sudden I got punished because of it with bad news. 
 
 I dont allow myself to trust in good things. I also
 Pray every night and then go through all the fears and pray that they dont happen.
 
 I am exhausted. I am working this in therapy but still struggle to let go.
 
 If someone has any tips or support or similar experiences, please share.","[0, 1]",{'anxiety_disorder'},"Magical thinking. Going through a bit of rough period now with anxiety. But the question or advice needed was related to magical thinking. Does anyone have it also? Its a bit like OCD. For me it means worrying kind of. I dont allow myself to think positive cause I am afraid then something bad happens. So I constantly fear things in order to try to control them. Today something that I have feared happened. I thought that maybe it is related to a thought I had before that. That everything is good. Then all of a sudden I got punished because of it with bad news. I dont allow myself to trust in good things. I also Pray every night and then go through all the fears and pray that they dont happen. I am exhausted. I am working this in therapy but still struggle to let go. If someone has any tips or support or similar experiences, please share.",Anxiety,{'depression':'no'}
5pf7th,Has anyone else gotten super depressed immediately following going off of SSRIs?,"Hello
 
 I am diagnosed with generalized anxiety, panic disorder, and (apparently^1) depression. This past Sunday was the first night in over 3 years I intentionally went without taking Lexapro. I tapered down from 15mg, and despite withdrawals and inefficiency^2 from my psychiatrist, things have been relatively okay. Except that I am more depressed now than I think I've ever really felt before. Has anyone else felt this? It's not really bad enough I think I want to go back on lexapro, but it is definitely noticeable. 
 
 ^1 until I began weaning, my psychiatrist failed to tell me I was diagnosed with depression. As I was leaving on the day I started weaning, she told me ""your anxiety has always been worse than your depression"" and then I asked to clarify if I was depressed, and she said yes. Then my session ended
 
 ^2 I called her to ask some questions about how to make withdrawals better, and she said ""out of the hundreds of people I've taken off of lexapro, you're the only one who has complained about withdrawals"". I'm planning on getting a new psychiatrist soon.","[1, 1]","{'depressive_disorder', 'anxiety_disorder'}","Has anyone else gotten super depressed immediately following going off of SSRIs. Hello I am diagnosed with generalized anxiety, panic disorder, and apparently1 depression. This past Sunday was the first night in over 3 years I intentionally went without taking Lexapro. I tapered down from 15mg, and despite withdrawals and inefficiency2 from my psychiatrist, things have been relatively okay. Except that I am more depressed now than I think Ive ever really felt before. Has anyone else felt this? Its not really bad enough I think I want to go back on lexapro, but it is definitely noticeable. 1 until I began weaning, my psychiatrist failed to tell me I was diagnosed with depression. As I was leaving on the day I started weaning, she told me your anxiety has always been worse than your depression and then I asked to clarify if I was depressed, and she said yes. Then my session ended 2 I called her to ask some questions about how to make withdrawals better, and she said out of the hundreds of people Ive taken off of lexapro, youre the only one who has complained about withdrawals. Im planning on getting a new psychiatrist soon.",Comorbid (Depression + Anxiety),{'depression':'yes'}
biciqq,Everything seems to be going alright and I'm terrified of it,"Hello again.
 
 I've depressed for the majority of my life. I guess it started when I was around 11/12. I'm 21 one, so for the longest time I lived with it. It was such a huge part of my life, that I imagined my future as ""still being unemployed or working a terrible job I hate that gives 0 money, gf left me etc."" I had this really bad future in my head for almost all the time and in the past few weeks a lot of things changed.
 
 For instance, I managed to put a foot into the newspaper industry. Just a short internship, but I already had an interview with the boss and everything seems like I'd get the job. It's fun, I like the colleagues, it pays good. Sure it's a lot of work, but I'm genuinely interested. For my entire life we've been poor, never had enough money. And now? It seems like there might be a chance to get out of it! It seems like my entire future might change, from me being able to move together with my gf, to finally having some money. And I'm so terrified of it. My brain feels like it's been deep fried, I can't handle all this ""everything will probably be ok""! And I know I should be happy about it... But I just can't. I have the urge to ruin it again, just so I can fulfill my dumb ass views on my future. No, I know I won't say no to the job offer IF I get it, but otherwise... Everything seems so damn scary to me. I get a lot of panic attacks lately about it. Dunno. Has anyone ever felt that? What did you do to cope with it?","[1, 1]","{'depressive_disorder', 'anxiety_disorder'}","Everything seems to be going alright and Im terrified of it. Hello again. Ive depressed for the majority of my life. I guess it started when I was around 1112. Im 21 one, so for the longest time I lived with it. It was such a huge part of my life, that I imagined my future as still being unemployed or working a terrible job I hate that gives 0 money, gf left me etc. I had this really bad future in my head for almost all the time and in the past few weeks a lot of things changed. For instance, I managed to put a foot into the newspaper industry. Just a short internship, but I already had an interview with the boss and everything seems like Id get the job. Its fun, I like the colleagues, it pays good. Sure its a lot of work, but Im genuinely interested. For my entire life weve been poor, never had enough money. And now? It seems like there might be a chance to get out of it! It seems like my entire future might change, from me being able to move together with my gf, to finally having some money. And Im so terrified of it. My brain feels like its been deep fried, I cant handle all this everything will probably be ok! And I know I should be happy about it. But I just cant. I have the urge to ruin it again, just so I can fulfill my dumb ass views on my future. No, I know I wont say no to the job offer IF I get it, but otherwise. Everything seems so damn scary to me. I get a lot of panic attacks lately about it. Dunno. Has anyone ever felt that? What did you do to cope with it?",Comorbid (Depression + Anxiety),{'depression':'no'}
4folzf,Taking my first step,"Hello everyone. I'm new to this sub and in truth new to depression in general. I can't even begin to get an idea of how long I have had this disease, what life was like before it or what happiness truly is. I had an incredibly rough weekend that completely depleted my already low reserves of physical mental and emotional energy. Monday evening I was sitting down with my ex just hanging out and everything I had bottled up inside decided it had enough and wanted to come out. I broke down emotionally and spoke my mind, about how I felt, where I feel I am, and how life just feels pointless and existence alone is enough to get me by. After over an hour of talking i came to the realization that something was wrong and that I had a problem. We spoke for a little while longer and she did everything she could to help me feel better. I decided that night that enough was enough and I wanted to make a change. So the next day I went to a local psychiatric walk in clinic and spoke with a therapist. I can honestly say that after only an hour even though I knew things were not 100% better that I had taken a small weight off my shoulders. I'm going to keep pushing forward and fight this disease and my first steps are recurring visits with therapists and a psychiatrist and a partial program through a local hospital. After yesterday I know I'm not alone and that even though it will be a hard fought battle depression is something I can beat. I'm truly tired of not giving a shit and today I make my first steps toward changing that.","[1, 0]",{'depressive_disorder'},"Taking my first step. Hello everyone. Im new to this sub and in truth new to depression in general. I cant even begin to get an idea of how long I have had this disease, what life was like before it or what happiness truly is. I had an incredibly rough weekend that completely depleted my already low reserves of physical mental and emotional energy. Monday evening I was sitting down with my ex just hanging out and everything I had bottled up inside decided it had enough and wanted to come out. I broke down emotionally and spoke my mind, about how I felt, where I feel I am, and how life just feels pointless and existence alone is enough to get me by. After over an hour of talking i came to the realization that something was wrong and that I had a problem. We spoke for a little while longer and she did everything she could to help me feel better. I decided that night that enough was enough and I wanted to make a change. So the next day I went to a local psychiatric walk in clinic and spoke with a therapist. I can honestly say that after only an hour even though I knew things were not 100 better that I had taken a small weight off my shoulders. Im going to keep pushing forward and fight this disease and my first steps are recurring visits with therapists and a psychiatrist and a partial program through a local hospital. After yesterday I know Im not alone and that even though it will be a hard fought battle depression is something I can beat. Im truly tired of not giving a shit and today I make my first steps toward changing that.",Depression,{'depression':'yes'}
4sih9f,I want to get drunk because I see no reason not to ?,"Hello friends, I have been sober for 67 days now! success! This is my longest sober streak by over 40 days so I'm pretty proud. However, I have suddenly gotten into this slump where I am really desiring to get drunk. And all of a sudden I stopped caring about staying sober. 
 
 
 My motivation used to be that I didn't want to hurt the people I cared about anymore by getting wasted and I wanted to be sober for myself, to be a better version of myself. I know drinking just wrecks me and I feel like I just am losing sense of caring about that. I don't care that I'm wrecking myself. I almost feel like I want to be a wreck again. 
 
 
 I am slipping into a deep depression again and lots of things in my life are really unstable right now and I know that's all just making a hard time for myself. 
 But I know drinking isn't the solution as much as I want it to be.
 
 
 I thought I was getting better because in the first month, really stressful things happened and I was tempted to drink but I also wanted to be sober through it, and I was. But for some reason I feel like I lost that motivation. 
 
 
 So I guess this is a long way of asking, how do you stay sober when you stop caring about staying sober?","[1, 0]",{'depressive_disorder'},"I want to get drunk because I see no reason not to . Hello friends, I have been sober for 67 days now! success! This is my longest sober streak by over 40 days so Im pretty proud. However, I have suddenly gotten into this slump where I am really desiring to get drunk. And all of a sudden I stopped caring about staying sober. My motivation used to be that I didnt want to hurt the people I cared about anymore by getting wasted and I wanted to be sober for myself, to be a better version of myself. I know drinking just wrecks me and I feel like I just am losing sense of caring about that. I dont care that Im wrecking myself. I almost feel like I want to be a wreck again. I am slipping into a deep depression again and lots of things in my life are really unstable right now and I know thats all just making a hard time for myself. But I know drinking isnt the solution as much as I want it to be. I thought I was getting better because in the first month, really stressful things happened and I was tempted to drink but I also wanted to be sober through it, and I was. But for some reason I feel like I lost that motivation. So I guess this is a long way of asking, how do you stay sober when you stop caring about staying sober?",Depression,{'depression':'yes'}
6owyg0,Please Try to Help Me,"Hello there Everyone, 
 
  I am 20 and my life has been normal. I was diagnosed with depression when I was 12, but never really hit me til I was 14. Now why I do have depression I have came here to discuss a problem before my depression. Ever since I could remember I was obsessed with the elegant destruction of... flame. Fire just grabs me and it smells like a field of roses. My depression has gotten worse with the passing of my grandmother. I remember her telling me ""The flame may draw you in, but it will burn you out."" Before her passing, my parents separated and it's been a constant battle. It seems I couldn't suppress the captivation of flame. When I look at fires now, I have images in my head of house fires. I'm left wondering why... what scares me is I black out sometimes and I don't know what I do. The most time I've lost is 56 hour in one blackout. Now, I know there's been at least 4 houses burnt during some of my black outs. Easily 40 minutes bike rides which I love doing. Some of my flamables are missing too. I don't believe I did it, but could I have? I couldn't find a places for Pyromania. Sorry for wasting your time.","[1, 1]","{'depressive_disorder', 'anxiety_disorder'}","Please Try to Help Me. Hello there Everyone, I am 20 and my life has been normal. I was diagnosed with depression when I was 12, but never really hit me til I was 14. Now why I do have depression I have came here to discuss a problem before my depression. Ever since I could remember I was obsessed with the elegant destruction of. flame. Fire just grabs me and it smells like a field of roses. My depression has gotten worse with the passing of my grandmother. I remember her telling me The flame may draw you in, but it will burn you out. Before her passing, my parents separated and its been a constant battle. It seems I couldnt suppress the captivation of flame. When I look at fires now, I have images in my head of house fires. Im left wondering why. what scares me is I black out sometimes and I dont know what I do. The most time Ive lost is 56 hour in one blackout. Now, I know theres been at least 4 houses burnt during some of my black outs. Easily 40 minutes bike rides which I love doing. Some of my flamables are missing too. I dont believe I did it, but could I have? I couldnt find a places for Pyromania. Sorry for wasting your time.",Comorbid (Depression + Anxiety),{'depression':'yes'}
7ep4q7,Nothing is getting better,"Hello, I don't really know where to start. I guess for a little background info, I have depression, anxiety, and OCD. I've been self harming for 6 and a half years, my longest clean streak only being three months. 
 
 Recently things have been pretty rough for me. I'm not too sure why but I've been very down for no reason. Self harming more often and more severe and thinking about suicide. 
 
 There's been a lot of drama in my life but I didn't think it would affect me as much as it has. 
 
 On Friday night I cut to fat for the first time. It was scary but also exciting. I gave my blades to my friend because I couldn't trust myself. Something about the deepness was appealing. Since then I've been thinking about slitting my wrists enough to kill me or downing all of my medication. 
 
 Late Sunday night / early Monday morning it got bad. I figured out I was getting cheated on. I immediately broke down. I wanted to cut out my friend had my tools, I thought about just taking all the pills I could find. Anything. I messaged my friend instead and ended up driving home (I live on campus).
 
 So I drove 2 hours in the dark with only 4 hours of sleep in the past 48 hours. I either can't sleep or sleep all day, I can't eat, I can't stop thinking or shaking and suicide just seems like the right way to go. I know it's where I'll end up eventually anyways.","[1, 1]","{'depressive_disorder', 'anxiety_disorder'}","Nothing is getting better. Hello, I dont really know where to start. I guess for a little background info, I have depression, anxiety, and OCD. Ive been self harming for 6 and a half years, my longest clean streak only being three months. Recently things have been pretty rough for me. Im not too sure why but Ive been very down for no reason. Self harming more often and more severe and thinking about suicide. Theres been a lot of drama in my life but I didnt think it would affect me as much as it has. On Friday night I cut to fat for the first time. It was scary but also exciting. I gave my blades to my friend because I couldnt trust myself. Something about the deepness was appealing. Since then Ive been thinking about slitting my wrists enough to kill me or downing all of my medication. Late Sunday night early Monday morning it got bad. I figured out I was getting cheated on. I immediately broke down. I wanted to cut out my friend had my tools, I thought about just taking all the pills I could find. Anything. I messaged my friend instead and ended up driving home I live on campus. So I drove 2 hours in the dark with only 4 hours of sleep in the past 48 hours. I either cant sleep or sleep all day, I cant eat, I cant stop thinking or shaking and suicide just seems like the right way to go. I know its where Ill end up eventually anyways.",Comorbid (Depression + Anxiety),{'depression':'yes'}
f38cfi,Need some guidance desperately,"Hello. This will be rather long because a lot has happened in the past few months of my life.
 
 I have been diagnosed with depression since I was 14. Im an adult now and still struggle immensely with this. 
 
 Recently, I just went through a breakup. Its been very hard on me because I have idolized the idea of being in love since I was a child, since nobody really loved me. I was alone for the longest time [and fine with it], and now I just find myself craving the love again. The excitement of it, the pure happiness of knowing that there is someone out there who loves you. I experience platonic and familial love daily, but once I experienced my first romantic relationship, I just yearn for the romantics again. 
 
 I really have just been upset and consistently wondering if my ex had really loved me. They said some partially bad stuff when they broke up with me. And its getting to my head, really bad. Wondering if I even deserve to be loved. Not to mention, Im pretty suicidal. [No need to contact or leave emergency information, I know who to call if I have thoughts on acting on it.]
 
 I know breakups are suppose to hurt, but as someone who is pretty much obsessed with their significant other it really hurts. And my depression makes it even worse. 
 
 If anyone has some advice or questions, please let me know. Im really really looking for just someone to listen to me. I feel like a terrible person and like I did something to deserve this. And it especially sucks near Valentines day.","[1, 0]",{'depressive_disorder'},"Need some guidance desperately. Hello. This will be rather long because a lot has happened in the past few months of my life. I have been diagnosed with depression since I was 14. Im an adult now and still struggle immensely with this. Recently, I just went through a breakup. Its been very hard on me because I have idolized the idea of being in love since I was a child, since nobody really loved me. I was alone for the longest time and fine with it, and now I just find myself craving the love again. The excitement of it, the pure happiness of knowing that there is someone out there who loves you. I experience platonic and familial love daily, but once I experienced my first romantic relationship, I just yearn for the romantics again. I really have just been upset and consistently wondering if my ex had really loved me. They said some partially bad stuff when they broke up with me. And its getting to my head, really bad. Wondering if I even deserve to be loved. Not to mention, Im pretty suicidal. No need to contact or leave emergency information, I know who to call if I have thoughts on acting on it. I know breakups are suppose to hurt, but as someone who is pretty much obsessed with their significant other it really hurts. And my depression makes it even worse. If anyone has some advice or questions, please let me know. Im really really looking for just someone to listen to me. I feel like a terrible person and like I did something to deserve this. And it especially sucks near Valentines day.",Depression,{'depression':'yes'}
db0uwb,Here's a prayer,"Here's a prayer to myself.
 

 
 That I never forget to live and experience this wonderful thing called life.
 

 
 That I commit myself to achieveing my objectives, but that I also remember that failing is normal and that it is important for growing.
 

 
 That I manage to experience all ranges of human emotions, as they are all important and necessary if I want to truly understand what it means to be human.
 

 
 That I always try to help others around me, even though I know that I can't fix everything in the world.
 

 
 That there will be bad moments, but life doesn't have to be a constant state of grief. There will be good moments too. There are those who will prefer to see life on the bad side of things, but I choose not to. I choose to see both the good and bad, but to focus on what is good.
 

 
 That I don't punish myself too much for my own mistakes, as we are all human.
 

 
 That as dire as the situation may be, it is never the end of the world.
 

 
 That I smile more than I cry.
 

 
 That I always try to connect with people, because, in the end, people are all that matters, not money or status.
 

 
 So that when I look back at all I did and lived, I can smile and think to myself that it was all worth it, both the good and the bad moments.
 

 
 Here's to all of us!","[0, 0]",{'control_group'},"Heres a prayer. Heres a prayer to myself. That I never forget to live and experience this wonderful thing called life. That I commit myself to achieveing my objectives, but that I also remember that failing is normal and that it is important for growing. That I manage to experience all ranges of human emotions, as they are all important and necessary if I want to truly understand what it means to be human. That I always try to help others around me, even though I know that I cant fix everything in the world. That there will be bad moments, but life doesnt have to be a constant state of grief. There will be good moments too. There are those who will prefer to see life on the bad side of things, but I choose not to. I choose to see both the good and bad, but to focus on what is good. That I dont punish myself too much for my own mistakes, as we are all human. That as dire as the situation may be, it is never the end of the world. That I smile more than I cry. That I always try to connect with people, because, in the end, people are all that matters, not money or status. So that when I look back at all I did and lived, I can smile and think to myself that it was all worth it, both the good and the bad moments. Heres to all of us!",Normal,{'depression':'no'}
lo2ym5,Pregabalin (Lyrica) vs Gabapentin for Social Anxiety,"Hey dear people,
 
 Im suffering from depression and social anxiety (main source of my depression) since I was 15. Today Im 21 and my whole life was suffering and having negative thoughts beginning when I open up my eyes in the morning. 
 
 Social Anxiety restricts my life too much in every aspect, friends, hobbys, having a true romantic relationship, going outside or just being myself. So result: big depression, self worth issues and perspectivelessness as well as future anxiety.
 
 I tried about 8 meds already (SSRIs, SNRIs, MAOI (Moclobemide), 2 depth psychological therapies and right now I˜m on a tricyclic antidepressant (Amitriptyline 100mg) and in a behavioral therapy. Nothing worked or works. 
 
 My doc and I already talked about the possibilities of Pregabalin and Gabapentin as all other meds didn˜t work for me and take away a big part and so much time of my life which no one will be able to give me back.
 
 What is the better alternative for social anxiety? Gabapentin or Pregabalin. I heard that Pregabalin is a stronger anxiolytic but also more addicting and tolerance-building.
 
 What are your suggestions or experiences? Are you on any of those two meds? What effects do they give you and what changes did you recognize in your life, socializing and social anxiety since taking them?
 
 Thank you!","[1, 1]","{'depressive_disorder', 'anxiety_disorder'}","Pregabalin Lyrica vs Gabapentin for Social Anxiety. Hey dear people, Im suffering from depression and social anxiety main source of my depression since I was 15. Today Im 21 and my whole life was suffering and having negative thoughts beginning when I open up my eyes in the morning. Social Anxiety restricts my life too much in every aspect, friends, hobbys, having a true romantic relationship, going outside or just being myself. So result big depression, self worth issues and perspectivelessness as well as future anxiety. I tried about 8 meds already SSRIs, SNRIs, MAOI Moclobemide, 2 depth psychological therapies and right now Im on a tricyclic antidepressant Amitriptyline 100mg and in a behavioral therapy. Nothing worked or works. My doc and I already talked about the possibilities of Pregabalin and Gabapentin as all other meds didnt work for me and take away a big part and so much time of my life which no one will be able to give me back. What is the better alternative for social anxiety? Gabapentin or Pregabalin. I heard that Pregabalin is a stronger anxiolytic but also more addicting and tolerancebuilding. What are your suggestions or experiences? Are you on any of those two meds? What effects do they give you and what changes did you recognize in your life, socializing and social anxiety since taking them? Thank you!",Comorbid (Depression + Anxiety),{'depression':'yes'}
7pi1nq,First relationship and constantly worrying :(,"Hey guys,
 
 I'm a 24-year-old woman in her first relationship ever and instead of being happy I'm scared as hell and constantly worrying about everything. :( It's absolutely horrible. 
 
 
 We're together now for a month and I haven't quite realized it. I'm thinking about all the things that are wrong, that could be wrong and will turn out wrong etc. I've even thought about ending it because I feel so miserable. But that would hurt me and especially my boyfriend, I don't wanna cause him any pain. :( I want us both to be happy and enjoy it. 
 
 I'm a very insecure person and there are some things that people tell me that cause even more insecurity. Like how I am žsupposed to feel, they ask me questions like žDo you feel a spark? Do you have any butterflies in your stomach? etc. that kinda stuff and I'm just saying žno or žI don't know. Then they ask me why we're even together, that this doesn't sound like a relationship and that we're better off as friends. Thanks very much. :( 
 
 I think that anxiety is the only emotion I feel right now, which is the reason there isn't any room for other emotions? All the happy thoughts are gone... When he kisses me I'm worrying about doing it right, I'm very tense (it hurts physically) and when I don't feel any žbutterflies I'm scared that this isn't right. How the hell am I supposed to enoy it? 
 
 Any advice? :( I wish I could stop my mind from thinking.","[0, 1]",{'anxiety_disorder'},"First relationship and constantly worrying . Hey guys, Im a 24yearold woman in her first relationship ever and instead of being happy Im scared as hell and constantly worrying about everything. Its absolutely horrible. Were together now for a month and I havent quite realized it. Im thinking about all the things that are wrong, that could be wrong and will turn out wrong etc. Ive even thought about ending it because I feel so miserable. But that would hurt me and especially my boyfriend, I dont wanna cause him any pain. I want us both to be happy and enjoy it. Im a very insecure person and there are some things that people tell me that cause even more insecurity. Like how I am supposed to feel, they ask me questions like Do you feel a spark? Do you have any butterflies in your stomach? etc. that kinda stuff and Im just saying no or I dont know. Then they ask me why were even together, that this doesnt sound like a relationship and that were better off as friends. Thanks very much. I think that anxiety is the only emotion I feel right now, which is the reason there isnt any room for other emotions? All the happy thoughts are gone. When he kisses me Im worrying about doing it right, Im very tense it hurts physically and when I dont feel any butterflies Im scared that this isnt right. How the hell am I supposed to enoy it? Any advice? I wish I could stop my mind from thinking.",Anxiety,{'depression':'no'}
hc1lak,New at-home machine is actually helping my mental health get better!,"Hey guys, I wanted to share this new machine that Ive been using for my mental health at home for about 2 and a half weeks that is actually working. I met with a specialist to talk about my mental health and kinda what other options I could do then medication since Ive been on a ton of meds with no success. The machine is called the Alpha-Stim M, and you can get it on their website [alpha-stim.com](https://alpha-stim.com). It is kind of expensive, but I wanted to share it with you guys if youre like me and medications have failed you. It helps with anxiety, depression, pain, and headaches. I have scoliosis so I have had bad back pain daily for years and its helping with that too as well as my headaches that Ive had forever as well. The machine kinda looks like a cell phone with earbuds attached. Basically, to use it you just turn it on and clip the earbuds to your earlobes for half an hour/forty minutes. It has different time settings. It sends a slight microcurrent through your brain and to me is a lot less scarier than TMS or ECT. Its also a lot cheaper. I wasnt quite sure about this machine when my parents got it for me, but its actually working! Its SO weird to feel somewhat better after nine months of nothing, but my parents are overjoyed that it works. Hopefully this might help you guys!","[0, 0]",{'control_group'},"New athome machine is actually helping my mental health get better. Hey guys, I wanted to share this new machine that Ive been using for my mental health at home for about 2 and a half weeks that is actually working. I met with a specialist to talk about my mental health and kinda what other options I could do then medication since Ive been on a ton of meds with no success. The machine is called the AlphaStim M, and you can get it on their website alphastim.com. It is kind of expensive, but I wanted to share it with you guys if youre like me and medications have failed you. It helps with anxiety, depression, pain, and headaches. I have scoliosis so I have had bad back pain daily for years and its helping with that too as well as my headaches that Ive had forever as well. The machine kinda looks like a cell phone with earbuds attached. Basically, to use it you just turn it on and clip the earbuds to your earlobes for half an hourforty minutes. It has different time settings. It sends a slight microcurrent through your brain and to me is a lot less scarier than TMS or ECT. Its also a lot cheaper. I wasnt quite sure about this machine when my parents got it for me, but its actually working! Its SO weird to feel somewhat better after nine months of nothing, but my parents are overjoyed that it works. Hopefully this might help you guys!",Normal,{'depression':'no'}
bcjvv6,I've gained 51 lbs in the past 3-4 years because of my depression (+anxiety),"Hey guys!
 
 (Throwaway account, woo!)
 
 I've been suffering from pretty severe depression since I was around 13 years old. I always knew I was depressed, but getting diagnosed with anxiety changed my outlook on things and I figured it was just my anxiety making me feel the way I feel. Flash forwards to October of this year when I got diagnosed with severe depression, I can 100% say this weight gain stems from it.
 
 I quit dance three years back and since then the weight has been steadily piling on.
 
 But now, as I've just gotten home from school I've been faced with a bigger slap in the face then I've experienced in the past 8 months. I decided to weigh myself, remembering in August how my weight was around 160 lbs. I weighed in at 174.5 lbs, meaning I've had over a ten pound weight gain in 8 months. I'm only 5'3"" and I feel absolutely disgusting about myself. I know I've been eating a lot lately but I didn't think it was this bad. How could I let myself get so out of control? I don't even know where to begin. I've tried to control my eating habits but I always end up binging again. I feel disgusting and unattractive and I'm beginning to panic. I do NOT want to be this big. Has anyone else felt this way lately? I could just use some words of encouragement, I don't know.","[1, 1]","{'depressive_disorder', 'anxiety_disorder'}","Ive gained 51 lbs in the past 34 years because of my depression +anxiety. Hey guys! Throwaway account, woo! Ive been suffering from pretty severe depression since I was around 13 years old. I always knew I was depressed, but getting diagnosed with anxiety changed my outlook on things and I figured it was just my anxiety making me feel the way I feel. Flash forwards to October of this year when I got diagnosed with severe depression, I can 100 say this weight gain stems from it. I quit dance three years back and since then the weight has been steadily piling on. But now, as Ive just gotten home from school Ive been faced with a bigger slap in the face then Ive experienced in the past 8 months. I decided to weigh myself, remembering in August how my weight was around 160 lbs. I weighed in at 174.5 lbs, meaning Ive had over a ten pound weight gain in 8 months. Im only 53 and I feel absolutely disgusting about myself. I know Ive been eating a lot lately but I didnt think it was this bad. How could I let myself get so out of control? I dont even know where to begin. Ive tried to control my eating habits but I always end up binging again. I feel disgusting and unattractive and Im beginning to panic. I do NOT want to be this big. Has anyone else felt this way lately? I could just use some words of encouragement, I dont know.",Comorbid (Depression + Anxiety),{'depression':'yes'}
ho69tc,Unsuccessful,"Hey reddit, I was diagnosed with depression 1 year ago and its really sidelined my life. Im a junior in high school now and I shouldnt be worried about this, but I feel as if I havent done anything to feel proud of and every time I try it ends with failure. I fear that Ill never be as successful as my peers or even my brother (former Nationally ranked debate champion and current debate coach at my high school). All my peers have been successful in their personal and after school endeavors and Ive just been left behind. Friends (used loosely) have been getting into creative art schools, performing in national music associations, or even just being lucky enough to be in a relationship. Well I got kicked out of my high school band and weightlifting team, been making mediocre grades (despite my best efforts to the contrary), been ghosted 5 times by girls I was interested in, failed multiple musical auditions, have been slowly losing friends and getting into verbal fights with my parents. Im not a bad kid really its just Im irrationally angry at myself for not being good enough. I feel as if I havent progressed in life and have constantly been going in circles. I know I havent lived a full quarter of my life but I fear this is a precursor to what will happen to me in the future.","[1, 1]","{'depressive_disorder', 'anxiety_disorder'}","Unsuccessful. Hey reddit, I was diagnosed with depression 1 year ago and its really sidelined my life. Im a junior in high school now and I shouldnt be worried about this, but I feel as if I havent done anything to feel proud of and every time I try it ends with failure. I fear that Ill never be as successful as my peers or even my brother former Nationally ranked debate champion and current debate coach at my high school. All my peers have been successful in their personal and after school endeavors and Ive just been left behind. Friends used loosely have been getting into creative art schools, performing in national music associations, or even just being lucky enough to be in a relationship. Well I got kicked out of my high school band and weightlifting team, been making mediocre grades despite my best efforts to the contrary, been ghosted 5 times by girls I was interested in, failed multiple musical auditions, have been slowly losing friends and getting into verbal fights with my parents. Im not a bad kid really its just Im irrationally angry at myself for not being good enough. I feel as if I havent progressed in life and have constantly been going in circles. I know I havent lived a full quarter of my life but I fear this is a precursor to what will happen to me in the future.",Comorbid (Depression + Anxiety),{'depression':'yes'}
gq9w52,My mom won't let me take any medicine. Send help.,"Hey there, 
 
 I have developed pretty bad depression and anxiety that lasted 7 months I don't even know what to do with them. Initially I went with my mom to a neurologist and he said my brain is fucked and I need to take a lot of meds to heal but my mom won't let me. So after that I just went silent. Prior to this I have had some family issues: parents broke up right during my birthday and I just got fucking sad because I felt guilty that I was even born. I thought that if I wasn't born, there would be less problems and my mom would have left dad for a better person (dad cheated on her for 13 years, I did convince my mom that he had some kind of girlfriend but won't believe me, and only noticed him cheating after he explicitly told mom that he had a 2yo baby with his girlfriend). My mom just acted like a total ass afterwards and basically made me do everything in the house. (My dad usually cooks so after he delivers the meals to my house I have to prepare his meals for her, clean her dishes, and take care of laundry, bla bla bla...). She is VERY RUDE towards me although without me, she would have starved coming back home lol. I've beginning to become very suicidal and I don't know if I can last longer. My mother considers me and my mental illness as a joke. 
 
 Send advice and help please.
 
 I want to fucking die.","[1, 0]",{'depressive_disorder'},"My mom wont let me take any medicine. Send help. Hey there, I have developed pretty bad depression and anxiety that lasted 7 months I dont even know what to do with them. Initially I went with my mom to a neurologist and he said my brain is fucked and I need to take a lot of meds to heal but my mom wont let me. So after that I just went silent. Prior to this I have had some family issues parents broke up right during my birthday and I just got fucking sad because I felt guilty that I was even born. I thought that if I wasnt born, there would be less problems and my mom would have left dad for a better person dad cheated on her for 13 years, I did convince my mom that he had some kind of girlfriend but wont believe me, and only noticed him cheating after he explicitly told mom that he had a 2yo baby with his girlfriend. My mom just acted like a total ass afterwards and basically made me do everything in the house. My dad usually cooks so after he delivers the meals to my house I have to prepare his meals for her, clean her dishes, and take care of laundry, bla bla bla.. She is VERY RUDE towards me although without me, she would have starved coming back home lol. Ive beginning to become very suicidal and I dont know if I can last longer. My mother considers me and my mental illness as a joke. Send advice and help please. I want to fucking die.",Depression,{'depression':'yes'}
7qr21e,My thoughts are ruining my relationships,"Hey,
 
 First of all: I don't know if I have depression, but people often told me I seem depressed. I've never spoken with a therapist about it. 
 
 I just felt like this is the right subreddit cuz I hope you guys understand me. I normally have PMS but right now it's just 80% worse than usual. Maybe that's also part of the problem.
 
 I'm in my first relationship ever. It took us a long time to get together. Now instead of being happy I feel... numb? Or scared. I'm fucking afraid to ruin everything. I'm constantly overthinking things, doubting my feelings, thinking my bf is better off without me. I'm just so confused. Where are all my happy thoughts? The main problem is that some people out there tell me that my feelings aren't enough to be in a relationship with him. Sounds more like we're best friends. I don't feel any spark/butterflies, I don't get nervous around him. I like him very very much, can't imagine being without him. It just feels familiar to be with him. I dreamt of having sex with him... I'm normally a very distant, shy person due to the way i was brought up so hugs and all that stuff are things I'm not used to. I've even wondered if I'm asexual. 
 
 Any advice? Do you also think this relationship is wrong? My thoughts are killing me. I feel horrible. :( I really want this to work out. 
 
 TLDR: First relationship, doubting everything because of what other people say, feeling horrible/depressed :(","[0, 0]",{'control_group'},"My thoughts are ruining my relationships. Hey, First of all I dont know if I have depression, but people often told me I seem depressed. Ive never spoken with a therapist about it. I just felt like this is the right subreddit cuz I hope you guys understand me. I normally have PMS but right now its just 80 worse than usual. Maybe thats also part of the problem. Im in my first relationship ever. It took us a long time to get together. Now instead of being happy I feel. numb? Or scared. Im fucking afraid to ruin everything. Im constantly overthinking things, doubting my feelings, thinking my bf is better off without me. Im just so confused. Where are all my happy thoughts? The main problem is that some people out there tell me that my feelings arent enough to be in a relationship with him. Sounds more like were best friends. I dont feel any sparkbutterflies, I dont get nervous around him. I like him very very much, cant imagine being without him. It just feels familiar to be with him. I dreamt of having sex with him. Im normally a very distant, shy person due to the way i was brought up so hugs and all that stuff are things Im not used to. Ive even wondered if Im asexual. Any advice? Do you also think this relationship is wrong? My thoughts are killing me. I feel horrible. I really want this to work out. TLDR First relationship, doubting everything because of what other people say, feeling horribledepressed",Normal,{'depression':'yes'}
a2uokq,I feel like I'm trapped in my own mind,"Hi all,
 
 I'm a 24F, diagnosed with depression, GAD and PTSD at 16 due to a turbulent upbringing. 
 
 6 months ago, I escaped an abusive relationship that lasted two years. This impacted my whole life as I knew it, I stopped going to Uni, I quit my full time job and became isolated from friends and family. 
 
 Since then, I have been in therapy (which has been great) but I am also highly dependant on weed. It helps to calm my mind. 
 
 Lately, I have been smoking less as I'm trying not to numb myself and face what I'm feeling and work through it. I now have a part time job and have begun rebuilding relationships. 
 
 Now I feel like I'm trapped in my own mind. I can't seem to focus on anything, my attention span is basically non-existent, I feel like a complete failure and completely lost. I feel like I failed myself with my education, I'm struggling financially, I feel so completely incapable of being an adult. I'm ashamed and embarrassed. I just want to scream until I can't think anymore. 
 
 Today is the hardest day I've had in a while. I feel like my mind is ripping me apart and I can't find a way to stifle the noise. All I want to do is run and hide.
 
 Any advice would be greatly appreciated","[1, 1]","{'depressive_disorder', 'anxiety_disorder'}","I feel like Im trapped in my own mind. Hi all, Im a 24F, diagnosed with depression, GAD and PTSD at 16 due to a turbulent upbringing. 6 months ago, I escaped an abusive relationship that lasted two years. This impacted my whole life as I knew it, I stopped going to Uni, I quit my full time job and became isolated from friends and family. Since then, I have been in therapy which has been great but I am also highly dependant on weed. It helps to calm my mind. Lately, I have been smoking less as Im trying not to numb myself and face what Im feeling and work through it. I now have a part time job and have begun rebuilding relationships. Now I feel like Im trapped in my own mind. I cant seem to focus on anything, my attention span is basically nonexistent, I feel like a complete failure and completely lost. I feel like I failed myself with my education, Im struggling financially, I feel so completely incapable of being an adult. Im ashamed and embarrassed. I just want to scream until I cant think anymore. Today is the hardest day Ive had in a while. I feel like my mind is ripping me apart and I cant find a way to stifle the noise. All I want to do is run and hide. Any advice would be greatly appreciated",Comorbid (Depression + Anxiety),"{""depression"": ""yes""}"
jt1hzm,"When I'm in the wrong, I'm in the wrong.","Hi all, 
 I'm recently diagnosed BPD, and I have trouble sometimes understanding my actions.
 
 When my ex left me, I lost control. I was up and down all over the place. It was messy and I did and said things that were not nice. As much as my emotion and intention was good, and I wanted to heal, not harm, I still ended up harming.
 
 My ex said to me recently, that I need to understand that the emotion doesn't matter, the intention doesn't matter. When you're wrong, you're wrong. I have trouble accepting this, because I strongly felt that what I did, as hurtful as it was (although at the time, I was solidly focused on trying to repair), I felt my intentions were good.
 
 Does anyone have any coping strategies for this, how I begin to accept this? I know, objectively, what I said was hurtful, it was awful. But my emotions feel like they're trying to tell me ""You tried to do good, you were trying to help someone, you can't be blamed"". I guess I struggle at finding the right words to express what my intentions truly are, because they never seem to match up, and I begin to feel like I'm lying to myself. 
 
 All thoughts welcome, open to trying anything.","[0, 0]",{'control_group'},"When Im in the wrong, Im in the wrong. Hi all, Im recently diagnosed BPD, and I have trouble sometimes understanding my actions. When my ex left me, I lost control. I was up and down all over the place. It was messy and I did and said things that were not nice. As much as my emotion and intention was good, and I wanted to heal, not harm, I still ended up harming. My ex said to me recently, that I need to understand that the emotion doesnt matter, the intention doesnt matter. When youre wrong, youre wrong. I have trouble accepting this, because I strongly felt that what I did, as hurtful as it was although at the time, I was solidly focused on trying to repair, I felt my intentions were good. Does anyone have any coping strategies for this, how I begin to accept this? I know, objectively, what I said was hurtful, it was awful. But my emotions feel like theyre trying to tell me You tried to do good, you were trying to help someone, you cant be blamed. I guess I struggle at finding the right words to express what my intentions truly are, because they never seem to match up, and I begin to feel like Im lying to myself. All thoughts welcome, open to trying anything.",Normal,{'depression':'no'}
6vubzc,Walked out of a mock exam today and don't know why - advice appreciated,"Hi all! So I was diagnosed about 3 years ago with depression and since then have had ups and downs. I'm in a better place than I was 3 years ago, but some of my attitudes are starting to scare me.
 
 So I am studying for my chartered accountancy exams. I have done 12 and all first time passes. However today I had to do a mock exam for number 15 and final (13 and 14 to be done in interim) - it's a 4h business case study exam and after 1h I decided to leave. Now in my head I knew I should have stayed and just got on with it (mock exam, everybody unprepared, marks didn't matter etc..).
 
 My worry is that normally I just get my head down and get on with exams, whereas I can't seem to do that at the moment. Anybody else experienced similar issues? I also don't know if am using depression as a crutch or if it is the issue. Or to be more accurate, what the ratio is.
 
 Other problems with depression for me are overeating and a tendency to be exhausted and spend a lot of time in bed (mostly awake). 
 
 I want to believe I'm in control of myself but increasingly feel like I'm slipping away and that my mind isn't my own etc... I also believe I'm much luckier than others. I have a job, a loving fiancÃ©e (who doesn't love with me yet, it's long distance, but she is amazing) and ostensibly things are going well and will go well.
 
 Not sure if this post made sense. But im scared about how I feel now and more so, scared about it continuing. If anybody has any advice I'd really appreciate it.","[1, 1]","{'depressive_disorder', 'anxiety_disorder'}","Walked out of a mock exam today and dont know why advice appreciated. Hi all! So I was diagnosed about 3 years ago with depression and since then have had ups and downs. Im in a better place than I was 3 years ago, but some of my attitudes are starting to scare me. So I am studying for my chartered accountancy exams. I have done 12 and all first time passes. However today I had to do a mock exam for number 15 and final 13 and 14 to be done in interim its a 4h business case study exam and after 1h I decided to leave. Now in my head I knew I should have stayed and just got on with it mock exam, everybody unprepared, marks didnt matter etc.. My worry is that normally I just get my head down and get on with exams, whereas I cant seem to do that at the moment. Anybody else experienced similar issues? I also dont know if am using depression as a crutch or if it is the issue. Or to be more accurate, what the ratio is. Other problems with depression for me are overeating and a tendency to be exhausted and spend a lot of time in bed mostly awake. I want to believe Im in control of myself but increasingly feel like Im slipping away and that my mind isnt my own etc. I also believe Im much luckier than others. I have a job, a loving fiance who doesnt love with me yet, its long distance, but she is amazing and ostensibly things are going well and will go well. Not sure if this post made sense. But im scared about how I feel now and more so, scared about it continuing. If anybody has any advice Id really appreciate it.",Comorbid (Depression + Anxiety),{'depression':'yes'}
4d2x50,Hitting a low point. Can't find my way back up.,"Hi all.
 
 I'm at a low point. I'm currently taking sertraline and for a while they made me feel great but now I've hit a low point again. It was triggered by problems with my finances, and stupid stuff like washing my MP3 player in the washing machine and the girl I like being too busy to talk to me.
 
 Today, I was locked out of my Twitter account. That might sound dumb and inconsequential but for me it was important because I was cut off from a lot of my friends and social interaction I don't otherwise get. I'm quite a lonely person and being cut off from that social interaction has left me feeling lonely all day. On top of that I was locked out of my house earlier and left sitting on the front porch for 20 minutes waiting for my parents to get home.
 
 I called a suicide hotline earlier after telling a few friends I thought I might do it tonight. I thought about it but I'm too chicken. A bunch of my friends have told me to check in to a hospital and some have even threatened to all the police. I don't have the energy to even think right now. My eyes are stinging from crying earlier.
 
 I am at the end of my rope. I don't think there's a doctor in the land that can help me. I don't think I can save myself. I don't know what's wrong with me. I want to get better. But I'm not getting better. I am starting to wonder if killing myself is a viable option.
 
 Sorry. I just had to get that out.","[1, 1]","{'depressive_disorder', 'anxiety_disorder'}","Hitting a low point. Cant find my way back up. Hi all. Im at a low point. Im currently taking sertraline and for a while they made me feel great but now Ive hit a low point again. It was triggered by problems with my finances, and stupid stuff like washing my MP3 player in the washing machine and the girl I like being too busy to talk to me. Today, I was locked out of my Twitter account. That might sound dumb and inconsequential but for me it was important because I was cut off from a lot of my friends and social interaction I dont otherwise get. Im quite a lonely person and being cut off from that social interaction has left me feeling lonely all day. On top of that I was locked out of my house earlier and left sitting on the front porch for 20 minutes waiting for my parents to get home. I called a suicide hotline earlier after telling a few friends I thought I might do it tonight. I thought about it but Im too chicken. A bunch of my friends have told me to check in to a hospital and some have even threatened to all the police. I dont have the energy to even think right now. My eyes are stinging from crying earlier. I am at the end of my rope. I dont think theres a doctor in the land that can help me. I dont think I can save myself. I dont know whats wrong with me. I want to get better. But Im not getting better. I am starting to wonder if killing myself is a viable option. Sorry. I just had to get that out.",Comorbid (Depression + Anxiety),{'depression':'yes'}
czeavp,Will it ever go away?,"Hi guys, 
 
 Im not sure how to start this but Ive been thinking about this for a while now. Sometimes people tell me about how they have had acute depression just to tell me how they overcame it and how good they feel now. I dont want to obnoxious or self centered but I have been diagnosed with clinical depression when I was a child and it never really went by. My doctor told me all my meds do is make the symptoms go away but that I probably have to deal with it my whole life. I dont know how it took me so long but I just got that. I will have it for the rest of my life. My s/o and my sister have to deal with it. I dont know how I just recognized that. 
 
 The point is, Im fine right now. I know how to deal with shit. Im off my meds so I have a few symptoms but I still go out nearly ever day. Its not a major depressed phase. I regularly talk to people. Im working two jobs while going to university. Im completely okay. But I still have physical pain when every time Im doing something that isnt lying in my bed. (Man, does that even make sense?
 
 Ive always known before a really bad phase started. And Im so scared that before I get my meds in October, I will be a fucking piece of shit again, that does exactly nothing. 
 
 I dont know what the conclusion of this is, but thank you for reading it. I just wanted to share my thoughts","[1, 1]","{'depressive_disorder', 'anxiety_disorder'}","Will it ever go away. Hi guys, Im not sure how to start this but Ive been thinking about this for a while now. Sometimes people tell me about how they have had acute depression just to tell me how they overcame it and how good they feel now. I dont want to obnoxious or self centered but I have been diagnosed with clinical depression when I was a child and it never really went by. My doctor told me all my meds do is make the symptoms go away but that I probably have to deal with it my whole life. I dont know how it took me so long but I just got that. I will have it for the rest of my life. My so and my sister have to deal with it. I dont know how I just recognized that. The point is, Im fine right now. I know how to deal with shit. Im off my meds so I have a few symptoms but I still go out nearly ever day. Its not a major depressed phase. I regularly talk to people. Im working two jobs while going to university. Im completely okay. But I still have physical pain when every time Im doing something that isnt lying in my bed. Man, does that even make sense? Ive always known before a really bad phase started. And Im so scared that before I get my meds in October, I will be a fucking piece of shit again, that does exactly nothing. I dont know what the conclusion of this is, but thank you for reading it. I just wanted to share my thoughts",Comorbid (Depression + Anxiety),{'depression':'yes'}
7brise,"How do I tell my professor that I am unmotivated, depressed and have yet to write my 3000 word paper that is due tomorrow.","Hi guys, I need some help. I am so angry at myself, I am a senior in college. The past month, my depression has gotten terrible. I have been unable to find an opening to meet with my therapist for medications, and I have been sleeping in too late to make it to my professor's office hours. I am pretty ashamed of myself. I have had no motivation to do work as well, and have been stressed with finding a full time job and my response has been to just not do anything and lay around.
 
 I thought I would be able to crack the paper down the past week, and I told myself I wanted to go to his office hours, but I did not. I went to the writing center for help with brainstorming, but that failed.
 I am writing this because, it is 12:49 am, and I have writer's block on a paper that is 3000 words and is due at 11:30 am tomorrow. I am mentally exhausted and need to sleep, and I am freaking out. Nothing is coming to my head.
 I have been sick a few times in class because I did not want to go and my professor let me make up the readings, but how can I tell my professor what is up, and why I can't make office hours and that I need help, I am still confused and I need an extension. I did really badly on the last paper and I can't afford to do terrible again.","[1, 0]",{'depressive_disorder'},"How do I tell my professor that I am unmotivated, depressed and have yet to write my 3000 word paper that is due tomorrow. Hi guys, I need some help. I am so angry at myself, I am a senior in college. The past month, my depression has gotten terrible. I have been unable to find an opening to meet with my therapist for medications, and I have been sleeping in too late to make it to my professors office hours. I am pretty ashamed of myself. I have had no motivation to do work as well, and have been stressed with finding a full time job and my response has been to just not do anything and lay around. I thought I would be able to crack the paper down the past week, and I told myself I wanted to go to his office hours, but I did not. I went to the writing center for help with brainstorming, but that failed. I am writing this because, it is 1249 am, and I have writers block on a paper that is 3000 words and is due at 1130 am tomorrow. I am mentally exhausted and need to sleep, and I am freaking out. Nothing is coming to my head. I have been sick a few times in class because I did not want to go and my professor let me make up the readings, but how can I tell my professor what is up, and why I cant make office hours and that I need help, I am still confused and I need an extension. I did really badly on the last paper and I cant afford to do terrible again.",Depression,{'depression':'yes'}
537yo3,What is going on with me?,"Hi guys!
 
 Long storry short, I was diagnosed with depression and OCPD (mild one, so far) half year ago. I got a bit better in last 2 months, not feeling that suicidal and full of regrets anymore, been to 2 festivalssince, had a great time few times since then.
 But apart from those days when I feel good (usually days when I do some activities with friends*), my daily routine looks like this:
 
 1. Wake up and go to work (I have summer job, still a student),
 2. come home, eat, etc.,
 3. spend whole day laying in my bed with my laptop by my side (as I do now) feeling completely numb, no lust for life, just laying there feeling like I don't even exist,
 4. sometimes I go to am. football training (2 times a week, by I think about quiting lately, plus my knee is kinda injured, still gotta see the doctor),
 5. go to sleep and repeat.
 
 And this is how 90% of my days look like. Feeling numb, empty, useless.
 
 Anyone able to tell what is going on with me? Is this till depression? Am I lazy? Do I just pity myself?
 
 *friends; few people I am in contact with, don't really have friends, except maybe one","[1, 0]",{'depressive_disorder'},"What is going on with me. Hi guys! Long storry short, I was diagnosed with depression and OCPD mild one, so far half year ago. I got a bit better in last 2 months, not feeling that suicidal and full of regrets anymore, been to 2 festivalssince, had a great time few times since then. But apart from those days when I feel good usually days when I do some activities with friends, my daily routine looks like this 1. Wake up and go to work I have summer job, still a student, 2. come home, eat, etc., 3. spend whole day laying in my bed with my laptop by my side as I do now feeling completely numb, no lust for life, just laying there feeling like I dont even exist, 4. sometimes I go to am. football training 2 times a week, by I think about quiting lately, plus my knee is kinda injured, still gotta see the doctor, 5. go to sleep and repeat. And this is how 90 of my days look like. Feeling numb, empty, useless. Anyone able to tell what is going on with me? Is this till depression? Am I lazy? Do I just pity myself? friends few people I am in contact with, dont really have friends, except maybe one",Depression,"{""depression"":""yes""}"
8q7pzm,Coming off Anti-Depressants - Fluoxetine,"Hi Reddit,
 
 I was diagnosed with depression two years ago and I was prescribed Fluoxetine by my GP. 
 
 At first I was only on one 20mg pill a day but after 3 months, I had my dose upped to 40mg a day. 
 
 I had been on that dosage since. 
 
 After over a year on these and feeling almost like they had become a placebo, I decided to start lowering my dose back in February this year. I dropped the dosage back down to one pill a day before dropping it to one pill every two days over the course of the last couple of months. 
 
 I took my final pill on that dose yesterday morning and I'm now beginning to brace for the impact of the withdrawal symptoms which are already starting to hit me today as my body seems to be fully aware it's not getting any more.
 
 My question is this, for anyone that has come off Anti\-Depressants (Specifically SSRI's) how hard was the process of getting back to normal? I'm absolutely dreading things I've heard of like ""Brain Zaps"" and generally feeling as crappy as I did before I started to take the medication in the first place.
 
 I have four full boxes of the medication I've managed to rack up during my weaning process. What would be the signs I'd need to take them again?","[1, 0]",{'depressive_disorder'},"Coming off AntiDepressants Fluoxetine. Hi Reddit, I was diagnosed with depression two years ago and I was prescribed Fluoxetine by my GP. At first I was only on one 20mg pill a day but after 3 months, I had my dose upped to 40mg a day. I had been on that dosage since. After over a year on these and feeling almost like they had become a placebo, I decided to start lowering my dose back in February this year. I dropped the dosage back down to one pill a day before dropping it to one pill every two days over the course of the last couple of months. I took my final pill on that dose yesterday morning and Im now beginning to brace for the impact of the withdrawal symptoms which are already starting to hit me today as my body seems to be fully aware its not getting any more. My question is this, for anyone that has come off AntiDepressants Specifically SSRIs how hard was the process of getting back to normal? Im absolutely dreading things Ive heard of like Brain Zaps and generally feeling as crappy as I did before I started to take the medication in the first place. I have four full boxes of the medication Ive managed to rack up during my weaning process. What would be the signs Id need to take them again?",Depression,{'depression':'no'}
5j2905,Self medicating.,"Hi there everyone, I hope your day is going well. I am new to Reddit so this is my first post. I was diagnosed with depression in my early teens and have been on and off meds for about 9 years. Nothing has really worked for me. Now, I'm 22 years old. Depression episodes just hits me like a massive wave. When that happens, I'm usually in a social setting with no escape. It also doesn't help that I have an anxiety disorder that makes it almost impossible to be around people for prolonged periods of time. Those situations take so much outta me. So yeah. The lack of results from antidepressants and just the pure frustration of it all resulted it me self medicating. Whether it's booze, marijuana, or caffeine pills or even not eating for days; I've got to numb the pain. I am Not recommending any of these btw. But I won't bullshit you guys and say they don't help me sometimes. It's hard to find people who will listen and I just figured, why burden them with my selfish negativity?? After all, some people have real problems! So I push it down as best as I can. KNOWING FULL WELL that it is pointless. But I can be burdensome as is, so I try to keep my emotions at bay by downing 2-3 crushed Vivarin almost every day of the week. Hell, it last now I know why I can't exactly sleep well at night. I user to meditate but nowadays, I just end up drowning in my crazy random Thoughts. Well, thanks for reading my post.","[1, 1]","{'depressive_disorder', 'anxiety_disorder'}","Self medicating. Hi there everyone, I hope your day is going well. I am new to Reddit so this is my first post. I was diagnosed with depression in my early teens and have been on and off meds for about 9 years. Nothing has really worked for me. Now, Im 22 years old. Depression episodes just hits me like a massive wave. When that happens, Im usually in a social setting with no escape. It also doesnt help that I have an anxiety disorder that makes it almost impossible to be around people for prolonged periods of time. Those situations take so much outta me. So yeah. The lack of results from antidepressants and just the pure frustration of it all resulted it me self medicating. Whether its booze, marijuana, or caffeine pills or even not eating for days Ive got to numb the pain. I am Not recommending any of these btw. But I wont bullshit you guys and say they dont help me sometimes. Its hard to find people who will listen and I just figured, why burden them with my selfish negativity? After all, some people have real problems! So I push it down as best as I can. KNOWING FULL WELL that it is pointless. But I can be burdensome as is, so I try to keep my emotions at bay by downing 23 crushed Vivarin almost every day of the week. Hell, it last now I know why I cant exactly sleep well at night. I user to meditate but nowadays, I just end up drowning in my crazy random Thoughts. Well, thanks for reading my post.",Comorbid (Depression + Anxiety),"{""depression"":""yes""}"
cnjig5,Chronically ill and just fed up with it.,"Hi there, first ever post on reddit but here goes; 
 
 
 I'm 27 and have been dealing with Abdominal Cutaneous Nerve Entrapment Syndrome for nearly two years now. The condition basically causes a lot of pain day in day out and painkillers are never really effective. I've had surgery twice in an attempt to get rid of it, the last one being three weeks ago, but neither has worked. It was the last chance as far as treatment options go. I'm simply not ready to be chronically ill at my age (27), especially as this shit started less then a week after I graduated uni. The thought of waking up every morning and being in pain from then until I manage to get myself to sleep again is overwhelming. To top matters off I'm utterly convinced that the illness now being a permanent thing will also fuck up the few good things I've got left such as my relationship and hell, I can't even blame my gf, she's got her life ahead of her and shouldn't be weighed down by a bundle of misery like myself. 
 
 
 I hate to admit this but I don't see a way out anymore and I'm simply done with life in general.","[0, 0]",{'control_group'},"Chronically ill and just fed up with it. Hi there, first ever post on reddit but here goes Im 27 and have been dealing with Abdominal Cutaneous Nerve Entrapment Syndrome for nearly two years now. The condition basically causes a lot of pain day in day out and painkillers are never really effective. Ive had surgery twice in an attempt to get rid of it, the last one being three weeks ago, but neither has worked. It was the last chance as far as treatment options go. Im simply not ready to be chronically ill at my age 27, especially as this shit started less then a week after I graduated uni. The thought of waking up every morning and being in pain from then until I manage to get myself to sleep again is overwhelming. To top matters off Im utterly convinced that the illness now being a permanent thing will also fuck up the few good things Ive got left such as my relationship and hell, I cant even blame my gf, shes got her life ahead of her and shouldnt be weighed down by a bundle of misery like myself. I hate to admit this but I dont see a way out anymore and Im simply done with life in general.",Normal,"{""depression"":""yes""}"
o8yxbm,This is it,"Hi,
 
 I don't know why I bother to write on Reddit sometimes. No one here knows me.
 
 I'm going through a really, really rough time. I've reached out to many people I call friends, they listened to me at first. They felt bad for me, but now I hear almost nothing from them.
 
 I've tried time and time again to feel better. In fact, I did get better. I was on track with my life, everything going so well. It always seems to come to an end though. Something or multiple things suddenly happen and everything is ruined. This takes such a toll on me. I self-harm and considered (and tried) killing myself a few times.
 
 This has happened multiple times, I actually start feeling good and like my life is going somewhere, but then I always come back down at some point. I thought this time I wasn't going to come back down, my life was going the best it had ever been.
 
 I've tried seeking professional medical help. It just doesn't work for me. Sometimes it makes it worse to be honest.
 
 Anyways, this time is a little bit different though.
 I never once thought I was ever going to write a 'note'
 Every other time I tried to kill myself, I never left a note.
 Then again, I didn't end up actually killing myself.
 The reason I wrote something is because I don't want anyone to be sad I suppose, even though they will, I just want my friends and family to know that I am actually at peace.
 
 I'm going to do it either this week or the next. I haven't decided.
 
 Thanks for reading, this is it for me.","[1, 0]",{'depressive_disorder'},"This is it. Hi, I dont know why I bother to write on Reddit sometimes. No one here knows me. Im going through a really, really rough time. Ive reached out to many people I call friends, they listened to me at first. They felt bad for me, but now I hear almost nothing from them. Ive tried time and time again to feel better. In fact, I did get better. I was on track with my life, everything going so well. It always seems to come to an end though. Something or multiple things suddenly happen and everything is ruined. This takes such a toll on me. I selfharm and considered and tried killing myself a few times. This has happened multiple times, I actually start feeling good and like my life is going somewhere, but then I always come back down at some point. I thought this time I wasnt going to come back down, my life was going the best it had ever been. Ive tried seeking professional medical help. It just doesnt work for me. Sometimes it makes it worse to be honest. Anyways, this time is a little bit different though. I never once thought I was ever going to write a note Every other time I tried to kill myself, I never left a note. Then again, I didnt end up actually killing myself. The reason I wrote something is because I dont want anyone to be sad I suppose, even though they will, I just want my friends and family to know that I am actually at peace. Im going to do it either this week or the next. I havent decided. Thanks for reading, this is it for me.",Depression,{'depression':'yes'}
fwdozm,Constant anxiety but for no reason.,"Hi, for the last few months Ive been feeling the physical sensations of anxiety (nausea, chest tightness, discomfort in chest, etc.), but I don't have anxiety about anything, I'm not worried about anything, and I have a good life besides my anxiety. There's nothing on my mind when I have anxiety, I just feel the physical symptoms. I have OCD, Anxiety and was diagnosed with depression after a suicide attempt.
 
 I have been in therapy MANY times and personally it doesn't help my anxiety. My OCD is tolerable, but these physical symptoms of my anxiety just won't go away and it's gotten worse ever since last august, when I had a major panic attack. Since then I haven't had many panic attacks, but anxietys been at a constant ever since. I am on Lexapro (generic) 40mg a day, but to me it doesn't seem to work.
 
 When I was in therapy the therapist always tried to find the cause of the anxiety, but there isn't a cause, I'm not afraid of having another panic attack, and there's nothing I worry about.
 
 This is really taking a toll on my life, and I just want to ask here for help incase anyonee can relate or have som insight into what is going on.
 
 I appreciate any comment, thank you so much.","[0, 0]",{'control_group'},"Constant anxiety but for no reason. Hi, for the last few months Ive been feeling the physical sensations of anxiety nausea, chest tightness, discomfort in chest, etc., but I dont have anxiety about anything, Im not worried about anything, and I have a good life besides my anxiety. Theres nothing on my mind when I have anxiety, I just feel the physical symptoms. I have OCD, Anxiety and was diagnosed with depression after a suicide attempt. I have been in therapy MANY times and personally it doesnt help my anxiety. My OCD is tolerable, but these physical symptoms of my anxiety just wont go away and its gotten worse ever since last august, when I had a major panic attack. Since then I havent had many panic attacks, but anxietys been at a constant ever since. I am on Lexapro generic 40mg a day, but to me it doesnt seem to work. When I was in therapy the therapist always tried to find the cause of the anxiety, but there isnt a cause, Im not afraid of having another panic attack, and theres nothing I worry about. This is really taking a toll on my life, and I just want to ask here for help incase anyonee can relate or have som insight into what is going on. I appreciate any comment, thank you so much.",Normal,{'depression':'no'}
el6nds,"So tired and depressed, crying isn't even making me feel better","Hi.
 
 I'm another loser on the internet. 
 
 Another sad person going through daily and stupid downs again. 
 They say it gets better with time. Sometimes it does, and then it comes back.
 
 I'm not going to lie. I feel happiness. I feel joy. I feel those moments where I am happy around the people I love. I cherish and wish for those moments to last forever.
 
 There is also the pain. The unbearable pain. The loneliness. The suicidal ideations. The feeling of being a weight. Another broken person. A selfish, crying, idiotic, weak and desperate loser. 
 I wish for a car to hit me violently, one day. So, that nobody will be sad by the fact that I killed myself. That I was too selfish to do that to the people I love. Or that I wake up with a sickness that eventually kills me. 
 I did some self-harm, I did some attempts, but every time I talk about my problems, I see the pain I cause to the ones I love. 
 
 So, I end up shutting up.
 
 I don't even know why I feel this way anymore. It's part of me, and I just do feel this way...
 
 I wish I could have been a better person and make you all happy... 
 
 Sorry that everything that happened to me made me this way and that I am not as strong as I wished to be...","[1, 0]",{'depressive_disorder'},"So tired and depressed, crying isnt even making me feel better. Hi. Im another loser on the internet. Another sad person going through daily and stupid downs again. They say it gets better with time. Sometimes it does, and then it comes back. Im not going to lie. I feel happiness. I feel joy. I feel those moments where I am happy around the people I love. I cherish and wish for those moments to last forever. There is also the pain. The unbearable pain. The loneliness. The suicidal ideations. The feeling of being a weight. Another broken person. A selfish, crying, idiotic, weak and desperate loser. I wish for a car to hit me violently, one day. So, that nobody will be sad by the fact that I killed myself. That I was too selfish to do that to the people I love. Or that I wake up with a sickness that eventually kills me. I did some selfharm, I did some attempts, but every time I talk about my problems, I see the pain I cause to the ones I love. So, I end up shutting up. I dont even know why I feel this way anymore. Its part of me, and I just do feel this way. I wish I could have been a better person and make you all happy. Sorry that everything that happened to me made me this way and that I am not as strong as I wished to be.",Depression,{'depression':'yes'}
9838f4,Does anyone else have bad days while on their medication?,"Hi. I would like to state that I have been on paroxetine since early May. I'm almost 20 years old, and have been suffering from depression since probably 14, but didn't get an official diagnosis since I didn't know what I was feeling till about 16. I got diagnosed with anxiety at the same time and had probably had it for longer than my depression.
 
 Anyways, I was put on paroxetine back when I was hospitalized in late April/early May. It worked much better than my previous medication, and for a while I was actually able to function normally, and even happy. However, I've found recently that my days have been getting rougher, and I start feeling like I did back when I was 14, when my symptoms were only moderate. I feel fatigued and my chest hurts and I can bring myself to do things only with effort.
 
  I also don't know if this is caused by my medication, but I also have a severe decrease in empathy. I am almost completely unempathetic to the point of not feeling anything for my loved ones most days, just remembering that I know what I should feel. I feel robotic.
 
 Anyways, the point is, does anyone else have bad days similar to depression while on their meds? Should I talk to my doctor about changing them?
 
  I'm mostly worried about a depressive relapse while on my medication, which I don't think I could bear to handle after my last official depressive episode, which is what got me hospitalized.","[1, 1]","{'depressive_disorder', 'anxiety_disorder'}","Does anyone else have bad days while on their medication. Hi. I would like to state that I have been on paroxetine since early May. Im almost 20 years old, and have been suffering from depression since probably 14, but didnt get an official diagnosis since I didnt know what I was feeling till about 16. I got diagnosed with anxiety at the same time and had probably had it for longer than my depression. Anyways, I was put on paroxetine back when I was hospitalized in late Aprilearly May. It worked much better than my previous medication, and for a while I was actually able to function normally, and even happy. However, Ive found recently that my days have been getting rougher, and I start feeling like I did back when I was 14, when my symptoms were only moderate. I feel fatigued and my chest hurts and I can bring myself to do things only with effort. I also dont know if this is caused by my medication, but I also have a severe decrease in empathy. I am almost completely unempathetic to the point of not feeling anything for my loved ones most days, just remembering that I know what I should feel. I feel robotic. Anyways, the point is, does anyone else have bad days similar to depression while on their meds? Should I talk to my doctor about changing them? Im mostly worried about a depressive relapse while on my medication, which I dont think I could bear to handle after my last official depressive episode, which is what got me hospitalized.",Comorbid (Depression + Anxiety),{'depression':'yes'}
5pgu2k,How can I even begin to be taken seriously :(,"Hola! 
 My life is a long long long rant of shit times and I'm already feeling pretty low, so I won't bore you! If you want to ask me questions go for it to get bearings :) but the general gist is anxiety since i was 12 (my dad nearly died and trauma ensued from there), depressed since 18, my parents/sister are raging emotionally abusive narcissists so that's so cool, I'm pretty functional (like I sleep like 14 hours a day if I can....) but able to get out of bed et. 
 
 Then BAM January 2016 I was diagnosed with SLE (lupus) and my life got fucked a bit. Since then I've lost my job and been super unwell. It's bad because with all the medications and extreme brain fog/fatigue I get I'm not in a good physical shape. My narcissistic parents also tell me every day they're saving for lap band for me... 
 
 But basically I struggle to eat in front of people I think will judge me. It's resulted in me closing myself off from social situations and preferring takeaway because I can eat in secret without being judged. 
 
 How can I even get my GP to begin to take me seriously? He just thinks I overexaggerate I guess? I live in Australia and mental health services aren't the best when you have no money. 
 I can't see a psychiatrist until I at least have a job and these doctors aren't qualified. 
 
 Has anyone else had issues getting a diagnosis and help with their anxiety? 
 Obviously I know I need to see my doctor blah blah (I've got a degree in psychology with honours and I'm studying pharmacy) but I'm just frustrated at their lack of empathy and care :(
 
 Anxiety has almost a stigma here?","[1, 1]","{'depressive_disorder', 'anxiety_disorder'}","How can I even begin to be taken seriously . Hola! My life is a long long long rant of shit times and Im already feeling pretty low, so I wont bore you! If you want to ask me questions go for it to get bearings but the general gist is anxiety since i was 12 my dad nearly died and trauma ensued from there, depressed since 18, my parentssister are raging emotionally abusive narcissists so thats so cool, Im pretty functional like I sleep like 14 hours a day if I can. but able to get out of bed et. Then BAM January 2016 I was diagnosed with SLE lupus and my life got fucked a bit. Since then Ive lost my job and been super unwell. Its bad because with all the medications and extreme brain fogfatigue I get Im not in a good physical shape. My narcissistic parents also tell me every day theyre saving for lap band for me. But basically I struggle to eat in front of people I think will judge me. Its resulted in me closing myself off from social situations and preferring takeaway because I can eat in secret without being judged. How can I even get my GP to begin to take me seriously? He just thinks I overexaggerate I guess? I live in Australia and mental health services arent the best when you have no money. I cant see a psychiatrist until I at least have a job and these doctors arent qualified. Has anyone else had issues getting a diagnosis and help with their anxiety? Obviously I know I need to see my doctor blah blah Ive got a degree in psychology with honours and Im studying pharmacy but Im just frustrated at their lack of empathy and care Anxiety has almost a stigma here?",Comorbid (Depression + Anxiety),{'depression':'yes'}
7ls864,"I am lost. Help me, please.","I already posted this on r/mentalhealth but no answer
 
 I'm 20.
 
 i don't feel like I have an identity at all, I feel fake, I feel like a copy of everybody else. I'm impulsive, I have huge brain fog, I hurt people that I love without noticing it, I love them I love them I LOVE THEM. I love by boyfriend, my mother and my sister and I'm tiring them.
 
 Today my boyfriend told me that he was trying to talk to me about something and that I wouldn't listen.. I am deeply sorry and I don't want him to leave me, I'm scared that he'll get bored of my nothingness and break up with me and leave me alone. People call me histrionic because I try and find myself and am painting my nails and posting pictures with my boyfriend on my facebook page (we're gay), I feel betrayed, rejected, I don't want to be hurt and I feel like I'm hurting others without noticing it.
 
 I'm thinking about suicide again, I don't want to think about it. Help me. I took my anxiety pills as my doctor prescribed and it helped a couple of hours ago but the feeling is back and it's worse. I feel like such a shitty person.
 it's like i'm borderline or something, what is wrong with me??? I'm hurting but I can't feel it, I know I'm hurting. I don't feel any emotions anymore, I'm scared. I saw my boyfriend the other day and almost cried because I saw the most beautiful boy in the world, I don't want him to leave me.
 
 help me.
 
 EDIT: please help me, i feel lost.","[0, 0]",{'control_group'},"I am lost. Help me, please. I already posted this on rmentalhealth but no answer Im 20. i dont feel like I have an identity at all, I feel fake, I feel like a copy of everybody else. Im impulsive, I have huge brain fog, I hurt people that I love without noticing it, I love them I love them I LOVE THEM. I love by boyfriend, my mother and my sister and Im tiring them. Today my boyfriend told me that he was trying to talk to me about something and that I wouldnt listen. I am deeply sorry and I dont want him to leave me, Im scared that hell get bored of my nothingness and break up with me and leave me alone. People call me histrionic because I try and find myself and am painting my nails and posting pictures with my boyfriend on my facebook page were gay, I feel betrayed, rejected, I dont want to be hurt and I feel like Im hurting others without noticing it. Im thinking about suicide again, I dont want to think about it. Help me. I took my anxiety pills as my doctor prescribed and it helped a couple of hours ago but the feeling is back and its worse. I feel like such a shitty person. its like im borderline or something, what is wrong with me? Im hurting but I cant feel it, I know Im hurting. I dont feel any emotions anymore, Im scared. I saw my boyfriend the other day and almost cried because I saw the most beautiful boy in the world, I dont want him to leave me. help me. EDIT please help me, i feel lost.",Normal,{'depression':'yes'}
g6d2u9,everything's getting worse,"i always had anxiety, i was able to handle it but lately i feel like everything's getting worse. I see my shadow moving weirdly, I see things that shouldn't be there, peoples that shouldn't be there. I can't sleep without experiencing nightmares or sleep paralysis. I started taking anxiolytics, might have helped me for some days but that's all, panic attack keeps on happening over and over again. I'm sick of this I want this to end.
 I can't even see my girlfriend without taking meds first now because if I don't take them I'm just gonna have lots of panic attacks during the whole day. What is wrong with me ? I can't even stand to do anything that used to make me happy without stressing. I just feel numb. I wanna die. the only thing holding me back is my girlfriend, I don't my death to hurt her. 
 I thought my situation was getting better, but now I feel like this is never gonna end, it's been almost 2 years since I have been diagnosed with depression and yet my parents refuse to allow me taking antidepressants even though they see that my mental health is getting worse, the anxiolytics are something but I feel like they aren't powerful enough, so I try to take more and more than what i'm supposed to take and yet nothing changes, I hope one day it'll stop 
 thanks for reading, I needed to express what I felt","[1, 1]","{'depressive_disorder', 'anxiety_disorder'}","everythings getting worse. i always had anxiety, i was able to handle it but lately i feel like everythings getting worse. I see my shadow moving weirdly, I see things that shouldnt be there, peoples that shouldnt be there. I cant sleep without experiencing nightmares or sleep paralysis. I started taking anxiolytics, might have helped me for some days but thats all, panic attack keeps on happening over and over again. Im sick of this I want this to end. I cant even see my girlfriend without taking meds first now because if I dont take them Im just gonna have lots of panic attacks during the whole day. What is wrong with me ? I cant even stand to do anything that used to make me happy without stressing. I just feel numb. I wanna die. the only thing holding me back is my girlfriend, I dont my death to hurt her. I thought my situation was getting better, but now I feel like this is never gonna end, its been almost 2 years since I have been diagnosed with depression and yet my parents refuse to allow me taking antidepressants even though they see that my mental health is getting worse, the anxiolytics are something but I feel like they arent powerful enough, so I try to take more and more than what im supposed to take and yet nothing changes, I hope one day itll stop thanks for reading, I needed to express what I felt",Comorbid (Depression + Anxiety),{'depression':'yes'}
8jy0v0,My boyfriend and I havent had sex in 2-3 weeks and idk how to tell him why,"I am 24, and so is my bf. We have been dating for almost 6 months. We normally have sex 1-3 times a week. 
 However we havent had sex in almost 3 weeks. I normally just end up giving him a blow job. 
 
 Hes starting to get upset and think something is up but it has nothing to do with him. I am so attracted to him and love him very much.
 
 I struggle with depression and my libido has just been so low and the thought of sex makes me very uncomfortable. I havent gotten horny at all.. I use to masterbate daily and now I dont even do that. 
 
 I also have ptsd from dating someone who sexually abused me and I have been seeing a therapist. 
 I also have interstitial cystitis and I get really bad urgency after or before it. 
 Sex lately has just hurt for me. Its also so uncomfortable and hes starting to think that me saying my vagina hurts and my bladder hurts as an excuse. But they really do hurt 
 
 We have had great sex. But it usually stings for me, or Im not wet enough. I have lube.
 
 I have gone to the gyno to get things checked out and everything looked fine down there. 
 
 I dont know whats wrong and I dont know what to tell him. Its not him at all. 
 
 My therapist says I should tell him about my past. I just am upset because I want to enjoy sex, and be comfortable. I love him so much. Im afraid he will get frustrated with me. 
 
 Help :(","[1, 0]",{'depressive_disorder'},"My boyfriend and I havent had sex in 23 weeks and idk how to tell him why. I am 24, and so is my bf. We have been dating for almost 6 months. We normally have sex 13 times a week. However we havent had sex in almost 3 weeks. I normally just end up giving him a blow job. Hes starting to get upset and think something is up but it has nothing to do with him. I am so attracted to him and love him very much. I struggle with depression and my libido has just been so low and the thought of sex makes me very uncomfortable. I havent gotten horny at all. I use to masterbate daily and now I dont even do that. I also have ptsd from dating someone who sexually abused me and I have been seeing a therapist. I also have interstitial cystitis and I get really bad urgency after or before it. Sex lately has just hurt for me. Its also so uncomfortable and hes starting to think that me saying my vagina hurts and my bladder hurts as an excuse. But they really do hurt We have had great sex. But it usually stings for me, or Im not wet enough. I have lube. I have gone to the gyno to get things checked out and everything looked fine down there. I dont know whats wrong and I dont know what to tell him. Its not him at all. My therapist says I should tell him about my past. I just am upset because I want to enjoy sex, and be comfortable. I love him so much. Im afraid he will get frustrated with me. Help",Depression,{'depression':'yes'}
d3sw6z,Seeing no hope in the future,"I am a 20 years old male and I have been diagnosed with severe depression and social anxiety a few years ago. I have ""friends"" and all that but lately I feel like no one gets me. I don't connect with anyone of them on a deep level and the only time I see them is when we go out drinking on the weekends sometimes. I can't see them sober because of my social anxiety.
 
 I have grown really distant from my parents aswell and we don't really talk about anything or do anything together even though I see atleast my dad everyday since I live with him. 
 
 I don't really do anything else than play pc games anymore and its really lonely and I feel miserable that I can't do stuff that normal people can like hang out with friends or go outside in general because of my social anxiety. I'm actually really good at most video games and even got to play Fortnite in a gaming organization with salary but our contract ended and now im back to being miserable.
 
 Realistically I don't see myself ever working a ""real"" job and I think I don't have the skills or mental stability to get back to professional gaming anymore. I really don't see a future for myself right now and I feel like I have let down my parents by being a loser who can't do things that normal people do. All I want to do is make my dad proud of me one day.
 
 I don't know why im even posting this but I just want to share my story I guess. Sorry if it's all over the place.
 
 TLDR: I feel miserable because I can't see myself succeeding in the future or things getting better.","[1, 1]","{'depressive_disorder', 'anxiety_disorder'}",Seeing no hope in the future. I am a 20 years old male and I have been diagnosed with severe depression and social anxiety a few years ago. I have friends and all that but lately I feel like no one gets me. I dont connect with anyone of them on a deep level and the only time I see them is when we go out drinking on the weekends sometimes. I cant see them sober because of my social anxiety. I have grown really distant from my parents aswell and we dont really talk about anything or do anything together even though I see atleast my dad everyday since I live with him. I dont really do anything else than play pc games anymore and its really lonely and I feel miserable that I cant do stuff that normal people can like hang out with friends or go outside in general because of my social anxiety. Im actually really good at most video games and even got to play Fortnite in a gaming organization with salary but our contract ended and now im back to being miserable. Realistically I dont see myself ever working a real job and I think I dont have the skills or mental stability to get back to professional gaming anymore. I really dont see a future for myself right now and I feel like I have let down my parents by being a loser who cant do things that normal people do. All I want to do is make my dad proud of me one day. I dont know why im even posting this but I just want to share my story I guess. Sorry if its all over the place. TLDR I feel miserable because I cant see myself succeeding in the future or things getting better.,Comorbid (Depression + Anxiety),{'depression':'yes'}
e7lwnw,Boyfriend says I should change my psychiatrist because I'm worsening,"I am a 23 F diagnosed with major depression and borderline personality disorder. I've been getting depressive episodes since I was 14 but the last year they were so intense and I started therapy and meds.
 
 My dr said that the origin of my mental issues is because of my controlling parents and disrupted childhood where I had to mature fast as I was caught up between my parent's fights.
 
 He attributes most of my insecurities down to that because I've always played an emotionally supportive role to my parents not the opposite.
 
 I was severely depressed for the better half of the year and it affected my work performance severely after being a top performer. And now I am in another depressive episode that is darkest than any of what I've been through.
 
 I am completely distant from my bf and I refuse to open up because things arent better. I just hate life and find no meaning to it and i dont want to keep struggling just to feel better living a life without meaning.
 
 My bf says my psychiatrist is bad and that a year with little improvement is bad but honestly i dont want to start over again, I'd rather have my symptoms worsen until i commit suicide.
 
 I always get depressed every year and ever since my first few episodes 10 years ago and I have never been the same, it's like depression has eaten me away and I have nothing left. I dont want to go through this again even if I'll have periods of being fine in between.
 
 I'm truly sick of it all","[1, 0]",{'depressive_disorder'},"Boyfriend says I should change my psychiatrist because Im worsening. I am a 23 F diagnosed with major depression and borderline personality disorder. Ive been getting depressive episodes since I was 14 but the last year they were so intense and I started therapy and meds. My dr said that the origin of my mental issues is because of my controlling parents and disrupted childhood where I had to mature fast as I was caught up between my parents fights. He attributes most of my insecurities down to that because Ive always played an emotionally supportive role to my parents not the opposite. I was severely depressed for the better half of the year and it affected my work performance severely after being a top performer. And now I am in another depressive episode that is darkest than any of what Ive been through. I am completely distant from my bf and I refuse to open up because things arent better. I just hate life and find no meaning to it and i dont want to keep struggling just to feel better living a life without meaning. My bf says my psychiatrist is bad and that a year with little improvement is bad but honestly i dont want to start over again, Id rather have my symptoms worsen until i commit suicide. I always get depressed every year and ever since my first few episodes 10 years ago and I have never been the same, its like depression has eaten me away and I have nothing left. I dont want to go through this again even if Ill have periods of being fine in between. Im truly sick of it all",Depression,{'depression':'yes'}
fo5jgn,"I don't hate my self I fucking love it, I hate everything else.","I am a very unique person I don't know what kind of nuclear weed my mom was smoking when she were pregnant of me but she gave birth to a one hell of child, I have a bit autism OCD a butt load of anxieties and weird phobias "" I never use other people's toilets, EVER ! "" .
 I am always honest punctual literal with every and I always follow reason and logic above everything, but the problem is I am living among a bunch of idiotic backwards savages where honesty accuracy punctuality are garbage and everyone looks at you like a freak, plus if some merchant decided the price of a single orange is a 100 dollars everyone will pay a 100 dollars without a question, what ever it is no matters insanly stupid it is you have to do what every one else does cuz that's how things work, there is no logic no explanation.
 When I talk to others about this they tell me to let it go, it is how it is and it's just money, its not the money that makes me Angry its that fact that its a chaotic lawless land and everyone is OK with it.
 I am a great person but living in a pit filled with pigshit , I hate everyone I hate everything I hate this life living in the same area for 20 years and don't know my next door neighbor and I dont give a fuck , I just want to leave this place and never come back.","[0, 0]",{'control_group'},"I dont hate my self I fucking love it, I hate everything else. I am a very unique person I dont know what kind of nuclear weed my mom was smoking when she were pregnant of me but she gave birth to a one hell of child, I have a bit autism OCD a butt load of anxieties and weird phobias I never use other peoples toilets, EVER ! . I am always honest punctual literal with every and I always follow reason and logic above everything, but the problem is I am living among a bunch of idiotic backwards savages where honesty accuracy punctuality are garbage and everyone looks at you like a freak, plus if some merchant decided the price of a single orange is a 100 dollars everyone will pay a 100 dollars without a question, what ever it is no matters insanly stupid it is you have to do what every one else does cuz thats how things work, there is no logic no explanation. When I talk to others about this they tell me to let it go, it is how it is and its just money, its not the money that makes me Angry its that fact that its a chaotic lawless land and everyone is OK with it. I am a great person but living in a pit filled with pigshit , I hate everyone I hate everything I hate this life living in the same area for 20 years and dont know my next door neighbor and I dont give a fuck , I just want to leave this place and never come back.",Normal,{'depression':'no'}
f9x7c9,"I got rid of depression for almost a month , but now I want to kill myself again .","I am almost 18 (in few days) , but I don't see point in living pass that anymore . I feel extremely stupid and terrible almost all the time . Its not just IQ , I have problems with speaking to others and my health is just getting worse and worse.
 
 Due to my awful social skills , my friends don't want to hang out with me (which I understand , if I were them I wouldn't want to either) . I used to ""joke around"" about how terrible I was all the time and once we got drunk and I told them about my anxiety , depression and OCD they just don't think the same of me .
 
 I don't have anything I enjoy or something I like about myself.
 
 I had only one relationship which was terrible and my ex probably cheated on me with my best friend. Which was the worst thing that has ever happened to me , since the only thing I really valued was friendship.
 
 If I continue living , I feel like I would become more stupid , couldn't finish school , find a job and the loneliness would be unbearable .
 
 I just don't see a future where my life wouldn't end with constant struggle and at the end suicide . Might as well do it now and spare myself a lot of pointless years.
 
 If you have any advice how to not struggle so much (not suicide) please leave a comment.
 
 Edit : Thank you everyone for nice supportive comments <3","[1, 0]",{'depressive_disorder'},"I got rid of depression for almost a month , but now I want to kill myself again . I am almost 18 in few days , but I dont see point in living pass that anymore . I feel extremely stupid and terrible almost all the time . Its not just IQ , I have problems with speaking to others and my health is just getting worse and worse. Due to my awful social skills , my friends dont want to hang out with me which I understand , if I were them I wouldnt want to either . I used to joke around about how terrible I was all the time and once we got drunk and I told them about my anxiety , depression and OCD they just dont think the same of me . I dont have anything I enjoy or something I like about myself. I had only one relationship which was terrible and my ex probably cheated on me with my best friend. Which was the worst thing that has ever happened to me , since the only thing I really valued was friendship. If I continue living , I feel like I would become more stupid , couldnt finish school , find a job and the loneliness would be unbearable . I just dont see a future where my life wouldnt end with constant struggle and at the end suicide . Might as well do it now and spare myself a lot of pointless years. If you have any advice how to not struggle so much not suicide please leave a comment. Edit Thank you everyone for nice supportive comments 3",Depression,{'depression':'yes'}
4tvkcz,People always assume the worst about me,"I am beyond tired of always being accused of shit i didn't do. From the smallest thing to the biggest thing, strangers to family..i am accused of doing something or being something I'm not.
 
 One of the things i really hate is when they assume something about me that goes against my character. Like being a liar, untrustworthy, lazy, troublemaker..etc
 
 I like to think of myself as a good-hearted person. I always go out the way to do special things for people without ever being asked, or expecting something in return. I always try and help and give advice to people. I make sure nobody ever feels alone or ignored. I just care too much and being too nice is my weakness but i can't help it. Yet..i am treated like shit alot. 
 
 The reason why i feel like writing this is because someone tried getting into my gym locker, got it jammed..i went to ask for help from the workers..they look at me all suspicious and kept asking if my ID was in there..thinking I'm trying to steal someone's stuff..i did have it in there. I don't know why people look at me in that way sometimes..like I'm bad news or something.
 
  I got so mad and one of the workers knew and tried to make light of it..i didn't confront them, i have been feeling so down with family drama and everything shitty that's been going down lately and then i end the day with this shit. I'm starting to feel so alienated from everyone like to monster or something.
 
 I wish i wasn't so weak to let people get under my skin like this all the time. Now when ppl assume the smallest thing..like not taking the dog out when i did..i get soo pissed and curse.","[0, 0]",{'control_group'},"People always assume the worst about me. I am beyond tired of always being accused of shit i didnt do. From the smallest thing to the biggest thing, strangers to family.i am accused of doing something or being something Im not. One of the things i really hate is when they assume something about me that goes against my character. Like being a liar, untrustworthy, lazy, troublemaker.etc I like to think of myself as a goodhearted person. I always go out the way to do special things for people without ever being asked, or expecting something in return. I always try and help and give advice to people. I make sure nobody ever feels alone or ignored. I just care too much and being too nice is my weakness but i cant help it. Yet.i am treated like shit alot. The reason why i feel like writing this is because someone tried getting into my gym locker, got it jammed.i went to ask for help from the workers.they look at me all suspicious and kept asking if my ID was in there.thinking Im trying to steal someones stuff.i did have it in there. I dont know why people look at me in that way sometimes.like Im bad news or something. I got so mad and one of the workers knew and tried to make light of it.i didnt confront them, i have been feeling so down with family drama and everything shitty thats been going down lately and then i end the day with this shit. Im starting to feel so alienated from everyone like to monster or something. I wish i wasnt so weak to let people get under my skin like this all the time. Now when ppl assume the smallest thing.like not taking the dog out when i did.i get soo pissed and curse.",Normal,"{""depression"":""no""}"
a5hkbz,How do you deal with having no one you trust?,"I am currently in a situation where I have been diagnosed with severe mental illness for probably about 7 years, combinations of anxiety, social anxiety and depression. It is a unique situation because it never really made sense to various medical professionals as there was no trigger or real explination to the event.
 
 Through that period I have gone through 5 psycologists and 3 psychiatrists and am on strong medication. 
 
 I have gotten to a little bit of a crossroads in life where I guess the illness has been able to flourish and have reached a stage of my maturity and personal development that has allowed me to realise how debilitating my illness has become which in itself is a self fulfilling prophecy.
 
 But my main question is what do you do when you have no one to trust. I have a loving nuclear family but am trying to not rely on them as I am moving multiple time zones away from them shortly. In addition they do not push me to improve how I believe I should and there weakness often makes every interaction or discussion about this topic pointless. During this period I have not had any friends/partners mainly due to many issues in the social anxiety causing me to put up barriers. 
 
 In terms of psycogists I have had rocky relationships which have included physical abuse at one, another getting very ill and retiring and another having a big blow up with. Overall I find that the empathy from these sessions really isnt there and I understand that is not there job but if all I needed was a robot to spit out advice for good mental health I would consult google.
 
 Now I seemingly have all options exhausted who should I turn to?","[1, 1]","{'depressive_disorder', 'anxiety_disorder'}","How do you deal with having no one you trust. I am currently in a situation where I have been diagnosed with severe mental illness for probably about 7 years, combinations of anxiety, social anxiety and depression. It is a unique situation because it never really made sense to various medical professionals as there was no trigger or real explination to the event. Through that period I have gone through 5 psycologists and 3 psychiatrists and am on strong medication. I have gotten to a little bit of a crossroads in life where I guess the illness has been able to flourish and have reached a stage of my maturity and personal development that has allowed me to realise how debilitating my illness has become which in itself is a self fulfilling prophecy. But my main question is what do you do when you have no one to trust. I have a loving nuclear family but am trying to not rely on them as I am moving multiple time zones away from them shortly. In addition they do not push me to improve how I believe I should and there weakness often makes every interaction or discussion about this topic pointless. During this period I have not had any friendspartners mainly due to many issues in the social anxiety causing me to put up barriers. In terms of psycogists I have had rocky relationships which have included physical abuse at one, another getting very ill and retiring and another having a big blow up with. Overall I find that the empathy from these sessions really isnt there and I understand that is not there job but if all I needed was a robot to spit out advice for good mental health I would consult google. Now I seemingly have all options exhausted who should I turn to?",Comorbid (Depression + Anxiety),{'depression':'yes'}
54mbo4,Regrets is one of the biggest thing that trigger my depression. I can never forgive myself...,"I am diagnosed with major chronic depression. I've been depressed all my life, I remember so clearly when I was 7, I would feel suicidal and want to kill myself.
 
 Now moving forward... two months ago, I faced a very nasty breakup with my ex girlfriend (who is diagnosed with BORDERLINE PERSONALITY DISORDER.)
 
 She raged and abused me here and there, but during the relationship she would constantly remind me that there could've been things I could've done differently so that she didn't self harm, yell at me, or cause her own rage and depression.
 
 She ended things on a bad note and false accusation. I walked away to save her and myself, because she was threatening suicide everytime I say something that triggered her badly. And she was accusing me for emotionally abusing her, which I know deep in my heart that I wasn't. But it was a no-win situation whether I tried to convince her otherwise.
 
 Now everything she told me replays in my head again and again. All my regrets. Thinking about what I could've done for her. 
 
 All the feelings in my childhood that made me want to kill myself. My self blaming intensifies and I feel like shit.
 
 I self harmed, because I miss her, and even if I know deep in my heart that at those moments before when she would throw a fit and a rage, there wasn't much I could've done but at the same time I have this heavy burden on my back that keeps pushing me down and giving me so many regrets.
 
 Keyword that trigger my depression:
 
 ""WHAT IF I....?""
 
 It's killing me...","[1, 0]",{'depressive_disorder'},"Regrets is one of the biggest thing that trigger my depression. I can never forgive myself. I am diagnosed with major chronic depression. Ive been depressed all my life, I remember so clearly when I was 7, I would feel suicidal and want to kill myself. Now moving forward. two months ago, I faced a very nasty breakup with my ex girlfriend who is diagnosed with BORDERLINE PERSONALITY DISORDER. She raged and abused me here and there, but during the relationship she would constantly remind me that there couldve been things I couldve done differently so that she didnt self harm, yell at me, or cause her own rage and depression. She ended things on a bad note and false accusation. I walked away to save her and myself, because she was threatening suicide everytime I say something that triggered her badly. And she was accusing me for emotionally abusing her, which I know deep in my heart that I wasnt. But it was a nowin situation whether I tried to convince her otherwise. Now everything she told me replays in my head again and again. All my regrets. Thinking about what I couldve done for her. All the feelings in my childhood that made me want to kill myself. My self blaming intensifies and I feel like shit. I self harmed, because I miss her, and even if I know deep in my heart that at those moments before when she would throw a fit and a rage, there wasnt much I couldve done but at the same time I have this heavy burden on my back that keeps pushing me down and giving me so many regrets. Keyword that trigger my depression WHAT IF I? Its killing me.",Depression,{'depression':'yes'}
fx3tbj,"There are alot of things i am unhappy with but i can live with them, only one thing makes me certain that i will never have a decent future","I am i am awkward and weird, i am stuck in a shithole miserable country my friends and family aren't there when i need to but I can live with all of that.
 My brain makes everything difficult for me, I always understand things deferently and makes mistakes at work, I try so hard to think of all the possible explanations and usually the simplest most obvious one slips out.
 I actually cant have arguments and conversions cuz my brain actually needs 30 minutes at minimal to think and process what we were talking about, few days ago my boss called and yelled at me for not doing my job and it me 45 min to think about it and realize I barely did anything wrong and he had no right to yell at me.
 Before I get into an arguments or even make a simple phone I try to think ahead of all possibilities and how to respond to them and most of the time th something comes up I haven't thought of causing my brain to crash like a computer.
  I have attention span of a shoebox , I had to download a call recording app cuz calls are important, when I try real hard to focus I find my self thinking about the word focus instead of actually focusing, and one time I insulted the boss of my boss for ""not listening ""
 I tried to get some professional help cuz might be a mental illness but my doctor was simply a jackass and didn't do shit.
 
 I can't live with this, I can't work with this, I can't meet people and have a regular conversion with this garbage brain of mine.","[0, 0]",{'control_group'},"There are alot of things i am unhappy with but i can live with them, only one thing makes me certain that i will never have a decent future. I am i am awkward and weird, i am stuck in a shithole miserable country my friends and family arent there when i need to but I can live with all of that. My brain makes everything difficult for me, I always understand things deferently and makes mistakes at work, I try so hard to think of all the possible explanations and usually the simplest most obvious one slips out. I actually cant have arguments and conversions cuz my brain actually needs 30 minutes at minimal to think and process what we were talking about, few days ago my boss called and yelled at me for not doing my job and it me 45 min to think about it and realize I barely did anything wrong and he had no right to yell at me. Before I get into an arguments or even make a simple phone I try to think ahead of all possibilities and how to respond to them and most of the time th something comes up I havent thought of causing my brain to crash like a computer. I have attention span of a shoebox , I had to download a call recording app cuz calls are important, when I try real hard to focus I find my self thinking about the word focus instead of actually focusing, and one time I insulted the boss of my boss for not listening I tried to get some professional help cuz might be a mental illness but my doctor was simply a jackass and didnt do shit. I cant live with this, I cant work with this, I cant meet people and have a regular conversion with this garbage brain of mine.",Normal,{'depression':'yes'}
886ixu,having a hard time getting readjusted to being around my family again during a long depression,"I am in the process of attempting to come out of an ongoing depression. At its peak my depression has me withdrawn and isolated from everyone including my family and so now this is the first time in about 8 months that I have tried to actually sit around them for an extended period of time and I feel so bad because everything they do and say irritates me. It's like I'd rather be alone than be around them more than I have too and i feel so guilty for feeling like this cause it's not like they are mean to me or treat me poorly. They are normally in good moods but it can quickly become a drag the minute I feel like my mom is asking too many questions or like my sister is talking too much. These weren't ways I felt before as I use to spend a lot of time with them and enjoyed it, but now I don't even though I need too.","[1, 0]",{'depressive_disorder'},"having a hard time getting readjusted to being around my family again during a long depression. I am in the process of attempting to come out of an ongoing depression. At its peak my depression has me withdrawn and isolated from everyone including my family and so now this is the first time in about 8 months that I have tried to actually sit around them for an extended period of time and I feel so bad because everything they do and say irritates me. Its like Id rather be alone than be around them more than I have too and i feel so guilty for feeling like this cause its not like they are mean to me or treat me poorly. They are normally in good moods but it can quickly become a drag the minute I feel like my mom is asking too many questions or like my sister is talking too much. These werent ways I felt before as I use to spend a lot of time with them and enjoyed it, but now I dont even though I need too.",Depression,{'depression':'yes'}
9nxon9,I thought I would be happy by this point in my life.,"I am not perfect. I am 46 years old with 2 kids and a husband. I hate myself and most people around me. I hate that my kids have had behavioral challenges that required therapy because it makes them feel different from other kids. I hate that other parents have distanced themselves and their kids from my family. 
 
 I hate seeing the posts of the families with the great family trips, great motivated athletic kids who are also super smart and have sleepovers and get togethers with friends. 
 
 I was diagnosed with depression in my 20s. I have had multiple therapists and medications. I work for the family and the husband has stayed home with the kids. I am tired of being tired. I have so much hate inside me - all for myself and choices I have made. 
 
 I am just tired and my kids are only 14 and 12. They are doing great now. But I seriously dont know if I can survive the parent clicks as we continue to high school. 
 
 Marriage is stressed. We dont leave the house. The house is a pit. I want to change and ask for help and husband agrees but when it comes down to it he is stubborn and tired too. We are at odds on how to fix our lives. 
 
 I thought life would be differently this stage. I thought I would be Happy","[0, 0]",{'control_group'},"I thought I would be happy by this point in my life. I am not perfect. I am 46 years old with 2 kids and a husband. I hate myself and most people around me. I hate that my kids have had behavioral challenges that required therapy because it makes them feel different from other kids. I hate that other parents have distanced themselves and their kids from my family. I hate seeing the posts of the families with the great family trips, great motivated athletic kids who are also super smart and have sleepovers and get togethers with friends. I was diagnosed with depression in my 20s. I have had multiple therapists and medications. I work for the family and the husband has stayed home with the kids. I am tired of being tired. I have so much hate inside me all for myself and choices I have made. I am just tired and my kids are only 14 and 12. They are doing great now. But I seriously dont know if I can survive the parent clicks as we continue to high school. Marriage is stressed. We dont leave the house. The house is a pit. I want to change and ask for help and husband agrees but when it comes down to it he is stubborn and tired too. We are at odds on how to fix our lives. I thought life would be differently this stage. I thought I would be Happy",Normal,"{""depression"":""yes""}"
cwgyt6,I hate everything!,"I am not trying to be a cringe lord or be dramatic, I literally hate almost everything and everyone I come in contact with. I have been diagnosed with generalized anxiety and major depressive disorder and am always constantly overthinking things or just have zero interest in anything and everything. I have never been at the level of fatigue, disinterest and a total lack of confidence in my life. I am a military veteran who never deployed (and feel like my whole military career was for naught), I got hurt during training multiple times which has caused me pain for the last 8 years and on top of that I got ""fat"" in the military because I was hurt for years and never recieved the proper care that I was supposed to get causing me not to be able to reenlist or rank up. I was targeted by this huge piece of shit in charge of my platoon who was always fucking with me and forced me into an in patient rehab facility because I was drunk in the barracks on a 96 and the golden boy of the platoon got a DUI and it got swept under the rug. Now that I have been out for 3.5 years I have a new job which I also hate for a multitude of reasons alot being because it is a career path in an ultra liberal state that allows assault on staff to go unpunished. I feel like I am in a sort of Truman show setup where my life is the joke all the time and murphys law is in full effect.","[1, 0]",{'depressive_disorder'},"I hate everything. I am not trying to be a cringe lord or be dramatic, I literally hate almost everything and everyone I come in contact with. I have been diagnosed with generalized anxiety and major depressive disorder and am always constantly overthinking things or just have zero interest in anything and everything. I have never been at the level of fatigue, disinterest and a total lack of confidence in my life. I am a military veteran who never deployed and feel like my whole military career was for naught, I got hurt during training multiple times which has caused me pain for the last 8 years and on top of that I got fat in the military because I was hurt for years and never recieved the proper care that I was supposed to get causing me not to be able to reenlist or rank up. I was targeted by this huge piece of shit in charge of my platoon who was always fucking with me and forced me into an in patient rehab facility because I was drunk in the barracks on a 96 and the golden boy of the platoon got a DUI and it got swept under the rug. Now that I have been out for 3.5 years I have a new job which I also hate for a multitude of reasons alot being because it is a career path in an ultra liberal state that allows assault on staff to go unpunished. I feel like I am in a sort of Truman show setup where my life is the joke all the time and murphys law is in full effect.",Depression,{'depression':'yes'}
fenp1k,"I dont necessarily want to die, but I want the person I am to die.","I am sick of the person I am. I am constantly anxious, never voice my mind, never stay motivated, and am afraid of failure. As a child I was coddled because I was the depressed kid that they wanted to keep alive. So I never learned how to fail because everything was always too safe. But I also never learned how to get over my traumas and have become this non confrontational, quiet, anxious, talentless nobody. 
 
 I desperately want to be someone who doesnt give a fuck and isnt afraid of failing. I dont want to lead a safe, safety net life. Ive been trying to work on my thoughts, and well as increasing exercise and trying to push myself to be more outgoing, but its hardly working. Ive been doing this for years. 
 
 How do I force myself to change? And I mean drastically change. If I stay like the way I am now, I wont last 5 more years. I want to be someone who doesnt give a fuck and gets excited at the concept of success and failure and doesnt need to be coddled by every person I know. Im so sick of being that person. Are there any books or talks someone can recommend, or a way you go about changing yourself that drastically? I want to be completely different. I need to stop being afraid. I need to stop being coddled. I want to live. And I want it to be my way. But I dont know how.","[1, 1]","{'depressive_disorder', 'anxiety_disorder'}","I dont necessarily want to die, but I want the person I am to die. I am sick of the person I am. I am constantly anxious, never voice my mind, never stay motivated, and am afraid of failure. As a child I was coddled because I was the depressed kid that they wanted to keep alive. So I never learned how to fail because everything was always too safe. But I also never learned how to get over my traumas and have become this non confrontational, quiet, anxious, talentless nobody. I desperately want to be someone who doesnt give a fuck and isnt afraid of failing. I dont want to lead a safe, safety net life. Ive been trying to work on my thoughts, and well as increasing exercise and trying to push myself to be more outgoing, but its hardly working. Ive been doing this for years. How do I force myself to change? And I mean drastically change. If I stay like the way I am now, I wont last 5 more years. I want to be someone who doesnt give a fuck and gets excited at the concept of success and failure and doesnt need to be coddled by every person I know. Im so sick of being that person. Are there any books or talks someone can recommend, or a way you go about changing yourself that drastically? I want to be completely different. I need to stop being afraid. I need to stop being coddled. I want to live. And I want it to be my way. But I dont know how.",Comorbid (Depression + Anxiety),{'depression':'yes'}
8m3zbj,"Man, I'm pathetic","I can feel my mom becoming more and more fed up with me cutting. I guess she thinks that getting me another therapist should just solve the problem immediately, even though we've only had less than 5 meetings with the therapist and I've seen a lot of shit in my somewhat short but tiring life(I'll be 17 in under 2 months). Which of course makes me want to cut deeper and has made me cut deeper than I've ever gone before in the almost 4 years that I've been cutting. I tried asking my mom how deep a cut needs to be for stitches/staples and she basically just told me to stop cutting so deep. Not to stop cutting in general, just quit doing it so deep. Which makes me feel great. I know I'm not her perfect golden child who will exceed our kinda shitty family, but man it hurts. It's starting to be where my cutting and my cat are the only things that make me happy anymore. I'm so scared of infection because if the cuts really are deep enough for medical care, then infection is a high possiblity. Everyday I feel like more and more of a fuck up in my mom's eyes. Really the only thing keeping me here is my cat right about now. I don't want to abandon her. But it'd be so easy to just swallow a bunch of pills because the bathroom door locks and they're used to me staying in the bathroom for long periods of time(due to the cutting thing). I'm so tired.","[0, 0]",{'control_group'},"Man, Im pathetic. I can feel my mom becoming more and more fed up with me cutting. I guess she thinks that getting me another therapist should just solve the problem immediately, even though weve only had less than 5 meetings with the therapist and Ive seen a lot of shit in my somewhat short but tiring lifeIll be 17 in under 2 months. Which of course makes me want to cut deeper and has made me cut deeper than Ive ever gone before in the almost 4 years that Ive been cutting. I tried asking my mom how deep a cut needs to be for stitchesstaples and she basically just told me to stop cutting so deep. Not to stop cutting in general, just quit doing it so deep. Which makes me feel great. I know Im not her perfect golden child who will exceed our kinda shitty family, but man it hurts. Its starting to be where my cutting and my cat are the only things that make me happy anymore. Im so scared of infection because if the cuts really are deep enough for medical care, then infection is a high possiblity. Everyday I feel like more and more of a fuck up in my moms eyes. Really the only thing keeping me here is my cat right about now. I dont want to abandon her. But itd be so easy to just swallow a bunch of pills because the bathroom door locks and theyre used to me staying in the bathroom for long periods of timedue to the cutting thing. Im so tired.",Normal,{'depression':'yes'}
4st12q,I can't hold on any longer,"I can't I just can't
 
 There's so much pressure from every side that my stomach is permanently in knots and I just ate up all my painkillers. I don't want to ask for more because I can't talk to anyone right now without crying.
 
 I was better for a while because things were okay at home, with my father's business and all, so even if it was bad at university and in my professional life I could be alright at home. But now it's failing again. I can see it in his face and in his attitude. I want to die, I just wasn't made to withstand such pressure and I never learned to handle it. It's too late to try anyway
 
 And nobody lets me drive because I've already been in an accident that had me in the hospital for months and it wasn't even my fault, am I just supposed to do nothing now until someone agrees to drive me around?
 
 I don't even know what to say, things are so bad. I can't even list it all. Everyone is pulling ahead of me. They're so successful and I'm an anxious wreck with deformities from the accident and health problem and a billion issues 
 
 At least there's some good news, I tested my ceiling light with all my weight and it should hold. I don't know about the scarf planning on using though. It better not break. I'm already suffering so much. I don't know how I'll live with added problems in my neck or vocal cords, so wish me luck
 
 I don't think this is goodbye yet, I think I'll wait another month for things to improve and then I'll do it","[1, 1]","{'depressive_disorder', 'anxiety_disorder'}","I cant hold on any longer. I cant I just cant Theres so much pressure from every side that my stomach is permanently in knots and I just ate up all my painkillers. I dont want to ask for more because I cant talk to anyone right now without crying. I was better for a while because things were okay at home, with my fathers business and all, so even if it was bad at university and in my professional life I could be alright at home. But now its failing again. I can see it in his face and in his attitude. I want to die, I just wasnt made to withstand such pressure and I never learned to handle it. Its too late to try anyway And nobody lets me drive because Ive already been in an accident that had me in the hospital for months and it wasnt even my fault, am I just supposed to do nothing now until someone agrees to drive me around? I dont even know what to say, things are so bad. I cant even list it all. Everyone is pulling ahead of me. Theyre so successful and Im an anxious wreck with deformities from the accident and health problem and a billion issues At least theres some good news, I tested my ceiling light with all my weight and it should hold. I dont know about the scarf planning on using though. It better not break. Im already suffering so much. I dont know how Ill live with added problems in my neck or vocal cords, so wish me luck I dont think this is goodbye yet, I think Ill wait another month for things to improve and then Ill do it",Comorbid (Depression + Anxiety),{'depression':'yes'}
g9fl2h,I don't know how to cope,"I can't just ignore my depression anymore. I'm so tired of being such a useless, worthless sack of shit. I wish I were dead. I want to die and remove my stain on this planet. This quarantine won't let me get help but even if I could, I wouldn't because I'm too much of a bitch. Maybe I'm afraid of wasting people's time on me only to find I'm beyond help. I don't have anyone to talk to, because maybe I have friends, but I'd just ruin moods and bring others down. I'm not worth worrying over.
 
 I despise myself. A genuine, angry hatred for being such a pitiful, worthless, talentless, completely hopeless idiot. I don't know how to not hate myself. I can't ignore it anymore and I feel stuck. I'm so close to just killing myself, I can't even begin to understand. Like, I've looked at my xacto knife at least 3 times now typing this, and thought about breaking into a skyscraper downtown to throw myself from one of the higher floors 4 times. I just don't know what's wrong with me. I need help. I know I do. But I can't do it. I just can't.
 
 I don't even know where I'm going with this whole thing. I guess I'm venting? Hoping someone would see this and tell me everything is okay? Maybe someone I know sees this and understands what I felt before I left this world, and understood I did it from a place of love. I dunno. I guess we'll see what happens.","[1, 0]",{'depressive_disorder'},"I dont know how to cope. I cant just ignore my depression anymore. Im so tired of being such a useless, worthless sack of shit. I wish I were dead. I want to die and remove my stain on this planet. This quarantine wont let me get help but even if I could, I wouldnt because Im too much of a bitch. Maybe Im afraid of wasting peoples time on me only to find Im beyond help. I dont have anyone to talk to, because maybe I have friends, but Id just ruin moods and bring others down. Im not worth worrying over. I despise myself. A genuine, angry hatred for being such a pitiful, worthless, talentless, completely hopeless idiot. I dont know how to not hate myself. I cant ignore it anymore and I feel stuck. Im so close to just killing myself, I cant even begin to understand. Like, Ive looked at my xacto knife at least 3 times now typing this, and thought about breaking into a skyscraper downtown to throw myself from one of the higher floors 4 times. I just dont know whats wrong with me. I need help. I know I do. But I cant do it. I just cant. I dont even know where Im going with this whole thing. I guess Im venting? Hoping someone would see this and tell me everything is okay? Maybe someone I know sees this and understands what I felt before I left this world, and understood I did it from a place of love. I dunno. I guess well see what happens.",Depression,"{""depression"": ""yes""}"
9aibv6,I realized school is a major source of my depression.,"I cant do anything I really want to do cause I am so fucking busy with school. Literally just spent my whole day with my mom shopping when all I needed was a haircut (I hate shopping btw).
 Yeah school starts towmorrow and every school day I wake up feeling like shit. I cant avoid school cause I need to get a job in life. To be honest what is the point if I wont have anything I will enjoy. Even my therapist says, you need to do more things you enjoy. I cant cause of fucking school being in the way. On top of that, I have to find scholarships and do college applications cause it is senior year. I have no clue how I will be able to get any of those done and I have no clue how I will get to college cause of all the medical bills my brother and I have. My depression gets in the way of everything I do and then everything I do feeds my depression. TLDR I am not looking foreward to school as it causes depression and me not being able to do certain things makes it worse.","[1, 0]",{'depressive_disorder'},"I realized school is a major source of my depression. I cant do anything I really want to do cause I am so fucking busy with school. Literally just spent my whole day with my mom shopping when all I needed was a haircut I hate shopping btw. Yeah school starts towmorrow and every school day I wake up feeling like shit. I cant avoid school cause I need to get a job in life. To be honest what is the point if I wont have anything I will enjoy. Even my therapist says, you need to do more things you enjoy. I cant cause of fucking school being in the way. On top of that, I have to find scholarships and do college applications cause it is senior year. I have no clue how I will be able to get any of those done and I have no clue how I will get to college cause of all the medical bills my brother and I have. My depression gets in the way of everything I do and then everything I do feeds my depression. TLDR I am not looking foreward to school as it causes depression and me not being able to do certain things makes it worse.",Depression,{'depression':'yes'}
e0ervg,Just waiting for some form of contentment to set in,"I don't feel optimistic about ever being happy. My depression formed so early in my youth that this is just my normal and I don't have true moments of happiness to look back on to draw comparisons to my current mental state. I'm currently sitting in the dinner I used to work at that my ex-boyfriend would drive me to all the time for my shifts. I sit alone imagining the nights we would just sit and stare at each other and sheepishly grin. He has such a cute dorky grin that I can't get over. Now that he has moved on to someone else I try not to think too often of his quirks because I know they are no longer mine and I think that hurts the most. I'd give anything to forget everything though and I feel horrible for thinking that. In all honesty, I wish I could just keep reliving those moments over and over again because they feel like brief moments of serenity in my mind but I can't help but wonder if I could erase all of these memories maybe I wouldn't hurt so much. He's all I think about and I just wish I never tried to have him in my life now. I'd never wish this pain on anyone.","[1, 0]",{'depressive_disorder'},"Just waiting for some form of contentment to set in. I dont feel optimistic about ever being happy. My depression formed so early in my youth that this is just my normal and I dont have true moments of happiness to look back on to draw comparisons to my current mental state. Im currently sitting in the dinner I used to work at that my exboyfriend would drive me to all the time for my shifts. I sit alone imagining the nights we would just sit and stare at each other and sheepishly grin. He has such a cute dorky grin that I cant get over. Now that he has moved on to someone else I try not to think too often of his quirks because I know they are no longer mine and I think that hurts the most. Id give anything to forget everything though and I feel horrible for thinking that. In all honesty, I wish I could just keep reliving those moments over and over again because they feel like brief moments of serenity in my mind but I cant help but wonder if I could erase all of these memories maybe I wouldnt hurt so much. Hes all I think about and I just wish I never tried to have him in my life now. Id never wish this pain on anyone.",Depression,"{""depression"":""yes""}"
h79fkn,Drugs don't work for me,"I don't get any buzz from alcohol, I just get a headache, sleppy and at some point nauseous. I can't get high from weed, I just get paranoid, anxious, sleepy, lethargic and depressive. I don't get any effect from codeine. I don't get much from kratom except for some more motivation, killing of my negative thoughts and depression and at some point sedation and nodding which is good for sleeping but nothing like euphoria, mood enhancement, anxiety relief and those things that people talk about and makes them loving it, using it daily and calling it a miracle drug. I don't get any buzz from nicotine. I tried many antidepressants, SSRIs, SSNRIs and other types: Escitalopram (Cipralex), Opipramol, Paroxetine, Duloxetine (Cymbalta), Bupropion (Wellbutrin), neuroleptics like Quetiapine (Seroquel), Promethazine and benzos like Diazepame (Valium) and Lorazepame (Tavor). Only think that worked for me are benzos. All other antidepressants didn't do anything for me except giving me side effects like making me very sleep, not sleeping at all, complete loss of appetite, increased anxiety and depression or sexual dysfunctions.
 
 So things that work for me are phenibut, benzos and nitrous oxide (n2o/laughing gas). I didn't try anything else for now. Soon I'm going to try tilidine and let's see if this might be an opioid that works for me or if it's just another substance I'm non-respondent to.
 
 What's the reason that drugs don't work for me. Any idea or suggestion? I'm 20 years old and I also suffer from mainly social anxiety and depression. The depression mainly comes from having social anxiety and it's consequences on life, health and cognition.","[1, 1]","{'depressive_disorder', 'anxiety_disorder'}","Drugs dont work for me. I dont get any buzz from alcohol, I just get a headache, sleppy and at some point nauseous. I cant get high from weed, I just get paranoid, anxious, sleepy, lethargic and depressive. I dont get any effect from codeine. I dont get much from kratom except for some more motivation, killing of my negative thoughts and depression and at some point sedation and nodding which is good for sleeping but nothing like euphoria, mood enhancement, anxiety relief and those things that people talk about and makes them loving it, using it daily and calling it a miracle drug. I dont get any buzz from nicotine. I tried many antidepressants, SSRIs, SSNRIs and other types Escitalopram Cipralex, Opipramol, Paroxetine, Duloxetine Cymbalta, Bupropion Wellbutrin, neuroleptics like Quetiapine Seroquel, Promethazine and benzos like Diazepame Valium and Lorazepame Tavor. Only think that worked for me are benzos. All other antidepressants didnt do anything for me except giving me side effects like making me very sleep, not sleeping at all, complete loss of appetite, increased anxiety and depression or sexual dysfunctions. So things that work for me are phenibut, benzos and nitrous oxide n2olaughing gas. I didnt try anything else for now. Soon Im going to try tilidine and lets see if this might be an opioid that works for me or if its just another substance Im nonrespondent to. Whats the reason that drugs dont work for me. Any idea or suggestion? Im 20 years old and I also suffer from mainly social anxiety and depression. The depression mainly comes from having social anxiety and its consequences on life, health and cognition.",Comorbid (Depression + Anxiety),{'depression':'yes'}
c0y0bp,Depression and hoarding. A match made in hell...,"I don't know about anyone else but since I've been depressed I have always had some kind of hoarding associated with it. When I was a kid I remember hoarding broken toys. As I grew, I began hoarding different things. Bicycles, motorcycles, cars. I also noticed I was never getting rid of old clothes and still have trouble to this day. Now my biggest issue is I'm hoarding junk mail and boxes. Hundreds of boxes! I can't let them go! I try and try but every time I try I have an anxiety attack. My house looks like shit I have boxes in almost every room. The kicker is they are empty! This is not helping my depression at all. Because my house looks like shit I don't let anyone over. Not that I have friends anyway but if I did I wouldn't want them to see the mess. I keep my doors and windows closed and shades drawn. It's also putting an incredible strain on my relationship. I have no idea how I'm going to overcome this. When I'm depressed I hoard. Hoarding makes me more depressed. It's a vicious circle.","[1, 0]",{'depressive_disorder'},"Depression and hoarding. A match made in hell. I dont know about anyone else but since Ive been depressed I have always had some kind of hoarding associated with it. When I was a kid I remember hoarding broken toys. As I grew, I began hoarding different things. Bicycles, motorcycles, cars. I also noticed I was never getting rid of old clothes and still have trouble to this day. Now my biggest issue is Im hoarding junk mail and boxes. Hundreds of boxes! I cant let them go! I try and try but every time I try I have an anxiety attack. My house looks like shit I have boxes in almost every room. The kicker is they are empty! This is not helping my depression at all. Because my house looks like shit I dont let anyone over. Not that I have friends anyway but if I did I wouldnt want them to see the mess. I keep my doors and windows closed and shades drawn. Its also putting an incredible strain on my relationship. I have no idea how Im going to overcome this. When Im depressed I hoard. Hoarding makes me more depressed. Its a vicious circle.",Depression,{'depression':'yes'}
70ryy3,i feel selfish,"i don't know if depression made me selfish, or im just selfish....i can only seem to think about how im feeling and what im doing, although i do care about others genuinely (i think) i feel soooo extremely selfish. I also feel like i cant accept others likes and opinions and just how they live their life. If let's say they're very carefree and don't care about much I CANT STAND IT cause in the opposite and I get really mad (not outwardly, just inwardly) and i just cant fathom how they can live their life. i makes me very angry inside, like wtf why!? 
 
 i dont know what this means at all...it just sounds like im a shitty person... anyone ever experienced something similair?","[1, 0]",{'depressive_disorder'},"i feel selfish. i dont know if depression made me selfish, or im just selfish.i can only seem to think about how im feeling and what im doing, although i do care about others genuinely i think i feel soooo extremely selfish. I also feel like i cant accept others likes and opinions and just how they live their life. If lets say theyre very carefree and dont care about much I CANT STAND IT cause in the opposite and I get really mad not outwardly, just inwardly and i just cant fathom how they can live their life. i makes me very angry inside, like wtf why? i dont know what this means at all.it just sounds like im a shitty person. anyone ever experienced something similair?",Depression,{'depression':'no'}
by9gnp,Confused and lost with no support,"I don't really know why I'm posting this. Maybe just to vent. A little backstory, I was emotionally abused by my parents when I was growing up. I was diagnosed with clinical depression in February. I've been in this depression for years. At first I didnt tell my wife about my depression diagnosis and therapy. I finally decided to tell her a couple of months ago. Since then she's told me things like ""just let it go and move on"" ""watch a sad movie like titanic to cry it out and you will be better."" 
 A couple of weeks ago I picked up a refill of prozac for myself and a couple of prescriptions for my kids. My wife said she put the meds in the childproofed cabinet under the sink, but we couldn't find my prozac and a prescription for the kids. A few days ago my wife and I had an argument about the lost meds. She was pisses off that I paid for another refill of prozac because ""It's just to get you addicted."" I told her I'm not addicted to anything then it hit me. I asked, ""You don't believe depression is a real thing, do you?"" Her response was ""No, not really.""
 Since then my emotional state has been eratic. I know I won't have support from her. Then the night before last, she says she noticed I've been angry and frustrated and in bad moods. She then gave me a back and shoulder massage. I don't know how to feel and what to think. We love each other and I feel close to her, but I still have this anger and disappointment and anxiety about me trying to recover without support. Truth be told, my kids have always been the reason I'm still alive.","[1, 1]","{'depressive_disorder', 'anxiety_disorder'}","Confused and lost with no support. I dont really know why Im posting this. Maybe just to vent. A little backstory, I was emotionally abused by my parents when I was growing up. I was diagnosed with clinical depression in February. Ive been in this depression for years. At first I didnt tell my wife about my depression diagnosis and therapy. I finally decided to tell her a couple of months ago. Since then shes told me things like just let it go and move on watch a sad movie like titanic to cry it out and you will be better. A couple of weeks ago I picked up a refill of prozac for myself and a couple of prescriptions for my kids. My wife said she put the meds in the childproofed cabinet under the sink, but we couldnt find my prozac and a prescription for the kids. A few days ago my wife and I had an argument about the lost meds. She was pisses off that I paid for another refill of prozac because Its just to get you addicted. I told her Im not addicted to anything then it hit me. I asked, You dont believe depression is a real thing, do you? Her response was No, not really. Since then my emotional state has been eratic. I know I wont have support from her. Then the night before last, she says she noticed Ive been angry and frustrated and in bad moods. She then gave me a back and shoulder massage. I dont know how to feel and what to think. We love each other and I feel close to her, but I still have this anger and disappointment and anxiety about me trying to recover without support. Truth be told, my kids have always been the reason Im still alive.",Comorbid (Depression + Anxiety),{'depression':'yes'}
5x10a6,I've reached my wits end. I don't know what to do anymore.,"I don't use reddit, really. But I needed someplace to speak. To say something, anything at all. Even if nobody gives a flying fuck about me or how I feel. Just to know that someone knows.
 
 I'm not sure if it's really depression, but those who have been diagnosed with it says it is, which means I've just been living with depression for about 2 years now. Whether it's actually depression or just being sad to the point I'd rather die, it doesn't matter. But regardless, I've been bullied for no reason, lied to and cheated on by those I thought I could trust, and life just keeps getting worse. As I move on with this painful, horrible existence I live, I've got nothing worthwhile about me, no special skills, I'm stupid, ugly, and I just can't handle it anymore. I'm worthless. There's no reason to live anymore. I can't think of anything. My life isn't going anywhere, so I might as well just be dead.
 
 So I might do it. The only thing that's held me back thus far has been the fact that my parents will cry over my grave, and even waste money on a funeral that they shouldn't need to pay for, since I'm not even worth that. Crying over me, if only they could see how worthless I am. But I'm already a burden by just existing, so I'm not sure yet.
 
 I honestly just want to do it. I want to die. I deserve to die. I deserve to be nothing but a bloody splatter on the pavement. I don't deserve life. I don't deserve anything besides death.","[1, 0]",{'depressive_disorder'},"Ive reached my wits end. I dont know what to do anymore. I dont use reddit, really. But I needed someplace to speak. To say something, anything at all. Even if nobody gives a flying fuck about me or how I feel. Just to know that someone knows. Im not sure if its really depression, but those who have been diagnosed with it says it is, which means Ive just been living with depression for about 2 years now. Whether its actually depression or just being sad to the point Id rather die, it doesnt matter. But regardless, Ive been bullied for no reason, lied to and cheated on by those I thought I could trust, and life just keeps getting worse. As I move on with this painful, horrible existence I live, Ive got nothing worthwhile about me, no special skills, Im stupid, ugly, and I just cant handle it anymore. Im worthless. Theres no reason to live anymore. I cant think of anything. My life isnt going anywhere, so I might as well just be dead. So I might do it. The only thing thats held me back thus far has been the fact that my parents will cry over my grave, and even waste money on a funeral that they shouldnt need to pay for, since Im not even worth that. Crying over me, if only they could see how worthless I am. But Im already a burden by just existing, so Im not sure yet. I honestly just want to do it. I want to die. I deserve to die. I deserve to be nothing but a bloody splatter on the pavement. I dont deserve life. I dont deserve anything besides death.",Depression,{'depression':'yes'}
mujqud,How do I deal with the thoughts of suicide when I don't want to die?,"I don't want to commit suicide but I keep having suicidal thoughts.im extremely depressed again but I DO NOT WANT TO COMMIT SUICIDE yet these thoughts and feelings of depression keep enticing me to. I would not do anything. Seriously I don't want to do anything. I am terrified of my own thoughts.
 
 What it feels like is a tug of war game where I have the upper hand constantly but I have to deal with these nonsensical suicidal thoughts. I'm feeling depressed but I don't want to commit suicide it feels like it's going to lose me everything if I do that. I want to stay alive. Yet I keep thinking of suicide, I don't even know if this makes sense. It almost feels like intrusive thoughts. thoughts about so badly wanting to die when I don't want to.
 
 I've been in the psych ward before and don't want to go ahain. I have no way to actively harm myself unless I really make a huge effort to and that'd be so out of my way. So I'm just dealing with these thoughts in the end. I have a future and a reason to stay. But these thoughts make me feel really uncomfortable and literally headaches and physical pain!
 
  I feel like the craziness of this will drive me to the edge even though I consciously don't want to. Any advice? I don't want to do anything to myself","[1, 0]",{'depressive_disorder'},"How do I deal with the thoughts of suicide when I dont want to die. I dont want to commit suicide but I keep having suicidal thoughts.im extremely depressed again but I DO NOT WANT TO COMMIT SUICIDE yet these thoughts and feelings of depression keep enticing me to. I would not do anything. Seriously I dont want to do anything. I am terrified of my own thoughts. What it feels like is a tug of war game where I have the upper hand constantly but I have to deal with these nonsensical suicidal thoughts. Im feeling depressed but I dont want to commit suicide it feels like its going to lose me everything if I do that. I want to stay alive. Yet I keep thinking of suicide, I dont even know if this makes sense. It almost feels like intrusive thoughts. thoughts about so badly wanting to die when I dont want to. Ive been in the psych ward before and dont want to go ahain. I have no way to actively harm myself unless I really make a huge effort to and thatd be so out of my way. So Im just dealing with these thoughts in the end. I have a future and a reason to stay. But these thoughts make me feel really uncomfortable and literally headaches and physical pain! I feel like the craziness of this will drive me to the edge even though I consciously dont want to. Any advice? I dont want to do anything to myself",Depression,{'depression':'yes'}
c3oale,I like a guy and that is pathetic...,"I dont know why I still develop feelings towards guys, when I already know I will be rejected due to my looks...the majority of guys just ignore me, but recently I met a guy who talked to me. Obviously I know he wasnt interested in me as a potential partner, he was just being kind, but I think about him literally 24/7 and I daydream about having a life with him. That would be impossible even because he was here in Portugal only for holidays, he came back to Serbia so we live far away and probably we wont talk again (I dont know his number and I know only his first name). Its really stupid to daydream so bad about having a life with him Just because he was kind to an ugly hideous worthless girl like me...I am 24 and I have never had a bf, I am kissless, and virgin. I have been rejected by guys. I am touch starved and I crave human contact, but really I dont know why I keep craving It if I am 100% aware to be unlovable due to my awful face...I Wish I could turn my feelings completely off, I Wish my Heart became cold as a stone..but I cant and thats killing me...I suffer from depression, anxiety, self harm, an eating disorder, I attempted suicide once..I have never felt loved and I Will never feel due to my looks.. whats the point on going on??? why am I so pathetic? Why cant I fu.cking stop to think about a man who just wanted to be kind??? Kill me please","[1, 1]","{'depressive_disorder', 'anxiety_disorder'}","I like a guy and that is pathetic. I dont know why I still develop feelings towards guys, when I already know I will be rejected due to my looks.the majority of guys just ignore me, but recently I met a guy who talked to me. Obviously I know he wasnt interested in me as a potential partner, he was just being kind, but I think about him literally 247 and I daydream about having a life with him. That would be impossible even because he was here in Portugal only for holidays, he came back to Serbia so we live far away and probably we wont talk again I dont know his number and I know only his first name. Its really stupid to daydream so bad about having a life with him Just because he was kind to an ugly hideous worthless girl like me.I am 24 and I have never had a bf, I am kissless, and virgin. I have been rejected by guys. I am touch starved and I crave human contact, but really I dont know why I keep craving It if I am 100 aware to be unlovable due to my awful face.I Wish I could turn my feelings completely off, I Wish my Heart became cold as a stone.but I cant and thats killing me.I suffer from depression, anxiety, self harm, an eating disorder, I attempted suicide once.I have never felt loved and I Will never feel due to my looks. whats the point on going on? why am I so pathetic? Why cant I fu.cking stop to think about a man who just wanted to be kind? Kill me please",Comorbid (Depression + Anxiety),{'depression':'yes'}
c40whm,I really need to get this out.,"I feel like i'm always getting butterflies in my stomach constantly, unless i smoke (cannabis), do good in the thing I love, or talk to the girl i'm so in love with... shes still my best friend and we've been over this love thing many of times and she has someone as of now. We've come to terms and i've told her i'm over it but i'm not. It hurts so bad still i just don't know how else to feel, when I think about her not in my life I want nothing more than just.. death :/ I'm always focusing on the future or even the past. I don't know how else to get it out because everyone on my discord is too busy. I feel so lost everyday and I really only have little motivation left, I wish I could find a way to get it back. I wish I didn't hurt like this. I just wanna stop hurting all the time :( and I wanna feel happiness and I want to find real love... I also wanna give up but I feel like i'm forced to cope for the people that I love. This whole life thing really doesn't seem to be for me. I'm only 18 but it really feels like I could happily call it quits at 20. Idk what else to do so, sorry for the long post but I was gonna go crazy because I can't cry anymore so I needed a place to vent. Hope anyone who's struggling can at least know i'm trying my hardest to stay in this world too.","[1, 0]",{'depressive_disorder'},"I really need to get this out. I feel like im always getting butterflies in my stomach constantly, unless i smoke cannabis, do good in the thing I love, or talk to the girl im so in love with. shes still my best friend and weve been over this love thing many of times and she has someone as of now. Weve come to terms and ive told her im over it but im not. It hurts so bad still i just dont know how else to feel, when I think about her not in my life I want nothing more than just. death Im always focusing on the future or even the past. I dont know how else to get it out because everyone on my discord is too busy. I feel so lost everyday and I really only have little motivation left, I wish I could find a way to get it back. I wish I didnt hurt like this. I just wanna stop hurting all the time and I wanna feel happiness and I want to find real love. I also wanna give up but I feel like im forced to cope for the people that I love. This whole life thing really doesnt seem to be for me. Im only 18 but it really feels like I could happily call it quits at 20. Idk what else to do so, sorry for the long post but I was gonna go crazy because I cant cry anymore so I needed a place to vent. Hope anyone whos struggling can at least know im trying my hardest to stay in this world too.",Depression,{'depression':'yes'}
5dx5g8,Forlorn.,"I feel myself falling off the wagon. I don't even know if my emotions are rational anymore, maybe they weren't even rational in the first place. I've been intentionally secluding myself. I guess I just like being attentive to the thoughts in my head. They're so comforting, I never want to spend anytime away from them. I guess thats my main issue. I feel like the older I grow the more I understand events and people for what they *actually* are. I want to emerge myself in the few innocent thoughts I have left. I've recently encountered an intense nostalgia for the innocent fairytales that dominated my childhood. All I've ever wanted in my life is to fall in love young and get married young. I still long for that but I think its harder to not be **bound** to these desires when I feel so alone all the time, so out of place. I'm nineteen I know I shouldn't be encompassed by these desires. I fear that I will never fall in love and be married. I know that I have a long time left to allow this to happen but I feel like it would be the only thing to keep me at peace. I'm in college and I dread it greatly, I so desperately feel like I need it now in my life. I fear that my desires will get worst and I'll feel so hopeless that there will be no coming back from it. I feel like my desire to surpass these next 2+ remaining years is to do something *""unethical""* or *""drastic""*.","[0, 0]",{'control_group'},"Forlorn. I feel myself falling off the wagon. I dont even know if my emotions are rational anymore, maybe they werent even rational in the first place. Ive been intentionally secluding myself. I guess I just like being attentive to the thoughts in my head. Theyre so comforting, I never want to spend anytime away from them. I guess thats my main issue. I feel like the older I grow the more I understand events and people for what they actually are. I want to emerge myself in the few innocent thoughts I have left. Ive recently encountered an intense nostalgia for the innocent fairytales that dominated my childhood. All Ive ever wanted in my life is to fall in love young and get married young. I still long for that but I think its harder to not be bound to these desires when I feel so alone all the time, so out of place. Im nineteen I know I shouldnt be encompassed by these desires. I fear that I will never fall in love and be married. I know that I have a long time left to allow this to happen but I feel like it would be the only thing to keep me at peace. Im in college and I dread it greatly, I so desperately feel like I need it now in my life. I fear that my desires will get worst and Ill feel so hopeless that there will be no coming back from it. I feel like my desire to surpass these next 2+ remaining years is to do something unethical or drastic.",Normal,"{""depression"": ""yes""}"
dqobl3,Is parenting a trigger for you?,I feel so guilty to say this but sometimes being a parent is so hard and I love my child with every piece of my soul but he is a difficult child (diagnoses ADD/ADHD/ODD and anxiety). I try so so hard to be the best mom possible but sometimes I just want to run away which I know I cant do so I turn to my wine bottle instead as an outlet. Does it help? Maybe momentarily but then its just worse the next day but in that moment I just need the relief and dont care about the next day. Sometimes I just want to drink until my head is not consumed by the stress. I drink to forget because it seems its the only thing that helps me live in the moment. And the guilt I feel after the fact is even worse and I know that going into it but that voice in my head just says go ahead and drink. You deserve it. Maybe I think I even deserved the turmoil the next day. I dont know. This is just a rant. I am not drinking today. But just had to get this out. Probably one of the hardest things for me to admit. But it really is just so hard. Thanks for listening.,"[0, 0]",{'control_group'},Is parenting a trigger for you. I feel so guilty to say this but sometimes being a parent is so hard and I love my child with every piece of my soul but he is a difficult child diagnoses ADDADHDODD and anxiety. I try so so hard to be the best mom possible but sometimes I just want to run away which I know I cant do so I turn to my wine bottle instead as an outlet. Does it help? Maybe momentarily but then its just worse the next day but in that moment I just need the relief and dont care about the next day. Sometimes I just want to drink until my head is not consumed by the stress. I drink to forget because it seems its the only thing that helps me live in the moment. And the guilt I feel after the fact is even worse and I know that going into it but that voice in my head just says go ahead and drink. You deserve it. Maybe I think I even deserved the turmoil the next day. I dont know. This is just a rant. I am not drinking today. But just had to get this out. Probably one of the hardest things for me to admit. But it really is just so hard. Thanks for listening.,Normal,{'depression':'no'}
g4gwd9,Rant,"I got diagnosed with depression 3.5 years ago and have been medicated since then .my family are telling me that i am faking it and that i am living in the illusion of depression and that i am not depressed.they told me that they have gone through worse circumstances and situations and they came out of it without depression and that there are a lot of other people having it worse than me and they are still not depressed.they also said that i am this weak and silly because i haven't gone through bad and difficult periods through my life and because i had everything i needed like food ,clothes ,home ,a good bed ,money,etc. I am asking myself all the time if i am faking it or not and my brain is torturing me, i feel guilty because of how i feel and because that they made me feel like i am running from my responsibilities instead of facing them.i am so angry and i dont know what i should do. I am actually starting to convince myself i am faking it.i am.always looking at people who are having it harder than me and always feeling guilty because of that.
 Sorry for my bad English, Itsn't my native.","[1, 0]",{'depressive_disorder'},"Rant. I got diagnosed with depression 3.5 years ago and have been medicated since then .my family are telling me that i am faking it and that i am living in the illusion of depression and that i am not depressed.they told me that they have gone through worse circumstances and situations and they came out of it without depression and that there are a lot of other people having it worse than me and they are still not depressed.they also said that i am this weak and silly because i havent gone through bad and difficult periods through my life and because i had everything i needed like food ,clothes ,home ,a good bed ,money,etc. I am asking myself all the time if i am faking it or not and my brain is torturing me, i feel guilty because of how i feel and because that they made me feel like i am running from my responsibilities instead of facing them.i am so angry and i dont know what i should do. I am actually starting to convince myself i am faking it.i am.always looking at people who are having it harder than me and always feeling guilty because of that. Sorry for my bad English, Itsnt my native.",Depression,{'depression':'yes'}
he35v2,"I feel like a faker, like my own personal failings brought this upon me","I got diagnosed with MDD on Friday, but I'm kind of doubting it (I think in large part due to my low self-esteem). 
 
 Basically, I think my largest underlying issues are low-self esteem and being a chronic unhappy perfectionist. I've had issues on and off for most of my teenage and adult life (always thought I was just being moody and would grow out of it). Most of my suicidal thoughts/self harm coincided with stressful periods during work or school, so I also always cast it off as stress and just the consequences of my actions, failing to live up to my own expectations. I mean, depression doesn't just go away when your life improves, and notably I would still have some mild anxiety during better times, but no other symptoms of depression. So, if I only get those symptoms during stressful times, and I've been having a stressful time since January then I feel like none of this really counts. I feel like a faker claiming to be depressed (even if I meet the criteria) because I did this to myself and my own failures caused me to get to this point. And I feel like I can't get better, because if I do, it'll just prove I was faking and lazy this whole time, trying to blame my problems on this instead of being accountable.
 
 I'm still getting medicine and therapy because I'm still in a dark place rn, and even if I'm not really depressed I'm hoping it can put me in a better spot to change those thoughts that got me here in the first place, but I don't feel like it's right for me to claim I'm depressed to myself or anyone else.","[1, 0]",{'depressive_disorder'},"I feel like a faker, like my own personal failings brought this upon me. I got diagnosed with MDD on Friday, but Im kind of doubting it I think in large part due to my low selfesteem. Basically, I think my largest underlying issues are lowself esteem and being a chronic unhappy perfectionist. Ive had issues on and off for most of my teenage and adult life always thought I was just being moody and would grow out of it. Most of my suicidal thoughtsself harm coincided with stressful periods during work or school, so I also always cast it off as stress and just the consequences of my actions, failing to live up to my own expectations. I mean, depression doesnt just go away when your life improves, and notably I would still have some mild anxiety during better times, but no other symptoms of depression. So, if I only get those symptoms during stressful times, and Ive been having a stressful time since January then I feel like none of this really counts. I feel like a faker claiming to be depressed even if I meet the criteria because I did this to myself and my own failures caused me to get to this point. And I feel like I cant get better, because if I do, itll just prove I was faking and lazy this whole time, trying to blame my problems on this instead of being accountable. Im still getting medicine and therapy because Im still in a dark place rn, and even if Im not really depressed Im hoping it can put me in a better spot to change those thoughts that got me here in the first place, but I dont feel like its right for me to claim Im depressed to myself or anyone else.",Depression,"{""depression"":""yes""}"
9c9wog,Im (21F) Mom of 2 cant seem to motivate myself enough to raise them the way I want most days,"I had a truly horrible childhood raised by a slew of narcissistic mom/girlfriends/stepmom and a easily manipulated and over busy dad. I want soooo much better for my kids. I have 4 angel babies, Ive only sort of met one of them and two earthly babies. I want to give the kids I have here everything I never got without also giving them the silver spoon mindset. My youngest is having a birthday party this coming weekend, I had plans for a blowout... I dont think it with be big enough to be even a pop.
 I have been diagnosed with depression and anxiety from a rather early age when at about 10/11 I started talking about my mom and dad being happier with out me and indirectly saying I felt I should die. I also developed PTSD because of childhood abuse. I was put on medication without my consent as a minor and I dont like the idea of taking anything, but my husband (27M) who has at very least situational depression but we both suspect full blown depression is considering medication. I dont want him to start to resent me if he feels better and starts becoming motivated and doing things. I 100% want him to feel better and dont want him to go untreated if he wants to try it but I am scared... Im not sure if its just my anxiety or if Im actually justified(not the right word but it kinda works?)
 
 *Currently breastfeeding and want to continue until baby weans them self. So advice besides just take the pills would be great!*","[1, 1]","{'depressive_disorder', 'anxiety_disorder'}","Im 21F Mom of 2 cant seem to motivate myself enough to raise them the way I want most days. I had a truly horrible childhood raised by a slew of narcissistic momgirlfriendsstepmom and a easily manipulated and over busy dad. I want soooo much better for my kids. I have 4 angel babies, Ive only sort of met one of them and two earthly babies. I want to give the kids I have here everything I never got without also giving them the silver spoon mindset. My youngest is having a birthday party this coming weekend, I had plans for a blowout. I dont think it with be big enough to be even a pop. I have been diagnosed with depression and anxiety from a rather early age when at about 1011 I started talking about my mom and dad being happier with out me and indirectly saying I felt I should die. I also developed PTSD because of childhood abuse. I was put on medication without my consent as a minor and I dont like the idea of taking anything, but my husband 27M who has at very least situational depression but we both suspect full blown depression is considering medication. I dont want him to start to resent me if he feels better and starts becoming motivated and doing things. I 100 want him to feel better and dont want him to go untreated if he wants to try it but I am scared. Im not sure if its just my anxiety or if Im actually justifiednot the right word but it kinda works? Currently breastfeeding and want to continue until baby weans them self. So advice besides just take the pills would be great!",Comorbid (Depression + Anxiety),{'depression':'yes'}
em2iwj,I was fired from a job that I've been trying to quit for over a month.,"I had been searching for a new job for a while now because my old job was beyond stressful. The managers often yelled and exploded over minor things, insulted me personally, or said and did things that they knew would directly hurt me almost every day. 
 Each time that they suspected that I was considering quitting, they would actually get more mean, and basically make it seem like my resignation would make me this terrible person for not staying around to help them. I was constantly overworked (the other 4 or 5 people that worked the morning shift with me quit, so I was doing all of their jobs and mine most days), and they never seemed to appreciate it. Aside from that, my mental health got noticeably worse while I was there, even though I had only been there for a few months. 
  
  
 I got a new job, and my first day was today, so I resigned from the old job. The only problem is that my text didn't go through somehow (I was way too nervous to go in person and resign, and risk being yelled at again, but i didn't have their email either).
  
  
 Now, the old job managers have assumed that I just didn't show up for work for whatever reason, so they found my email address and emailed me a *""Notice of Termination""*.
  
  
 I don't know what to do. I don't know how to handle this, and I cant tell my family. I don't know how to handle this, and I actually feel worse today than I did yesterday when I was trying to figure out how to resign.","[0, 0]",{'control_group'},"I was fired from a job that Ive been trying to quit for over a month. I had been searching for a new job for a while now because my old job was beyond stressful. The managers often yelled and exploded over minor things, insulted me personally, or said and did things that they knew would directly hurt me almost every day. Each time that they suspected that I was considering quitting, they would actually get more mean, and basically make it seem like my resignation would make me this terrible person for not staying around to help them. I was constantly overworked the other 4 or 5 people that worked the morning shift with me quit, so I was doing all of their jobs and mine most days, and they never seemed to appreciate it. Aside from that, my mental health got noticeably worse while I was there, even though I had only been there for a few months. I got a new job, and my first day was today, so I resigned from the old job. The only problem is that my text didnt go through somehow I was way too nervous to go in person and resign, and risk being yelled at again, but i didnt have their email either. Now, the old job managers have assumed that I just didnt show up for work for whatever reason, so they found my email address and emailed me a Notice of Termination. I dont know what to do. I dont know how to handle this, and I cant tell my family. I dont know how to handle this, and I actually feel worse today than I did yesterday when I was trying to figure out how to resign.",Normal,{'depression':'no'}
cyps11,Does depression always reoccur? What can I do to lower those chances?,"I had struggled with anxiety and panic since childhood. However, this past summer I had what turned out to be my first depressive episode and I was diagnosed with major depressive disorder. It wasn't precipitated by a traumatic event or experience. I just woke up one morning and felt hopeless. It lead to a lack of energy to the point where even chewing food was too much. I was either crying or feeling numb. I couldn't do my research or writing. After a month had past I finally realized it wasn't just a bad mood that would pass. I went to see my doctor and started Celexa. I've been on it for almost two months now and I can say that I feel 95% better. I'm waiting on a referral to a psychologist for CBT therapy. 
 
 
 I'm wondering whether it's possible that this be my one and only depressive episode. Will I have to be on these medications forever? My doctor said the usual course is 6 months and then we try to taper off and see what happens. I have a very demanding career and it's a high stress one as well. I worked from home over the summer, thankfully but now I'm back in the office. Does anyone have any tips or advice for staving off future depressive episodes? I've started going to bed earlier and eating healthier. I also drink 1 cup of coffee in the morning now instead of 5-6 and it has helped my anxiety.","[1, 1]","{'depressive_disorder', 'anxiety_disorder'}","Does depression always reoccur? What can I do to lower those chances. I had struggled with anxiety and panic since childhood. However, this past summer I had what turned out to be my first depressive episode and I was diagnosed with major depressive disorder. It wasnt precipitated by a traumatic event or experience. I just woke up one morning and felt hopeless. It lead to a lack of energy to the point where even chewing food was too much. I was either crying or feeling numb. I couldnt do my research or writing. After a month had past I finally realized it wasnt just a bad mood that would pass. I went to see my doctor and started Celexa. Ive been on it for almost two months now and I can say that I feel 95 better. Im waiting on a referral to a psychologist for CBT therapy. Im wondering whether its possible that this be my one and only depressive episode. Will I have to be on these medications forever? My doctor said the usual course is 6 months and then we try to taper off and see what happens. I have a very demanding career and its a high stress one as well. I worked from home over the summer, thankfully but now Im back in the office. Does anyone have any tips or advice for staving off future depressive episodes? Ive started going to bed earlier and eating healthier. I also drink 1 cup of coffee in the morning now instead of 56 and it has helped my anxiety.",Comorbid (Depression + Anxiety),{'depression':'yes'}
blcrp1,How do you stick to good habits when you're depressed?,"I have a bad habit of dropping good habits I start when I am having a bad day. When I'm having a good day (depression is tolerable), I eat healthy, exercise, socialize etc. However, when I get extremely depressed, all of my progress goes out the window. I tend to isolate myself, binge on junk food, and waste the day watching porn and playing video games. 
 
 I was going to the gym nearly everyday about a year ago, and I made some incredible gains. My depression wasn't that bad at that point though. I'm sure consistently exercising had something to do with it. However, come summertime, I quit working out and isolated myself in my house. I spent the whole summer wasting away, and my anxiety and depression got that much worse. 
 
 I know that deep inside of me, I want to be productive. I want to be healthy. I want to go out and meet new people. Whenever I try to implement good lifestyle habits into my routine, the voice at the back of my head tells me that I'll just fall back into a relapse in a couple of days. 
 
 For some background info, I am 17, and I have been diagnosed with severe depression and am on an antidepressant which has helped tremendously. Right now I am being assessed for possible bipolar disorder, but we are not completely sure yet. 
 
 I'm just sick and tired of starting something productive, then never continuing it in the long run. Any advice or personal stories would be greatly appreciated. If you got this far, thanks for reading. Have a great day! ðŸ˜","[1, 0]",{'depressive_disorder'},"How do you stick to good habits when youre depressed. I have a bad habit of dropping good habits I start when I am having a bad day. When Im having a good day depression is tolerable, I eat healthy, exercise, socialize etc. However, when I get extremely depressed, all of my progress goes out the window. I tend to isolate myself, binge on junk food, and waste the day watching porn and playing video games. I was going to the gym nearly everyday about a year ago, and I made some incredible gains. My depression wasnt that bad at that point though. Im sure consistently exercising had something to do with it. However, come summertime, I quit working out and isolated myself in my house. I spent the whole summer wasting away, and my anxiety and depression got that much worse. I know that deep inside of me, I want to be productive. I want to be healthy. I want to go out and meet new people. Whenever I try to implement good lifestyle habits into my routine, the voice at the back of my head tells me that Ill just fall back into a relapse in a couple of days. For some background info, I am 17, and I have been diagnosed with severe depression and am on an antidepressant which has helped tremendously. Right now I am being assessed for possible bipolar disorder, but we are not completely sure yet. Im just sick and tired of starting something productive, then never continuing it in the long run. Any advice or personal stories would be greatly appreciated. If you got this far, thanks for reading. Have a great day!",Depression,{'depression':'yes'}
43ma3n,I've never been more depressed... and I've not even started tapering yet.,"I have a dual diagnosis and the insurance that I have will not pay for IOP, rehab, counseling or anything other than medication and one 30 minute visit to a psychiatrist once per month. I struggle with long bouts of severe clinical depression and anxiety. I'm in and out of active addiction. I usually end up going straight to a maintenance program like methadone or suboxone when I relapse. 
 
 Right now I have been taking 4 mg of suboxone every day for over 4 months. This is my first time on suboxone. I get it illegally, but I take it at the same time every day by mouth, so I don't really consider myself in active addiction. Any clinic or doctor would, and some of you might. 
 
 I'm ready to quit now. The fear of my source running out or something is terrifying. I'm am already so severely depressed, I couldn't imagine going through it cold turkey right now. I already feeling a lot of the same symptoms I would be feeling from suboxone withdrawal. I couldn't imagine going through this and withdrawal at the same time. 
 
 Has anyone else gone through suboxone withdrawal while already severely depressed?","[1, 0]",{'depressive_disorder'},"Ive never been more depressed. and Ive not even started tapering yet. I have a dual diagnosis and the insurance that I have will not pay for IOP, rehab, counseling or anything other than medication and one 30 minute visit to a psychiatrist once per month. I struggle with long bouts of severe clinical depression and anxiety. Im in and out of active addiction. I usually end up going straight to a maintenance program like methadone or suboxone when I relapse. Right now I have been taking 4 mg of suboxone every day for over 4 months. This is my first time on suboxone. I get it illegally, but I take it at the same time every day by mouth, so I dont really consider myself in active addiction. Any clinic or doctor would, and some of you might. Im ready to quit now. The fear of my source running out or something is terrifying. Im am already so severely depressed, I couldnt imagine going through it cold turkey right now. I already feeling a lot of the same symptoms I would be feeling from suboxone withdrawal. I couldnt imagine going through this and withdrawal at the same time. Has anyone else gone through suboxone withdrawal while already severely depressed?",Depression,"{""depression"":""yes""}"
9efcpi,My life is good but I just want to die.,"I have a really good life but after an argument with my spouse last night, Im left with this feeling of being utterly and completely alone. My depression is a newly recognized issue but Ive made great strides over the past year to get my old self back. But all it took was this argument to send me over the edge. If he wasnt away for work, and I wasnt the sole caretaker for my kids, I really dont think Id be here. My kids are really the only reason I keep going. Even then, Im not doing them much good curled up on the couch wanting to die. There is so much I have to do but I havent left my spot on the couch much at all today. I feel angry at myself for being so weak. Frustrated that my supposed best friend is being so selfish. I dont feel like anyone really cares about me. My kids love me but thats simple biology. I dont have many friends and the two I do have are several states away. Ive never been this close to self harm before. I really wonder what itd feel like. The only reason Im not doing anything is because if anything happens to me, my kids will be alone. I hate myself. I really, truly do.","[1, 1]","{'depressive_disorder', 'anxiety_disorder'}","My life is good but I just want to die. I have a really good life but after an argument with my spouse last night, Im left with this feeling of being utterly and completely alone. My depression is a newly recognized issue but Ive made great strides over the past year to get my old self back. But all it took was this argument to send me over the edge. If he wasnt away for work, and I wasnt the sole caretaker for my kids, I really dont think Id be here. My kids are really the only reason I keep going. Even then, Im not doing them much good curled up on the couch wanting to die. There is so much I have to do but I havent left my spot on the couch much at all today. I feel angry at myself for being so weak. Frustrated that my supposed best friend is being so selfish. I dont feel like anyone really cares about me. My kids love me but thats simple biology. I dont have many friends and the two I do have are several states away. Ive never been this close to self harm before. I really wonder what itd feel like. The only reason Im not doing anything is because if anything happens to me, my kids will be alone. I hate myself. I really, truly do.",Comorbid (Depression + Anxiety),{'depression':'yes'}
7wp935,When you realize that this might be as good as it will get,"I have a steady job which I don't hate and sometimes actually enjoy. I have all the freedom in the world after that - 35, no kids, no relationship, nada. But that freedom feels more like a cage. I was diagnosed with moderate recurring depression last year, quit drinking around the same time, felt better for a while as I was pretty much a functioning alcoholic, but after sobering up I just realized that I don't really have any friends anymore, no one to call or text, and I've lost interest in my previous hobbies like music and exercise; I don't recover from the latter and after making music, playing in bands and listening to it for most of my life it just doesn't resonate that much. I've applied for therapy (my country covers 60% of the costs if it gets approved) but it takes time. My meds are basically just keeping me going in the rat race and that's it. Before this I was super anxious with panic attacks since I was a kid, now time just passes by. Sometimes I feel like I'm cheating, like I'm not _really_ depressed since I can still function, and even though I realize that that is pretty much a symptom in itself I can't help but feel guilty.. whilst knowing I shouldn't. 
 
 TL;DR: First post here, feeling depressed and lost.","[1, 0]",{'depressive_disorder'},"When you realize that this might be as good as it will get. I have a steady job which I dont hate and sometimes actually enjoy. I have all the freedom in the world after that 35, no kids, no relationship, nada. But that freedom feels more like a cage. I was diagnosed with moderate recurring depression last year, quit drinking around the same time, felt better for a while as I was pretty much a functioning alcoholic, but after sobering up I just realized that I dont really have any friends anymore, no one to call or text, and Ive lost interest in my previous hobbies like music and exercise I dont recover from the latter and after making music, playing in bands and listening to it for most of my life it just doesnt resonate that much. Ive applied for therapy my country covers 60 of the costs if it gets approved but it takes time. My meds are basically just keeping me going in the rat race and thats it. Before this I was super anxious with panic attacks since I was a kid, now time just passes by. Sometimes I feel like Im cheating, like Im not really depressed since I can still function, and even though I realize that that is pretty much a symptom in itself I cant help but feel guilty. whilst knowing I shouldnt. TLDR First post here, feeling depressed and lost.",Depression,"{""depression"":""yes""}"
ei6090,"Im afraid to start medication, help?","I have been diagnosed and struggling with recurrent episodes of major depressive disorder and anxiety disorder. A few months ago I finally had it in me to get a medicine evaluation, and then a few days later I started taking Prozac. 
 
 It was the worst week and a half of my life while on it. My side effects were/included: nausea, stomach pain, jaw clenching, increased anxiety which caused my stomach to clench in uncomfortable ways which never happened to me, my first panic attack which lasted around 5 hours (vision blur, gagging, increased heart rate, sense of dread), mood swings, and a decreased appetite (lost 3 lbs in one week). 
 
 Im not saying all this for support, but to just show how negatively the medication impacted me and even to this day my anxiety is worse than it was before. I now have worsened stomach anxiety which I never used to have prior to taking the medication even six months later. 
 
 I am now ready to get back on medication since I know I need it to get better... but I cant help but feel so much dread at the thought of taking medication again. My body and digestive system feels so sensitive that Im afraid to get the prescription from the pharmacy. 
 
 I guess my question is, for anyone who was afraid to take medication, how did you get over it? Did you have any negative experiences with medication, and if so, how did you deal with the aftermath knowing you may need to try another to help you get better? Any experiences related to mine is welcome or obviously any advice to help push me to do what is most likely beneficial for me. Thanks.","[1, 1]","{'depressive_disorder', 'anxiety_disorder'}","Im afraid to start medication, help. I have been diagnosed and struggling with recurrent episodes of major depressive disorder and anxiety disorder. A few months ago I finally had it in me to get a medicine evaluation, and then a few days later I started taking Prozac. It was the worst week and a half of my life while on it. My side effects wereincluded nausea, stomach pain, jaw clenching, increased anxiety which caused my stomach to clench in uncomfortable ways which never happened to me, my first panic attack which lasted around 5 hours vision blur, gagging, increased heart rate, sense of dread, mood swings, and a decreased appetite lost 3 lbs in one week. Im not saying all this for support, but to just show how negatively the medication impacted me and even to this day my anxiety is worse than it was before. I now have worsened stomach anxiety which I never used to have prior to taking the medication even six months later. I am now ready to get back on medication since I know I need it to get better. but I cant help but feel so much dread at the thought of taking medication again. My body and digestive system feels so sensitive that Im afraid to get the prescription from the pharmacy. I guess my question is, for anyone who was afraid to take medication, how did you get over it? Did you have any negative experiences with medication, and if so, how did you deal with the aftermath knowing you may need to try another to help you get better? Any experiences related to mine is welcome or obviously any advice to help push me to do what is most likely beneficial for me. Thanks.",Comorbid (Depression + Anxiety),{'depression':'yes'}
gbsxp3,Seriously Contemplating Suicide,"I have been diagnosed with depression and anxiety, and take medication for it. Before I turned 18, I kept telling my parents that I dont feel like Im taking a high enough dose to actually assist me in getting better. I fucking hate myself, but I act peppy and shit because Ive been doing it for so long.
 
 Three weeks ago my car decided to shit itself and I now owe my mom $2,600 and $1,100 for my cats tail amputation. It was stressing me the fuck out so I changed my work schedule so that I work full time. Im also still in high school. 9:45 am to 12:00 pm I have school stuff, then I leave for work at 12:30 pm and work 1:00 - 9:30 pm on weekdays. I cant not work full time if I want to pay my mom back and pay for gas and other things I want in life. Im transgender, so surgery is already a shit ton and Im trying to save money for that too.
 
 Today, as I pulled into the parking lot of my job, my check engine light came on and started flashing. I cant afford another repair and/or a new car. I make 13/hour. How the fuck am I supposed to live. So for three hours now, Ive had a really bad stomach ache from my anxiety and I feel like Ive just been a passenger watching me go through work. I just want to die. I cant do it anymore.","[1, 1]","{'depressive_disorder', 'anxiety_disorder'}","Seriously Contemplating Suicide. I have been diagnosed with depression and anxiety, and take medication for it. Before I turned 18, I kept telling my parents that I dont feel like Im taking a high enough dose to actually assist me in getting better. I fucking hate myself, but I act peppy and shit because Ive been doing it for so long. Three weeks ago my car decided to shit itself and I now owe my mom CUR2,600 and CUR1,100 for my cats tail amputation. It was stressing me the fuck out so I changed my work schedule so that I work full time. Im also still in high school. 945 am to 1200 pm I have school stuff, then I leave for work at 1230 pm and work 100 930 pm on weekdays. I cant not work full time if I want to pay my mom back and pay for gas and other things I want in life. Im transgender, so surgery is already a shit ton and Im trying to save money for that too. Today, as I pulled into the parking lot of my job, my check engine light came on and started flashing. I cant afford another repair andor a new car. I make 13hour. How the fuck am I supposed to live. So for three hours now, Ive had a really bad stomach ache from my anxiety and I feel like Ive just been a passenger watching me go through work. I just want to die. I cant do it anymore.",Comorbid (Depression + Anxiety),"{""depression"":""yes""}"
fb74ll,What does your depression feel like to you?,"I have been diagnosed with depression and I've had those general symptoms like: no motivation, sleeping too much or too little, changes in appetite, sex drive, etc... but what does it feel like to you personally? I'm honestly curious and I'm going through a low point right now. I've been really focused on knowing and listening to other people's stories. Hearing other people's stories has been oddly therapeutic for me and I've had the overwhelming urge to tell mine. 
 
 For me, my depression is physically becoming sad when I have no reason to be sad. For example, I will be experiencing something that is in no way sad and then I'll start to tear up and my voice will quiver a bit. It's feeling exhaustion like I've cried for hours when I haven't cried at all. It feels like a hand has reached into my body and is slowly squeezing on my stomach while another one is pushing on my chest. I feel like every breath I take leaks part of my soul (kinda like there's an invisible death eater slowly sucking on each exhale I make lol). Right now I'm switching between medications so these feelings have been coming and going in frequent waves. I can imagine having strings inside me that are breaking. As one beings to snap I feel all this emotion and then it finally snaps and I'm back to feeling like ""me"" again, but then I feel the tension as the next one begins to snap.
 
 Even just writing this has made me feel a bit better. It may seem like an odd request, but if you're willing to share your story I would really appreciate it.","[1, 0]",{'depressive_disorder'},"What does your depression feel like to you. I have been diagnosed with depression and Ive had those general symptoms like no motivation, sleeping too much or too little, changes in appetite, sex drive, etc. but what does it feel like to you personally? Im honestly curious and Im going through a low point right now. Ive been really focused on knowing and listening to other peoples stories. Hearing other peoples stories has been oddly therapeutic for me and Ive had the overwhelming urge to tell mine. For me, my depression is physically becoming sad when I have no reason to be sad. For example, I will be experiencing something that is in no way sad and then Ill start to tear up and my voice will quiver a bit. Its feeling exhaustion like Ive cried for hours when I havent cried at all. It feels like a hand has reached into my body and is slowly squeezing on my stomach while another one is pushing on my chest. I feel like every breath I take leaks part of my soul kinda like theres an invisible death eater slowly sucking on each exhale I make lol. Right now Im switching between medications so these feelings have been coming and going in frequent waves. I can imagine having strings inside me that are breaking. As one beings to snap I feel all this emotion and then it finally snaps and Im back to feeling like me again, but then I feel the tension as the next one begins to snap. Even just writing this has made me feel a bit better. It may seem like an odd request, but if youre willing to share your story I would really appreciate it.",Depression,{'depression':'yes'}
a9166x,When your meds suddenly stop working,"I have been diagnosed with MDD. I am 30 years old and I have tried many different antidepressants for the past 10 years, until some 2 years ago I finally found a combination that actually worked and made me feel alive like I had never felt before. I have been taking 100mg Setraline (aka Zoloft) and 25mg Mirtazapine (aka Remeron). But then two months ago when I was getting ready to go to work I had a panic attack and could not leave the house, so I ended up losing my job and it made me even worse. Now I have found a new job and I am still taking the meds but I feel that they are not working as before, I wake up several times in the middle of the night, it's really hard to get up in the morning, and I've been feeling almost like before when I was not taking any medication, which means I'm tired all the time, anxious, irritable and overall feeling like sh\*t for no apparent reason. Has this ever happened to anyone here? I have an appointment with my psychiatrist next month, so I'll tell him about it because I'm really worried that I might get worse and eventually start having panic attacks and lose my job again.","[1, 1]","{'depressive_disorder', 'anxiety_disorder'}","When your meds suddenly stop working. I have been diagnosed with MDD. I am 30 years old and I have tried many different antidepressants for the past 10 years, until some 2 years ago I finally found a combination that actually worked and made me feel alive like I had never felt before. I have been taking 100mg Setraline aka Zoloft and 25mg Mirtazapine aka Remeron. But then two months ago when I was getting ready to go to work I had a panic attack and could not leave the house, so I ended up losing my job and it made me even worse. Now I have found a new job and I am still taking the meds but I feel that they are not working as before, I wake up several times in the middle of the night, its really hard to get up in the morning, and Ive been feeling almost like before when I was not taking any medication, which means Im tired all the time, anxious, irritable and overall feeling like sht for no apparent reason. Has this ever happened to anyone here? I have an appointment with my psychiatrist next month, so Ill tell him about it because Im really worried that I might get worse and eventually start having panic attacks and lose my job again.",Comorbid (Depression + Anxiety),{'depression':'yes'}
4rl9s4,I think i have undiagnosed PTSD,"I have been diagnosed with severe depression by a family doctor as a teenager and been on and off meds that didn't help me. I have been through alot of traumatic shit in my life and i have so much anxiety from it. I found out i have severe obstructive apnea recently and i feel like it is because of my mental state.
 
 I researched it and found out that PTSD can cause sleep apnea. It makes sense i would have this. Because SSRIs aren't helping me. I get startled easily..etc I'm not sure what should i tell my Psychiatrist, who in the first place acts like i don't need meds. So i don't know how i can get help to overcome it, if i actually do have PTSD. 
 
 I don't want to be a zombie or gain weight from pills and can't afford therapy..counseling doesn't really help me either. Don't know what i can do. Everything feels so upside down inside. I get really angry at myself because i don't know how to make myself normal. I just have pushed people away because i feel inferior.
 
 One day i can feel okay, even happy..the next i just keep thinking of wanting to die so I won't have to deal with life anymore.","[1, 0]",{'depressive_disorder'},"I think i have undiagnosed PTSD. I have been diagnosed with severe depression by a family doctor as a teenager and been on and off meds that didnt help me. I have been through alot of traumatic shit in my life and i have so much anxiety from it. I found out i have severe obstructive apnea recently and i feel like it is because of my mental state. I researched it and found out that PTSD can cause sleep apnea. It makes sense i would have this. Because SSRIs arent helping me. I get startled easily.etc Im not sure what should i tell my Psychiatrist, who in the first place acts like i dont need meds. So i dont know how i can get help to overcome it, if i actually do have PTSD. I dont want to be a zombie or gain weight from pills and cant afford therapy.counseling doesnt really help me either. Dont know what i can do. Everything feels so upside down inside. I get really angry at myself because i dont know how to make myself normal. I just have pushed people away because i feel inferior. One day i can feel okay, even happy.the next i just keep thinking of wanting to die so I wont have to deal with life anymore.",Depression,{'depression':'yes'}
eu7wc6,What is the least triggering way to bring up an ESA to your therapist?,"I have been diagnosed with situational depression and general anxiety. So it's about as general as it gets, I'm just barely ""normal"" but when I get bad, it could be really bad for me and can go on for days. Recently, I've been dealing with some serious loneliness due to moving away from my family and being pregnant so I can't go out as much as I used to. My husband works alot to provide for the family. He suggested that I start going back to therapy which I did and it has helped a little. My therapist is a great woman. He's mentioned talking to her about maybe working towards getting an ESA so that I may have at least one companion at home. I'm a little wary about this second part because therapists and psychs are wary themselves about signing documents for ESAs because of how people abuse the privileges that come with them. Any help?","[1, 1]","{'depressive_disorder', 'anxiety_disorder'}","What is the least triggering way to bring up an ESA to your therapist. I have been diagnosed with situational depression and general anxiety. So its about as general as it gets, Im just barely normal but when I get bad, it could be really bad for me and can go on for days. Recently, Ive been dealing with some serious loneliness due to moving away from my family and being pregnant so I cant go out as much as I used to. My husband works alot to provide for the family. He suggested that I start going back to therapy which I did and it has helped a little. My therapist is a great woman. Hes mentioned talking to her about maybe working towards getting an ESA so that I may have at least one companion at home. Im a little wary about this second part because therapists and psychs are wary themselves about signing documents for ESAs because of how people abuse the privileges that come with them. Any help?",Comorbid (Depression + Anxiety),{'depression':'yes'}
9kacqu,I need help processing and understanding what is going on with my mental health,I have had some form of depression for years and it's been left untreated since I was 10 due to financial reasons so needless to say I wasn't in a good place already. Unfortunately though yesterday something happened where one friend abandoned me and my best friend in the middle of a dangerous situation and because of it my best friend got his head caved in right in front of me on the concrete. It was so rough they had to check if he was even alive. Worse still I couldn't go with him to the hospital because I was ordered to stay behind to deal with reporters and lawyers. I spent 4 hours after that thinking my best friend was dead or in a coma because reporters and medics and every other jerk under the sun kept telling me he isn't coming back. Thankfully he is alive and he's sorta back but for some reason I still am freaked out and I can't understand any of it. I can't sleep or eat nor can I really control my emotions. One minute I'm okayish the next I want to get revenge then the next I'm crying uncontrollably and overwhelmingly I'm just raging. He's getting out maybe in a few days so I know he's okay but why am I still like this? What can I do to fix myself? Why am I so angry when I should be happy he's alive? I honestly have no support network here because our community is so small and he was 1 of only 5 friends I really have here and the one who ditched us is creating drama so whenever I try to talk to someone about it I have to deal with insane rumors too that I just can't right now.,"[0, 0]",{'control_group'},I need help processing and understanding what is going on with my mental health. I have had some form of depression for years and its been left untreated since I was 10 due to financial reasons so needless to say I wasnt in a good place already. Unfortunately though yesterday something happened where one friend abandoned me and my best friend in the middle of a dangerous situation and because of it my best friend got his head caved in right in front of me on the concrete. It was so rough they had to check if he was even alive. Worse still I couldnt go with him to the hospital because I was ordered to stay behind to deal with reporters and lawyers. I spent 4 hours after that thinking my best friend was dead or in a coma because reporters and medics and every other jerk under the sun kept telling me he isnt coming back. Thankfully he is alive and hes sorta back but for some reason I still am freaked out and I cant understand any of it. I cant sleep or eat nor can I really control my emotions. One minute Im okayish the next I want to get revenge then the next Im crying uncontrollably and overwhelmingly Im just raging. Hes getting out maybe in a few days so I know hes okay but why am I still like this? What can I do to fix myself? Why am I so angry when I should be happy hes alive? I honestly have no support network here because our community is so small and he was 1 of only 5 friends I really have here and the one who ditched us is creating drama so whenever I try to talk to someone about it I have to deal with insane rumors too that I just cant right now.,Normal,{'depression':'yes'}
gvftbv,What counts as a suicide attempt? (My story),"I have tried to kill myself two times, but both times I have been talked out of it. I am certain that I would have gone through with them if no one had talked me out of it (although I am glad I didn't). I suffer from Depression and Psychosis of unknown cause, come from a very anti mental illness family who believethe root of all mental illnesses is selfishness, and my therapist along with my trusted teacher refuse to believe I am struggling despite me telling them over and over again because I am ""strong and smart"" and I'll just ""get through it on my own."" These were all major factors that made me want to commit suicide overall.
 
 I want to know if this counts so I know if I can say I attempted suicide if I go to a mental hospital (only my friend and boyfriend know about it) and so I know if it is appropriate for me to be called a suicide attempt survivor.
 
 Thank you for reading and hopefully responding to my post. I kept it very brief, but feel free to ask related questions for more context.","[1, 0]",{'depressive_disorder'},"What counts as a suicide attempt? My story. I have tried to kill myself two times, but both times I have been talked out of it. I am certain that I would have gone through with them if no one had talked me out of it although I am glad I didnt. I suffer from Depression and Psychosis of unknown cause, come from a very anti mental illness family who believethe root of all mental illnesses is selfishness, and my therapist along with my trusted teacher refuse to believe I am struggling despite me telling them over and over again because I am strong and smart and Ill just get through it on my own. These were all major factors that made me want to commit suicide overall. I want to know if this counts so I know if I can say I attempted suicide if I go to a mental hospital only my friend and boyfriend know about it and so I know if it is appropriate for me to be called a suicide attempt survivor. Thank you for reading and hopefully responding to my post. I kept it very brief, but feel free to ask related questions for more context.",Depression,{'depression':'yes'}
755unn,i'm the dumbest person ever.,"i haven't even been diagnosed with depression by my therapist but she has recommended a psychiatrist and meds so hell, I figured this was a good place to write this down.
 
 today I was talking to my sister and my dad and my dad started to ask my sister about her career. She started talking about what she wants to do after she's done studying and about studying abroad and she explained her discipline in such a great way, like she's really into it and honestly it's great and I would have been so happy with the conversation... but my dad asked me about mine.
 
 I didn't know what to do or say and I just felt like such a fucking dumbass, like I don't even know what I'm doing in life and I'll never achieve anything because I'm stupid, I'm lazy, I'm disgusting and so many more things. I just tried to get off the topic as quickly as I could and now I'm here, alone in my bed holding in the tears (that probably won't even come off, lately I've been feeling like crying a TON but for some reason my body just won't do it), feeling like I am worth 0. Like why would somebody even like me? 
 
 idk.","[0, 0]",{'control_group'},"im the dumbest person ever. i havent even been diagnosed with depression by my therapist but she has recommended a psychiatrist and meds so hell, I figured this was a good place to write this down. today I was talking to my sister and my dad and my dad started to ask my sister about her career. She started talking about what she wants to do after shes done studying and about studying abroad and she explained her discipline in such a great way, like shes really into it and honestly its great and I would have been so happy with the conversation. but my dad asked me about mine. I didnt know what to do or say and I just felt like such a fucking dumbass, like I dont even know what Im doing in life and Ill never achieve anything because Im stupid, Im lazy, Im disgusting and so many more things. I just tried to get off the topic as quickly as I could and now Im here, alone in my bed holding in the tears that probably wont even come off, lately Ive been feeling like crying a TON but for some reason my body just wont do it, feeling like I am worth 0. Like why would somebody even like me? idk.",Normal,{'depression':'yes'}
82vb72,"I'm a terrible person, I deserve this suffering and I deserve to die","I influence people in such a bad way, I am certain that those around me would at this time be much better off with me gone. 
 
 I am given opportunity after opportunity and I just fail and fail and fail.
 
 I know I could I just can't, there is this wall or block or chain or something holding me back and I want to get free but am unable to do so and it's killing me. It's killing the people around me. 
 
 It's like I'm fundamentally broken, rotten. It's like this is impossible to fix. 
 
 At the back of my mind I know these are the depressive episode and stress saying all this and repeating it in my head, but I can't stop it. I don't know when it will stop. I am at the mercy of this godawful illness and I'd do anything for it to stop. I'd do anything for a cure, for some way out of this hell that is created in my mind. I'm just selfishly writing this in the hope that some response will maybe make me feel better, I am so desperate I don't know what else to do. 
 
 It feels like life just cornered me and the only way out is dying, but fuck do I really really really wish there is another way, I really don't want to die, but it feels like I have to.","[1, 0]",{'depressive_disorder'},"Im a terrible person, I deserve this suffering and I deserve to die. I influence people in such a bad way, I am certain that those around me would at this time be much better off with me gone. I am given opportunity after opportunity and I just fail and fail and fail. I know I could I just cant, there is this wall or block or chain or something holding me back and I want to get free but am unable to do so and its killing me. Its killing the people around me. Its like Im fundamentally broken, rotten. Its like this is impossible to fix. At the back of my mind I know these are the depressive episode and stress saying all this and repeating it in my head, but I cant stop it. I dont know when it will stop. I am at the mercy of this godawful illness and Id do anything for it to stop. Id do anything for a cure, for some way out of this hell that is created in my mind. Im just selfishly writing this in the hope that some response will maybe make me feel better, I am so desperate I dont know what else to do. It feels like life just cornered me and the only way out is dying, but fuck do I really really really wish there is another way, I really dont want to die, but it feels like I have to.",Depression,"{""depression"":""yes""}"
5ou37v,"I cant do this ""life"" thing","I just dont think i can do this. Im in school right now, but its so hard. Im being forced to talk to people in my classes, which i want to do, but my social anxiety just makes me shut down completely. I feel so stupid just sitting in a room of smart people; if i go on into the mental health field like i want to, im going to have to be confident in what i learn..and i just cant. I fuck up everything, i cant retain any knowledge about anything (i cant even read a paragraph in a fucking textbook), i cant talk to people and if i cant talk to people i basically cant work because i'd HAVE to talk to people. I just feel stupid everytime i step into that class room, and its making me more and more anxious and depressed to go.
 
 I have no one to go to that would help, i told a friend tonight that i was depressed and he just said ""you'll get through it"". Like fuck what if i dont? What if i dont want to?
 
 Im just not good at anything and i cant do anything right. Whats the point of living a life where im going to fail at everything? Where i cant succeed at anything i do? Where i cant be happy?
 
 Im seeing my psychiatrist in two days and i want to ask for more pills i could overdose on... im sick of living this empty, pointless life
 
 Sorry this is all over the place. Ive been barely able to focus on anything these last few days. I tried making this flow but i dont think i can...sorry","[1, 1]","{'depressive_disorder', 'anxiety_disorder'}","I cant do this life thing. I just dont think i can do this. Im in school right now, but its so hard. Im being forced to talk to people in my classes, which i want to do, but my social anxiety just makes me shut down completely. I feel so stupid just sitting in a room of smart people if i go on into the mental health field like i want to, im going to have to be confident in what i learn.and i just cant. I fuck up everything, i cant retain any knowledge about anything i cant even read a paragraph in a fucking textbook, i cant talk to people and if i cant talk to people i basically cant work because id HAVE to talk to people. I just feel stupid everytime i step into that class room, and its making me more and more anxious and depressed to go. I have no one to go to that would help, i told a friend tonight that i was depressed and he just said youll get through it. Like fuck what if i dont? What if i dont want to? Im just not good at anything and i cant do anything right. Whats the point of living a life where im going to fail at everything? Where i cant succeed at anything i do? Where i cant be happy? Im seeing my psychiatrist in two days and i want to ask for more pills i could overdose on. im sick of living this empty, pointless life Sorry this is all over the place. Ive been barely able to focus on anything these last few days. I tried making this flow but i dont think i can.sorry",Comorbid (Depression + Anxiety),{'depression':'yes'}
bojtmd,The darkness is coming back | m42,"I just feel like I need to let this out now. So just dumping my thoughts here.
 
 About 5 years ago I got diagnosed with an acute case of depression and sent to a clinic for one month. Therapy after that went on for about 6 months. That helped, at least somewhat.
 
 2 years ago I was diagnosed with ADHD. That brought some light to as why the same shit happend again and again. Another 6 months of ADHD therapy.
 
 Got a new job, things look fine on the surface. I can do whatever I want basically. Which mostly leads to me doing nothing.
 
 But it does not make me happy. I don't know what does. I don't know if I ever knew.
 
 Lately everything feels pointless again.
 
 Climate change, general suffering in the world. I have Weltschmerz. That's about all I have. I don't have ambition to achieve anything like my friends or peer group does. That doesn't mean I haven't achieved anything.
 
 I got a masters degree in cs, am married for 14 years, got 2 kids. But I feel empty and everything that happened felt like I was just watching my life happening and in the rarest cases actively making it happen. All achievements mean nothing to me.
 
 I get by with doing the bare minimum at work and open and close the same 3 websites for hours in an endless loop without interacting with them. I always slacked so hard on all tasks it is not even funny. The worst thing is, that I'm really smart and disappointed in myself for not living up to my potential.
 
 I'm having dark thoughts for the last 2 weeks and my mood is getting worse.
 
 I made an appointment with my shrink for July.
 
 Thanks for listening.","[1, 0]",{'depressive_disorder'},"The darkness is coming back | m42. I just feel like I need to let this out now. So just dumping my thoughts here. About 5 years ago I got diagnosed with an acute case of depression and sent to a clinic for one month. Therapy after that went on for about 6 months. That helped, at least somewhat. 2 years ago I was diagnosed with ADHD. That brought some light to as why the same shit happend again and again. Another 6 months of ADHD therapy. Got a new job, things look fine on the surface. I can do whatever I want basically. Which mostly leads to me doing nothing. But it does not make me happy. I dont know what does. I dont know if I ever knew. Lately everything feels pointless again. Climate change, general suffering in the world. I have Weltschmerz. Thats about all I have. I dont have ambition to achieve anything like my friends or peer group does. That doesnt mean I havent achieved anything. I got a masters degree in cs, am married for 14 years, got 2 kids. But I feel empty and everything that happened felt like I was just watching my life happening and in the rarest cases actively making it happen. All achievements mean nothing to me. I get by with doing the bare minimum at work and open and close the same 3 websites for hours in an endless loop without interacting with them. I always slacked so hard on all tasks it is not even funny. The worst thing is, that Im really smart and disappointed in myself for not living up to my potential. Im having dark thoughts for the last 2 weeks and my mood is getting worse. I made an appointment with my shrink for July. Thanks for listening.",Depression,"{""depression"":""yes""}"
8xjhrm,I've lost interest in everything,"I just hate myself. Can't focus on anything I can't stick to anything. I try having hobbies but I just stop after while. First it was writing then building Gundam kits and now I want to learn guitar but I already see myself giving it up in a few weeks. Being alive is now a hassle and I can't see myself in the next decade, year months. I just want to disappear and never come back. I can't watch my favorite shows anymore and playing videogames is starting to be a chore. All I want to do is sleep. I imagine everyday I would get shot, stabbed or beaten to a fucking pulp because I deserve it. I tried there but I can't talk about anything because I am either to scared of going to the hospital or my thoughts just leave and I feel empty and sit in silence. I wish I was someone else, I wish I lived in completely different world with exciting things happening instead of here where everything is the same shit different people. The only reason I'm still alive is because it took to long to kill myself last time like for fuck sakes I can't even take the time to kill myself. I just want to die","[1, 0]",{'depressive_disorder'},"Ive lost interest in everything. I just hate myself. Cant focus on anything I cant stick to anything. I try having hobbies but I just stop after while. First it was writing then building Gundam kits and now I want to learn guitar but I already see myself giving it up in a few weeks. Being alive is now a hassle and I cant see myself in the next decade, year months. I just want to disappear and never come back. I cant watch my favorite shows anymore and playing videogames is starting to be a chore. All I want to do is sleep. I imagine everyday I would get shot, stabbed or beaten to a fucking pulp because I deserve it. I tried there but I cant talk about anything because I am either to scared of going to the hospital or my thoughts just leave and I feel empty and sit in silence. I wish I was someone else, I wish I lived in completely different world with exciting things happening instead of here where everything is the same shit different people. The only reason Im still alive is because it took to long to kill myself last time like for fuck sakes I cant even take the time to kill myself. I just want to die",Depression,{'depression':'yes'}
7d6wlo,Sick of being strong,"I just need to let some steam out.
 
 I am so fucking tired of being the one who takes care of everybody. The one who is always the strong one, the responsible one...
 
 It started as I was child, trying to keep a happy face and be happy so that my parents wouldn't drink. In my teens I went to work to provide living for myself and my little brothers. I bought food for my dad who lived in the street, and I listened on the phone when my mom wanted to kill herself..
 
 That made me very responsible, made me hide my feelings and just keep on going. I felt like the final support for everybody else and I couldn't let them down.
 
 Now I am managing a company. I have always gotten responsibility and titles etc in work life, because I take responsibility easily, never complain and always do my best.
 
 And I am burned out. Dead inside. I just keep on worrying of everything, am anxious all the time. And all those hard things at work trigger the child memories and every work related thing or challenge is like the end of the world.
 
 I know that in life, or especially in work life, you can't keep everyone happy and it's not so serious. But for me, it still reminds me of the child who really felt things were serious in the past.
 
 Anyways. Just wanted to let some steam out. Is there a thread for people who have lived in alcoholic families?","[0, 0]",{'control_group'},"Sick of being strong. I just need to let some steam out. I am so fucking tired of being the one who takes care of everybody. The one who is always the strong one, the responsible one. It started as I was child, trying to keep a happy face and be happy so that my parents wouldnt drink. In my teens I went to work to provide living for myself and my little brothers. I bought food for my dad who lived in the street, and I listened on the phone when my mom wanted to kill herself. That made me very responsible, made me hide my feelings and just keep on going. I felt like the final support for everybody else and I couldnt let them down. Now I am managing a company. I have always gotten responsibility and titles etc in work life, because I take responsibility easily, never complain and always do my best. And I am burned out. Dead inside. I just keep on worrying of everything, am anxious all the time. And all those hard things at work trigger the child memories and every work related thing or challenge is like the end of the world. I know that in life, or especially in work life, you cant keep everyone happy and its not so serious. But for me, it still reminds me of the child who really felt things were serious in the past. Anyways. Just wanted to let some steam out. Is there a thread for people who have lived in alcoholic families?",Normal,{'depression':'yes'}
6qbrjb,What's my next step?,"I just turned 17, I was diagnosed with depression in Year 9 in high-school and didn't return (missed 2 years), I gained weight and got fat, didn't speak to any friends etc. Last year I decided to make a change and I enrolled in a studying course and got my English & Maths GCSE's and also started exercising and going to the gym I lost all the weight and now i'm packing on muscle and i'm happy with my physical appearance. It's currently the summer holidays which gives me 6 weeks to choose my next step education wise, I applied to some apprenticeships (electrician) and went to a couple of interviews and didn't receive a reply back from them after, I also went to a college interview but I decided that it wasn't the path for me. I looked into apprenticeships in the Army/RAF/Navy but because of my past depression I'm unable to join. I am completely lost right now but I don't want to fall back into the deep hole that is depression again. What should I do?","[0, 0]",{'control_group'},"Whats my next step. I just turned 17, I was diagnosed with depression in Year 9 in highschool and didnt return missed 2 years, I gained weight and got fat, didnt speak to any friends etc. Last year I decided to make a change and I enrolled in a studying course and got my English Maths GCSEs and also started exercising and going to the gym I lost all the weight and now im packing on muscle and im happy with my physical appearance. Its currently the summer holidays which gives me 6 weeks to choose my next step education wise, I applied to some apprenticeships electrician and went to a couple of interviews and didnt receive a reply back from them after, I also went to a college interview but I decided that it wasnt the path for me. I looked into apprenticeships in the ArmyRAFNavy but because of my past depression Im unable to join. I am completely lost right now but I dont want to fall back into the deep hole that is depression again. What should I do?",Normal,{'depression':'no'}
ol78lq,Decide to finally look this community up,"I just want say I've been dealing with a lot of stuff from the past, I don't know if I can call it PTSD, but I've been doing EMDR for it. I just checked the posts here and I already relate a lot to so much you guys say.
 
 The feeling of not knowing whether my trauma (if I can even call it that) is relevant enough. The lack of justice and accountability. The wanting for karma to strike them, or for them to suffer for what they have done. I saw the term just world fallacy here, which is something I have been looking into a lot. I feel like a victim, but I feel inadequate. I feel that feeling like a victim is just me overreacting to things, I've been told that.
 
 I feel stupid. I feel it's all my fault. I should have known better. And maybe someday I'll tell my story. But not now. It's really hard to do anything now. I'm really triggered. If I even have the right to say I'm triggered.
 
 I just want to tell you all you're important. You matter. And I hope you can find relief someday. I can't even imagine what's it's like to you. But it's really beautiful you're all here trying your best to recover. It's beautiful that no matter what, you're here for each other. 
 
 Isn't it strange, yet comprehensible and beautiful, that people who have been through the worst things are the ones who are the most supportive? I'm proud of you all, for being so kind, even though we're the ones who need the most.","[0, 0]",{'control_group'},"Decide to finally look this community up. I just want say Ive been dealing with a lot of stuff from the past, I dont know if I can call it PTSD, but Ive been doing EMDR for it. I just checked the posts here and I already relate a lot to so much you guys say. The feeling of not knowing whether my trauma if I can even call it that is relevant enough. The lack of justice and accountability. The wanting for karma to strike them, or for them to suffer for what they have done. I saw the term just world fallacy here, which is something I have been looking into a lot. I feel like a victim, but I feel inadequate. I feel that feeling like a victim is just me overreacting to things, Ive been told that. I feel stupid. I feel its all my fault. I should have known better. And maybe someday Ill tell my story. But not now. Its really hard to do anything now. Im really triggered. If I even have the right to say Im triggered. I just want to tell you all youre important. You matter. And I hope you can find relief someday. I cant even imagine whats its like to you. But its really beautiful youre all here trying your best to recover. Its beautiful that no matter what, youre here for each other. Isnt it strange, yet comprehensible and beautiful, that people who have been through the worst things are the ones who are the most supportive? Im proud of you all, for being so kind, even though were the ones who need the most.",Normal,{'depression':'no'}
iv6xci,I have always had an addictive personality,"I just want to start back when I was a kid. I always loved video games and I loved chasing that feeling that I got from playing video games, eating candy, and watching tv shows. As I got older I started getting addicted tonplaying basketball, paintball, skateboarding, football, etc. As I got older that turned into smoking weed, drinking, etc. 
 
 Nowadays I've just been trying to figure out what is wrong with me. Maybe its just a substance abuse problem and I have underlying conditions. I know for a fact that Im major depressive and have generalized anxiety. I stopped getting treated years ago because nothing was helping. The issue was that I wasnt being 100% honest and I waited too long to get a therapist. My psychiatrist gave me drugs that made everything worse. At this point in my life Im ready to take all the problems on and talk about my life and finally get to a point where I can get off the things Im addicted to. Right now its phenibut, fasoracetam, testosterone (currently quit smoking weed and doing concentrates), but Im still using the legal alternative delta 8 and hemp sometimes. I guess I just made this point to say hey guys this is me and Ive been on phenibut for a couple years straight and added fasoracetam and the doctor got me on testosterone which was a bad move(Im 24). Im still the same person even though a lot has changed with me. Thats why Ive had such a hard time. Im finally going back to get help and soon enough Ill be a new me I hope. Or Ill just be backtracking bc the doctors suck sometimes.","[0, 0]",{'control_group'},"I have always had an addictive personality. I just want to start back when I was a kid. I always loved video games and I loved chasing that feeling that I got from playing video games, eating candy, and watching tv shows. As I got older I started getting addicted tonplaying basketball, paintball, skateboarding, football, etc. As I got older that turned into smoking weed, drinking, etc. Nowadays Ive just been trying to figure out what is wrong with me. Maybe its just a substance abuse problem and I have underlying conditions. I know for a fact that Im major depressive and have generalized anxiety. I stopped getting treated years ago because nothing was helping. The issue was that I wasnt being 100 honest and I waited too long to get a therapist. My psychiatrist gave me drugs that made everything worse. At this point in my life Im ready to take all the problems on and talk about my life and finally get to a point where I can get off the things Im addicted to. Right now its phenibut, fasoracetam, testosterone currently quit smoking weed and doing concentrates, but Im still using the legal alternative delta 8 and hemp sometimes. I guess I just made this point to say hey guys this is me and Ive been on phenibut for a couple years straight and added fasoracetam and the doctor got me on testosterone which was a bad moveIm 24. Im still the same person even though a lot has changed with me. Thats why Ive had such a hard time. Im finally going back to get help and soon enough Ill be a new me I hope. Or Ill just be backtracking bc the doctors suck sometimes.",Normal,{'depression':'yes'}
adr5ac,Anyone ever feel like their parents have never even tried to research about sh?(rant),"I just... I don't know. They take the advice of the last mental hospital I was in before my own thoughts and feelings(not like I'd actually know exactly what is going on but okay). I've told them specifically that the hospital did absolutely nothing as far as helping me with my self harm. The only reason I stayed clean the entire time I was there was because I knew that if I did it then they would more than likely hold me in there even longer. They encouraged me to start smoking more to help with the urges(my mom has told me that I wouldn't need to smoke forever, just until I ride this out like wtf). I asked my aunt about this, which by they way I'm way more comfortable asking about shit like this. And she said that in Alcoholics Anonymous(she's a recovering alcoholic) that you should never replace an addiction with another one. And I agree. They make me feel guilty for cutting, which could be a good thing for some, but I personally think that they are doing it all wrong. My aunt gets it, and I'm even comfortable walking around in short sleeves around her. Maybe my mom just doesn't want to reminded that her daughter does this. I may never feel comfortable even calmly talking to her about it, since it seems like the only time we ever talk about it is when it's an argument. I'm slowly losing my patience and the next argument we have I may snap and finally tell her all the things that I've been holding back in the fear that I'd hurt her feelings. I just don't know what to do anymore. On the bright side, I rarely smoke anymore, so that's good I guess.","[0, 0]",{'control_group'},"Anyone ever feel like their parents have never even tried to research about sh?rant. I just. I dont know. They take the advice of the last mental hospital I was in before my own thoughts and feelingsnot like Id actually know exactly what is going on but okay. Ive told them specifically that the hospital did absolutely nothing as far as helping me with my self harm. The only reason I stayed clean the entire time I was there was because I knew that if I did it then they would more than likely hold me in there even longer. They encouraged me to start smoking more to help with the urgesmy mom has told me that I wouldnt need to smoke forever, just until I ride this out like wtf. I asked my aunt about this, which by they way Im way more comfortable asking about shit like this. And she said that in Alcoholics Anonymousshes a recovering alcoholic that you should never replace an addiction with another one. And I agree. They make me feel guilty for cutting, which could be a good thing for some, but I personally think that they are doing it all wrong. My aunt gets it, and Im even comfortable walking around in short sleeves around her. Maybe my mom just doesnt want to reminded that her daughter does this. I may never feel comfortable even calmly talking to her about it, since it seems like the only time we ever talk about it is when its an argument. Im slowly losing my patience and the next argument we have I may snap and finally tell her all the things that Ive been holding back in the fear that Id hurt her feelings. I just dont know what to do anymore. On the bright side, I rarely smoke anymore, so thats good I guess.",Normal,{'depression':'no'}
azcx97,How is this not the bottom?,"I keep on shocking myself that I can get worse. I'm eating less than half I used to, I can't stand sunlight, I have even less energy than I thought is possible, and I somehow can't seem to get ten minutes without the utter sadness or numbness taking over. I've been feeling like crying nonstop for the past 24 hours straight and I can't understand WHY. I'm putting in effort to push my comfort zones and it just feels like I can't allow myself to enjoy life. 
 
 I feel completely crippled. I can barely move, I can barely think, and I'm not even living - just surviving. I am able to understand the thoughts which make me sad but not those that truely prohibit me from living normally. I feel like I'm just going to keep on getting worse and then what? I just wish this part of my life was over because I hate feeling like this. I hate wasting the limited time I have to be alive and when life is relatively 'easy'.","[1, 0]",{'depressive_disorder'},"How is this not the bottom. I keep on shocking myself that I can get worse. Im eating less than half I used to, I cant stand sunlight, I have even less energy than I thought is possible, and I somehow cant seem to get ten minutes without the utter sadness or numbness taking over. Ive been feeling like crying nonstop for the past 24 hours straight and I cant understand WHY. Im putting in effort to push my comfort zones and it just feels like I cant allow myself to enjoy life. I feel completely crippled. I can barely move, I can barely think, and Im not even living just surviving. I am able to understand the thoughts which make me sad but not those that truely prohibit me from living normally. I feel like Im just going to keep on getting worse and then what? I just wish this part of my life was over because I hate feeling like this. I hate wasting the limited time I have to be alive and when life is relatively easy.",Depression,{'depression':'yes'}
5i1nh1,"Pain is relative to one's reality, not everyone's reality.","I keep reading a lot of post about people questioning if they have a right to be depressed because they feel like others have it worse or that others have more of a right to be depressed. I guess I just wanted to share my insight on this issue because I think its something that I struggled with for a very long time and rightfully so. I used to look at myself and belittle the sadness I felt inside because I felt, I knew, that although I have it bad, there are many people that have it worse and I think that demeaned my pain because for a really long time I felt that I had to hide the way I felt because the world and the people around me made me feel like I had no right to feel the way I did and I became angry, I'm still angry. Although my sadness might not be understood or justified by them, I've finally realized that its valid because despite the way that others feel I should react to my circumstances that doesn't change the way my circumstances make me feel. Realistically speaking, of course there are people around me and people in the world that have it worse, thats undeniable, but that shouldn't degrade my sadness. *Pain is relative to* **one's reality**, *not everyone's reality.* I think its really important for someone to mention that its okay to be sad no matter what anyone else feels about it.","[0, 0]",{'control_group'},"Pain is relative to ones reality, not everyones reality. I keep reading a lot of post about people questioning if they have a right to be depressed because they feel like others have it worse or that others have more of a right to be depressed. I guess I just wanted to share my insight on this issue because I think its something that I struggled with for a very long time and rightfully so. I used to look at myself and belittle the sadness I felt inside because I felt, I knew, that although I have it bad, there are many people that have it worse and I think that demeaned my pain because for a really long time I felt that I had to hide the way I felt because the world and the people around me made me feel like I had no right to feel the way I did and I became angry, Im still angry. Although my sadness might not be understood or justified by them, Ive finally realized that its valid because despite the way that others feel I should react to my circumstances that doesnt change the way my circumstances make me feel. Realistically speaking, of course there are people around me and people in the world that have it worse, thats undeniable, but that shouldnt degrade my sadness. Pain is relative to ones reality, not everyones reality. I think its really important for someone to mention that its okay to be sad no matter what anyone else feels about it.",Normal,{'depression':'no'}
jy7jgm,I almost got t-boned on the way to work today.,"I know it sounds dramatic but I started crying afterwards because he DIDNT hit me. The guy wasnt paying attention and ran a red while I was turning on a green light. I didnt really give him a upset reaction, more of just a wtf are you doing?.
 
 I wish I didnt brake. I wish I got hit. He was going fast too, it wouldve at least hurt me a little bit. Everyday is just the same shit over and over again. Im not going anywhere with my life and I work a shitty job. Underpaid. Harassed. Teased. Everyday is a stressful day. Im so overwhelmed and I cant seem to get a fucking break. I cant talk to my best friend about this because she will just tell me Im doing this to myself or I just need to suck it up. But every fucking day I hate where I am and who I am. I cant even get up out of bed to do the things I love. Getting up to play videos is a battle. So is talking with friends. I just want a fucking break from this shit.","[1, 0]",{'depressive_disorder'},"I almost got tboned on the way to work today. I know it sounds dramatic but I started crying afterwards because he DIDNT hit me. The guy wasnt paying attention and ran a red while I was turning on a green light. I didnt really give him a upset reaction, more of just a wtf are you doing. I wish I didnt brake. I wish I got hit. He was going fast too, it wouldve at least hurt me a little bit. Everyday is just the same shit over and over again. Im not going anywhere with my life and I work a shitty job. Underpaid. Harassed. Teased. Everyday is a stressful day. Im so overwhelmed and I cant seem to get a fucking break. I cant talk to my best friend about this because she will just tell me Im doing this to myself or I just need to suck it up. But every fucking day I hate where I am and who I am. I cant even get up out of bed to do the things I love. Getting up to play videos is a battle. So is talking with friends. I just want a fucking break from this shit.",Depression,"{""depression"":""yes""}"
4s1sm6,The suicidal thoughts have been coming strong these past few days,"I know the source of it (has to do with the fact that I am not being affirmed by someone I deem important). And so it all goes back to me needing to be affirmed, needing to feel loved, accepted and important to this person.
 
 And I don't feel any of those things at the moment. When I don't get approval, that's usually a trigger and then I start to feel empty, worthless, like my life has no meaning. I think back to all the times I lost people in my life and screwed up and I feel like a piece of shit.
 
 Then I feel like it would be easier to just end it. I feel like that now. I *know* things will get better. I *know* my mind is not in a rational state at the moment. Yet all that knowledge doesn't take away how I feel in the here and now. I just want to give up. I feel like an empty, worthless person that has not and cannot achieve much relative to other people in my life.
 
 I hate feeling this way. I keep imagining shooting myself in the head. Needed to vent and get this out of my system.","[0, 0]",{'control_group'},"The suicidal thoughts have been coming strong these past few days. I know the source of it has to do with the fact that I am not being affirmed by someone I deem important. And so it all goes back to me needing to be affirmed, needing to feel loved, accepted and important to this person. And I dont feel any of those things at the moment. When I dont get approval, thats usually a trigger and then I start to feel empty, worthless, like my life has no meaning. I think back to all the times I lost people in my life and screwed up and I feel like a piece of shit. Then I feel like it would be easier to just end it. I feel like that now. I know things will get better. I know my mind is not in a rational state at the moment. Yet all that knowledge doesnt take away how I feel in the here and now. I just want to give up. I feel like an empty, worthless person that has not and cannot achieve much relative to other people in my life. I hate feeling this way. I keep imagining shooting myself in the head. Needed to vent and get this out of my system.",Normal,{'depression':'yes'}
bdf3ed,Do you have trouble being alone without your SO?,"I need to talk about that right now. :( Maybe you guys understand me. I'm in a very complicated relationship but that's not the main aspect I wanna talk about. I'm unemployed atm so I have a lot of time to think about all the things that bother me and I also spend too much time alone... 
 
 
 My SO is nearly the only person I know around here. I try to meet new people but it's difficult to get to know someone. Normally my SO stays with me the whole weekend and leaves on monday for work. When I'm alone without him in my appartment I get really anxious. I don't know why. What that means. :( When I'm alone in his appartment I don't get so anxious. This is weird. It's especially difficult for me on mondays, so I suffer a lot right now. I don't know how to cope with that. I mean it's not healthy, I know... 
 
 
 I'm here alone now without him and I need to clean up and everything in my room reminds me of him and I miss him. Though I saw him a few hours ago. :( It's kinda like my brain learned that my appartment means danger? If anyone understands... I'm so anxious I could cry and then I'm not able to do anything... I just want him to be here with me again so I feel safe. But we don't live together and I guess I need to learn to be independent again. I really have a difficult time to sleep without him because when it's night my anxiety is even worse. 
 
 
 Any advice? :(","[0, 0]",{'control_group'},"Do you have trouble being alone without your SO. I need to talk about that right now. Maybe you guys understand me. Im in a very complicated relationship but thats not the main aspect I wanna talk about. Im unemployed atm so I have a lot of time to think about all the things that bother me and I also spend too much time alone. My SO is nearly the only person I know around here. I try to meet new people but its difficult to get to know someone. Normally my SO stays with me the whole weekend and leaves on monday for work. When Im alone without him in my appartment I get really anxious. I dont know why. What that means. When Im alone in his appartment I dont get so anxious. This is weird. Its especially difficult for me on mondays, so I suffer a lot right now. I dont know how to cope with that. I mean its not healthy, I know. Im here alone now without him and I need to clean up and everything in my room reminds me of him and I miss him. Though I saw him a few hours ago. Its kinda like my brain learned that my appartment means danger? If anyone understands. Im so anxious I could cry and then Im not able to do anything. I just want him to be here with me again so I feel safe. But we dont live together and I guess I need to learn to be independent again. I really have a difficult time to sleep without him because when its night my anxiety is even worse. Any advice?",Normal,{'depression':'no'}
en090a,A bad week turned worse with the suicide of a friend,"I posted here earlier this week when a customer at my retail job tried to take an overdose, and it hit me really hard because I have had friends and family members overdose before, and I myself did a couple of years ago. I was and am doing much better, but it brought it all back and I felt unable to help her although I tried talking her down for a long time. 
 
 Today I found out a friend died by suicide someone I went to school with for years but never really knew until about a couple of years ago when she messaged me on Facebook saying she related to my posts, and we fast became close talking about mental health and music, finding we had a lot in common. We hadn't spoke in a while, and her posts were getting increasingly dark, and I just wish I had messaged to speak to her more, I was just so used to seeing her posts like that that I could never have known when she was going to hurt herself. 
 
 It's another knock and it is crazy how both these things happened in the same week, and is making me feel helpless or useless. I know there's nothing more I could have done as I am not a mind reader but it's just sad that another family has to go through that. I want to get past it and continue being my best self but it's not going to be easy. My heart aches for her and her family and I wish I could have known and reached out. Anyway just wanted to vent, because I feel like I am going to burst.","[0, 0]",{'control_group'},"A bad week turned worse with the suicide of a friend. I posted here earlier this week when a customer at my retail job tried to take an overdose, and it hit me really hard because I have had friends and family members overdose before, and I myself did a couple of years ago. I was and am doing much better, but it brought it all back and I felt unable to help her although I tried talking her down for a long time. Today I found out a friend died by suicide someone I went to school with for years but never really knew until about a couple of years ago when she messaged me on Facebook saying she related to my posts, and we fast became close talking about mental health and music, finding we had a lot in common. We hadnt spoke in a while, and her posts were getting increasingly dark, and I just wish I had messaged to speak to her more, I was just so used to seeing her posts like that that I could never have known when she was going to hurt herself. Its another knock and it is crazy how both these things happened in the same week, and is making me feel helpless or useless. I know theres nothing more I could have done as I am not a mind reader but its just sad that another family has to go through that. I want to get past it and continue being my best self but its not going to be easy. My heart aches for her and her family and I wish I could have known and reached out. Anyway just wanted to vent, because I feel like I am going to burst.",Normal,{'depression':'no'}
e5ddgy,"I was so fixated on how depressing the best case scenario is, that I didnt even consider whats realistic.","I posted something on here about how I thought my life would go. In part of that I said, Once I feel prepared I will move out, and begin my life of solitude. I will live in the cheapest apartment in this town, paid for by my disability benefit. And I will only ever leave for groceries. I will get the rare visits from my sisters and dad. And thats it. Thats what my life will be. Endless sudoku, solitaire, Netflix and YouTube. Just waiting for death to come. 
 
 But it just hit me that it might not go that way, or at least not anytime soon. I dont know if Ill ever even be able to ask somebody about starting the process of applying for disability, let alone if Im even eligible. Whats really messed up is that the things that make me need to apply for it are also preventing me from applying. 
 
 Im probably never going to move out of this toxic environment. Im probably more likely to kill myself than be financially independent. Until then Im going to be stuck here, with people that claim to love me while at the same time dont let me eat more than one fucking meal a day.","[0, 0]",{'control_group'},"I was so fixated on how depressing the best case scenario is, that I didnt even consider whats realistic. I posted something on here about how I thought my life would go. In part of that I said, Once I feel prepared I will move out, and begin my life of solitude. I will live in the cheapest apartment in this town, paid for by my disability benefit. And I will only ever leave for groceries. I will get the rare visits from my sisters and dad. And thats it. Thats what my life will be. Endless sudoku, solitaire, Netflix and YouTube. Just waiting for death to come. But it just hit me that it might not go that way, or at least not anytime soon. I dont know if Ill ever even be able to ask somebody about starting the process of applying for disability, let alone if Im even eligible. Whats really messed up is that the things that make me need to apply for it are also preventing me from applying. Im probably never going to move out of this toxic environment. Im probably more likely to kill myself than be financially independent. Until then Im going to be stuck here, with people that claim to love me while at the same time dont let me eat more than one fucking meal a day.",Normal,{'depression':'yes'}
azb617,Did I think that getting the ear piercings I wanted would help me like myself better? I was wrong,"I really thought that by getting ear piercings I like would help me. But it didn't. Not with a highschool that doesn't allow male students to have ear piercings or earrings. I got them in the summer, but now I'm back on classes and I have to take them put before going there and put them back on when I get back home. And it's awful because for some reason the holes in my ear close themselves very quickly and it's so fucking painful opening them again.
 
 It's giving me so much anger that nothing I do to try to feel better ever works. It's the same as trying to ride my bike so I would get more muscular. Guess what, my fucking bike decides to break after the third use. I'm supposedly thin and people tell me that but I know I'm fat and I have no muscles at all, my arms and legs are thin as fuck and I hate my body so much!","[0, 0]",{'control_group'},"Did I think that getting the ear piercings I wanted would help me like myself better? I was wrong. I really thought that by getting ear piercings I like would help me. But it didnt. Not with a highschool that doesnt allow male students to have ear piercings or earrings. I got them in the summer, but now Im back on classes and I have to take them put before going there and put them back on when I get back home. And its awful because for some reason the holes in my ear close themselves very quickly and its so fucking painful opening them again. Its giving me so much anger that nothing I do to try to feel better ever works. Its the same as trying to ride my bike so I would get more muscular. Guess what, my fucking bike decides to break after the third use. Im supposedly thin and people tell me that but I know Im fat and I have no muscles at all, my arms and legs are thin as fuck and I hate my body so much!",Normal,{'depression':'no'}
8jsnih,Easing the mental pain,"I recently had a therapist appointment.. if background knowledge is required I lived in an abusive home for 14 years, dependent on my parents and unable for anyone to help me. After that time I ran away to go live with my brother who used me to his own ends and kicked me out after I was suffering too many mental breakdowns and him stating on my 18th birthday ""We're sick and tired of you get out"". I suffer from all those experiences Major depressive disorder, General anxiety disorder, Post traumatic stress disorder, anhedonia and a few more things. I just cant seem to take away the pressure in my head anymore. Im taking medication which did help my cluster headaches but the memories keep flooding back to me, especially after mother's day. I need ways to help myself keep busy.. it seems like my whole existence is based upon efficiency and the proper utilization of my resources, which include friends, relationships, anything really. My therapist and I discussed that while I have anhedonia and I cannot feel much pleasure from things anymore that, while we try and work through it, if anything I need to access and make more resources so I dont end up collapsing for days on end waiting for my next appointments or hurting myself or those around me. Im just wondering if any of you guys have the same issue, or if you have any suggestions for hobbies or anything really. I just feel hopeless and I needed to reach out..","[1, 1]","{'depressive_disorder', 'anxiety_disorder'}","Easing the mental pain. I recently had a therapist appointment. if background knowledge is required I lived in an abusive home for 14 years, dependent on my parents and unable for anyone to help me. After that time I ran away to go live with my brother who used me to his own ends and kicked me out after I was suffering too many mental breakdowns and him stating on my 18th birthday Were sick and tired of you get out. I suffer from all those experiences Major depressive disorder, General anxiety disorder, Post traumatic stress disorder, anhedonia and a few more things. I just cant seem to take away the pressure in my head anymore. Im taking medication which did help my cluster headaches but the memories keep flooding back to me, especially after mothers day. I need ways to help myself keep busy. it seems like my whole existence is based upon efficiency and the proper utilization of my resources, which include friends, relationships, anything really. My therapist and I discussed that while I have anhedonia and I cannot feel much pleasure from things anymore that, while we try and work through it, if anything I need to access and make more resources so I dont end up collapsing for days on end waiting for my next appointments or hurting myself or those around me. Im just wondering if any of you guys have the same issue, or if you have any suggestions for hobbies or anything really. I just feel hopeless and I needed to reach out.",Comorbid (Depression + Anxiety),{'depression':'yes'}
4bjehi,Getting fatter,"I started cymbalta a bit less than a month ago. I've been on seroquel for maybe 6 months. Buspar for 3. I keep having lower right quadrant pain and got no answers from a gyn other than I probably have IC. Getting sent to a GI doc who will probably tell me I have IBS. So I have cross referenced IBS IC and GERD diets. I have cut out caffeine and diet soda (which I drank a ton of since I am always fucking tired). I can basically eat/afford to eat rice, grilled meats, blueberries, carrots, a few nuts, and cucumbers. No breads, acidic or fodmap fruits and vegetables, no legumes, pretty much cant eat anything besides meat and a few veggies. I feel fatter than I have ever been. I want to blame it on bloat, but my waistline keeps increasing and I can't fit in my jeans anymore and I am at the heaviest I have ever been. I can't get myself to exercise since I have zero energy. I just want to stop all of my meds because they seem to help but I cry every time I look in the mirror. I don't even know if it is the meds fault. Probably just me being a fatal who can't control their eating. 
 
 Am I just a lazy piece of shit that wants to blame my problems on meds? I've stopped purging for 2 months and now I'm about ready to start back up because I can't stand how disgusting my body is. I don't know what to do anymore. I just want to die.","[0, 0]",{'control_group'},"Getting fatter. I started cymbalta a bit less than a month ago. Ive been on seroquel for maybe 6 months. Buspar for 3. I keep having lower right quadrant pain and got no answers from a gyn other than I probably have IC. Getting sent to a GI doc who will probably tell me I have IBS. So I have cross referenced IBS IC and GERD diets. I have cut out caffeine and diet soda which I drank a ton of since I am always fucking tired. I can basically eatafford to eat rice, grilled meats, blueberries, carrots, a few nuts, and cucumbers. No breads, acidic or fodmap fruits and vegetables, no legumes, pretty much cant eat anything besides meat and a few veggies. I feel fatter than I have ever been. I want to blame it on bloat, but my waistline keeps increasing and I cant fit in my jeans anymore and I am at the heaviest I have ever been. I cant get myself to exercise since I have zero energy. I just want to stop all of my meds because they seem to help but I cry every time I look in the mirror. I dont even know if it is the meds fault. Probably just me being a fatal who cant control their eating. Am I just a lazy piece of shit that wants to blame my problems on meds? Ive stopped purging for 2 months and now Im about ready to start back up because I cant stand how disgusting my body is. I dont know what to do anymore. I just want to die.",Normal,{'depression':'yes'}
azjah5,How to tell?,"I started feeling really bad about myself about seven years ago. I chalked it up to moving out and being on my own for the first time. Then I chalked it up to a lack of direction in my life and/or having a quarter life crisis. Eventually I sought help and was diagnosed with major depressive disorder. I felt a little relieved because I finally knew that something was actually wrong and that I wasn't alone. I continued with cognitive behavioral therapy, no meds, until my psychologist told me she thought I could do without the sessions anymore. I felt happy. A doctor had cleared me from needing therapy and I had been given some legitimate tools to help myself. I'm still grateful to her because she definitely helped me, maybe even saved my life. After a while, though, the tools stopped being as effective as they once were, and now I feel like I used to. I realized that, even during and after therapy, I've never been as happy as I once was, that the sun has never shone as brightly as it once did.
 
 Is this just how this goes? Have I lost some integral part of myself? Have I become so broken that I'll never reach a certain level of happiness ever again, or is this just part of growing up and I'm not taking it well? The more I read about depression and mental illness, the more it seems like it'll never truly get better, you can just get better coping.
 
 How can I tell? How do I stop feeling like this? Is it even possible?","[0, 0]",{'control_group'},"How to tell. I started feeling really bad about myself about seven years ago. I chalked it up to moving out and being on my own for the first time. Then I chalked it up to a lack of direction in my life andor having a quarter life crisis. Eventually I sought help and was diagnosed with major depressive disorder. I felt a little relieved because I finally knew that something was actually wrong and that I wasnt alone. I continued with cognitive behavioral therapy, no meds, until my psychologist told me she thought I could do without the sessions anymore. I felt happy. A doctor had cleared me from needing therapy and I had been given some legitimate tools to help myself. Im still grateful to her because she definitely helped me, maybe even saved my life. After a while, though, the tools stopped being as effective as they once were, and now I feel like I used to. I realized that, even during and after therapy, Ive never been as happy as I once was, that the sun has never shone as brightly as it once did. Is this just how this goes? Have I lost some integral part of myself? Have I become so broken that Ill never reach a certain level of happiness ever again, or is this just part of growing up and Im not taking it well? The more I read about depression and mental illness, the more it seems like itll never truly get better, you can just get better coping. How can I tell? How do I stop feeling like this? Is it even possible?",Normal,{'depression':'yes'}
efziz0,Had another breakdown at work.,"I started seeing this red man standing behind me. He followed me everywhere, but he never seemed to move. 
  
 Big shadows kept rushing past me too, both in front of me and behind me. They were whispering my name and saying things like ""you're next"".
  
 It started to get really loud at work because more people were coming in, and I started to freak out. 
  
 My jaw felt like it was screwed shut, and I couldn't breathe too well. My throat felt like it was closing or something (I haven't had anything that I'm allergic to. I don't know what caused this.)
  
 I started to panic because I couldn't breathe much or anything, so I went to the bathroom and tried to force my jaw open somehow by hitting the side of my face on the faucet. 
  
 I chipped a piece of one of my back teeth off, and my jaw only opened because I was about to scream. I stuffed my hand in my mouth because the shadows told me not to scream though. 
  
 I'm still kind of nervous and a little shaky, and I feel like none of this will make sense. 
  
 I feel sick now from stressing myself like that. I hate that I'm at work right now. I really need to walk somewhere to clear my head. I'm still afraid that it could happen again. The red man still hasn't left, even though the shadows have.","[0, 0]",{'control_group'},"Had another breakdown at work. I started seeing this red man standing behind me. He followed me everywhere, but he never seemed to move. Big shadows kept rushing past me too, both in front of me and behind me. They were whispering my name and saying things like youre next. It started to get really loud at work because more people were coming in, and I started to freak out. My jaw felt like it was screwed shut, and I couldnt breathe too well. My throat felt like it was closing or something I havent had anything that Im allergic to. I dont know what caused this. I started to panic because I couldnt breathe much or anything, so I went to the bathroom and tried to force my jaw open somehow by hitting the side of my face on the faucet. I chipped a piece of one of my back teeth off, and my jaw only opened because I was about to scream. I stuffed my hand in my mouth because the shadows told me not to scream though. Im still kind of nervous and a little shaky, and I feel like none of this will make sense. I feel sick now from stressing myself like that. I hate that Im at work right now. I really need to walk somewhere to clear my head. Im still afraid that it could happen again. The red man still hasnt left, even though the shadows have.",Normal,{'depression':'no'}
m1d4ds,Antidepressants: Effects kicking in after 2 months?,"I suffer from depression and social anxiety since I was 15 (now 21).
 
 I started Amitriptyline 50mg on 18th Dec 2020. No effects. Increased to 100mg on 15th Jan 2021. No effects... until 3 days ago. 
 
 The last 3 days I felt very calm and relaxed. Less depressive thoughts. Social anxiety still present but Im completely fine with being introverted. I˜m completely fine with being myself just like I am. Everything seems okay just where it is. Im good. Not perfect but who is? 
 
 Now I don˜t know if it˜s the Amitriptyline as normally an antidepressant should start showing effects after 2-4 weeks. Now its 2 months later after my increased dose to 100mg. 3 days ago when I started feeling better I also started a stack of supplements so maybe it˜s the stack only and the Amitriptyline still does nothing for my depression.
 
 Is it possible that an antidepressant first starts working so late, after 2 months of the increased dose? 
 
 I have to decide if I should taper off Amitriptyline now or if it˜s the Amitriptyline making me feel that calm. Right now I˜m thinking it˜s probably my stack of supplements making me feel that calm because I started it 3 days ago and since 3 days I˜m less depressed.
 
 EDIT:
 My plan for now:
 I now taper and took 75mg the last two nights as my doc told me to. If my mental health gets worse now on 75mg/50mg/25mg etc. (reduced taper doses) I know that it was the Amitriptyline helping me and I will go back to 100mg. But I think it˜s very strange that it just started showing effects after 2/3 months so I guess it˜s my supplement stack or the combination of my stack and Amitriptyline.","[1, 1]","{'depressive_disorder', 'anxiety_disorder'}","Antidepressants Effects kicking in after 2 months. I suffer from depression and social anxiety since I was 15 now 21. I started Amitriptyline 50mg on 18th Dec 2020. No effects. Increased to 100mg on 15th Jan 2021. No effects. until 3 days ago. The last 3 days I felt very calm and relaxed. Less depressive thoughts. Social anxiety still present but Im completely fine with being introverted. Im completely fine with being myself just like I am. Everything seems okay just where it is. Im good. Not perfect but who is? Now I dont know if its the Amitriptyline as normally an antidepressant should start showing effects after 24 weeks. Now its 2 months later after my increased dose to 100mg. 3 days ago when I started feeling better I also started a stack of supplements so maybe its the stack only and the Amitriptyline still does nothing for my depression. Is it possible that an antidepressant first starts working so late, after 2 months of the increased dose? I have to decide if I should taper off Amitriptyline now or if its the Amitriptyline making me feel that calm. Right now Im thinking its probably my stack of supplements making me feel that calm because I started it 3 days ago and since 3 days Im less depressed. EDIT My plan for now I now taper and took 75mg the last two nights as my doc told me to. If my mental health gets worse now on 75mg50mg25mg etc. reduced taper doses I know that it was the Amitriptyline helping me and I will go back to 100mg. But I think its very strange that it just started showing effects after 23 months so I guess its my supplement stack or the combination of my stack and Amitriptyline.",Comorbid (Depression + Anxiety),{'depression':'yes'}
jqg12s,How did/do you manage anhedonia & dysphoria?,"I suffer from depression and social anxiety since I was 15 years old. Now I'm 21. I abused alcohol for two years daily starting in the morning. One day I had to quit cold turkey because it fucked my life circumstances. Then I found phenibut. Life was amazing. One day I had to taper off phenibut too. I managed to but only with the help of kratom: the substance I use daily now for about 1 1/2 months. I know there will be withdrawals from this too but I have to function. I have to work and study. Kratom is very subtle but it helps me slightly esp. with negative thoughts and motivation. Now my biggest problems are anhedonia (lack of interest, nothing stimulates me, everything seems boring, senseless, worthless) and dysphoria (feels like the contrary of euphoria, heavy and hurting pain of negativity, sadness and unpleasantness). These symptoms start in the morning from the moment I open my eyes. Also lethargy of course.
 
 What can I do to finally get rid of these symptoms. What have been your biggest and most effective methods to handle and manage depression and especially anhedonia and dysphoria?
 
 I'm like this for almost 6 years (15-21), I always tried to get rid of it. Therapy and medications. Nothing helped. Substances like alcohol and phenibut helped for some time. Now the magic of them is over too. I'm still optimistic about trying any other medication from my doc but I also already used the main and most famous medications. My future anxiety is big. Dysphoria and anhedonia hit me hard. Everything seems so senseless and boring. I seem so worthless. My life, social life, personality and personal development suffer very much. How am I able to live a normal life ever?","[1, 1]","{'depressive_disorder', 'anxiety_disorder'}","How diddo you manage anhedonia dysphoria. I suffer from depression and social anxiety since I was 15 years old. Now Im 21. I abused alcohol for two years daily starting in the morning. One day I had to quit cold turkey because it fucked my life circumstances. Then I found phenibut. Life was amazing. One day I had to taper off phenibut too. I managed to but only with the help of kratom the substance I use daily now for about 1 12 months. I know there will be withdrawals from this too but I have to function. I have to work and study. Kratom is very subtle but it helps me slightly esp. with negative thoughts and motivation. Now my biggest problems are anhedonia lack of interest, nothing stimulates me, everything seems boring, senseless, worthless and dysphoria feels like the contrary of euphoria, heavy and hurting pain of negativity, sadness and unpleasantness. These symptoms start in the morning from the moment I open my eyes. Also lethargy of course. What can I do to finally get rid of these symptoms. What have been your biggest and most effective methods to handle and manage depression and especially anhedonia and dysphoria? Im like this for almost 6 years 1521, I always tried to get rid of it. Therapy and medications. Nothing helped. Substances like alcohol and phenibut helped for some time. Now the magic of them is over too. Im still optimistic about trying any other medication from my doc but I also already used the main and most famous medications. My future anxiety is big. Dysphoria and anhedonia hit me hard. Everything seems so senseless and boring. I seem so worthless. My life, social life, personality and personal development suffer very much. How am I able to live a normal life ever?",Comorbid (Depression + Anxiety),{'depression':'yes'}
jq9zri,How did you manage anhedonia and dysphoria?,"I suffer from depression and social anxiety since I was 15 years old. Now I'm 21. I abused alcohol for two years daily starting in the morning. One day I had to quit cold turkey because it fucked my life circumstances. Then I found phenibut. Life was amazing. One day I had to taper off phenibut too. I managed to but only with the help of kratom: the substance I use daily now for about 1 1/2 months. I know there will be withdrawals from this too but I have to function. I have to work and study. Kratom is very subtle but it helps me slightly. Now my biggest problems are anhedonia and dysphoria starting in the morning from the moment I open my eyes. Also lethargy of course.
 
 What can I do to finally get rid of these symptoms. What have been your biggest and most effective methods to handle and manage depression and especially anhedonia and dysphoria?
 
 I'm like this for almost 6 years (15-21), I always tried to get rid of it. Therapy and medications. Nothing helped. Substances like alcohol and phenibut helped for some time. Now the magic of them is over too. I'm still optimistic about trying any other medication from my doc but I also already used the main and most famous medications. My future anxiety is big. Dysphoria and anhedonia hit me hard. Everything seems so senseless and boring. I seem so worthless. My life, social life, personality and personal development suffer very much. How am I able to live a normal life ever?","[0, 0]",{'control_group'},"How did you manage anhedonia and dysphoria. I suffer from depression and social anxiety since I was 15 years old. Now Im 21. I abused alcohol for two years daily starting in the morning. One day I had to quit cold turkey because it fucked my life circumstances. Then I found phenibut. Life was amazing. One day I had to taper off phenibut too. I managed to but only with the help of kratom the substance I use daily now for about 1 12 months. I know there will be withdrawals from this too but I have to function. I have to work and study. Kratom is very subtle but it helps me slightly. Now my biggest problems are anhedonia and dysphoria starting in the morning from the moment I open my eyes. Also lethargy of course. What can I do to finally get rid of these symptoms. What have been your biggest and most effective methods to handle and manage depression and especially anhedonia and dysphoria? Im like this for almost 6 years 1521, I always tried to get rid of it. Therapy and medications. Nothing helped. Substances like alcohol and phenibut helped for some time. Now the magic of them is over too. Im still optimistic about trying any other medication from my doc but I also already used the main and most famous medications. My future anxiety is big. Dysphoria and anhedonia hit me hard. Everything seems so senseless and boring. I seem so worthless. My life, social life, personality and personal development suffer very much. How am I able to live a normal life ever?",Normal,{'depression':'yes'}
og1wje,"I don't think I will ever really be ""ok""","I suffered from mental, physical, emotional and sexual abuse for nearly half my life, and as much as I try to move forward and live a better life last night was one of those reminders that I'm never really ok.
 
 Its been 4 years since I started living on my own with my children, and as much as I've tried to get help with therapist I have yet to find any that work with me instead of feeling like they are working against me.
 
 Last night, in call with my bf (6hr time difference atm) I misunderstood a question he asked, which in response his tone of voice changed and he asked if I had been lying to him about how much I've actually been eating. The change of tone and basically being accused of lying instantly brought tears to my eyes that I struggled to hold back. 
 
 My body went instantly into this panicked mode, my breath quickened, my hands shook and my heart felt like it was being stabbed in multiple directions. I tensed up like I was expecting to be hit, even though my current bf has never done anything twords me in any harmful way, my body reacted this conditioned response....
 
 I couldn't bring myself to say anything at the time and shortly after he said he was tired and went to bed. 
 
 My brain keeps saying ""I messed up, I'm no good, I'm brlken"" and I can't sleep... I hate that I feel I will never be ""ok""","[0, 0]",{'control_group'},"I dont think I will ever really be ok. I suffered from mental, physical, emotional and sexual abuse for nearly half my life, and as much as I try to move forward and live a better life last night was one of those reminders that Im never really ok. Its been 4 years since I started living on my own with my children, and as much as Ive tried to get help with therapist I have yet to find any that work with me instead of feeling like they are working against me. Last night, in call with my bf 6hr time difference atm I misunderstood a question he asked, which in response his tone of voice changed and he asked if I had been lying to him about how much Ive actually been eating. The change of tone and basically being accused of lying instantly brought tears to my eyes that I struggled to hold back. My body went instantly into this panicked mode, my breath quickened, my hands shook and my heart felt like it was being stabbed in multiple directions. I tensed up like I was expecting to be hit, even though my current bf has never done anything twords me in any harmful way, my body reacted this conditioned response. I couldnt bring myself to say anything at the time and shortly after he said he was tired and went to bed. My brain keeps saying I messed up, Im no good, Im brlken and I cant sleep. I hate that I feel I will never be ok",Normal,{'depression':'yes'}
i16ski,Feeling no stimulation anymore,"I take 450mg moclobemide daily and I don˜t feel much of the effects except for being more stable and that I can˜t get stimulated anymore. I also take a lot of phenibut lately.
 
 I˜m at the most beautiful place in Southern France right now for holiday, wonderful beaches and pretty landscapes. All my people I˜m with really enjoy it all but for me everything seems kind of boring like nothing can stimulate me.
 
 I don˜t it also might be because I˜m a lot on my smartphone as social and digital media are very stimulating and give me something. My people here are the same, of course, the youth, they spend even more time on their phones but they talk about how much they enjoy it and how incredible it is here. I seem just so understimulated and nothing gives me drive, interest or stimulation. That˜s how I would describe it. Kind of emotional numbness but I can still cry if I focus on it, it˜s not real sadness, it˜s just a good feeling to cry and the only emotion I can kind of feel right now. Laughing is hard, being interested in people and conversations is hard, having passion and fun is hard. I don˜t know. Depression is less, social anxiety too, sure but where˜s the fun, interest, passion and stimulation that makes life enjoyable?
 
 Anyone experienced the same? Any tips for me? I use my phone less and less and I don˜t masturbate anymore even if that˜s very stimulating too, maybe too much, and it˜s better for my dopamine I guess. Even if from moclobemide I could have sex every 20 minutes.","[1, 1]","{'depressive_disorder', 'anxiety_disorder'}","Feeling no stimulation anymore. I take 450mg moclobemide daily and I dont feel much of the effects except for being more stable and that I cant get stimulated anymore. I also take a lot of phenibut lately. Im at the most beautiful place in Southern France right now for holiday, wonderful beaches and pretty landscapes. All my people Im with really enjoy it all but for me everything seems kind of boring like nothing can stimulate me. I dont it also might be because Im a lot on my smartphone as social and digital media are very stimulating and give me something. My people here are the same, of course, the youth, they spend even more time on their phones but they talk about how much they enjoy it and how incredible it is here. I seem just so understimulated and nothing gives me drive, interest or stimulation. Thats how I would describe it. Kind of emotional numbness but I can still cry if I focus on it, its not real sadness, its just a good feeling to cry and the only emotion I can kind of feel right now. Laughing is hard, being interested in people and conversations is hard, having passion and fun is hard. I dont know. Depression is less, social anxiety too, sure but wheres the fun, interest, passion and stimulation that makes life enjoyable? Anyone experienced the same? Any tips for me? I use my phone less and less and I dont masturbate anymore even if thats very stimulating too, maybe too much, and its better for my dopamine I guess. Even if from moclobemide I could have sex every 20 minutes.",Comorbid (Depression + Anxiety),"{""depression"": ""yes""}"
a4tx9g,Is the fact that I am diagnosed with depression making me depressed?,"I tried googling it and can't seem to find anything related to my question, so now I'm on here. I am diagnosed with MDD (major depressive disorder) and was wondering if my lack of motivation has worsened because I got that label slapped onto me. Obviously, I've always been depressed, that is why I seeked a therapist, and then a psychiatrist who ended up diagnosing me. But can getting diagnosed take on a negative placebo effect? Am I playing the victim without even knowing? 
 
 I'm nineteen, turning twenty in three months; second year college student. I have no willpower behave like a student. I can't get myself to study, do assignments, or show up to class. I know this is terrible decision making but at the same time it doesn't matter to me, I don't care. I think I might be subconsciously using my depression as an excuse? Pitying myself? 
 
 It's okay that I missed class because oh you know, depressed me, couldn't get out of bed. Deadlines are something I can tamper with because I was having panic attacks, dealing with suicidal thoughts, whatever, I can talk to my professor about it for an extension. I mean, these statements are true, but they're also being used as excuses. Or are they?
 
 I've let my mental illness define me I guess, I don't know. I'm curious about whether anyone else diagnosed with clinical depression can relate. It's this weird tug of war.
 
 "" Am I depressed because I was told I'm depressed? No, that can't be it because the only reason you seeked out help in the first place was because you felt depressed.""
 
","[1, 0]",{'depressive_disorder'},"Is the fact that I am diagnosed with depression making me depressed. I tried googling it and cant seem to find anything related to my question, so now Im on here. I am diagnosed with MDD major depressive disorder and was wondering if my lack of motivation has worsened because I got that label slapped onto me. Obviously, Ive always been depressed, that is why I seeked a therapist, and then a psychiatrist who ended up diagnosing me. But can getting diagnosed take on a negative placebo effect? Am I playing the victim without even knowing? Im nineteen, turning twenty in three months second year college student. I have no willpower behave like a student. I cant get myself to study, do assignments, or show up to class. I know this is terrible decision making but at the same time it doesnt matter to me, I dont care. I think I might be subconsciously using my depression as an excuse? Pitying myself? Its okay that I missed class because oh you know, depressed me, couldnt get out of bed. Deadlines are something I can tamper with because I was having panic attacks, dealing with suicidal thoughts, whatever, I can talk to my professor about it for an extension. I mean, these statements are true, but theyre also being used as excuses. Or are they? Ive let my mental illness define me I guess, I dont know. Im curious about whether anyone else diagnosed with clinical depression can relate. Its this weird tug of war. Am I depressed because I was told Im depressed? No, that cant be it because the only reason you seeked out help in the first place was because you felt depressed.",Depression,{'depression':'yes'}
44pqhw,Can't even speak my mind anymore,"I tried watching the super bowl, and I got anxious the whole game. I can't even watch sports about teams I don't even care who wins anymore without feeling like I am going to let them down. Let who down? Like I am going to be the reason the losing team feels their loss. 
 
 DAE feel anxious around events? I just try and have fun and be social and i just feel like a fucking /r9k/ robot. I can't look people in the eyes without darting between them. I can't even talk about my opinions anymore. I got so anxious just sitting around my mom and dad. I'm fuckin 22. What the fuck. I hate feeling like my thoughts don't matter. Why do I even try to come to events. I just know I end up looking like a fool because when I speak my mind people disagree and my parents cannot help but escalate all differences in opinions. 
 
 Bye. Sorry I waste this server space, mods go ahead and delete this since I'm too broke to afford to contribute . Sorry Reddit. Sorry /r/depression. Sorry /r/anxiety. I'm sorry family. I am sorry I suck. I'm sorry","[0, 0]",{'control_group'},"Cant even speak my mind anymore. I tried watching the super bowl, and I got anxious the whole game. I cant even watch sports about teams I dont even care who wins anymore without feeling like I am going to let them down. Let who down? Like I am going to be the reason the losing team feels their loss. DAE feel anxious around events? I just try and have fun and be social and i just feel like a fucking r9k robot. I cant look people in the eyes without darting between them. I cant even talk about my opinions anymore. I got so anxious just sitting around my mom and dad. Im fuckin 22. What the fuck. I hate feeling like my thoughts dont matter. Why do I even try to come to events. I just know I end up looking like a fool because when I speak my mind people disagree and my parents cannot help but escalate all differences in opinions. Bye. Sorry I waste this server space, mods go ahead and delete this since Im too broke to afford to contribute . Sorry Reddit. Sorry rdepression. Sorry ranxiety. Im sorry family. I am sorry I suck. Im sorry",Normal,{'depression':'no'}
947h2s,I feel cursed.,"I want to take shrooms, its not pseudoscience and medical studies prove it to be effective in treating depression. I am 15 and have high functioning autism and have been diagnosed with clinical depression and anxiety. I told my my mom about my research on psilocybin after a panic attack. She was very understanding and read through my whole diary. Understandably, she doesnt want to take any illegal action and began to research CBD oil along with psilocybin. She is convinced that both work, but Im not so sure about CBD oil. We just got CBD oil and I am currently taking it. If it doesnt get better, then we will take the last resort. 
 
 Now onto another stresser. I recently got severe cystic acne. Antibiotics, medicinal cream, you know the drill. I have low confidence, and want to lose weight, grow my hair out, lose the acne, and bloom. I know I will rise up, but it feels like Im stuck. Its like Im trudging though knee deep water that lasts for miles. It feels like Im cursed. I have at least four prescriptions that I have to take to keep me from killing myself.
 
 Speaking of suicide, I cant kill myself because my family loves me too much. I feel like giving up and dying. Ive made a folder about it all in case you want to learn more about my life.","[1, 1]","{'depressive_disorder', 'anxiety_disorder'}","I feel cursed. I want to take shrooms, its not pseudoscience and medical studies prove it to be effective in treating depression. I am 15 and have high functioning autism and have been diagnosed with clinical depression and anxiety. I told my my mom about my research on psilocybin after a panic attack. She was very understanding and read through my whole diary. Understandably, she doesnt want to take any illegal action and began to research CBD oil along with psilocybin. She is convinced that both work, but Im not so sure about CBD oil. We just got CBD oil and I am currently taking it. If it doesnt get better, then we will take the last resort. Now onto another stresser. I recently got severe cystic acne. Antibiotics, medicinal cream, you know the drill. I have low confidence, and want to lose weight, grow my hair out, lose the acne, and bloom. I know I will rise up, but it feels like Im stuck. Its like Im trudging though knee deep water that lasts for miles. It feels like Im cursed. I have at least four prescriptions that I have to take to keep me from killing myself. Speaking of suicide, I cant kill myself because my family loves me too much. I feel like giving up and dying. Ive made a folder about it all in case you want to learn more about my life.",Comorbid (Depression + Anxiety),"{""depression"":""yes""}"
6ejwtr,Depression,"I was (officially) diagnosed with MDD in February, which is when I started to experiment with antidepressants to try and find the right one for me. I have been feeing depressed for almost a whole year now, and it only seems to be getting worse with time. More recently though, my boyfriend of a year and a half broke up with me because he just isn't happy anymore, as my mental health issues have taken a huge toll on him as well. I have so many friends and family that are supportive in what i'm going through, and are all trying their very best to help me. I have the picture perfect life- loving friends and family, a roof over my head, two steady jobs, and i'm one semester away from obtaining a college degree. that being said, i know depression affects anyone and everyone, but its just so incredibly hard for me to understand why i'm feeling so low when i have everything going for me. this past week, i have done nothing but sleep and lay in bed, and then put a smile on my face and go into work and come home, and repeat day after day. each day goes by, and my depression gets worse and worse. with everything that's going on lately, i have had thoughts of self harm and even suicide. it scares me to death because i used to think life was so beautiful and that there was so much to live for. now, depression has me in a deep, dark place and nothing/no one can pull me up. i feel totally numb and just lifeless, and that i'm just 'here'. if there's anyone out there willing to talk or even help me, please let me know.","[1, 0]",{'depressive_disorder'},"Depression. I was officially diagnosed with MDD in February, which is when I started to experiment with antidepressants to try and find the right one for me. I have been feeing depressed for almost a whole year now, and it only seems to be getting worse with time. More recently though, my boyfriend of a year and a half broke up with me because he just isnt happy anymore, as my mental health issues have taken a huge toll on him as well. I have so many friends and family that are supportive in what im going through, and are all trying their very best to help me. I have the picture perfect life loving friends and family, a roof over my head, two steady jobs, and im one semester away from obtaining a college degree. that being said, i know depression affects anyone and everyone, but its just so incredibly hard for me to understand why im feeling so low when i have everything going for me. this past week, i have done nothing but sleep and lay in bed, and then put a smile on my face and go into work and come home, and repeat day after day. each day goes by, and my depression gets worse and worse. with everything thats going on lately, i have had thoughts of self harm and even suicide. it scares me to death because i used to think life was so beautiful and that there was so much to live for. now, depression has me in a deep, dark place and nothingno one can pull me up. i feel totally numb and just lifeless, and that im just here. if theres anyone out there willing to talk or even help me, please let me know.",Depression,"{""depression"":""yes""}"
55bz7a,A diagnosis that helped me,"I was about 18 when I started to notice symptoms that really started to affect my functioning. At first it was a lethargy. Then it moved on to being so completely lazy that I would rather be hungry than walk the 1.5 miles for free university food. Eventually, the RA of our dorm knocked on my door to see if I was still alive. I dropped out of college soon after and had very little plan to keep living. For about 2 years I ran through the same process. I would go see a doc, he would tell me I was depressed a prescribe anti-depressants and recommend me to a psychiatrist. After the first session, the shrink would declare I was not depressed and should see a different doctor. This went on for years, all the while, I was asking each of them if it wasn't that I was so tired because I was depressed, but that I was depressed because I was so tired. Never! I was depressed and we just hadn't found the right drug! Finally, after about three years, I had a doc look at me with a confused expression and say, ""Huh, I never thought of it that way!"" She signed me up for a sleep study, and it turned out I was narcoleptic. A year later I went in to see her for a sinus infection and she actually thanked me. Since then she had given sleep studies to many patients that didn't respond to traditional meds and found they had sleep disorders.
 
 
 tldr: Find doctors who actually listen to you and you trust, and maybe look into other causes like sleep disorders.
 
 Edit before I even post: 20 years later my sleeping is managed but not great, and now do suffer from actual depression.","[1, 0]",{'depressive_disorder'},"A diagnosis that helped me. I was about 18 when I started to notice symptoms that really started to affect my functioning. At first it was a lethargy. Then it moved on to being so completely lazy that I would rather be hungry than walk the 1.5 miles for free university food. Eventually, the RA of our dorm knocked on my door to see if I was still alive. I dropped out of college soon after and had very little plan to keep living. For about 2 years I ran through the same process. I would go see a doc, he would tell me I was depressed a prescribe antidepressants and recommend me to a psychiatrist. After the first session, the shrink would declare I was not depressed and should see a different doctor. This went on for years, all the while, I was asking each of them if it wasnt that I was so tired because I was depressed, but that I was depressed because I was so tired. Never! I was depressed and we just hadnt found the right drug! Finally, after about three years, I had a doc look at me with a confused expression and say, Huh, I never thought of it that way! She signed me up for a sleep study, and it turned out I was narcoleptic. A year later I went in to see her for a sinus infection and she actually thanked me. Since then she had given sleep studies to many patients that didnt respond to traditional meds and found they had sleep disorders. tldr Find doctors who actually listen to you and you trust, and maybe look into other causes like sleep disorders. Edit before I even post 20 years later my sleeping is managed but not great, and now do suffer from actual depression.",Depression,"{""depression"":""yes""}"
jvncdv,Fuck you,"I was complaining about whole body aches which I said I think are from inactivity and my dad goes ""Idkw YoU nEvEr Do YoUr StReTcHeS"" because you never fucking HELP ME. Sorry I'm not an abled bodied person who can just command my body to whatever the fuck I want it to. My body is going to fight me so YOU have to hold me. But you're BOTH involved and never have time for literally ANYTHING. Except when YOU wanna do something. And god forbid I give you guidence and tell you you're doing something wrong then you just freak out. BITCH then get me a physical therapist so you don't break my damn hamstring in half. My body isn't like yours. I can not push my body without it freaking the fuck out. Besides if I don't have a spotter I could ALSO hurt myself. I can't see myself do I have fucking 360 vision or some shit. If I'm not in good form the exercise is useless! Or I try to tell you I was recommended just to use some piece of furniture but oh no that's too weird. Or ""MY WOOD FLOORS"" bitch fuck you","[0, 0]",{'control_group'},Fuck you. I was complaining about whole body aches which I said I think are from inactivity and my dad goes Idkw YoU nEvEr Do YoUr StReTcHeS because you never fucking HELP ME. Sorry Im not an abled bodied person who can just command my body to whatever the fuck I want it to. My body is going to fight me so YOU have to hold me. But youre BOTH involved and never have time for literally ANYTHING. Except when YOU wanna do something. And god forbid I give you guidence and tell you youre doing something wrong then you just freak out. BITCH then get me a physical therapist so you dont break my damn hamstring in half. My body isnt like yours. I can not push my body without it freaking the fuck out. Besides if I dont have a spotter I could ALSO hurt myself. I cant see myself do I have fucking 360 vision or some shit. If Im not in good form the exercise is useless! Or I try to tell you I was recommended just to use some piece of furniture but oh no thats too weird. Or MY WOOD FLOORS bitch fuck you,Normal,{'depression':'no'}
beny5c,I am 20 years old. Heading no where in life.,"I was diagnosed with clinical depression and anxiety 6 years ago and I am on medication. Like anyone who has depression and anxiety you'll know that they both pull you down horribly. Recently, I've been having body issues and have lead to unhealthy eating habits.
  I've experienced alot through the 6 year time slot; 2 surgeries, crutches 2 times, family deaths, the pressure of academically doing well in high school to get to my dream university (which I didn't get on first try). Countless therapy sessions (I'm on my third psychologist) and broke up with my boyfriend of 3 years. I took a course because I THOUGHT I liked it. But in all honesty, I'm just getting by to make my parents proud. Get the diploma they want to see. 
 My parents are all for me changing to something I want to do, no matter what it may be. But, 
 I don't know what I want to do, I don't know what my interests are or what I want to work in, etc.
 I took a semester break off uni to take care of myself but i feel like I've dipped into a bigger hole. IM struggling to get up everyday, do something everyday or even try to find a job. At age 20, I feel like a bum. Worthless.
 I want to die, I have tried to kill myself. But I've passed those suicidal thoughts. It's now become, I want to die, but I don't. (If you understand what I mean).
 It's impossible for me to see the light at the end of the tunnel. But hopefully someday.","[1, 1]","{'depressive_disorder', 'anxiety_disorder'}","I am 20 years old. Heading no where in life. I was diagnosed with clinical depression and anxiety 6 years ago and I am on medication. Like anyone who has depression and anxiety youll know that they both pull you down horribly. Recently, Ive been having body issues and have lead to unhealthy eating habits. Ive experienced alot through the 6 year time slot 2 surgeries, crutches 2 times, family deaths, the pressure of academically doing well in high school to get to my dream university which I didnt get on first try. Countless therapy sessions Im on my third psychologist and broke up with my boyfriend of 3 years. I took a course because I THOUGHT I liked it. But in all honesty, Im just getting by to make my parents proud. Get the diploma they want to see. My parents are all for me changing to something I want to do, no matter what it may be. But, I dont know what I want to do, I dont know what my interests are or what I want to work in, etc. I took a semester break off uni to take care of myself but i feel like Ive dipped into a bigger hole. IM struggling to get up everyday, do something everyday or even try to find a job. At age 20, I feel like a bum. Worthless. I want to die, I have tried to kill myself. But Ive passed those suicidal thoughts. Its now become, I want to die, but I dont. If you understand what I mean. Its impossible for me to see the light at the end of the tunnel. But hopefully someday.",Comorbid (Depression + Anxiety),{'depression':'yes'}
ab3sod,The difference between a roar and a scream is intention.,"I was diagnosed with clinical depression when I was 10 it is hereditary for myself and my siblings, since then I have been diagnosed by a few more doctors and, subsequently diagnosed medically resistant.
 
  I have a great support system, I have a good job I recently got a place with my two best friends and, on paper I should be the happiest I have been, but I am not, it's not the worst I have been but I am damn close. 
 
 I know it isn't how depression works but it's easier to find things to be sad or numb about then explaining that it is just who I am, so I look for reasons, really excuses to point at and go this is the reason, this is the reason I cry on the way home for, this is the reason I look at the ceiling for hours at a time, this the reason why I walk around at night, this is the reason I am broken. But it never comes down to events or the situation I am, it's just me, it's always just me. I wish it wasn't
 
 I scream in my car when I pull into my driveway knowing it will be the last moment I am by myself and don't have to hide how truly bad my brain is right now, I watched a movie recently with the subtitles on and in the final scenes the main character was screaming but the subtitles said he was roaring. Maybe if someone sees me in my car screaming they will think I am roaring","[1, 0]",{'depressive_disorder'},"The difference between a roar and a scream is intention. I was diagnosed with clinical depression when I was 10 it is hereditary for myself and my siblings, since then I have been diagnosed by a few more doctors and, subsequently diagnosed medically resistant. I have a great support system, I have a good job I recently got a place with my two best friends and, on paper I should be the happiest I have been, but I am not, its not the worst I have been but I am damn close. I know it isnt how depression works but its easier to find things to be sad or numb about then explaining that it is just who I am, so I look for reasons, really excuses to point at and go this is the reason, this is the reason I cry on the way home for, this is the reason I look at the ceiling for hours at a time, this the reason why I walk around at night, this is the reason I am broken. But it never comes down to events or the situation I am, its just me, its always just me. I wish it wasnt I scream in my car when I pull into my driveway knowing it will be the last moment I am by myself and dont have to hide how truly bad my brain is right now, I watched a movie recently with the subtitles on and in the final scenes the main character was screaming but the subtitles said he was roaring. Maybe if someone sees me in my car screaming they will think I am roaring",Depression,"{""depression"":""yes""}"
aa6go0,Seeking advice. What should I be expecting from anti-depressants?,"I was diagnosed with clinical depression, generalized anxiety disorder, and social anxiety disorder with agoraphobia when I was twelve and I've been in and out of therapy and medicated for it ever since. I am 26 now and I think I've literally tried all the major antidepressants that are covered by most insurances, and none of them have provided a satisfying amount of relief. I know they aren't supposed to just make you happy or remove your ability to experience lows, but I don't feel like they've done anything but make me less awful to live with. 
 

 
 I'm definitely less irritable whenever I am not provoked. I am less anxious in general as well, which is great because anti-anxieties are a no-go for me since they make me feel like a zombie. But I don't feel any difference at all in how low my lows get. No matter how hard I fight to keep myself from being miserable, I just am. I don't enjoy almost anything anymore to a satisfying degree. I love my girlfriend and my family with all my heart but spending time with them isn't even enough anymore. I still get suicidal and have to fall back on my support system for that at least once or twice a year. What am I missing?
 

 
 Am I just expecting more than medication can possibly provide? I just want to feel a bit lifted. I don't want every minor blow to feel like a massive setback. I want to be able to manage my depression with everything I've learned over the years. I want to live, not just survive. What have been your experiences with antidepressants? Any reply is appreciated.","[1, 1]","{'depressive_disorder', 'anxiety_disorder'}","Seeking advice. What should I be expecting from antidepressants. I was diagnosed with clinical depression, generalized anxiety disorder, and social anxiety disorder with agoraphobia when I was twelve and Ive been in and out of therapy and medicated for it ever since. I am 26 now and I think Ive literally tried all the major antidepressants that are covered by most insurances, and none of them have provided a satisfying amount of relief. I know they arent supposed to just make you happy or remove your ability to experience lows, but I dont feel like theyve done anything but make me less awful to live with. Im definitely less irritable whenever I am not provoked. I am less anxious in general as well, which is great because antianxieties are a nogo for me since they make me feel like a zombie. But I dont feel any difference at all in how low my lows get. No matter how hard I fight to keep myself from being miserable, I just am. I dont enjoy almost anything anymore to a satisfying degree. I love my girlfriend and my family with all my heart but spending time with them isnt even enough anymore. I still get suicidal and have to fall back on my support system for that at least once or twice a year. What am I missing? Am I just expecting more than medication can possibly provide? I just want to feel a bit lifted. I dont want every minor blow to feel like a massive setback. I want to be able to manage my depression with everything Ive learned over the years. I want to live, not just survive. What have been your experiences with antidepressants? Any reply is appreciated.",Comorbid (Depression + Anxiety),{'depression':'yes'}
c2n2fz,It Gets Better,"I was diagnosed with depression 10 years ago when I was 14 years old. I'd been having intense and frequent thoughts about ending my life and it felt as if my mind was in a constant downward spiral that there was no pulling out of. I feared I would live a stunted life, incapable of success or even ambition itself.
 
 Fast forward 10 years and I have everything I feared I never would. I own a successful business with my best friend, I have a girlfriend that loves me and a sense of cautious optimism about what lies ahead. I still battle depression, over the years it has manifested itself in the form of Chronic Pain. There are days/phases I don't want to leave the house or speak to anyone, and there is always that lingering hopelessness in the back of my mind almost sneering at my life as if to say ""What's the point?"".
 
 I choose to battle that feeling every day. Some days it wins, most days I do. The most important tool I use in that fight is identifying then separating depression from my other emotions/thought processes. Once I have labeled a feeling or thought process as Depression, I write it off and actively stop my mind from entertaining it. I've been training my mind this way since I was 14 and for me it works.
 
 I know we all experience different forms and levels of depression, but keeping hope is universal to all of us. It will take time, effort and willpower but you can do it. Just because you didn't get out of bed yesterday, doesn't mean you can't absolutely nail that sales pitch or go talk to that girl. You are stronger than you know.","[1, 0]",{'depressive_disorder'},"It Gets Better. I was diagnosed with depression 10 years ago when I was 14 years old. Id been having intense and frequent thoughts about ending my life and it felt as if my mind was in a constant downward spiral that there was no pulling out of. I feared I would live a stunted life, incapable of success or even ambition itself. Fast forward 10 years and I have everything I feared I never would. I own a successful business with my best friend, I have a girlfriend that loves me and a sense of cautious optimism about what lies ahead. I still battle depression, over the years it has manifested itself in the form of Chronic Pain. There are daysphases I dont want to leave the house or speak to anyone, and there is always that lingering hopelessness in the back of my mind almost sneering at my life as if to say Whats the point?. I choose to battle that feeling every day. Some days it wins, most days I do. The most important tool I use in that fight is identifying then separating depression from my other emotionsthought processes. Once I have labeled a feeling or thought process as Depression, I write it off and actively stop my mind from entertaining it. Ive been training my mind this way since I was 14 and for me it works. I know we all experience different forms and levels of depression, but keeping hope is universal to all of us. It will take time, effort and willpower but you can do it. Just because you didnt get out of bed yesterday, doesnt mean you cant absolutely nail that sales pitch or go talk to that girl. You are stronger than you know.",Depression,{'depression':'yes'}
b21lak,Whats the point? I hate myself more than anything,"I was diagnosed with depression almost 7 years ago now. It took me two years to find a medication that worked, and a couple months after that for it to really take effect. Then one day 3.5 years ago it just stopped working. I would feel lethargic again every day, I had no drive, I was suicidal and hating myself again. 
 
 Ever since then Ive never been back to that happy state I was on that medication. Now that Im in college, I really see that Im not worth anything. I have to try three times harder and spend three times the amount of time all my friends do to get the same grade. I have a low attention span and am always late to class no matter what I do. I slept through a test. All my friends and I play the same video game and no one wants to play with me because Im the worst at it. I used to love drawing and want to kill myself every time I try to draw now because it looks like shit for what Im trying to do. Every young artist whos better than me only makes it worse.
 
 I also always seem to be the target, whether in real life or online. People find me easy to pick on, and will tell me how shit I am at what Im doing, that I suck and am worthless, and when you already believe that about yourself it makes things so much worse. I just want to die and start my life over as someone who isnt a worthless, talentless piece of shit... God I fucking hate myself, I wanna get punched in the gut.","[1, 0]",{'depressive_disorder'},"Whats the point? I hate myself more than anything. I was diagnosed with depression almost 7 years ago now. It took me two years to find a medication that worked, and a couple months after that for it to really take effect. Then one day 3.5 years ago it just stopped working. I would feel lethargic again every day, I had no drive, I was suicidal and hating myself again. Ever since then Ive never been back to that happy state I was on that medication. Now that Im in college, I really see that Im not worth anything. I have to try three times harder and spend three times the amount of time all my friends do to get the same grade. I have a low attention span and am always late to class no matter what I do. I slept through a test. All my friends and I play the same video game and no one wants to play with me because Im the worst at it. I used to love drawing and want to kill myself every time I try to draw now because it looks like shit for what Im trying to do. Every young artist whos better than me only makes it worse. I also always seem to be the target, whether in real life or online. People find me easy to pick on, and will tell me how shit I am at what Im doing, that I suck and am worthless, and when you already believe that about yourself it makes things so much worse. I just want to die and start my life over as someone who isnt a worthless, talentless piece of shit. God I fucking hate myself, I wanna get punched in the gut.",Depression,{'depression':'yes'}
htbwyv,Do I tell people I'm depressed?,"I was diagnosed with depression and anxiety around a year ago. And while I'm trying to re build back to normality or as close to as possible. the thing I'm finding difficult is how to tell people and who to tell. I've completely withdrawn, deleted social media ect and one of my close friends who also suffers from anxiety got really upset and I had to explain to him what was going on while it was hard to tell him because he's quite a judgemental person and while at the start he didnt really understand and thought I was just being lazy I think he's come to realize that it's more then that which I'm greatful for and cuts me slack when I cancel plans constantly. But I have completey ignored my work I quit my job and moved back home without telling anybody and I also have clients who i have completey ignored as well who keep emailing me. Everytime I open my emails I get massive anxiety, everytime I hear a car drive passed my house I feel like it's someone coming to enquire as to what's happened. Should I tell my clients I'm depressed and cant take work at the moment or should i lie and say something else. I dont intend to tell everyone only those who I care about. I have a client who has been very good to me and I feel incredibly guilty for ignoring him I feel I owe him an explanation but I'm just not sure what to say. Apologies for my grammar it's not my strong suit","[1, 1]","{'depressive_disorder', 'anxiety_disorder'}","Do I tell people Im depressed. I was diagnosed with depression and anxiety around a year ago. And while Im trying to re build back to normality or as close to as possible. the thing Im finding difficult is how to tell people and who to tell. Ive completely withdrawn, deleted social media ect and one of my close friends who also suffers from anxiety got really upset and I had to explain to him what was going on while it was hard to tell him because hes quite a judgemental person and while at the start he didnt really understand and thought I was just being lazy I think hes come to realize that its more then that which Im greatful for and cuts me slack when I cancel plans constantly. But I have completey ignored my work I quit my job and moved back home without telling anybody and I also have clients who i have completey ignored as well who keep emailing me. Everytime I open my emails I get massive anxiety, everytime I hear a car drive passed my house I feel like its someone coming to enquire as to whats happened. Should I tell my clients Im depressed and cant take work at the moment or should i lie and say something else. I dont intend to tell everyone only those who I care about. I have a client who has been very good to me and I feel incredibly guilty for ignoring him I feel I owe him an explanation but Im just not sure what to say. Apologies for my grammar its not my strong suit",Comorbid (Depression + Anxiety),"{""depression"":""yes""}"
6pmcx3,There's something wrong with me. I don't know what to do anymore.,"I was diagnosed with depression and anxiety in the fall of 2015. The only therapist I've been to is at my college, and she started cutting our sessions short because she's the only one on campus and she has 200 patients. So seeing a therapist isn't much of an option, but I want to start going back.
 
 Anyway, my main issue is that I worry constantly about everything. To the point I obsess over it. Ive never had a boyfriend; I have ruined every potential relationship because I'm high strung and need reassurance whenever I think something may be wrong. I worry about people dying. I worry about failure. And now I have a new problem.
 
 I worry about hurting people sexually. Like, I've never actually planned it out or thought about what I would do, it's just always a ""what if"" thing I can't get out of my head. And I feel like I can't tell my therapist because she'll call the police on me. I've never actually acted anything out, and I'm not really sure what could trigger me to think that way. I just do.
 
 I also have bad porn habits. I think I masturbate a lot and to strange stuff because I'm extremely lonely, and I don't want to get into a lot of detail but the long and short of it is I regret this. I regret how I feel and think and I want it to stop. I want help so badly and I don't feel like I can reach out to anyone. I don't think this will ever stop. If I ever acted anything out I would definitely kill myself. I don't know what to do or how to fix myself. :(","[1, 1]","{'depressive_disorder', 'anxiety_disorder'}","Theres something wrong with me. I dont know what to do anymore. I was diagnosed with depression and anxiety in the fall of 2015. The only therapist Ive been to is at my college, and she started cutting our sessions short because shes the only one on campus and she has 200 patients. So seeing a therapist isnt much of an option, but I want to start going back. Anyway, my main issue is that I worry constantly about everything. To the point I obsess over it. Ive never had a boyfriend I have ruined every potential relationship because Im high strung and need reassurance whenever I think something may be wrong. I worry about people dying. I worry about failure. And now I have a new problem. I worry about hurting people sexually. Like, Ive never actually planned it out or thought about what I would do, its just always a what if thing I cant get out of my head. And I feel like I cant tell my therapist because shell call the police on me. Ive never actually acted anything out, and Im not really sure what could trigger me to think that way. I just do. I also have bad porn habits. I think I masturbate a lot and to strange stuff because Im extremely lonely, and I dont want to get into a lot of detail but the long and short of it is I regret this. I regret how I feel and think and I want it to stop. I want help so badly and I dont feel like I can reach out to anyone. I dont think this will ever stop. If I ever acted anything out I would definitely kill myself. I dont know what to do or how to fix myself.",Comorbid (Depression + Anxiety),{'depression':'yes'}
afhbny,Depression back after a few years,"I was diagnosed with depression and anxiety quite a few years ago. I have epilepsy, and usually with one neurological disorder, comes many. I have gone 2/3 years without a depressive state. My boyfriend and I recently got an apartment, weve been together for 2 years. School is going well, I love my job... nothing to be upset about at all! My boyfriend has a new job, where he isnt on the road so much, hes home every night its wonderful. 
 My sex drive has totally disappeared. Weve only had sex, within the last 3 months, about 3 times... it used to be like 3/4 times a week, not all the time but on average. For the last 2 weeks I have had insomnia, and just the blah feeling, Ive felt like crying so much for no reason. I was able to let some of that out a week ago and it helped for a few days. Im irritable, angry, sad... its annoying quite a few people in my life. My boyfriend and sister do what they can to help. But I feel Im just annoying them, they dont want to hear the same things over and over... 
 I feel so guilty about everything. I dont know what to do. Even just writing in here is helping me. But I havent dealt with this heavy depression in so long, I dont know what to do.","[1, 1]","{'depressive_disorder', 'anxiety_disorder'}","Depression back after a few years. I was diagnosed with depression and anxiety quite a few years ago. I have epilepsy, and usually with one neurological disorder, comes many. I have gone 23 years without a depressive state. My boyfriend and I recently got an apartment, weve been together for 2 years. School is going well, I love my job. nothing to be upset about at all! My boyfriend has a new job, where he isnt on the road so much, hes home every night its wonderful. My sex drive has totally disappeared. Weve only had sex, within the last 3 months, about 3 times. it used to be like 34 times a week, not all the time but on average. For the last 2 weeks I have had insomnia, and just the blah feeling, Ive felt like crying so much for no reason. I was able to let some of that out a week ago and it helped for a few days. Im irritable, angry, sad. its annoying quite a few people in my life. My boyfriend and sister do what they can to help. But I feel Im just annoying them, they dont want to hear the same things over and over. I feel so guilty about everything. I dont know what to do. Even just writing in here is helping me. But I havent dealt with this heavy depression in so long, I dont know what to do.",Comorbid (Depression + Anxiety),"{""depression"": ""yes""}"
63vh2v,"I do ""all the right things"" and still feel like shit.","I was diagnosed with depression and GAD 7 years ago (holy shit) and I feel like I'm pretty high-functioning. I managed to graduate college four years after high school, I'm in a master's program and getting a 4.0 currently, I've had relationships, I eat decent, exercise, etc.
 
 Lately I've been in a pretty bad depressive swing after going off meds a few months ago (back on them again, now...ha) and I feel like I've tried everything. light therapy, meds, therapy, different meds, more different meds, meditation, exercise, forcing myself to socialize, therapy, more meds, pursuing hobbies...and I still feel like shit a lot of the time.
 
 I know a lot of this has to do with a breakup I went through recently, and I'm trying to let go of wanting a relationship (eventually) so badly, but the happiest times of my life were when I was in love. it's hard not to want that when being in love works better than like any other option.
 
 not sure what this post is for...just ranting that I'm ""well enough"" to do all the things they tell depressed people to do, but I'm still fucking depressed and having suicidal ideation. the idea of having treatment resistant depression scares the shit out of me...I don't want to be miserable for life. but I definitely have ups and downs, particularly when dating someone.","[1, 1]","{'depressive_disorder', 'anxiety_disorder'}","I do all the right things and still feel like shit. I was diagnosed with depression and GAD 7 years ago holy shit and I feel like Im pretty highfunctioning. I managed to graduate college four years after high school, Im in a masters program and getting a 4.0 currently, Ive had relationships, I eat decent, exercise, etc. Lately Ive been in a pretty bad depressive swing after going off meds a few months ago back on them again, now.ha and I feel like Ive tried everything. light therapy, meds, therapy, different meds, more different meds, meditation, exercise, forcing myself to socialize, therapy, more meds, pursuing hobbies.and I still feel like shit a lot of the time. I know a lot of this has to do with a breakup I went through recently, and Im trying to let go of wanting a relationship eventually so badly, but the happiest times of my life were when I was in love. its hard not to want that when being in love works better than like any other option. not sure what this post is for.just ranting that Im well enough to do all the things they tell depressed people to do, but Im still fucking depressed and having suicidal ideation. the idea of having treatment resistant depression scares the shit out of me.I dont want to be miserable for life. but I definitely have ups and downs, particularly when dating someone.",Comorbid (Depression + Anxiety),{'depression':'yes'}
6hxme5,Depression and Oversleeping,"I was diagnosed with depression and social anxiety last year. I used to see a counselor, but I think I've learned all I can and have the skills to effectively manage my anxiety now. But one thing I've noticed and something I can't seem to shake is tiredness and oversleeping. No matter how much sleep I get at night whether its 8-10 or 12-15 hours I still am dead tired when I wake up. I don't get that feeling of refreshment that everybody says they get when they get up. I just don't get it. 
 
 
 As far as how I'm feeling in terms of depression and anxiety, I'm feeling pretty good.I'm doing much better now than I used to. I don't really feel depressed so, is it possible for this oversleeping and tiredness to be correlated with depression even though I don't feel depressed? or it something else entirely? 
 
 
 I'm currently on zoloft and melatonin and mirtazipine for sleep. Do you thing the melatonin and mirtazipine are to blame for tiredness?","[1, 1]","{'depressive_disorder', 'anxiety_disorder'}","Depression and Oversleeping. I was diagnosed with depression and social anxiety last year. I used to see a counselor, but I think Ive learned all I can and have the skills to effectively manage my anxiety now. But one thing Ive noticed and something I cant seem to shake is tiredness and oversleeping. No matter how much sleep I get at night whether its 810 or 1215 hours I still am dead tired when I wake up. I dont get that feeling of refreshment that everybody says they get when they get up. I just dont get it. As far as how Im feeling in terms of depression and anxiety, Im feeling pretty good.Im doing much better now than I used to. I dont really feel depressed so, is it possible for this oversleeping and tiredness to be correlated with depression even though I dont feel depressed? or it something else entirely? Im currently on zoloft and melatonin and mirtazipine for sleep. Do you thing the melatonin and mirtazipine are to blame for tiredness?",Comorbid (Depression + Anxiety),{'depression':'no'}
d8qys9,My first post on here. I'm going to try to put my shit to words.,"I was diagnosed with depression at the age of 10. I grew up in an extremely Christian family who believe any issue you have all you have to do is pray and it will go away. Having said that I never got the help I needed my issues were just swept under the rug like every issue in my family. By age 12 I was slitting my wrist and already had 4 suicide attempts and was told to stop begging for attention. My whole life I've been in the shadow of my older brother. He was athletic attractive and popular then there's me the little brother who isn't allowed to even speak. Everytime I've reached out for help from anyone in my family I've been cut down and told to shut the fuck up and pray. I'm 23 now and have made 14 attempts at my life. The last time I stole a gun from my grandfather drove until I was out of gas put the gun to my head and it wasn't loaded. I don't want to be like this anymore. I try to do everything to make myself happy and some days i am. I don't want my daughter to grow up without me but at the same time i think she would be fine she's only 3. There's so much shit that has led me down this dark road. To much to type right now, but as I open more up I want to tell my story to anyone that would listen. I'm just beaten down.","[1, 0]",{'depressive_disorder'},"My first post on here. Im going to try to put my shit to words. I was diagnosed with depression at the age of 10. I grew up in an extremely Christian family who believe any issue you have all you have to do is pray and it will go away. Having said that I never got the help I needed my issues were just swept under the rug like every issue in my family. By age 12 I was slitting my wrist and already had 4 suicide attempts and was told to stop begging for attention. My whole life Ive been in the shadow of my older brother. He was athletic attractive and popular then theres me the little brother who isnt allowed to even speak. Everytime Ive reached out for help from anyone in my family Ive been cut down and told to shut the fuck up and pray. Im 23 now and have made 14 attempts at my life. The last time I stole a gun from my grandfather drove until I was out of gas put the gun to my head and it wasnt loaded. I dont want to be like this anymore. I try to do everything to make myself happy and some days i am. I dont want my daughter to grow up without me but at the same time i think she would be fine shes only 3. Theres so much shit that has led me down this dark road. To much to type right now, but as I open more up I want to tell my story to anyone that would listen. Im just beaten down.",Depression,"{""depression"": ""yes""}"
8ml82k,How do you deal with this feeling?,"I was diagnosed with depression in November of 2017. I know that I have been dealing with it since 2006. Since then I have gotten help and medication and I am better. I have made no attempts on taking own my life but have come close and I think about it almost every day. I work a lot at a few different jobs and even though I don't work out, I am on my feet and on the go a lot. I teach music in the Nashville area and I know that even though I don't get paid enough to live with just teaching, it's what I enjoy most and I'll work whatever other jobs I have to to be able to teach.
 
 That being said, I get this terrible feeling almost every week. I feel like there isn't anything I've thing that I would really dive so deep that I could become an expert and do great things. I do love teaching music but I when I have down time I don't want to study theory or practice my own music or write something or anything like that. I also really like cooking but I don't find myself ever really wanting to cook.
 
 There are plenty of other things that I feel the same way about.
 
 My question to you all is what can I do? I went from ""Wanting to die every day"" to ""Wanting to die every day but making an effort to find a reason to stay"". How do I make it to ""Wanting to make an effort towards something at least enough to forget that I still want to die every day""?
 
 Thank you for your time
 
 TL;DR How do you find meaning in singing enough to want to be better at that something?","[0, 0]",{'control_group'},"How do you deal with this feeling. I was diagnosed with depression in November of 2017. I know that I have been dealing with it since 2006. Since then I have gotten help and medication and I am better. I have made no attempts on taking own my life but have come close and I think about it almost every day. I work a lot at a few different jobs and even though I dont work out, I am on my feet and on the go a lot. I teach music in the Nashville area and I know that even though I dont get paid enough to live with just teaching, its what I enjoy most and Ill work whatever other jobs I have to to be able to teach. That being said, I get this terrible feeling almost every week. I feel like there isnt anything Ive thing that I would really dive so deep that I could become an expert and do great things. I do love teaching music but I when I have down time I dont want to study theory or practice my own music or write something or anything like that. I also really like cooking but I dont find myself ever really wanting to cook. There are plenty of other things that I feel the same way about. My question to you all is what can I do? I went from Wanting to die every day to Wanting to die every day but making an effort to find a reason to stay. How do I make it to Wanting to make an effort towards something at least enough to forget that I still want to die every day? Thank you for your time TLDR How do you find meaning in singing enough to want to be better at that something?",Normal,{'depression':'yes'}
icvrcz,"I don't feel happiness ever,but I also don't feel sadness all the time","I was diagnosed with depression.but since last year I don't really feel sadness just nothing(maybe some angst.,I do have ocd ).
 
 I feel negative,but I don't feel any grief constantely.sometimes I do cry because of the grief.I've had a very hard life with alot of pain.but I think i have just become emotionally numb.I don't feel like killing myself anymore.just numbness.the only time I feel happiness is when I smoke weed with a high chemical content that leads to such(not most weed)or when I did mushrooms and peyote back when it worked for me(it was legal in my country the netherlands).
 

 
 Have I effectively buried my emotions?Do I even have depression if I cannot feel any joy?I do feel grief and I cry sometimes,but its not something I feel strongly everyday.
 

 
 most importantely,is it possible for me to live a good life?is it possible to ever feel joy without chemicals?how?Talk therapy?or is there something wrong with me that I cant feel Joy ever?I know what joy feels like because even when I first did peyote or mushrooms I remember thinking,''this is how I felt like as a kid''.can an adult feel like a kid in terms of joy without chemicals?do adults feel joy?maybe my numbness is normal?
 

 
 also,sometimes i like the feeling of feeling grief and crying sometimes.maybe because I was so used to it before I became numb.","[1, 0]",{'depressive_disorder'},"I dont feel happiness ever,but I also dont feel sadness all the time. I was diagnosed with depression.but since last year I dont really feel sadness just nothingmaybe some angst.,I do have ocd . I feel negative,but I dont feel any grief constantely.sometimes I do cry because of the grief.Ive had a very hard life with alot of pain.but I think i have just become emotionally numb.I dont feel like killing myself anymore.just numbness.the only time I feel happiness is when I smoke weed with a high chemical content that leads to suchnot most weedor when I did mushrooms and peyote back when it worked for meit was legal in my country the netherlands. Have I effectively buried my emotions?Do I even have depression if I cannot feel any joy?I do feel grief and I cry sometimes,but its not something I feel strongly everyday. most importantely,is it possible for me to live a good life?is it possible to ever feel joy without chemicals?how?Talk therapy?or is there something wrong with me that I cant feel Joy ever?I know what joy feels like because even when I first did peyote or mushrooms I remember thinking,this is how I felt like as a kid.can an adult feel like a kid in terms of joy without chemicals?do adults feel joy?maybe my numbness is normal? also,sometimes i like the feeling of feeling grief and crying sometimes.maybe because I was so used to it before I became numb.",Depression,{'depression':'yes'}
cv7yd2,I feel like killing myself,"I was diagnosed with dysthymia (high-functioning depression) recently and it's horrible. You're expected to function normally in society but inside you have this thing rotting you away. And it's not even like normal depression. When you're depressed, the social expectation is for you to struggle to get out of bed, to not go outside and socialize. But when you have high-functioning depression, no one knows about it. You're expected to get out of bed, shower every day, join in fun activities, socialize and generally be happy when inside you're dying.
 
 No one knows about it. Not even my parents and I cannot even consider telling them about it. My mum will just overreact and get angry and my dad will say that there's nothing wrong me and that I need to grow a pair, as they have done in the past whenever I approached them about something. 
 
 Today my dad got angry at me for something I said that he misunderstood the tone of. It's impossible to try and talk to him because he'll just threaten me. My mother took his side as always. I've got nothing to look forward to in life. I'm a loner, always have been, always will be. I'm an atheist so I can't turn to some imaginary friend for comfort. I haven't killed myself yet because I don't want my younger siblings and my parents to go through something like that. But inside I feel dead and I have to act and smile in order to get through life. I can't keep living like this.","[1, 0]",{'depressive_disorder'},"I feel like killing myself. I was diagnosed with dysthymia highfunctioning depression recently and its horrible. Youre expected to function normally in society but inside you have this thing rotting you away. And its not even like normal depression. When youre depressed, the social expectation is for you to struggle to get out of bed, to not go outside and socialize. But when you have highfunctioning depression, no one knows about it. Youre expected to get out of bed, shower every day, join in fun activities, socialize and generally be happy when inside youre dying. No one knows about it. Not even my parents and I cannot even consider telling them about it. My mum will just overreact and get angry and my dad will say that theres nothing wrong me and that I need to grow a pair, as they have done in the past whenever I approached them about something. Today my dad got angry at me for something I said that he misunderstood the tone of. Its impossible to try and talk to him because hell just threaten me. My mother took his side as always. Ive got nothing to look forward to in life. Im a loner, always have been, always will be. Im an atheist so I cant turn to some imaginary friend for comfort. I havent killed myself yet because I dont want my younger siblings and my parents to go through something like that. But inside I feel dead and I have to act and smile in order to get through life. I cant keep living like this.",Depression,{'depression':'yes'}
5wvdel,"I have anxiety, boyfriend has depression... how do we manage our relationship?","I was diagnosed with GAD years ago, and my boyfriend has been suffering with depression (undiagnosed... but I just know) for a few months.
 
 Due to personal events, his depression has got so much worse over the last couple of weeks. He wants to be alone all the time, he doesn't want to speak to me (or anyone), etc. He has been speaking to me about it a very small amount which shows me how bad he must be feeling as he absolutely **does not** speak to *anyone* about anything. I have asked him to please book an appointment to see a doctor, which he has agreed to but hasn't done anything about.
 
 My problem is that I am having near permanent panic attacks now, mostly because I am so worried about him, but also because I am seriously anxious that he wants to leave me (relationship issues are a huge trigger for me, always have been). Deep down, I know he doesn't, that that is the last thing that he wants but its hard to know that for certain all the time. He knows that his depression is making my anxiety worse, which in turn makes his depression worse and so on. Its just a spiral of self-despair and I am so done. 
 
 Has anyone else been through a similar situation? How did you manage?","[0, 0]",{'control_group'},"I have anxiety, boyfriend has depression. how do we manage our relationship. I was diagnosed with GAD years ago, and my boyfriend has been suffering with depression undiagnosed. but I just know for a few months. Due to personal events, his depression has got so much worse over the last couple of weeks. He wants to be alone all the time, he doesnt want to speak to me or anyone, etc. He has been speaking to me about it a very small amount which shows me how bad he must be feeling as he absolutely does not speak to anyone about anything. I have asked him to please book an appointment to see a doctor, which he has agreed to but hasnt done anything about. My problem is that I am having near permanent panic attacks now, mostly because I am so worried about him, but also because I am seriously anxious that he wants to leave me relationship issues are a huge trigger for me, always have been. Deep down, I know he doesnt, that that is the last thing that he wants but its hard to know that for certain all the time. He knows that his depression is making my anxiety worse, which in turn makes his depression worse and so on. Its just a spiral of selfdespair and I am so done. Has anyone else been through a similar situation? How did you manage?",Normal,{'depression':'no'}
dqbun0,Today I decided to fight it.,"I was diagnosed with major depressions and burn-out 2 months ago. 
 I took no help. 
 I didnt do anything to fight it.
 I thought it will go away - that I will wake up from this nightmare one day - but I didnt.
 
 I am standing at the edge right now. But now I decided to fight it. I will get out of the bed. I will get back to work - to friends - to my life. I will look for help and I will fight. I will fight and I hope that Ill succeed. 
 
 My life feels surreal - as I am dreaming. But in this very moment I want to fight. I want to life. I want to be happy again. I will fight and in the end - I will be back.
 
 I am just 23 but I will change my life to the better. 
 I wanted to be a director, a media creator - but I became a business consultant. I earn my money by creating lots of money for other people. I hate it. I hate every single aspect of this life and job. I betrayed myself to the point were my mind was not able to bare it any longer. 
 But Ill break free and achieve my goals. 
 
 Thanks for all the posts here. Thanks for being out there. 
 Thank you for being here. 
 Hopefully one day all of this will be nothing more but memories on how I got my life back again. Stay strong everybody. I love you and I wish you all the best.","[1, 0]",{'depressive_disorder'},"Today I decided to fight it. I was diagnosed with major depressions and burnout 2 months ago. I took no help. I didnt do anything to fight it. I thought it will go away that I will wake up from this nightmare one day but I didnt. I am standing at the edge right now. But now I decided to fight it. I will get out of the bed. I will get back to work to friends to my life. I will look for help and I will fight. I will fight and I hope that Ill succeed. My life feels surreal as I am dreaming. But in this very moment I want to fight. I want to life. I want to be happy again. I will fight and in the end I will be back. I am just 23 but I will change my life to the better. I wanted to be a director, a media creator but I became a business consultant. I earn my money by creating lots of money for other people. I hate it. I hate every single aspect of this life and job. I betrayed myself to the point were my mind was not able to bare it any longer. But Ill break free and achieve my goals. Thanks for all the posts here. Thanks for being out there. Thank you for being here. Hopefully one day all of this will be nothing more but memories on how I got my life back again. Stay strong everybody. I love you and I wish you all the best.",Depression,{'depression':'yes'}
e6db0a,I don't know what is true.,"I was diagnosed with major depressive disorder about six or so months ago. It wasn't unexpected, since months before then I have had suicidal thoughts nearly daily. Sometimes I do wonder though why I do some things I do, and what actions (and inaction) are fair to attribute to my depression. Sometimes I wonder if I'm really depressed. The other day my dad said I don't have a mental disorder, that I'm ""just depressed"" and ""need to focus on the positive."" Later that same day, my stepmom yelled at him saying I'm not depressed, because a couple of days ago, after months of silence I finally got on a voice chat with some friends and at one point laughed. That I am just manipulating him because I am lazy, and that he shouldn't let me stay at their house. Hearing that made me upset, but I wonder if I am just subconsciously manipulating those around me. I've been careful to only admit my suicidal thoughts to mental health professionals, but I don't know if that's enough.
 
 I wish I could just stop being a burden, a waste of resources, and disappear. I wish I wasn't such a cowardly fuckup, and could just die. I wish I wasn't so afraid of the pain of suicide, and the significant chance that I may survive an attempt.","[1, 0]",{'depressive_disorder'},"I dont know what is true. I was diagnosed with major depressive disorder about six or so months ago. It wasnt unexpected, since months before then I have had suicidal thoughts nearly daily. Sometimes I do wonder though why I do some things I do, and what actions and inaction are fair to attribute to my depression. Sometimes I wonder if Im really depressed. The other day my dad said I dont have a mental disorder, that Im just depressed and need to focus on the positive. Later that same day, my stepmom yelled at him saying Im not depressed, because a couple of days ago, after months of silence I finally got on a voice chat with some friends and at one point laughed. That I am just manipulating him because I am lazy, and that he shouldnt let me stay at their house. Hearing that made me upset, but I wonder if I am just subconsciously manipulating those around me. Ive been careful to only admit my suicidal thoughts to mental health professionals, but I dont know if thats enough. I wish I could just stop being a burden, a waste of resources, and disappear. I wish I wasnt such a cowardly fuckup, and could just die. I wish I wasnt so afraid of the pain of suicide, and the significant chance that I may survive an attempt.",Depression,{'depression':'yes'}
9dbf4a,How do i feel less numb,"I was diagnosed with severe depression and anxiety a few years back and been on and off anti depressants. I have self destructive behaviours such as cutting and harming myself though different ways such as overdosing. I am very jumpy and get panic attacks. Recently I have been a lot better, due to leaving an abusive relationship and working on myself and meeting someone new.
 
 However sometimes I scare myself that I am slipping. I am in a new relationship with a wonderful human being, and I want to be the best person I can be for him and myself. But I have periods where i just completely numb out. The impulse to hurt myself takes over my head or I shut myself away, or don't eat or panic all the time.
 
 I really want to get out these little numb states where things slip back to the bad ways. Any help or tips would be awesome x","[1, 1]","{'depressive_disorder', 'anxiety_disorder'}","How do i feel less numb. I was diagnosed with severe depression and anxiety a few years back and been on and off anti depressants. I have self destructive behaviours such as cutting and harming myself though different ways such as overdosing. I am very jumpy and get panic attacks. Recently I have been a lot better, due to leaving an abusive relationship and working on myself and meeting someone new. However sometimes I scare myself that I am slipping. I am in a new relationship with a wonderful human being, and I want to be the best person I can be for him and myself. But I have periods where i just completely numb out. The impulse to hurt myself takes over my head or I shut myself away, or dont eat or panic all the time. I really want to get out these little numb states where things slip back to the bad ways. Any help or tips would be awesome x",Comorbid (Depression + Anxiety),{'depression':'yes'}
4fuq5t,Dealing with depression...again,"I was diagnosed with severe major depression and generalized anxiety disorder and have been taking medication for it for a while. I've had to switch medications a lot do to some adverse side effects but I finally thought I found the one. Well recently I became suicidal. I don't have a plan, just a general feeling of wanting to die. 
 
 Anyway, I feel very isolated. The city I live in is 5 hours away from my closest friends and family. I know I can call them but I don't want words. I am tired of people telling me how strong I am and that I can get through this. I feel incredibly weak and crazy. Words don't do anything to comfort me anymore because they all feel like lies even though I know these people wouldn't lie to me. I've been trying to find someone who will say to me ""yeah you may be weak now but together we will figure something out"". I have a therapist and a nurse practitioner but I can't call my therapist every time I feel this way. She charges even for a 10 minute phone call. I need a friend to come over and rub my back while I have a panic attack or wipe my tears when I can't quit crying. Or someone to get me out of my apartment and do something when I feel like my world is collapsing in on me. I have no idea where else to post this. Kind messages, without the words ""you're strong enough to beat this"" would be nice, or suggestions on where else to post this. I have terrible anxiety so apps like Meet Up or stuff like that don't work for me for finding new people. Anyway, if you read this, thank you.","[1, 1]","{'depressive_disorder', 'anxiety_disorder'}","Dealing with depression.again. I was diagnosed with severe major depression and generalized anxiety disorder and have been taking medication for it for a while. Ive had to switch medications a lot do to some adverse side effects but I finally thought I found the one. Well recently I became suicidal. I dont have a plan, just a general feeling of wanting to die. Anyway, I feel very isolated. The city I live in is 5 hours away from my closest friends and family. I know I can call them but I dont want words. I am tired of people telling me how strong I am and that I can get through this. I feel incredibly weak and crazy. Words dont do anything to comfort me anymore because they all feel like lies even though I know these people wouldnt lie to me. Ive been trying to find someone who will say to me yeah you may be weak now but together we will figure something out. I have a therapist and a nurse practitioner but I cant call my therapist every time I feel this way. She charges even for a 10 minute phone call. I need a friend to come over and rub my back while I have a panic attack or wipe my tears when I cant quit crying. Or someone to get me out of my apartment and do something when I feel like my world is collapsing in on me. I have no idea where else to post this. Kind messages, without the words youre strong enough to beat this would be nice, or suggestions on where else to post this. I have terrible anxiety so apps like Meet Up or stuff like that dont work for me for finding new people. Anyway, if you read this, thank you.",Comorbid (Depression + Anxiety),"{""depression"":""yes""}"
ejqz6d,All of these recent events with Iran have sent me into my first panic attack in months.,"I was doing so well. Ive been on Duloxetine, got all of the side effects fixed. Still feel nervous all of the time sure, but no panic attacks. Then the news about Iran came into my radar. We could possibly go into ANOTHER war, and this one will be bad.
 
  I couldnt stop thinking about it and what could happen. Could the draft be restarted? Could someone I know whos in the military be deployed and killed? Could the US be attacked? What will happen if that happens? These thoughts kept racing in my head for hours and then finally I broke down. It felt like the world was spinning around me, I could actually feel my blood pressure rising, my chest was hurting, my entire body was tingling, and I was getting dizzy. It was one of the worst panic attacks Ive ever had. 
 
 I actually had to drink a few shots of whiskey to make sure I was tipsy so I wouldnt be able to think about it until I was able to calm down. Ive never had to do that. Now Im back to being sober and its going through my head again. And I keep thinking, this should never have been allowed to happen. He was a bad man but tensions were already too high. 
 
 I can feel myself getting close to another panic attack just thinking about. Ive done everything to keep it out of my head but once I sit back down it comes flooding back. I really just dont know what to do.","[0, 1]",{'anxiety_disorder'},"All of these recent events with Iran have sent me into my first panic attack in months. I was doing so well. Ive been on Duloxetine, got all of the side effects fixed. Still feel nervous all of the time sure, but no panic attacks. Then the news about Iran came into my radar. We could possibly go into ANOTHER war, and this one will be bad. I couldnt stop thinking about it and what could happen. Could the draft be restarted? Could someone I know whos in the military be deployed and killed? Could the US be attacked? What will happen if that happens? These thoughts kept racing in my head for hours and then finally I broke down. It felt like the world was spinning around me, I could actually feel my blood pressure rising, my chest was hurting, my entire body was tingling, and I was getting dizzy. It was one of the worst panic attacks Ive ever had. I actually had to drink a few shots of whiskey to make sure I was tipsy so I wouldnt be able to think about it until I was able to calm down. Ive never had to do that. Now Im back to being sober and its going through my head again. And I keep thinking, this should never have been allowed to happen. He was a bad man but tensions were already too high. I can feel myself getting close to another panic attack just thinking about. Ive done everything to keep it out of my head but once I sit back down it comes flooding back. I really just dont know what to do.",Anxiety,{'depression':'no'}
6n6rhk,Getting old terrifies me,"I was just reading an Ask Reddit thread about getting older, and it just reminded me of how I'm never going to be young again; how I can't just wallow in my depression and hole myself in my house for days at a time because at some point I'll have to be an adult and do things like shop for food or car maintenance or go to work; how I have to pretend that I totally don't feel inferior to absolutely everyone I meet or that I don't see myself as completely worthless and useless.
 
 It just reminds me of what I try avoiding to think about. The terrifying reality of how im missing out on my ""golden years"" of young adulthood--im missing out on making long-lasting friendships because I don't bother making friends (social anxiety and constant fear of rejection), or how I'm not using my time to take pleasure in leisurely activities because nothing brings me joy, or how I'm not trying to ""discover myself"" because there's nothing to discover because im a shell of someone I was more than a decade ago.
 
 I just...i wish I wouldn't get older. I dont want all these expectations on me. Im already expected to do things that I can't--make friends, work a decent part-time job, get good grades and graduate with a good degree to get a job--and it makes me feel so worthless and inferior and just fucking depressed.","[1, 0]",{'depressive_disorder'},"Getting old terrifies me. I was just reading an Ask Reddit thread about getting older, and it just reminded me of how Im never going to be young again how I cant just wallow in my depression and hole myself in my house for days at a time because at some point Ill have to be an adult and do things like shop for food or car maintenance or go to work how I have to pretend that I totally dont feel inferior to absolutely everyone I meet or that I dont see myself as completely worthless and useless. It just reminds me of what I try avoiding to think about. The terrifying reality of how im missing out on my golden years of young adulthoodim missing out on making longlasting friendships because I dont bother making friends social anxiety and constant fear of rejection, or how Im not using my time to take pleasure in leisurely activities because nothing brings me joy, or how Im not trying to discover myself because theres nothing to discover because im a shell of someone I was more than a decade ago. I just.i wish I wouldnt get older. I dont want all these expectations on me. Im already expected to do things that I cantmake friends, work a decent parttime job, get good grades and graduate with a good degree to get a joband it makes me feel so worthless and inferior and just fucking depressed.",Depression,"{""depression"": ""yes""}"
96i282,Health anxiety caused by a traumatic event?,"I was put on an asthma medication called montelukast last year. 
 I had really bad cough at the time and took some medicine for it. The two medications didn't mix really well and caused me a lot of symptoms, such as palpitations and leg weakness. This caused me a massive panick attack and I went to the ER next day. 
 They said that it was my medication's interaction causing it.
 After that I've had so much panic attacks and anxiety about my heart. 
 I still cant sleep on my left side because im scared of having palpitations. 
 I have had EKG taken 8 times and all have came back fine. 
 I've had one taken even when I had a panick attack. 
 When I got the palpitations the first time, I started googling about heart diseases and that made my anxiety so bad that I couldnt get out of my bed for so long and missed half of my 8th grade. I got diagnosed with GAD about a month ago. 
 I still get palpitations from time to time they're just not as intense. 
 I also have a long history of depression but I don't know if that matters?","[0, 0]",{'control_group'},"Health anxiety caused by a traumatic event. I was put on an asthma medication called montelukast last year. I had really bad cough at the time and took some medicine for it. The two medications didnt mix really well and caused me a lot of symptoms, such as palpitations and leg weakness. This caused me a massive panick attack and I went to the ER next day. They said that it was my medications interaction causing it. After that Ive had so much panic attacks and anxiety about my heart. I still cant sleep on my left side because im scared of having palpitations. I have had EKG taken 8 times and all have came back fine. Ive had one taken even when I had a panick attack. When I got the palpitations the first time, I started googling about heart diseases and that made my anxiety so bad that I couldnt get out of my bed for so long and missed half of my 8th grade. I got diagnosed with GAD about a month ago. I still get palpitations from time to time theyre just not as intense. I also have a long history of depression but I dont know if that matters?",Normal,{'depression':'no'}
5tlsmx,"It seems that every school has that one kid who's just covered in scars, and I'm that kid","I was talking to one of my friends the other week and he mentioned a girl in his year at his school who is just covered with self harm scars, all over both her wrists, both her forearms, upper arms, thighs, legs, ankles, stomach, just completely covered in them. This got me thinking that every school statistically will have at least one kid covered in self harm, and I realised I'm that kid. I'm not completely covered in scars, but my ankles are scarred pretty badly, my arm, which is probably where most people look, is covered in cuts, scars and burns, I don't even hide it anymore because it's so hot (I'm talking like 42„ƒ, where I physically cannot wear long sleeves without passing out), and I'm that kid who people will stare at when he's walking to class, they might whisper to their friends about my arm, the teachers will see my arm and just assume that I'm just another emo, I don't even do anything in class because I'm so depressed that I just don't have the energy to work so I must just look like a massive poser. I'm always on the lookout for others with scars like mine, but there's nobody with them. A school of 16, 17 and 18 year olds, with about 1000 students, and I'm the only one with bad scarring. I mean, they could do it in more hidden areas, like most of my scars are on my thigh, but it still saddens me to know that nobody else has to deal with being stared at whenever they walk past someone, I never wanted to be that guy who everyone knows is depressed and broken but I guess I'm that guy now.","[1, 0]",{'depressive_disorder'},"It seems that every school has that one kid whos just covered in scars, and Im that kid. I was talking to one of my friends the other week and he mentioned a girl in his year at his school who is just covered with self harm scars, all over both her wrists, both her forearms, upper arms, thighs, legs, ankles, stomach, just completely covered in them. This got me thinking that every school statistically will have at least one kid covered in self harm, and I realised Im that kid. Im not completely covered in scars, but my ankles are scarred pretty badly, my arm, which is probably where most people look, is covered in cuts, scars and burns, I dont even hide it anymore because its so hot Im talking like 42, where I physically cannot wear long sleeves without passing out, and Im that kid who people will stare at when hes walking to class, they might whisper to their friends about my arm, the teachers will see my arm and just assume that Im just another emo, I dont even do anything in class because Im so depressed that I just dont have the energy to work so I must just look like a massive poser. Im always on the lookout for others with scars like mine, but theres nobody with them. A school of 16, 17 and 18 year olds, with about 1000 students, and Im the only one with bad scarring. I mean, they could do it in more hidden areas, like most of my scars are on my thigh, but it still saddens me to know that nobody else has to deal with being stared at whenever they walk past someone, I never wanted to be that guy who everyone knows is depressed and broken but I guess Im that guy now.",Depression,{'depression':'yes'}
fbcauo,"Subvocalization, Visualization and Memory.","I was wondering if anyone else experiences trouble with memory and thinking. Hopefully, this post doesn't break any of the rules.
 
 Whenever I try to explain this to people, they don't understand and look at me sideways. Ever since my depression reached a stage where it convinced my brain as suicide as a viable option, it's like the only thought that is ever produced. It's the final thought that has been created. For the past four years, I have had issues visualizing, which is a tremendous way, I think unless it's imagining a suicide. This make's it difficult to do schoolwork such as math as I can't trace the steps in my head. I can't subvocalize either, which is essentially thinking or talking to yourself in your head.
 
 Below is a theory about why this is.
 
 I had spoken to my psychology professor at college after learning about rumination in her class. I told her that I had a theory that the reason memory and thinking issues may have transpired from the depression was because of rumination. Rumination is when you focus on negative events and go over and over it in your head. So I thought my brain must have ""protected"" itself against this by shrinking my hippocampus, making it more difficult to recall these negative memories, but this also made it more difficult to recall all other memories as well. I had almost eidetic memory before this illness got me, and it frustrates me to hell that I'm unable to think the way I used to. She said that this was incorrect, though, which put me down a little bit because I thought I was coming closer to the root cause of my trigger for this illness.","[1, 0]",{'depressive_disorder'},"Subvocalization, Visualization and Memory. I was wondering if anyone else experiences trouble with memory and thinking. Hopefully, this post doesnt break any of the rules. Whenever I try to explain this to people, they dont understand and look at me sideways. Ever since my depression reached a stage where it convinced my brain as suicide as a viable option, its like the only thought that is ever produced. Its the final thought that has been created. For the past four years, I have had issues visualizing, which is a tremendous way, I think unless its imagining a suicide. This makes it difficult to do schoolwork such as math as I cant trace the steps in my head. I cant subvocalize either, which is essentially thinking or talking to yourself in your head. Below is a theory about why this is. I had spoken to my psychology professor at college after learning about rumination in her class. I told her that I had a theory that the reason memory and thinking issues may have transpired from the depression was because of rumination. Rumination is when you focus on negative events and go over and over it in your head. So I thought my brain must have protected itself against this by shrinking my hippocampus, making it more difficult to recall these negative memories, but this also made it more difficult to recall all other memories as well. I had almost eidetic memory before this illness got me, and it frustrates me to hell that Im unable to think the way I used to. She said that this was incorrect, though, which put me down a little bit because I thought I was coming closer to the root cause of my trigger for this illness.",Depression,{'depression':'yes'}
ctatl2,My job is in jeopardy.... yay!,"I wasn't getting any shifts at work (check my post history for more info) so I spoke to my manager and she told me that it's because they're in the weird grey area where old people are leaving and new people are getting hired. I jokingly said ""oh ok, I was worried I was getting laid off"". And then the closed the door in the office and got me to sit down with her. Basically, my performance isn't good enough and I have 2 weeks to prove that I should keep my job. She wasnt that blatant but that's the general message. 
 
 I've only been working for a month and a half, this is my first ever retail job and now I'm so stressed. This year has just been a shit show for me. I got rejected from the college I really wanted to get into, my friends have gotten distant from me (and some that aren't are gonna be moving away for school) and now I might lose my job. I've been so anxious and depressed and I've practically been praying for at least one good thing to happen.
 
 The worst part is, the reason she isnt happy with my performance is that im too awkward. I really didnt think that I was that bad but I guess I am. Now im embarrassed, anxious and depressed, plus tired since I just finished a shift and worked my ass off to hopefully prove myself. My manager told me that I need to work on my confidence but I really doubt that's gonna happen since 3 years of therapy from 2 different therapists didnt do much for me lol.
 
 God I'm just so stressed and depressed (hey that rhymes) please excuse my typos btw.","[0, 0]",{'control_group'},"My job is in jeopardy. yay. I wasnt getting any shifts at work check my post history for more info so I spoke to my manager and she told me that its because theyre in the weird grey area where old people are leaving and new people are getting hired. I jokingly said oh ok, I was worried I was getting laid off. And then the closed the door in the office and got me to sit down with her. Basically, my performance isnt good enough and I have 2 weeks to prove that I should keep my job. She wasnt that blatant but thats the general message. Ive only been working for a month and a half, this is my first ever retail job and now Im so stressed. This year has just been a shit show for me. I got rejected from the college I really wanted to get into, my friends have gotten distant from me and some that arent are gonna be moving away for school and now I might lose my job. Ive been so anxious and depressed and Ive practically been praying for at least one good thing to happen. The worst part is, the reason she isnt happy with my performance is that im too awkward. I really didnt think that I was that bad but I guess I am. Now im embarrassed, anxious and depressed, plus tired since I just finished a shift and worked my ass off to hopefully prove myself. My manager told me that I need to work on my confidence but I really doubt thats gonna happen since 3 years of therapy from 2 different therapists didnt do much for me lol. God Im just so stressed and depressed hey that rhymes please excuse my typos btw.",Normal,{'depression':'yes'}
732nvq,It's... I'm not sure what's going on with me this semester but 5 weeks in and everything is on fire.,"I wasn't joking. Everything is on fire. I can't focus on my classes and I barely studied since they started. Every time I get the energy to, I lose focus entirely. I can't sit still nor can focus at all. My mind always goes somewhere else. I've missed several classes, quizzes and homeworks. I was diagnosed with chronic depression a month ago but I know something has been wrong inside me for most of my life. I just found out is had a label.
 
 I honestly didn't want to become a regular on this subreddit. I didn't want to be a bother or complain but goddammit I don't know where to turn. I don't have the energy or mindset to do absolutely shit, man. Like nothing. I can't even talk to my boyfriend. Whenever I do, it's the usual empty numbing void 10x over, man. The fuck?
 
 I keep reverting and it seems that every time I do, it gets worse and worse. This rut had never lasted so long. I'm worried. I was so excited when I got accepted to college and a lot of problems happened money wise that could have prevented me from going. But it all worked out so I don't know why I'm fucking it all up. As of right now, especially after missing so much school and that quiz, I'm failing all my classes, son. Fuck me, goddammit.
 
 
 TL;DR: I'm a fucking retard. That's the best I can sum up the entirety of this rant and the situation.","[1, 0]",{'depressive_disorder'},"Its. Im not sure whats going on with me this semester but 5 weeks in and everything is on fire. I wasnt joking. Everything is on fire. I cant focus on my classes and I barely studied since they started. Every time I get the energy to, I lose focus entirely. I cant sit still nor can focus at all. My mind always goes somewhere else. Ive missed several classes, quizzes and homeworks. I was diagnosed with chronic depression a month ago but I know something has been wrong inside me for most of my life. I just found out is had a label. I honestly didnt want to become a regular on this subreddit. I didnt want to be a bother or complain but goddammit I dont know where to turn. I dont have the energy or mindset to do absolutely shit, man. Like nothing. I cant even talk to my boyfriend. Whenever I do, its the usual empty numbing void 10x over, man. The fuck? I keep reverting and it seems that every time I do, it gets worse and worse. This rut had never lasted so long. Im worried. I was so excited when I got accepted to college and a lot of problems happened money wise that could have prevented me from going. But it all worked out so I dont know why Im fucking it all up. As of right now, especially after missing so much school and that quiz, Im failing all my classes, son. Fuck me, goddammit. TLDR Im a fucking retard. Thats the best I can sum up the entirety of this rant and the situation.",Depression,{'depression':'yes'}
4r0ljt,i have to stop wanting things in life.,"i will never get what i want in life. i've tried too hard and failed to many times. it's time for me to lay down now. i have 65 thousand dollars in student loan debt, i have 2 degrees: an associates degree in computers, and a bachelors degree in management and i still dont have a job and i'm still going to school. why? school is doing nothing for me except allowing me to work a federal work study job paying me 9 dollars an hour picking up and putting down heavy things. all this education, all this money i spent, money that i've borrowed and will never be able to pay back. 
 
 i'm 30 living with my parents with a felony conviction on my record. I have royally screwed up my life to the point where i wish i can smoke week and shoot heroin. i just want to end the pain. i'm in soo much mental pain right now. i have made a variety of posts on reddit becuase i know people in real life don't want to talk to me. nobody want to talk to me about my problems in the real world, everyone has their own problems. 
 
 all i want is a good job, a decent career, but i can't have that because i am the outcast now. you have to be in the ""cool people's club"" to get a good job now. I'm a convicted felon now, i can't get nothing now, i wish i didn't exist. i may need to call suicide hotline now. 
 
 i hate EVERYTHING about my life right now. when i look in the mirror, i see failure personified.","[0, 0]",{'control_group'},"i have to stop wanting things in life. i will never get what i want in life. ive tried too hard and failed to many times. its time for me to lay down now. i have 65 thousand dollars in student loan debt, i have 2 degrees an associates degree in computers, and a bachelors degree in management and i still dont have a job and im still going to school. why? school is doing nothing for me except allowing me to work a federal work study job paying me 9 dollars an hour picking up and putting down heavy things. all this education, all this money i spent, money that ive borrowed and will never be able to pay back. im 30 living with my parents with a felony conviction on my record. I have royally screwed up my life to the point where i wish i can smoke week and shoot heroin. i just want to end the pain. im in soo much mental pain right now. i have made a variety of posts on reddit becuase i know people in real life dont want to talk to me. nobody want to talk to me about my problems in the real world, everyone has their own problems. all i want is a good job, a decent career, but i cant have that because i am the outcast now. you have to be in the cool peoples club to get a good job now. Im a convicted felon now, i cant get nothing now, i wish i didnt exist. i may need to call suicide hotline now. i hate EVERYTHING about my life right now. when i look in the mirror, i see failure personified.",Normal,"{""depression"": ""yes""}"
c1wtji,Panic Attacks - Real?,"I worry a lot that the ""panic attacks"" I have been experiencing for the past 1.5 years are not actually panic attacks. I don't hyperventilate, my heart doesn't always beat super fast, and it never lasts for only the 5-15 minutes they are usually described as lasting. Instead, it's mostly internal and you wouldn't be able to tell I was having one if you were right in front of me except for the fact I get really quiet. I get an intense fear of something being wrong, I often feel off balance or a little dizzy and sometimes have to grasp on to something, sometimes it's hard for me to speak. I can't really describe what they are like in a way that does it justice, actually. Also, they never happen because something bad happens. They are completely random. The first time I had a panic attack, I didn't know what was happening and went to an emergency psych appointment at my college. The counselor wasn't even convinced I was having a panic attack and thought it was an actual health emergency and almost called 911. I have since been diagnosed with panic disorder but I have never felt confident that I am actually experiencing panic attacks. 
 
 Am I actually having panic attacks? Can anyone relate to having non-typical panic attacks?","[0, 0]",{'control_group'},"Panic Attacks Real. I worry a lot that the panic attacks I have been experiencing for the past 1.5 years are not actually panic attacks. I dont hyperventilate, my heart doesnt always beat super fast, and it never lasts for only the 515 minutes they are usually described as lasting. Instead, its mostly internal and you wouldnt be able to tell I was having one if you were right in front of me except for the fact I get really quiet. I get an intense fear of something being wrong, I often feel off balance or a little dizzy and sometimes have to grasp on to something, sometimes its hard for me to speak. I cant really describe what they are like in a way that does it justice, actually. Also, they never happen because something bad happens. They are completely random. The first time I had a panic attack, I didnt know what was happening and went to an emergency psych appointment at my college. The counselor wasnt even convinced I was having a panic attack and thought it was an actual health emergency and almost called 911. I have since been diagnosed with panic disorder but I have never felt confident that I am actually experiencing panic attacks. Am I actually having panic attacks? Can anyone relate to having nontypical panic attacks?",Normal,{'depression':'no'}
gk7yh5,Substances that reduce social anxiety,"I would be very interested about the substances you use for your social anxiety (legal/illegal/prescribed/medicaments) and how often you use them.
 
 I was prescribed many SS(N)RIs (none gave me any positive effects or anxiety relief), Benzos (Tavor, Valium - good for anxiety but involving cognitive deficits and sedation/tiredness, making dependent and I just never got them prescribed for regular use, just for panic situations) and some neuroleptics which didn't do anything neither. SS(N)RIs I used were Escitalopram (Cipralex), Venlafaxine (Effexor), Sertraline (Zoloft), Opipramol, Paroxetine, Bupropion (Wellbutrin) and right now I'm on Duloxetine (Cymbalta). Duloxetine doesn't give me any effects. I'm on 60mg right now. If it doesn't start to work after next increase of dosage I get to try my first MAOI moclobemide.
 
 My favourite from 17 to 19 was alcohol.
 Meanwhile I used ritalin (methylphenidate) similar to Adderall for one month until it lost it's magic. Now after years of break still no magic left.
 
 With 19 phenibut was my golden medicine making me hypomanic and super confident, happy and chilled all the time. That was like my perfect life, making friends, being ultra social, motivated, able to concentrate and focus, hold conversations and just be the type of person I wanted to be. Completely killed any anxiety I had. After about 8 months of using it, many weeks in between even daily, also the phenibut lost it's magic. Now after many months break the magic is still left.
 
 Now I'm using kratom but it doesn't really help me with social but future anxiety and depression.
 
 What are your experiences and aidful substances for social anxiety? And what do you think why did the magic from phenibut or ritalin never come back even after many months of complete substance consumption break (neither alcohol or nicotine)?","[0, 0]",{'control_group'},"Substances that reduce social anxiety. I would be very interested about the substances you use for your social anxiety legalillegalprescribedmedicaments and how often you use them. I was prescribed many SSNRIs none gave me any positive effects or anxiety relief, Benzos Tavor, Valium good for anxiety but involving cognitive deficits and sedationtiredness, making dependent and I just never got them prescribed for regular use, just for panic situations and some neuroleptics which didnt do anything neither. SSNRIs I used were Escitalopram Cipralex, Venlafaxine Effexor, Sertraline Zoloft, Opipramol, Paroxetine, Bupropion Wellbutrin and right now Im on Duloxetine Cymbalta. Duloxetine doesnt give me any effects. Im on 60mg right now. If it doesnt start to work after next increase of dosage I get to try my first MAOI moclobemide. My favourite from 17 to 19 was alcohol. Meanwhile I used ritalin methylphenidate similar to Adderall for one month until it lost its magic. Now after years of break still no magic left. With 19 phenibut was my golden medicine making me hypomanic and super confident, happy and chilled all the time. That was like my perfect life, making friends, being ultra social, motivated, able to concentrate and focus, hold conversations and just be the type of person I wanted to be. Completely killed any anxiety I had. After about 8 months of using it, many weeks in between even daily, also the phenibut lost its magic. Now after many months break the magic is still left. Now Im using kratom but it doesnt really help me with social but future anxiety and depression. What are your experiences and aidful substances for social anxiety? And what do you think why did the magic from phenibut or ritalin never come back even after many months of complete substance consumption break neither alcohol or nicotine?",Normal,{'depression':'no'}
7bsqsw,Fuck this.,"I'd just like to preemptively apologise for the rambling.
 
 My life had been pretty easy going up until this year - I hung out with others, found deep enjoyment in trivial things and didn't *ever* think about the idea that I needed a reason to stay alive.
 
 Flash forward to the present day. A couple of months ago, I spent a week in a psychiatric ward after my third failed suicide attempt. After being diagnosed with clinical depression, my life has changed completely. I've been transformed from an outgoing, eccentric but confident, sociable, extroverted individual to a broken, introverted, emotional wreck of my former self.
 
 All I've got to say is fuck this. Fuck depression. Fuck everything. Why am I the one who has to feel like this? If I still had the same mentality as my former self, I would be appalled. I've outgrown and left behind all the friends that I once held so dear to me, I can't stand spending time with people one on one for more than a couple hours and I can barely hang out with groups for more than 5 minutes without feeling trapped and miserable. My nights of carefree sleep vanished into hours of sobbing at my own worthlessness and waste of space. I yearn for meaning connections and relationships, yet I push everyone away from me because I feel like they don't mean anything to me - they're too tiring to be around.
 
 Fuck this. What a shitty life I live - failed suicide attempts and days wasted on doing fuck all but loathe my own existence.","[1, 0]",{'depressive_disorder'},"Fuck this. Id just like to preemptively apologise for the rambling. My life had been pretty easy going up until this year I hung out with others, found deep enjoyment in trivial things and didnt ever think about the idea that I needed a reason to stay alive. Flash forward to the present day. A couple of months ago, I spent a week in a psychiatric ward after my third failed suicide attempt. After being diagnosed with clinical depression, my life has changed completely. Ive been transformed from an outgoing, eccentric but confident, sociable, extroverted individual to a broken, introverted, emotional wreck of my former self. All Ive got to say is fuck this. Fuck depression. Fuck everything. Why am I the one who has to feel like this? If I still had the same mentality as my former self, I would be appalled. Ive outgrown and left behind all the friends that I once held so dear to me, I cant stand spending time with people one on one for more than a couple hours and I can barely hang out with groups for more than 5 minutes without feeling trapped and miserable. My nights of carefree sleep vanished into hours of sobbing at my own worthlessness and waste of space. I yearn for meaning connections and relationships, yet I push everyone away from me because I feel like they dont mean anything to me theyre too tiring to be around. Fuck this. What a shitty life I live failed suicide attempts and days wasted on doing fuck all but loathe my own existence.",Depression,{'depression':'yes'}
6464aq,[Death anxiety] I just need to rant,"I'm 20f, have generalized anxiety, panic disorder, and major depression. My anxiety is largely triggered by instability in social relationships (I think everyone hates me) and death. 
 
 Sometimes, I'll have had a good day, mostly anxiety free, and will lay down for bed, close my eyes, and think ""someday you will die"" or ""your body will eventually rot away into dust"" or I'll think similar things about loved ones. Then I'm up for hours, and sometimes I'll have a panic attack. 
 
 It's incredibly frustrating and upsetting because I'm not technically wrong about any of those things. I will die, and my body will someday be dust. There is nothing I can do to stop it, which ultimately makes it harder to get out of. How can I stop irrational thoughts about things that are true? Who knows. 
 
 I've been taking melatonin before bed, which has been helping because I get to sleep before I have time to think these thoughts, but some nights (tonight included), they sneak past.
 
 My mental health has been considerably better these past few months, but it seems no matter how ""good"" I get, this one thing persists, which is frustrating because it's probably the most troubling. I get so worked up because I'm so tired and want nothing more than to sleep, but these thoughts haunt me and keep me awake. 
 
 Anxiety is so obnoxious and upsetting.","[1, 1]","{'depressive_disorder', 'anxiety_disorder'}","Death anxiety I just need to rant. Im 20f, have generalized anxiety, panic disorder, and major depression. My anxiety is largely triggered by instability in social relationships I think everyone hates me and death. Sometimes, Ill have had a good day, mostly anxiety free, and will lay down for bed, close my eyes, and think someday you will die or your body will eventually rot away into dust or Ill think similar things about loved ones. Then Im up for hours, and sometimes Ill have a panic attack. Its incredibly frustrating and upsetting because Im not technically wrong about any of those things. I will die, and my body will someday be dust. There is nothing I can do to stop it, which ultimately makes it harder to get out of. How can I stop irrational thoughts about things that are true? Who knows. Ive been taking melatonin before bed, which has been helping because I get to sleep before I have time to think these thoughts, but some nights tonight included, they sneak past. My mental health has been considerably better these past few months, but it seems no matter how good I get, this one thing persists, which is frustrating because its probably the most troubling. I get so worked up because Im so tired and want nothing more than to sleep, but these thoughts haunt me and keep me awake. Anxiety is so obnoxious and upsetting.",Comorbid (Depression + Anxiety),{'depression':'yes'}
6zsykl,Don't know what to do...,"I'm 22 years old and I'm feeling like I'm in limbo. I struggle with depression and anxiety a lot. I currently don't work and don't know how to drive (driving gives me bad anxiety) so I mainly stay inside my mom and step dads house.
 A normal day for me is a lot of sleeping and just in general watching YouTube videos or random shows on TV. I know staying in the house all the time isn't the best option but I literally don't have anyone I can talk to or go hang out with.
 My mom has been frustrated at me because of my overall attitude and unwillingness to learn to drive or get a job. I recently got done with a 3 week program where I learned coping skills to try and help with my anxiety and depression and negative thinking but when I try to use them at home they don't work.
 I had a job earlier in the year but I quit a few months ago because I called in a lot and they ended up not giving me a lot of hours towards the end.
 I have no real drive or ambition to get another job or do any college classes because I was never that good at school and being somewhere different freaks me out.
 I have been taking medication for a long time as well as therapy but I have no desire to help myself since I'm used to how I'm feeling.
 Any ideas?","[1, 1]","{'depressive_disorder', 'anxiety_disorder'}",Dont know what to do. Im 22 years old and Im feeling like Im in limbo. I struggle with depression and anxiety a lot. I currently dont work and dont know how to drive driving gives me bad anxiety so I mainly stay inside my mom and step dads house. A normal day for me is a lot of sleeping and just in general watching YouTube videos or random shows on TV. I know staying in the house all the time isnt the best option but I literally dont have anyone I can talk to or go hang out with. My mom has been frustrated at me because of my overall attitude and unwillingness to learn to drive or get a job. I recently got done with a 3 week program where I learned coping skills to try and help with my anxiety and depression and negative thinking but when I try to use them at home they dont work. I had a job earlier in the year but I quit a few months ago because I called in a lot and they ended up not giving me a lot of hours towards the end. I have no real drive or ambition to get another job or do any college classes because I was never that good at school and being somewhere different freaks me out. I have been taking medication for a long time as well as therapy but I have no desire to help myself since Im used to how Im feeling. Any ideas?,Comorbid (Depression + Anxiety),{'depression':'yes'}
e9vgtl,Finally I feel like I'm doing something.,"I'm 28 years old, and I had postponed college because of my ex. She tried to commit suicide and blamed it on me. I had to quit because she had turn everyone against me and made the campus a hostile environment. And I was diagnosed with depression by the campus psychiatrist. Fast forward two years, I got back to college again (transferred to a different one) and decided to finish what I had started. I work at a call center, and it is a pain in the ass most of the days. However, it is my only source of income so I decided to stick with it while I finish my degree. Sometimes it feels like an eternity, but today I received an email from the Dean of Student Affairs telling me I was named to the Dean's List for this term because of my CGPA (3.55). I made some calculations and I will finish my degree by October 2020. Less than 10 months! Finally I feel like my efforts are paying off and my life is heading somewhere. I don't care if I work as an accountant or financial analyst because I actually like those careers.","[0, 0]",{'control_group'},"Finally I feel like Im doing something. Im 28 years old, and I had postponed college because of my ex. She tried to commit suicide and blamed it on me. I had to quit because she had turn everyone against me and made the campus a hostile environment. And I was diagnosed with depression by the campus psychiatrist. Fast forward two years, I got back to college again transferred to a different one and decided to finish what I had started. I work at a call center, and it is a pain in the ass most of the days. However, it is my only source of income so I decided to stick with it while I finish my degree. Sometimes it feels like an eternity, but today I received an email from the Dean of Student Affairs telling me I was named to the Deans List for this term because of my CGPA 3.55. I made some calculations and I will finish my degree by October 2020. Less than 10 months! Finally I feel like my efforts are paying off and my life is heading somewhere. I dont care if I work as an accountant or financial analyst because I actually like those careers.",Normal,{'depression':'no'}
9j8w6b,Stopped Caring,"I'm 30 years old, and I have no friends, I haven't had a friend in a LONG time. I'm currently a student, and I only have 3 more classes before I get my degree. I just finished up a great summer internship, and I work for a professor now. I am going to have a ton of great recommendations once I graduate. A good job is pretty much guaranteed.. if I don't kill myself before I graduate. I get home from school/work, and I sit on my couch and do nothing. Every one has told me that it gets better, but when? Once I finish school, get a decent job, a place bigger than my current one bedroom apartment, i'll still be sitting alone on my couch once I get back from work. Sitting alone on my couch thinking about killing myself. The truth is, I don't even think I want friends at this point. The anxiety of trying to impress new people doesn't seem worth it. My depression has worsened significantly in the past couple of months. I don't care about anyone, I don't care about my belongings, I don't care about my professor, I just don't have anything holding me back at this point. I have had depression and wanted to kill myself for as long as I can remember. I take medication, but it doesn't get rid of the pressure in my chest that is sadness. I am positive that I am going to kill myself soon..","[1, 1]","{'depressive_disorder', 'anxiety_disorder'}","Stopped Caring. Im 30 years old, and I have no friends, I havent had a friend in a LONG time. Im currently a student, and I only have 3 more classes before I get my degree. I just finished up a great summer internship, and I work for a professor now. I am going to have a ton of great recommendations once I graduate. A good job is pretty much guaranteed. if I dont kill myself before I graduate. I get home from schoolwork, and I sit on my couch and do nothing. Every one has told me that it gets better, but when? Once I finish school, get a decent job, a place bigger than my current one bedroom apartment, ill still be sitting alone on my couch once I get back from work. Sitting alone on my couch thinking about killing myself. The truth is, I dont even think I want friends at this point. The anxiety of trying to impress new people doesnt seem worth it. My depression has worsened significantly in the past couple of months. I dont care about anyone, I dont care about my belongings, I dont care about my professor, I just dont have anything holding me back at this point. I have had depression and wanted to kill myself for as long as I can remember. I take medication, but it doesnt get rid of the pressure in my chest that is sadness. I am positive that I am going to kill myself soon.",Comorbid (Depression + Anxiety),{'depression':'yes'}
fe4i9k,Trying to be a good person is actually harder than it sounds.,"I'm a diagnosed schizophrenic with severe depression. Both issues have plagued me since 2014, and I've gotten no help. I have a lot of bad experiences that I still think about almost daily (neglect, really intense bullying; both verbal and physical, several failed jobs, sexual harassment as a child and as a teen, a death threat, a few near death experiences, etc).
  
  
 It's so easy to spend all of my free time lying in bed poisoning my insides with caffeine and pain pills, and then taking out any sadness or frustration on my family if they dare to interrupt, but I'm trying not to do that. 
  
  
 I'm learning to drive, I'm going back to college, I'm working on my career, I'm working a full time job to afford to move forward, and I'm trying to help with my toxic, stressful family and train my dog at the same time. I genuinely have days where I'm just done, and I can't deal with it all, so I'm not as nice as I should be, or I'm just sad and spending the whole day after work in bed instead of working at my computer. Everyone needs time off, but I feel guilty when I take it.
  
  
 I just really want to find some balance where I can move forward in my education, career, dog training, and so on, but I still have enough time for myself without feeling like a lazy, pathetic waste of oxygen for it.","[1, 0]",{'depressive_disorder'},"Trying to be a good person is actually harder than it sounds. Im a diagnosed schizophrenic with severe depression. Both issues have plagued me since 2014, and Ive gotten no help. I have a lot of bad experiences that I still think about almost daily neglect, really intense bullying both verbal and physical, several failed jobs, sexual harassment as a child and as a teen, a death threat, a few near death experiences, etc. Its so easy to spend all of my free time lying in bed poisoning my insides with caffeine and pain pills, and then taking out any sadness or frustration on my family if they dare to interrupt, but Im trying not to do that. Im learning to drive, Im going back to college, Im working on my career, Im working a full time job to afford to move forward, and Im trying to help with my toxic, stressful family and train my dog at the same time. I genuinely have days where Im just done, and I cant deal with it all, so Im not as nice as I should be, or Im just sad and spending the whole day after work in bed instead of working at my computer. Everyone needs time off, but I feel guilty when I take it. I just really want to find some balance where I can move forward in my education, career, dog training, and so on, but I still have enough time for myself without feeling like a lazy, pathetic waste of oxygen for it.",Depression,{'depression':'yes'}
hrzj6z,Do I have depression or am I just temporarily depressed?,"I'm about 15 years old. Lately from January 2019 I've been suicidal (or you could say crying out for help, I don't truly want to die), insecure, and feeling hopeless. 
 
 Since I don't truly want to die (I've found something I like this year, I think that changed my view a lot), am I really suicidal? 
 
 My psychiatrist (female) and my psychologist (male) hasn't told me my diagnosis but she prescribed me stimuloton (2 tablets daily). Because of the quarantine, I can't see my psychologist so I haven't received any methods on how to control my emotions. So I eventually researched some methods to solve my problems on my own. I think exercise, stop comparing myself to others, and stop taking insults personally could help a lot, which could make me into a generally happy person. 
 
 I've done a bit of research on depressionand I've realized it's not curable, and it only can be reduced. When seeing this I think that I might haven't had depression after all, since I strongly feel like the methods I mentioned previously could help some much, since most of my depressed emotions come from how people perceive me, and if I have enough confidence I could eliminate this, this eliminating my depressed feelings. 
 
 I don't mean to insult anyone with actual depression and to spread misinformation. I'm hear to see if I'm wrong or not. I don't want to waste my psychologist's and my psychiatrist's time if I'm not actually depressed and I'm just experiencing easily fixable feelings. 
 
 I also don't want to offend anyone who is depressed or has been going through a depressive episode by calling their episode or personal issues not valid.","[0, 0]",{'control_group'},"Do I have depression or am I just temporarily depressed. Im about 15 years old. Lately from January 2019 Ive been suicidal or you could say crying out for help, I dont truly want to die, insecure, and feeling hopeless. Since I dont truly want to die Ive found something I like this year, I think that changed my view a lot, am I really suicidal? My psychiatrist female and my psychologist male hasnt told me my diagnosis but she prescribed me stimuloton 2 tablets daily. Because of the quarantine, I cant see my psychologist so I havent received any methods on how to control my emotions. So I eventually researched some methods to solve my problems on my own. I think exercise, stop comparing myself to others, and stop taking insults personally could help a lot, which could make me into a generally happy person. Ive done a bit of research on depressionand Ive realized its not curable, and it only can be reduced. When seeing this I think that I might havent had depression after all, since I strongly feel like the methods I mentioned previously could help some much, since most of my depressed emotions come from how people perceive me, and if I have enough confidence I could eliminate this, this eliminating my depressed feelings. I dont mean to insult anyone with actual depression and to spread misinformation. Im hear to see if Im wrong or not. I dont want to waste my psychologists and my psychiatrists time if Im not actually depressed and Im just experiencing easily fixable feelings. I also dont want to offend anyone who is depressed or has been going through a depressive episode by calling their episode or personal issues not valid.",Normal,{'depression':'yes'}
era89r,Some of the reasons I never open up about my depression,"I'm afraid to open up to people irl about my mental illnesses cause I know they'll dismiss it as me being an ""edgy hormonal teen"". It's so frustrating when that's all people have to say, no wonder why I don't trust the adults in my life with this. This has been going on for the majority of my life, I'm 16 rn and I'm so surprised I made it this far. I really thought I'd kill myself before reaching this age. It's definitely more than the hormonal teen bullshit but no one gets that. It just gets worse and worse as I age I wanna stop this shit forever but literally nothing works.
 
 My aunt was there when I was diagnosed with mdd but seems to forget it so quickly like wtf. I'm literally on the brink of suicide but I can't tell her shit since she'll run her mouth about it to everyone and tell me I need God to fix it. My uncle will just say ""it's the change of life"". Like what the fuck is that supposed to mean?? Being self hating suicidal mananic isn't just a normal ass part of being a teen. When I finally kill myself I hope they'll realise","[1, 0]",{'depressive_disorder'},"Some of the reasons I never open up about my depression. Im afraid to open up to people irl about my mental illnesses cause I know theyll dismiss it as me being an edgy hormonal teen. Its so frustrating when thats all people have to say, no wonder why I dont trust the adults in my life with this. This has been going on for the majority of my life, Im 16 rn and Im so surprised I made it this far. I really thought Id kill myself before reaching this age. Its definitely more than the hormonal teen bullshit but no one gets that. It just gets worse and worse as I age I wanna stop this shit forever but literally nothing works. My aunt was there when I was diagnosed with mdd but seems to forget it so quickly like wtf. Im literally on the brink of suicide but I cant tell her shit since shell run her mouth about it to everyone and tell me I need God to fix it. My uncle will just say its the change of life. Like what the fuck is that supposed to mean? Being self hating suicidal mananic isnt just a normal ass part of being a teen. When I finally kill myself I hope theyll realise",Depression,{'depression':'yes'}
hcfib6,Tired of Living,"I'm just so...tired. of everything. Of feeling like everything wrong in my family is my fault; of feeling like I'm a horrible daughter, sister, and overall person; of nobody thinking I'm smart enough to know what I'm talking about; of being so confused as to who I really am. The worst part is that I've been conditioned to think that it's all my own doing. That if only I were more caring, or more selfless, or better in every way, then everything would be fixed because its all my fault to begin with. I don't want to die, not really. But I also don't see a reason that everyone wouldn't be better off if I'm gone. I try so hard to do better, but its never enough. I can't remember what it's like to feel truly happy or carefree. Or what it's like to have real, wholesome fun. I want to feel that way again. But I don't know if I will ever be able to. I'm tired of feeling this way. I'm just so tired.","[0, 0]",{'control_group'},"Tired of Living. Im just so.tired. of everything. Of feeling like everything wrong in my family is my fault of feeling like Im a horrible daughter, sister, and overall person of nobody thinking Im smart enough to know what Im talking about of being so confused as to who I really am. The worst part is that Ive been conditioned to think that its all my own doing. That if only I were more caring, or more selfless, or better in every way, then everything would be fixed because its all my fault to begin with. I dont want to die, not really. But I also dont see a reason that everyone wouldnt be better off if Im gone. I try so hard to do better, but its never enough. I cant remember what its like to feel truly happy or carefree. Or what its like to have real, wholesome fun. I want to feel that way again. But I dont know if I will ever be able to. Im tired of feeling this way. Im just so tired.",Normal,"{""depression"":""yes""}"
eag0ec,I should be feeling happy!!! WTF IS WRONG WITH ME!!,"I'm like seriously about to cry. I know I have 3 depressive disorders but I don't understand. I just got out for winter break, and I've started doing some hobbies again. I've been drawing, making videos and insta edits. Reading is still difficult but I've been remembering my shower schedule and trying not to forget it. But I just don't feel happy or satisfied!! WTF. Every time someone tells me my drawings are really good I'm like ""No it's not. It's shit. Look at x,y and z"" and I know they're actually pretty good I just can't see them that way. 
 
 Maybe it's my PMDD Idk. I have been more ..irritable lately..which is another thing that pisses me off. I can't always noticed when I'm sounding rude or angry. (But sometimes I can catch myself) and my parents are like ""Why do you have to be so rude!?"" Or ""She's PMSing again"" BITCH. THIS IS BEYOND PMSING. 
 
 I just want to know what it's like to feel normal. But I'm scared to talk to my psychiatrist about getting a service dog because my he may not see it as debilitating. I know there are people out there who feel worse than me but I feel like
 
 ""What's happening?"" 
 ""Why don't I feel better? I'm doing the things they tell me to do!"" 
 ""Why isn't it working?"" 
 ""Why am I like this?"" 
 
 I also don't like when people think I'm ungrateful. I'm not. I just...don't know how to express that emotion very well. My family gets mad when I say ""Thank you"" because it's not ""OMFG NDNDJD THIS IS THE BEST THANK YOU SO MUCH I LOVE IT."" So Christmas is going to kill my soul. 
 
 Also I've been having bouts of insomnia and waking insomnia, so fun.","[1, 0]",{'depressive_disorder'},"I should be feeling happy! WTF IS WRONG WITH ME. Im like seriously about to cry. I know I have 3 depressive disorders but I dont understand. I just got out for winter break, and Ive started doing some hobbies again. Ive been drawing, making videos and insta edits. Reading is still difficult but Ive been remembering my shower schedule and trying not to forget it. But I just dont feel happy or satisfied! WTF. Every time someone tells me my drawings are really good Im like No its not. Its shit. Look at x,y and z and I know theyre actually pretty good I just cant see them that way. Maybe its my PMDD Idk. I have been more .irritable lately.which is another thing that pisses me off. I cant always noticed when Im sounding rude or angry. But sometimes I can catch myself and my parents are like Why do you have to be so rude? Or Shes PMSing again BITCH. THIS IS BEYOND PMSING. I just want to know what its like to feel normal. But Im scared to talk to my psychiatrist about getting a service dog because my he may not see it as debilitating. I know there are people out there who feel worse than me but I feel like Whats happening? Why dont I feel better? Im doing the things they tell me to do! Why isnt it working? Why am I like this? I also dont like when people think Im ungrateful. Im not. I just.dont know how to express that emotion very well. My family gets mad when I say Thank you because its not OMFG NDNDJD THIS IS THE BEST THANK YOU SO MUCH I LOVE IT. So Christmas is going to kill my soul. Also Ive been having bouts of insomnia and waking insomnia, so fun.",Depression,"{""depression"":""yes""}"
6vw1lf,I'm tired of living day to day miserable at everything.,"I'm miserable every day because of my depression. I'm miserable every day because of how I feel about myself. I'm miserable every day because I don't see why I bother trying to do things like fucking live.
 
 My depression makes it so hard to be happy. I can't do anything ""fun"" for more than 1-5 minutes; everything I do is just to waste time. I can't go out with the little friends I have because all I want to do is stay in my bed and cry. I barely eat because I have no appetite. I can't concentrate on anything, even a conversation..
 
 I hate how I feel about myself. I'm fat, I'm ugly, I'm not smart, I'm not funny, I'm not good at socializing, I'm boring and no one wants to talk to me, I'm not an original person and anyone could replace me in a conversation. I'm not worth the air I breathe. I'm not worth anyone's time. I'm not worth anything.
 
 I don't see myself having a future. I don't see myself living past maybe 25, if that. I don't see myself being old because I'll probably end up offing myself at some point in my late 20s. I don't see myself landing my ""dream job"" and being successful. I don't see myself being happy in the future. I'm still gonna be fat and ugly and a waste of time and have no friends.
 
 I'm tired of living like this every day.
 
 But at the same time, I don't know how else to live.","[1, 0]",{'depressive_disorder'},"Im tired of living day to day miserable at everything. Im miserable every day because of my depression. Im miserable every day because of how I feel about myself. Im miserable every day because I dont see why I bother trying to do things like fucking live. My depression makes it so hard to be happy. I cant do anything fun for more than 15 minutes everything I do is just to waste time. I cant go out with the little friends I have because all I want to do is stay in my bed and cry. I barely eat because I have no appetite. I cant concentrate on anything, even a conversation. I hate how I feel about myself. Im fat, Im ugly, Im not smart, Im not funny, Im not good at socializing, Im boring and no one wants to talk to me, Im not an original person and anyone could replace me in a conversation. Im not worth the air I breathe. Im not worth anyones time. Im not worth anything. I dont see myself having a future. I dont see myself living past maybe 25, if that. I dont see myself being old because Ill probably end up offing myself at some point in my late 20s. I dont see myself landing my dream job and being successful. I dont see myself being happy in the future. Im still gonna be fat and ugly and a waste of time and have no friends. Im tired of living like this every day. But at the same time, I dont know how else to live.",Depression,{'depression':'yes'}
88polj,Do you ever make up scenarios in your head to see how it feels?,"I'm not quite sure if this is the right subreddit.
 
 Do you ever make up scenarios in your head to see how it feels, how you react to it? And your reaction then is a validation for your anxiety? Sort of? Or you do it to mentally hurt yourself?
 Or to see how much something means to you?
 
 For example: I guess I love my bf but I don't feel in love with him. It's both our first relationship and well it's not easy, which is absolutely my fault. I have a lot of problems. The main problem is that it doesn't turn me on when we kiss (except if I'm kinda drunk or when I don't think about it too much). My anxiety tells me this is a solid reason not to be together. 
 
 Now I tend to think about breaking up with him. I make up scenarios in my head about it, which make me cry so fucking hard it's unbearable cuz I can't stand the thought of losing him. It tears me apart. It's like I can't live with or without him. Losing him would make my life so empty, I guess I would be depressed.
 It's awful. Then I don't know what's the truth. 
 
 Sometimes I make up the scenario that one of my friends is dead and I imagine their funeral to see how I react to it in order to know how much they mean to me. So crying is a good sign cuz it shows that I like them... It's weird. 
 
 Do you ever do such things?","[0, 0]",{'control_group'},"Do you ever make up scenarios in your head to see how it feels. Im not quite sure if this is the right subreddit. Do you ever make up scenarios in your head to see how it feels, how you react to it? And your reaction then is a validation for your anxiety? Sort of? Or you do it to mentally hurt yourself? Or to see how much something means to you? For example I guess I love my bf but I dont feel in love with him. Its both our first relationship and well its not easy, which is absolutely my fault. I have a lot of problems. The main problem is that it doesnt turn me on when we kiss except if Im kinda drunk or when I dont think about it too much. My anxiety tells me this is a solid reason not to be together. Now I tend to think about breaking up with him. I make up scenarios in my head about it, which make me cry so fucking hard its unbearable cuz I cant stand the thought of losing him. It tears me apart. Its like I cant live with or without him. Losing him would make my life so empty, I guess I would be depressed. Its awful. Then I dont know whats the truth. Sometimes I make up the scenario that one of my friends is dead and I imagine their funeral to see how I react to it in order to know how much they mean to me. So crying is a good sign cuz it shows that I like them. Its weird. Do you ever do such things?",Normal,{'depression':'no'}
4ah1fm,I don't know anymore,"I'm now realizing I have probably been depressed for about 6 years. I got diagnosed back in October. It took so much denial. Yet, part of me still feels like I can't be or I don't want to be. I can't decipher the situation anymore. I'm in my second year of college have gone to counseling, and tried medication. Yet, I still feel like I'm in the same slump. I feel like there is no hope for me. The three people I talked to about my struggles have slowly drifted away from me and I'm left alone to deal with all of this. I don't know what's wrong with me. 
 
 I constantly have thoughts that include hating myself no matter how hard I try to be uplifting with myself. I feel so alone, with a group of people I would have called a solid group of friends last year. They all hangout and I'm never invited. This semester I thought adding new things in my life would help me. I was taking medication and going to counseling near the beginning and when it didn't help me I drifted away from that. (I've tried two counsellors, and Zoloft). I got a job, and a volunteer position, I take classes 5 days a week, and manage to go to the gym and do homework daily. Even with the little strength and determination left within me. I feel like I've got myself too busy to the point where I'm just as miserable as I was before and I don't know what else I could do to change that. I've tried making new friends, and when I'm around them it just doesn't feel right despite how great they are. 
  Any advice or help would be appreciated","[1, 0]",{'depressive_disorder'},"I dont know anymore. Im now realizing I have probably been depressed for about 6 years. I got diagnosed back in October. It took so much denial. Yet, part of me still feels like I cant be or I dont want to be. I cant decipher the situation anymore. Im in my second year of college have gone to counseling, and tried medication. Yet, I still feel like Im in the same slump. I feel like there is no hope for me. The three people I talked to about my struggles have slowly drifted away from me and Im left alone to deal with all of this. I dont know whats wrong with me. I constantly have thoughts that include hating myself no matter how hard I try to be uplifting with myself. I feel so alone, with a group of people I would have called a solid group of friends last year. They all hangout and Im never invited. This semester I thought adding new things in my life would help me. I was taking medication and going to counseling near the beginning and when it didnt help me I drifted away from that. Ive tried two counsellors, and Zoloft. I got a job, and a volunteer position, I take classes 5 days a week, and manage to go to the gym and do homework daily. Even with the little strength and determination left within me. I feel like Ive got myself too busy to the point where Im just as miserable as I was before and I dont know what else I could do to change that. Ive tried making new friends, and when Im around them it just doesnt feel right despite how great they are. Any advice or help would be appreciated",Depression,{'depression':'yes'}
d7mshq,"When suicide mentions start to lose meaning ,*kind of a ramble of how I feel*","I'm to the point where I'm numb to everything. Seems like people are killing themselves left and right and talking about it non stop and it means nothing. The world keeps fucking turning and people drinking their $5.00 lattes every morning will continue to say how sad and continue to discuss the suicide epidemic and say please reach out to help friends that are hurting call the suicide line etc. To me it's becoming another politically correct thing to say about suicide not because people actually care because if they did it wouldn't happen. We wouldn't make each other's lives so shit that that would ever be a solution. And then there's the universe itself that makes our lives shit with it's universal laws. Aka u will die so will everyone else around u and u watch them grow old or get sick until it's ur turn. If thats not enough ur pets will die ur family and friends may say fuck u in more than infinite ways ur finances will also join in on that fuck u possibly in more than infinite ways. And yet the politically correct response offered is mindfulness or change your thoughts about things. I realized I can take myself out of a bad situation but I cant unfeel sheer misery in a bad moment even if I pretend to be dead to the situation itself. I guess in all this I just wish it meant something. That things weren't just as is when depression hits. And that just the word suicide held weight because once your gone your gone and as much as u were just crying for someone or something to care, the world will say oh how sad and just keep fucking turning.","[0, 0]",{'control_group'},"When suicide mentions start to lose meaning ,kind of a ramble of how I feel. Im to the point where Im numb to everything. Seems like people are killing themselves left and right and talking about it non stop and it means nothing. The world keeps fucking turning and people drinking their CUR5.00 lattes every morning will continue to say how sad and continue to discuss the suicide epidemic and say please reach out to help friends that are hurting call the suicide line etc. To me its becoming another politically correct thing to say about suicide not because people actually care because if they did it wouldnt happen. We wouldnt make each others lives so shit that that would ever be a solution. And then theres the universe itself that makes our lives shit with its universal laws. Aka u will die so will everyone else around u and u watch them grow old or get sick until its ur turn. If thats not enough ur pets will die ur family and friends may say fuck u in more than infinite ways ur finances will also join in on that fuck u possibly in more than infinite ways. And yet the politically correct response offered is mindfulness or change your thoughts about things. I realized I can take myself out of a bad situation but I cant unfeel sheer misery in a bad moment even if I pretend to be dead to the situation itself. I guess in all this I just wish it meant something. That things werent just as is when depression hits. And that just the word suicide held weight because once your gone your gone and as much as u were just crying for someone or something to care, the world will say oh how sad and just keep fucking turning.",Normal,{'depression':'yes'}
4bkhn6,I think I've finally hit my personal rock bottom,"I'm two years deep into college, and personally I've never felt worse about myself in my entire life. I was diagnosed with Bipolar Depression about three or four months ago now, and since then I feel like I've been able to notice my symptoms, but I feel powerless in stopping them. I've driven away my two closest friends (who also happen to be my roommates, which makes going home a stressful part of my day, you know, every day). I can go literal days without saying a word to another person beyond monosyllabic passing phrases (""Excuse me"", ""Thanks"", ""[Insert Coffee Order Here]""). 
 
 All of this contributes to a feeling of loneliness that... I don't think will end. I can't see it ending. I am a crazy person. I rage and I cry, and I try to control it but sometimes it can just be so hard. I'm medicated but all it does is make me sleep my afternoons and evenings away so I have no time to do things that I enjoy... Not that I enjoy much anymore. The only thing I seem to have gained from college is a deep sense of insecurity and a process of systemically destroying everything I like to do. University seems to be nothing more than a grindstone to push my nose against, and I know I should not feel this way. People would kill to get into college on the scholarships I got in on. I don't deserve the opportunities I have.
 
 I have no one else that will listen to me, so I'm just posting this on the internet. 
 
 I guess I'm sorry.","[0, 0]",{'control_group'},"I think Ive finally hit my personal rock bottom. Im two years deep into college, and personally Ive never felt worse about myself in my entire life. I was diagnosed with Bipolar Depression about three or four months ago now, and since then I feel like Ive been able to notice my symptoms, but I feel powerless in stopping them. Ive driven away my two closest friends who also happen to be my roommates, which makes going home a stressful part of my day, you know, every day. I can go literal days without saying a word to another person beyond monosyllabic passing phrases Excuse me, Thanks, Insert Coffee Order Here. All of this contributes to a feeling of loneliness that. I dont think will end. I cant see it ending. I am a crazy person. I rage and I cry, and I try to control it but sometimes it can just be so hard. Im medicated but all it does is make me sleep my afternoons and evenings away so I have no time to do things that I enjoy. Not that I enjoy much anymore. The only thing I seem to have gained from college is a deep sense of insecurity and a process of systemically destroying everything I like to do. University seems to be nothing more than a grindstone to push my nose against, and I know I should not feel this way. People would kill to get into college on the scholarships I got in on. I dont deserve the opportunities I have. I have no one else that will listen to me, so Im just posting this on the internet. I guess Im sorry.",Normal,{'depression':'yes'}
7162mv,Is depression legally protected like physical disorders?,"I've been diagnosed with depression, and my depression is the kind that manifests itself as severe apathy with a side of anxiety. Anyway, this causes a punctuality issue. I'm almost always late to everything, and this has caused issues at work. I've lost previous jobs due to it, and I've been put on notice at my current job. It's not much. Over the course of a five day week I'll be a total of around 10 minutes of tardiness. Some days might be 5+ minutes, but usually I'm on time a couple days and 1-3 minutes other days. I consider a few minutes to be so insignificant an amount of time as to not even bother considering. I can't bring myself to care about it, and the idea of being punished for such a small amount of tardiness, considering I otherwise do an excellent job at my work, infuriates me.
 
 I have a co-worker with a medical disorder who is completely unreliable. She's missed at least three months of work each year since I've been here due to her medical issues, but my manager can't punish her or file administrative action because medical issues are legally protected.
 
 I haven't told my manager that I've been officially diagnosed with depression because it just happened yesterday, and because I'm pretty sure no manager wants to hear me say something along the lines of ""I am emotionally incapable of caring about you, this job, or being on time."" Is depression similarly protected? If so, does anyone know how I can successfully challenge my current administrative action?","[1, 0]",{'depressive_disorder'},"Is depression legally protected like physical disorders. Ive been diagnosed with depression, and my depression is the kind that manifests itself as severe apathy with a side of anxiety. Anyway, this causes a punctuality issue. Im almost always late to everything, and this has caused issues at work. Ive lost previous jobs due to it, and Ive been put on notice at my current job. Its not much. Over the course of a five day week Ill be a total of around 10 minutes of tardiness. Some days might be 5+ minutes, but usually Im on time a couple days and 13 minutes other days. I consider a few minutes to be so insignificant an amount of time as to not even bother considering. I cant bring myself to care about it, and the idea of being punished for such a small amount of tardiness, considering I otherwise do an excellent job at my work, infuriates me. I have a coworker with a medical disorder who is completely unreliable. Shes missed at least three months of work each year since Ive been here due to her medical issues, but my manager cant punish her or file administrative action because medical issues are legally protected. I havent told my manager that Ive been officially diagnosed with depression because it just happened yesterday, and because Im pretty sure no manager wants to hear me say something along the lines of I am emotionally incapable of caring about you, this job, or being on time. Is depression similarly protected? If so, does anyone know how I can successfully challenge my current administrative action?",Depression,{'depression':'no'}
45icj5,Has anyone beat MDD without antidepressants?,"I've been reading about inflammation and depression, and that depression may in fact be a symptom of brain inflammation.
 
 Now I've struggled with depression since I was a teen, finally went inpatient and got diagnosed with MDD, GAD, and BPD. I have been on basically every antidepressant and some antipsychotics. I've found a combination that keeps the suicidalness at bay. I do get happy sometimes if something is really funny but I still have no motivation or energy or desire. Meds kill my libido to the point I feel asexual and sex is just work that I don't have the energy for. I know part of it is that I don't have anything I'm passionate about anymore especially when it comes to finding a meaningful career to pursue. 
 
 So I guess my question is, has anyone overcome long term, severe depression without medication? I've heard good things about the anti-inflammatory protocol or paleo but I don't know if that only helps with mild to moderate depression and not the severe cases.","[0, 0]",{'control_group'},"Has anyone beat MDD without antidepressants. Ive been reading about inflammation and depression, and that depression may in fact be a symptom of brain inflammation. Now Ive struggled with depression since I was a teen, finally went inpatient and got diagnosed with MDD, GAD, and BPD. I have been on basically every antidepressant and some antipsychotics. Ive found a combination that keeps the suicidalness at bay. I do get happy sometimes if something is really funny but I still have no motivation or energy or desire. Meds kill my libido to the point I feel asexual and sex is just work that I dont have the energy for. I know part of it is that I dont have anything Im passionate about anymore especially when it comes to finding a meaningful career to pursue. So I guess my question is, has anyone overcome long term, severe depression without medication? Ive heard good things about the antiinflammatory protocol or paleo but I dont know if that only helps with mild to moderate depression and not the severe cases.",Normal,{'depression':'yes'}
7c0uo1,I think I identified one of the major factors behind my relapses,"I've been seriously trying to quit drinking since December 2016, so for aboit three years. My longest sober period was six months in 2014, and this year I had five in spring. I've had dry spells from a week or two to a month or two. Anyway, now that I've calmed down a bit (didn't have cravings but certainly thought about drinking) I think I know what my main trigger, or one of them, is. 
 
 Anger. Deep, buried anger stemming from my childhood and adolescent experiences. I've been really stressed out this fall, and thought that it's just that, but it isn't. I realized this today when my colleague was, let's just say not that keen on social cues and kept interrupting my workflow, as in she couldn't take a hint. I'm not prone to showing my emotions so I kept things professional, until I had a lunch break with an other co-worker and she could tell I was upset, so she asked me. And when I started to tell her I was almost overwhelmed by this mix of aggression, exhaustion and also relief of sorts. It's hard to describe, but I have a sensory memory of that same emotion from when I was bullied at school. I've had the same kind of crawling under my skin feeling every single time before a relapse, probably since I started ""medicating"" myself with alcohol as a teenager. 
 
 I've kinda known this intellectually but haven't experienced and realized it emotionally, except today. Even though the person is super annoying quite often, I feel like I need to thank her in some way. 
 
 Just wanted to share this to someone. Have a great weekend people!","[0, 0]",{'control_group'},"I think I identified one of the major factors behind my relapses. Ive been seriously trying to quit drinking since December 2016, so for aboit three years. My longest sober period was six months in 2014, and this year I had five in spring. Ive had dry spells from a week or two to a month or two. Anyway, now that Ive calmed down a bit didnt have cravings but certainly thought about drinking I think I know what my main trigger, or one of them, is. Anger. Deep, buried anger stemming from my childhood and adolescent experiences. Ive been really stressed out this fall, and thought that its just that, but it isnt. I realized this today when my colleague was, lets just say not that keen on social cues and kept interrupting my workflow, as in she couldnt take a hint. Im not prone to showing my emotions so I kept things professional, until I had a lunch break with an other coworker and she could tell I was upset, so she asked me. And when I started to tell her I was almost overwhelmed by this mix of aggression, exhaustion and also relief of sorts. Its hard to describe, but I have a sensory memory of that same emotion from when I was bullied at school. Ive had the same kind of crawling under my skin feeling every single time before a relapse, probably since I started medicating myself with alcohol as a teenager. Ive kinda known this intellectually but havent experienced and realized it emotionally, except today. Even though the person is super annoying quite often, I feel like I need to thank her in some way. Just wanted to share this to someone. Have a great weekend people!",Normal,{'depression':'no'}
imzdxd,Feel really anxious about losing close friends,"I've drifted apart from a few friends over the years because of my mental illnesses and drug issues. One friend in particular had told me that we don't see each other much because I've been zombie like the last couple of times they've seen me. I was really messed up on Xanax and weed when I was with them last and the time before that I bumped into them at the supermarket, I was sober but my anxiety was making me act weird.
 
 This friend said they still want to be friends with me but I need to cut back on drugs and try and get my act together. I've cut back on my drug use but I still can't shake the feeling that I'm on thin ice with this friend. 
 
 I messaged them on Facebook before asking about how they were going and we talked for a little bit then they called me and I didn't answer. I've got a feeling that they want to hang out tonight or talk to me about things but I'm way too anxious to do that.
 
 I'm worried that I'll act differently to the way that they like me to be, and because of my issues if I act weird I'm worried they'll not want to be around me anymore. I've known this person for 10 years but we've drifted apart over the last 3-4 years. 
 
 I'm also worried they think I was being rude for not answering their call and now they think I don't want to talk to or be around them. Can I please have some advice?","[0, 0]",{'control_group'},"Feel really anxious about losing close friends. Ive drifted apart from a few friends over the years because of my mental illnesses and drug issues. One friend in particular had told me that we dont see each other much because Ive been zombie like the last couple of times theyve seen me. I was really messed up on Xanax and weed when I was with them last and the time before that I bumped into them at the supermarket, I was sober but my anxiety was making me act weird. This friend said they still want to be friends with me but I need to cut back on drugs and try and get my act together. Ive cut back on my drug use but I still cant shake the feeling that Im on thin ice with this friend. I messaged them on Facebook before asking about how they were going and we talked for a little bit then they called me and I didnt answer. Ive got a feeling that they want to hang out tonight or talk to me about things but Im way too anxious to do that. Im worried that Ill act differently to the way that they like me to be, and because of my issues if I act weird Im worried theyll not want to be around me anymore. Ive known this person for 10 years but weve drifted apart over the last 34 years. Im also worried they think I was being rude for not answering their call and now they think I dont want to talk to or be around them. Can I please have some advice?",Normal,{'depression':'no'}
hkn082,"How fucked is it that you are born without a choice, and then just have to suck it up and deal with everything that life is","I've had diagnosed depression since I was a teenager.. I'm 22 and fed up of life.
 
 Therapy for depression is a joke, i think it can be great for anxiety (in my own personal experience) but it has never helped with my depression. Tried medication too and it turned me into a drone.
 
 I feel like others would hold the opinion of me that I've got a childlike mentality in a sense that I'm mad that life is hard. But does it have to feel like life just fucks me over at every possible chance?? 
 
 Just feels a bit unfair that I didn't really want to be here but I've just got to be and persevere through this monotony and buggery. I'm not saying I'm suicidal, just ready to give up.","[1, 0]",{'depressive_disorder'},"How fucked is it that you are born without a choice, and then just have to suck it up and deal with everything that life is. Ive had diagnosed depression since I was a teenager. Im 22 and fed up of life. Therapy for depression is a joke, i think it can be great for anxiety in my own personal experience but it has never helped with my depression. Tried medication too and it turned me into a drone. I feel like others would hold the opinion of me that Ive got a childlike mentality in a sense that Im mad that life is hard. But does it have to feel like life just fucks me over at every possible chance? Just feels a bit unfair that I didnt really want to be here but Ive just got to be and persevere through this monotony and buggery. Im not saying Im suicidal, just ready to give up.",Depression,"{""depression"":""yes""}"
427c5e,Anyone else just waiting for their parents to die?,"I've just been killing time for the last 3 years waiting for my parents to die. I couldn't hurt them by killing myself while they're still alive, but luckily for me they both live pretty unhealthy lives so I give it 5 years, maybe 10 tops. I don't know how I'm going to make it that long, but I've made it this far so I must be at least somewhat resilient. Everything's just grey, boring and a pain in the ass. I don't enjoy anything anymore. Even the music I've listened to the last few years is just background noise now. Even self harming doesn't even bring the brief release it used to, just makes it feel a bit easier to breathe. I tried traveling and it was just alright. I'm just incredibly lonely and bored and in extreme emotional distress all the time and every night I just want to fucking end it. I don't even want to get better anymore, I just want to rest.
 
 For anyone concerned, yes I'm seeing a psychologist. He recommended that I see a psychiatrist so I have an appointment for next Wednesday. I'm not expecting anything to get better long term. I'm just hoping for some anti-depressants to take the edge off so I can at least make it the next few years until my parents die.
 
 Anyone else at this point/been here?","[0, 0]",{'control_group'},"Anyone else just waiting for their parents to die. Ive just been killing time for the last 3 years waiting for my parents to die. I couldnt hurt them by killing myself while theyre still alive, but luckily for me they both live pretty unhealthy lives so I give it 5 years, maybe 10 tops. I dont know how Im going to make it that long, but Ive made it this far so I must be at least somewhat resilient. Everythings just grey, boring and a pain in the ass. I dont enjoy anything anymore. Even the music Ive listened to the last few years is just background noise now. Even self harming doesnt even bring the brief release it used to, just makes it feel a bit easier to breathe. I tried traveling and it was just alright. Im just incredibly lonely and bored and in extreme emotional distress all the time and every night I just want to fucking end it. I dont even want to get better anymore, I just want to rest. For anyone concerned, yes Im seeing a psychologist. He recommended that I see a psychiatrist so I have an appointment for next Wednesday. Im not expecting anything to get better long term. Im just hoping for some antidepressants to take the edge off so I can at least make it the next few years until my parents die. Anyone else at this pointbeen here?",Normal,"{""depression"":""yes""}"
447a23,I turn 24 today and I'm completely alone.,"I've lost all hope for a better future at this point. Around the age of 14 or 15 my parents noticed I'd severely slid into the deep end. I was diagnosed with clinical depression and taken into therapy. It's weird thinking that was a decade ago now. Things haven't really changed.
 
 The one thing that has improved is education and career. Once I got to university I found the best way to escape the constant self-loathing was through engaging work. So I engaged a hell of a fucking lot, came out almost top of the class and got a job in game development before I'd even had my graduation. That moment and getting into university itself were the only two I can actually recall for the last 10 years, as feeling like something approaching ""happy"".
 
 The thing is, I only work a quarter of the week or so. As soon as I clock off I'm brought back to reality - a reality where my social life is practically nought, relationships and sexlife are totally dead (and always have been), and my enthusiasm for anything that isn't food, music or sleeping is completely gone. Even those are dying now. 
 
 I'll be the first to admit I probably haven't tried hard enough to get out of this state. But the thing is, I don't even know *how* to try with those things. Nor do I feel like I really have the energy to do so. I'm tired, and I really don't expect to be alive for much longer with the path I'm heading down now. I pray I don't wake up tomorrow morning.","[1, 0]",{'depressive_disorder'},"I turn 24 today and Im completely alone. Ive lost all hope for a better future at this point. Around the age of 14 or 15 my parents noticed Id severely slid into the deep end. I was diagnosed with clinical depression and taken into therapy. Its weird thinking that was a decade ago now. Things havent really changed. The one thing that has improved is education and career. Once I got to university I found the best way to escape the constant selfloathing was through engaging work. So I engaged a hell of a fucking lot, came out almost top of the class and got a job in game development before Id even had my graduation. That moment and getting into university itself were the only two I can actually recall for the last 10 years, as feeling like something approaching happy. The thing is, I only work a quarter of the week or so. As soon as I clock off Im brought back to reality a reality where my social life is practically nought, relationships and sexlife are totally dead and always have been, and my enthusiasm for anything that isnt food, music or sleeping is completely gone. Even those are dying now. Ill be the first to admit I probably havent tried hard enough to get out of this state. But the thing is, I dont even know how to try with those things. Nor do I feel like I really have the energy to do so. Im tired, and I really dont expect to be alive for much longer with the path Im heading down now. I pray I dont wake up tomorrow morning.",Depression,{'depression':'yes'}
5g62ah,Is Diagnosis Worth It for An Over-Achiever?,"I've never been diagnosed for anxiety, however, there are certain instances that I experience some dramatic (by my standards) anxiety attacks. 
 
 They are related to any time I do deadline-specific work for my business. I start freaking out. Crying, skin picking (I dunno what its called when u scratch yourself or rub your skin), hyper-ventilating, especially when a client or someone I've employed calls me or asks me to get something to them by a hard deadline. Deadlines are the death of me. I have ADHD and I used to think it was merely an ADHD problem, but as I have gotten older, the anxiety response to my disdain for deadlines has INCREASED rather than improving despite ADHD meds or ADHD-oriented therapy (or it could be I am pushing myself more and more as I get a handle on my ADHD issues... I dunno)!
 
 I have been contemplating getting diagnosed or requesting meds? But I don't know if it is worth it. I feel like these bouts of anxiety really only happen because I'm doing extra things in life. If I was just like everyone else, I'd go to my normal job and only worry about keeping my job and getting to work on time. But because I have all these extra goals, I am putting myself more frequently in situations that cause me to have high anxiety.
 
 Has anyone been in my shoes? Did diagnosis help you in your pursuits?
 
 TL;DR - I get bad anxiety in situations related to my over-achieving goals. What are your thoughts on how useful diagnosis is later in life for situational anxiety?","[0, 0]",{'control_group'},"Is Diagnosis Worth It for An OverAchiever. Ive never been diagnosed for anxiety, however, there are certain instances that I experience some dramatic by my standards anxiety attacks. They are related to any time I do deadlinespecific work for my business. I start freaking out. Crying, skin picking I dunno what its called when u scratch yourself or rub your skin, hyperventilating, especially when a client or someone Ive employed calls me or asks me to get something to them by a hard deadline. Deadlines are the death of me. I have ADHD and I used to think it was merely an ADHD problem, but as I have gotten older, the anxiety response to my disdain for deadlines has INCREASED rather than improving despite ADHD meds or ADHDoriented therapy or it could be I am pushing myself more and more as I get a handle on my ADHD issues. I dunno! I have been contemplating getting diagnosed or requesting meds? But I dont know if it is worth it. I feel like these bouts of anxiety really only happen because Im doing extra things in life. If I was just like everyone else, Id go to my normal job and only worry about keeping my job and getting to work on time. But because I have all these extra goals, I am putting myself more frequently in situations that cause me to have high anxiety. Has anyone been in my shoes? Did diagnosis help you in your pursuits? TLDR I get bad anxiety in situations related to my overachieving goals. What are your thoughts on how useful diagnosis is later in life for situational anxiety?",Normal,{'depression':'no'}
6nt4o4,I have no one.,"I've spent the last two years lacking any direction in life, I make arbitrary goals and surpass them with no satisfaction. I wanted to learn piano, so I learned piano, I want to save up money to buy myself a car, and I've done that, but I still have nobody. I have no people in my life to celebrate these victories with, so I spend my time playing video games, talking on discord, or crying in my bed, I could never kill myself due to the fear of eternal consciousness (or unconsciousness), but I know I'm never going to have satisfaction in my life. I have no one to share this satisfaction with. I have no one to vent to or even a shoulder to cry on. I have no one.","[0, 0]",{'control_group'},"I have no one. Ive spent the last two years lacking any direction in life, I make arbitrary goals and surpass them with no satisfaction. I wanted to learn piano, so I learned piano, I want to save up money to buy myself a car, and Ive done that, but I still have nobody. I have no people in my life to celebrate these victories with, so I spend my time playing video games, talking on discord, or crying in my bed, I could never kill myself due to the fear of eternal consciousness or unconsciousness, but I know Im never going to have satisfaction in my life. I have no one to share this satisfaction with. I have no one to vent to or even a shoulder to cry on. I have no one.",Normal,{'depression':'yes'}
69xxj4,"I need help, how do you get through a 8-5 office day?","I've started working this year after completing a very difficult degree during which I told myself I would never do anything like this again if it made me this unhappy. (I was diagnosed with depression after first year of degree but was determined to finish it) 
 
 Lo and behold, 5 months into my new job and I feel like I'm crying and depressed again more days than less. The actual work stresses me out, but it's not the main problem. I just can't seem to sit and stare at a computer screen 9 hours a day, every damn day of my life, surrounded by people that I don't even necessarily like. It's an open plan office so there is just no escape. 
 
 I feel overwhelmingly trapped, like if I feel horrible I can't just get up and leave. I have to fake some illness (then the guilt gives me more anxiety) or I just have to sit and wait it out (which makes me hate my job more and more everyday). 
 
 In my field luckily I will probably have the opportunity to work remotely at future jobs, especially now knowing it's something important to me. But I need to build up experience. I just don't know how to get through the long days at work anymore. I break down so much I can't even count anymore and I'm scared of taking sick days since I'm a new employee. 
 
 (Sent from the bathroom floor of my office building, trying to get my eyes to stop tearing :( )","[1, 0]",{'depressive_disorder'},"I need help, how do you get through a 85 office day. Ive started working this year after completing a very difficult degree during which I told myself I would never do anything like this again if it made me this unhappy. I was diagnosed with depression after first year of degree but was determined to finish it Lo and behold, 5 months into my new job and I feel like Im crying and depressed again more days than less. The actual work stresses me out, but its not the main problem. I just cant seem to sit and stare at a computer screen 9 hours a day, every damn day of my life, surrounded by people that I dont even necessarily like. Its an open plan office so there is just no escape. I feel overwhelmingly trapped, like if I feel horrible I cant just get up and leave. I have to fake some illness then the guilt gives me more anxiety or I just have to sit and wait it out which makes me hate my job more and more everyday. In my field luckily I will probably have the opportunity to work remotely at future jobs, especially now knowing its something important to me. But I need to build up experience. I just dont know how to get through the long days at work anymore. I break down so much I cant even count anymore and Im scared of taking sick days since Im a new employee. Sent from the bathroom floor of my office building, trying to get my eyes to stop tearing",Depression,"{""depression"":""yes""}"
dotoyq,Anybody been to a tarot reader/psychic?,"If so, what was your experience?
 
 I have this internal very powerful feeling that I will die by suicide. I can't really put into words how powerful this feeling is.......the only way I can sorta explain it is that I feel it is like my purpose. My destiny.
 
 What drives me crazy is not knowing when? I feel that it will happen sooner or later.........health issues keep piling up, my suffering gets worse every year and as a result so does my suicidal thoughts.....despite all my effort to keep it from spiraling out of control, which have all fallen short.
 
 I have often toyed with the idea of going to psychic to maybe get some answers on my destiny. Of course I wouldnt want her to tell me flat out when I'm gonna die......I know they can't do that anyway and they can't exactly predict death either(read about it).......but some of them can predict big changes in one's life.
 
 Of course some don't believe in this, but I have read some stories where I really feel these psychic's do have an ability. I believe some people have an ability beyond what we can understand.","[0, 0]",{'control_group'},"Anybody been to a tarot readerpsychic. If so, what was your experience? I have this internal very powerful feeling that I will die by suicide. I cant really put into words how powerful this feeling is.the only way I can sorta explain it is that I feel it is like my purpose. My destiny. What drives me crazy is not knowing when? I feel that it will happen sooner or later.health issues keep piling up, my suffering gets worse every year and as a result so does my suicidal thoughts.despite all my effort to keep it from spiraling out of control, which have all fallen short. I have often toyed with the idea of going to psychic to maybe get some answers on my destiny. Of course I wouldnt want her to tell me flat out when Im gonna die.I know they cant do that anyway and they cant exactly predict death eitherread about it.but some of them can predict big changes in ones life. Of course some dont believe in this, but I have read some stories where I really feel these psychics do have an ability. I believe some people have an ability beyond what we can understand.",Normal,"{""depression"":""yes""}"
exed9y,Too depressed to pass my classes,"Im 22, been depressed since i was around 10 years old due to alot of trauma,, Always struggled with education because of my depression, but i managed to make it through highschool. I finally tried to seek professional help (circumstances and financial reasons) got diagnosed with major depressive disorder severe reoccurring type around last year, put on pills and psychologist talks,, but at some point i had a drop where i felt like it just,, didnt help,, and i quit. Everything feels pointless, and im struggling to do anything, let alone go to classes. Its my final year in university, and every semester my grades keep going down. Last semester i literally barely passed,, its my last semester but i can not bring myself to even attend and it feels like,, i know im going to fail. A part of me thinks Im setting myself up to fail, because i tend to do things like this where i keep making bad decisions until i feel like ive ˜cornered myself and keep telling myself that the only way out is to kill myself. I dont know what to do anymore,","[1, 0]",{'depressive_disorder'},"Too depressed to pass my classes. Im 22, been depressed since i was around 10 years old due to alot of trauma,, Always struggled with education because of my depression, but i managed to make it through highschool. I finally tried to seek professional help circumstances and financial reasons got diagnosed with major depressive disorder severe reoccurring type around last year, put on pills and psychologist talks,, but at some point i had a drop where i felt like it just,, didnt help,, and i quit. Everything feels pointless, and im struggling to do anything, let alone go to classes. Its my final year in university, and every semester my grades keep going down. Last semester i literally barely passed,, its my last semester but i can not bring myself to even attend and it feels like,, i know im going to fail. A part of me thinks Im setting myself up to fail, because i tend to do things like this where i keep making bad decisions until i feel like ive cornered myself and keep telling myself that the only way out is to kill myself. I dont know what to do anymore,",Depression,"{""depression"":""yes""}"
buiq5b,"Pregnant, terminating, and my depression is running the show right now.","Im about 5 weeks along right now. So far the abdominal pain has been far worse than I can imagine. I have been told by one doctor that there is a very high chance (based on a few things health wise) that I will miscarry anytime between now and 10 weeks. Between that and my mental health, my husband and I have agreed to terminate. I have come to terms with this. Apart from not being ready, my health is a priority. 
 Heres the kicker for me. I have only been on anti depressants for a year. My doctor told me whenI went on them that going off in the first year leaves a huge window for a depressive relapse?! 
 Pregnancy hormones so far are making me feel like I was never put on meds. The appointment with the clinic is next Tuesday, and Im trying to get a last-minute appointment scheduled for tomorrow with my psychologist regarding my medication. 
 Im terrified and cant talk to my family like I want to about this because abortion is still murder and  if the doctor says Im going to miscarry, I should just wait for it to happen. 
 I want to jump in front of a bus. 
 My husband is fantastic, but he looks at me like he wants to run me to the hospital every time I say something like this. 
 
 I guess Ill find out more tomorrow, but until then, try and get through work like nothing is wrong. 
 
 TL;DR
 5 weeks pregnant, hormones fucking up antidepressants, terrified to go off them. One week until abortion for my own health. FML.","[0, 0]",{'control_group'},"Pregnant, terminating, and my depression is running the show right now. Im about 5 weeks along right now. So far the abdominal pain has been far worse than I can imagine. I have been told by one doctor that there is a very high chance based on a few things health wise that I will miscarry anytime between now and 10 weeks. Between that and my mental health, my husband and I have agreed to terminate. I have come to terms with this. Apart from not being ready, my health is a priority. Heres the kicker for me. I have only been on anti depressants for a year. My doctor told me whenI went on them that going off in the first year leaves a huge window for a depressive relapse! Pregnancy hormones so far are making me feel like I was never put on meds. The appointment with the clinic is next Tuesday, and Im trying to get a lastminute appointment scheduled for tomorrow with my psychologist regarding my medication. Im terrified and cant talk to my family like I want to about this because abortion is still murder and if the doctor says Im going to miscarry, I should just wait for it to happen. I want to jump in front of a bus. My husband is fantastic, but he looks at me like he wants to run me to the hospital every time I say something like this. I guess Ill find out more tomorrow, but until then, try and get through work like nothing is wrong. TLDR 5 weeks pregnant, hormones fucking up antidepressants, terrified to go off them. One week until abortion for my own health. FML.",Normal,{'depression':'yes'}
a2wjm3,Anxiety is ruining my life. Ive had enough.,"Im done with this. Anxiety is ruining my life. I cant sleep, I look like crap, I cant sit still, Im constantly grinding my teeth and clinching my jaw, biting my cheeks and my tongue, I cant keep a job, I hate going out. I have no motivation. I cant tell anymore if Im more anxious or depressed, but all I know is I cannot keep living this way. Ive not brought it up to my current doctor out of fear she would think Im drug seeking (America has an insanely bad problem with anxiety medication as well as opioids). My psychologist says its depression thats causing my anxiety but I think its the opposite. I have panic attacks constantly. My health anxiety has also taken a huge toll on me. I get one little symptom and I obsess over it until its gone. My brain feels like I am constantly on fight or flight and Is always going and going and going. Almost like Ive drank 5 cups of coffee. I have ADHD but my anxiety makes me think Im going to have a heart attack or become addicted to the medication Im prescribed so I dont take it. I have tried almost every SSRI throughout my life and they just make me worse. I want to enjoy life again. I dont want to feel like a prisoner in my own mind. I took my son to see Santa today and we did crafts.
 The entire time all I could think about was how much I wanted to leave and that everyone was staring at me because of how awful I look. I hate this so much. Im sorry this is so jumbled but I needed to vent. Im so miserable.","[0, 0]",{'control_group'},"Anxiety is ruining my life. Ive had enough. Im done with this. Anxiety is ruining my life. I cant sleep, I look like crap, I cant sit still, Im constantly grinding my teeth and clinching my jaw, biting my cheeks and my tongue, I cant keep a job, I hate going out. I have no motivation. I cant tell anymore if Im more anxious or depressed, but all I know is I cannot keep living this way. Ive not brought it up to my current doctor out of fear she would think Im drug seeking America has an insanely bad problem with anxiety medication as well as opioids. My psychologist says its depression thats causing my anxiety but I think its the opposite. I have panic attacks constantly. My health anxiety has also taken a huge toll on me. I get one little symptom and I obsess over it until its gone. My brain feels like I am constantly on fight or flight and Is always going and going and going. Almost like Ive drank 5 cups of coffee. I have ADHD but my anxiety makes me think Im going to have a heart attack or become addicted to the medication Im prescribed so I dont take it. I have tried almost every SSRI throughout my life and they just make me worse. I want to enjoy life again. I dont want to feel like a prisoner in my own mind. I took my son to see Santa today and we did crafts. The entire time all I could think about was how much I wanted to leave and that everyone was staring at me because of how awful I look. I hate this so much. Im sorry this is so jumbled but I needed to vent. Im so miserable.",Normal,{'depression':'yes'}
aoy296,Yesterday was my birthday,"Im scared of what I may do but I want it at the same time. 
 Ive been struggling with depression for a few years, not sure when exactly it began but I remember the moment it got the worst was August of 2017, when I thought about suicide. Since then I had worse and better days, until last November I got diagnosed with depression and began taking antidepressants, but its not helping. My psychologist has already doubled the amount of them but its only getting worse, I feel that once again Im at my lowest and Im considering suicide. 
 The last two days have been an absolute nightmare to me, I've had a few okay days but yesterday was my birthday and I've been feeling awful since. 
 It wasn't even a bad day, got more sleep than usual, got some wishes from family and my internet friends since I dont have any real friends, but then as the day went on I only started to feel worse. All my problems returned stronger than before. 
 I started to think that my friends are tired of me being depressed all the time while we play, they keep telling me that it's alright but I feel so selfish when I talk about this with them and at the same time I don't have anyone else, if I lose them I don't know what would happen to me, at the same time I can't force them to always be there. 
 Soon may be the first time Ill hurt myself just to see how it is, because I cant take anymore being a disappointment to everyone around. And if nothing gets better, I may end it all this summer.","[1, 0]",{'depressive_disorder'},"Yesterday was my birthday. Im scared of what I may do but I want it at the same time. Ive been struggling with depression for a few years, not sure when exactly it began but I remember the moment it got the worst was August of 2017, when I thought about suicide. Since then I had worse and better days, until last November I got diagnosed with depression and began taking antidepressants, but its not helping. My psychologist has already doubled the amount of them but its only getting worse, I feel that once again Im at my lowest and Im considering suicide. The last two days have been an absolute nightmare to me, Ive had a few okay days but yesterday was my birthday and Ive been feeling awful since. It wasnt even a bad day, got more sleep than usual, got some wishes from family and my internet friends since I dont have any real friends, but then as the day went on I only started to feel worse. All my problems returned stronger than before. I started to think that my friends are tired of me being depressed all the time while we play, they keep telling me that its alright but I feel so selfish when I talk about this with them and at the same time I dont have anyone else, if I lose them I dont know what would happen to me, at the same time I cant force them to always be there. Soon may be the first time Ill hurt myself just to see how it is, because I cant take anymore being a disappointment to everyone around. And if nothing gets better, I may end it all this summer.",Depression,{'depression':'yes'}
bivx2i,im so tired.,"im tired of everything, absolutely everything. 
 
 im tired of being a fuck up.
 
  im tired of my narcissistic mother that verbally and emotionally abuses me on the daily and has done this ever since i was very little. 
 
 im tired of the trauma that fucks with me everyday from when my mom used to physically abuse me when i was younger and from when i used to get beat up on the daily at my old school.
 
 im tired of not being a good enough son for my mom or anybody else.
 
 im so tired of my mental illnesses.
 
 im tired of being a burden.
 
 im tired of living.
 
 maybe i really should fucking kill myself. for the past few days my mom has been yelling at me more than usual and shes been telling me how much better her life would be if i was never around and how i fucked up her life so much with my mental illnesses and that im the cause of every single bad thing in her life. maybe i am as bad as my mom tells me i am, maybe i deserve the abuse from my mom. maybe the reason why my dad left me and doesnt care about me is because he knew that i would turn out to be a disaster.
 
 maybe one day ill finally kill myself.","[0, 0]",{'control_group'},"im so tired. im tired of everything, absolutely everything. im tired of being a fuck up. im tired of my narcissistic mother that verbally and emotionally abuses me on the daily and has done this ever since i was very little. im tired of the trauma that fucks with me everyday from when my mom used to physically abuse me when i was younger and from when i used to get beat up on the daily at my old school. im tired of not being a good enough son for my mom or anybody else. im so tired of my mental illnesses. im tired of being a burden. im tired of living. maybe i really should fucking kill myself. for the past few days my mom has been yelling at me more than usual and shes been telling me how much better her life would be if i was never around and how i fucked up her life so much with my mental illnesses and that im the cause of every single bad thing in her life. maybe i am as bad as my mom tells me i am, maybe i deserve the abuse from my mom. maybe the reason why my dad left me and doesnt care about me is because he knew that i would turn out to be a disaster. maybe one day ill finally kill myself.",Normal,{'depression':'yes'}
5wlfzz,Tired of seeing guys have everything I can't ever have SAD!,"Imagine being a virgin in your late 20s, never being able to have the things you wanted in life and you go on Facebook and see that your seventeen year-old cousin gets your dream car and see his gf gushing about how lucky she is to be his gf..*cue gun to emojihead* ðŸ˜ðŸ”«. 
 
 By now, I'm just so sick of saying that life is so fucken cruel and unfair but LIFE IS CRUEL AND UNFAIR. It really is. I am barely existing, considering everything I cannot be part of. It's like everyday is a struggle and I'm mentally carrying a 1000lbs, can't seem to focus or participate in life. On top of it, I live with people who constantly criticise and belittle me, tell me I'm slow and complain non-stop about the smallest things while I'm just struggling not to cave in on myself and have a meltdown. Believe me when i say there is no use in talking to these people. The last time I tried to open up, I was mocked afterwards and thought of as being too weak. I don't understand how I am still alive and relatively sane. I guess it's due to my faith that I am not in a mental ward or..elsewhere. I'm not trying to be overdramatic when I say this. Trust me.
 
 I did try my best to change myself for the better by changing how I look on the outside, for awhile it felt like it might have worked, girls noticing me, going on a few dates...compliments galore..but due to life's crushing blows, I am more depressed now then I have ever been as a morbidly obese guy and think that all this hardwork was for nothing. 
 
 I have no ideas on how I can ever feel good about myself again...","[0, 0]",{'control_group'},"Tired of seeing guys have everything I cant ever have SAD. Imagine being a virgin in your late 20s, never being able to have the things you wanted in life and you go on Facebook and see that your seventeen yearold cousin gets your dream car and see his gf gushing about how lucky she is to be his gf.cue gun to emojihead . By now, Im just so sick of saying that life is so fucken cruel and unfair but LIFE IS CRUEL AND UNFAIR. It really is. I am barely existing, considering everything I cannot be part of. Its like everyday is a struggle and Im mentally carrying a 1000lbs, cant seem to focus or participate in life. On top of it, I live with people who constantly criticise and belittle me, tell me Im slow and complain nonstop about the smallest things while Im just struggling not to cave in on myself and have a meltdown. Believe me when i say there is no use in talking to these people. The last time I tried to open up, I was mocked afterwards and thought of as being too weak. I dont understand how I am still alive and relatively sane. I guess its due to my faith that I am not in a mental ward or.elsewhere. Im not trying to be overdramatic when I say this. Trust me. I did try my best to change myself for the better by changing how I look on the outside, for awhile it felt like it might have worked, girls noticing me, going on a few dates.compliments galore.but due to lifes crushing blows, I am more depressed now then I have ever been as a morbidly obese guy and think that all this hardwork was for nothing. I have no ideas on how I can ever feel good about myself again.",Normal,{'depression':'yes'}
41mwbz,I think I'm the type of person who has been depressed for forever without realizing it...,"In college, a few years ago, I was diagnosed with anxiety and depression NOS, eventually found a good combination of drugs (buproprion+ buspar + propranolol as needed). After leaving college I found it hard to take the medication on a regular basis so I stopped taking it all together (except for the propranolol for anxiety provoking events... I'm an actor with stage fright in auditions). 
 
 I'm still pretty personable and friendly in person, which is why it is sometimes hard to realize that I'm probably still depressed (my mom, who is probably also depressed, does not prescribe to the idea of mild depression). I haven't been to see a counselor in over a year, I live at home and I'm an actor (a profession where I get rejected more than accepted). I get my hopes up (i try not to but my imagination is a bitch)with each audition and then I get really bummed out when they don't happen. I really want to be able to cry right now, but I can't. Sadness is hard for me to reach (which complicates some roles in acting in someways too).
 
 I don't know what im looking for here, idk, maybe someone who can relate to sitting in this weird place where a diagnosis doesn't really give you any extra information about yourself. Sigh. Time to find a counselor again.","[1, 1]","{'depressive_disorder', 'anxiety_disorder'}","I think Im the type of person who has been depressed for forever without realizing it. In college, a few years ago, I was diagnosed with anxiety and depression NOS, eventually found a good combination of drugs buproprion+ buspar + propranolol as needed. After leaving college I found it hard to take the medication on a regular basis so I stopped taking it all together except for the propranolol for anxiety provoking events. Im an actor with stage fright in auditions. Im still pretty personable and friendly in person, which is why it is sometimes hard to realize that Im probably still depressed my mom, who is probably also depressed, does not prescribe to the idea of mild depression. I havent been to see a counselor in over a year, I live at home and Im an actor a profession where I get rejected more than accepted. I get my hopes up i try not to but my imagination is a bitchwith each audition and then I get really bummed out when they dont happen. I really want to be able to cry right now, but I cant. Sadness is hard for me to reach which complicates some roles in acting in someways too. I dont know what im looking for here, idk, maybe someone who can relate to sitting in this weird place where a diagnosis doesnt really give you any extra information about yourself. Sigh. Time to find a counselor again.",Comorbid (Depression + Anxiety),{'depression':'yes'}
6cevk3,I don't love myself,"In fact, I hate myself. 
 
 Could this be due to depression? I've always had low self esteem, for as long as I can remember. In my head, everyone is always better than me, even if they really aren't. 
 
 I can get to that point where I say ""okay I'm not that bad"" but then it goes away and I continue to hate myself. 
 
 How do I fix this? It's a huge problem because I'm becoming overly attached and dependent on my friends and family. Recently, I haven't been able to get out of bed because I don't want to live. Even more recently, I've gotten back into treatment and I can force myself out of bed, eventually. I desperately want to be loved by someone who will stick by me and tell me everything's going to be okay. I want love, but how can I expect to receive it when I can't even love myself?
 
 Life is so hard right now and I'm honestly not looking forward to my future (even tomorrow) because I feel as if it will just be filled with disappointment and mediocrity. 
 
 Has anyone experienced this? Is this a normal part of being depressed? Will this ever go away? I'm so miserable...how can I get out of this?","[0, 0]",{'control_group'},"I dont love myself. In fact, I hate myself. Could this be due to depression? Ive always had low self esteem, for as long as I can remember. In my head, everyone is always better than me, even if they really arent. I can get to that point where I say okay Im not that bad but then it goes away and I continue to hate myself. How do I fix this? Its a huge problem because Im becoming overly attached and dependent on my friends and family. Recently, I havent been able to get out of bed because I dont want to live. Even more recently, Ive gotten back into treatment and I can force myself out of bed, eventually. I desperately want to be loved by someone who will stick by me and tell me everythings going to be okay. I want love, but how can I expect to receive it when I cant even love myself? Life is so hard right now and Im honestly not looking forward to my future even tomorrow because I feel as if it will just be filled with disappointment and mediocrity. Has anyone experienced this? Is this a normal part of being depressed? Will this ever go away? Im so miserable.how can I get out of this?",Normal,{'depression':'yes'}
aqxgzr,Is it bad...,"Is it bad that I like cutting and want to cut... Im not really depressed right now tho, Im just lonely, ugly, hopeless and whatever.... Im at school right now and I can talk to people and smile and socialize so I dont think Im depressed... I like and want to cut, I like the pain and enjoy it, Id rather feel it then always only feeling like Ill be alone and have low self esteem issues and anxiety and shit, I dont think Ill be alive in a few years (Im 18) I hate being ugly and alone and shit...","[0, 0]",{'control_group'},"Is it bad. Is it bad that I like cutting and want to cut. Im not really depressed right now tho, Im just lonely, ugly, hopeless and whatever. Im at school right now and I can talk to people and smile and socialize so I dont think Im depressed. I like and want to cut, I like the pain and enjoy it, Id rather feel it then always only feeling like Ill be alone and have low self esteem issues and anxiety and shit, I dont think Ill be alive in a few years Im 18 I hate being ugly and alone and shit.",Normal,{'depression':'yes'}
hadz9o,I have Paracosm. Help. (Also if anyone can remember the recipe for some self delete pills that taste of bitter almonds. It would be much appreciated),"It didn't use to be a problem since my happy place is so outlandish that I can easily tell it apart from reality. I'm not so sure anymore. I can't tell how much time has passed. If it's the next day or the same day. I try writing things down but I can't find the things that I have written down. The right side of my face is sunken in for some reason and I have lost weight. I'm asking for professional help here. Pls don't suggest u talk to family and friends. I will not help. I know my parent won't help. The one time my parents bothered to look for professional help I got diagnosed with chronic depression and got prescribed anti depressants. I got denied antidepressants and when I asked for them my mum just yelled that I had no right to be depressed. I have no one. 
 
 Also I bookmarked a link to a website that lists the best way to perform self delete. I can't find it anymore. It had a recipe of a suicide pill that tastes like bitter almonds and kills you painlessly. I vaguely remember instructions like calling 911 first to tell them to collect your body and that I should lie naked in a bathtub before I take the pill to make it easier on those that have to deal with my corpse. 
 
 If anyone can perhaps remember the recipe for a suicide pill that kills painlessly and quickly it will be much appreciated.
 
 I am well passed the point of insanity and do not intend to be forced into a mental hospital.","[0, 0]",{'control_group'},I have Paracosm. Help. Also if anyone can remember the recipe for some self delete pills that taste of bitter almonds. It would be much appreciated. It didnt use to be a problem since my happy place is so outlandish that I can easily tell it apart from reality. Im not so sure anymore. I cant tell how much time has passed. If its the next day or the same day. I try writing things down but I cant find the things that I have written down. The right side of my face is sunken in for some reason and I have lost weight. Im asking for professional help here. Pls dont suggest u talk to family and friends. I will not help. I know my parent wont help. The one time my parents bothered to look for professional help I got diagnosed with chronic depression and got prescribed anti depressants. I got denied antidepressants and when I asked for them my mum just yelled that I had no right to be depressed. I have no one. Also I bookmarked a link to a website that lists the best way to perform self delete. I cant find it anymore. It had a recipe of a suicide pill that tastes like bitter almonds and kills you painlessly. I vaguely remember instructions like calling 911 first to tell them to collect your body and that I should lie naked in a bathtub before I take the pill to make it easier on those that have to deal with my corpse. If anyone can perhaps remember the recipe for a suicide pill that kills painlessly and quickly it will be much appreciated. I am well passed the point of insanity and do not intend to be forced into a mental hospital.,Normal,{'depression':'yes'}
abgk30,"New year, new reasons for life to suck.","It is currently 13 minutes into 2019 as of now. My closest friends are all at a party that I wasn't invited to, even after they asked if I could go and I also asked if I could go. A lot of my best friends are there right now getting shitfaced and high, and I just finished watching Looper, after fixing myself dinner and drinking a lot of my parents wine. I just lost my first Rocket League match of 2019. I also keep listening to ""I Can Let Go Now"" by Michael McDonald; really sad sounding song. When 12:00 came around, my ears were filled with cheers, fog horns from nearby boats, fireworks, banging noises, and car honking. Hearing other peoples positivity and cheer just added to my depression more. My brain and heart hurt to much for me to take the time to do any more editing than a quick proof reading, so I apologize if this is terribly written. The only thing that hurts most of all right now is that I simply can not bring myself to cry. I just want to let my emotions out like how I used to back when I was diagnosed with depression, and could release everything with a 15 minute panic attack. Oh well, I might try to drink some more to influence the tears. It is now 23 minutes into the new year. Good luck to everyone, and lets all try and make it through another year.","[1, 0]",{'depressive_disorder'},"New year, new reasons for life to suck. It is currently 13 minutes into 2019 as of now. My closest friends are all at a party that I wasnt invited to, even after they asked if I could go and I also asked if I could go. A lot of my best friends are there right now getting shitfaced and high, and I just finished watching Looper, after fixing myself dinner and drinking a lot of my parents wine. I just lost my first Rocket League match of 2019. I also keep listening to I Can Let Go Now by Michael McDonald really sad sounding song. When 1200 came around, my ears were filled with cheers, fog horns from nearby boats, fireworks, banging noises, and car honking. Hearing other peoples positivity and cheer just added to my depression more. My brain and heart hurt to much for me to take the time to do any more editing than a quick proof reading, so I apologize if this is terribly written. The only thing that hurts most of all right now is that I simply can not bring myself to cry. I just want to let my emotions out like how I used to back when I was diagnosed with depression, and could release everything with a 15 minute panic attack. Oh well, I might try to drink some more to influence the tears. It is now 23 minutes into the new year. Good luck to everyone, and lets all try and make it through another year.",Depression,"{""depression"": ""yes""}"
okg1tx,It's s shitty being borderline,"It just is. Add to that my mother who guilts my every bad trait everytime I complain about anything. Im not denying I was rude and I was wrong about all the ways I screamed and shouted at her and made her upset before I turned 20, but thats all behind me and she still says things like ""we're scared of you"" and that I make them miserable. I just really was impulsive and I still am but I reallly didnt know better when I hurt these people. She still goes out of her way to make me feel jealous of my sister and I try to be a grown up and ignore it.
  She absolutely loves my sister and her friends but never seems to be giving me the same love. 
  
 I just cant stop crying because I really didnt know any better back then and all I want is someone to hug me and tell me they believe that I really didnt know I was being abnormal, that even when I was crazy or rude I just had no idea about regulating my reactions and I didnt know when I was being unreasonable. Im just so so so sad and I feel like they have this permanent impression of me and they will never actually see me as anything else but who I was years ago and what hurts more is that she is telling me all these things today on my birthday just because I complained abut my sister screaming at me","[0, 0]",{'control_group'},"Its s shitty being borderline. It just is. Add to that my mother who guilts my every bad trait everytime I complain about anything. Im not denying I was rude and I was wrong about all the ways I screamed and shouted at her and made her upset before I turned 20, but thats all behind me and she still says things like were scared of you and that I make them miserable. I just really was impulsive and I still am but I reallly didnt know better when I hurt these people. She still goes out of her way to make me feel jealous of my sister and I try to be a grown up and ignore it. She absolutely loves my sister and her friends but never seems to be giving me the same love. I just cant stop crying because I really didnt know any better back then and all I want is someone to hug me and tell me they believe that I really didnt know I was being abnormal, that even when I was crazy or rude I just had no idea about regulating my reactions and I didnt know when I was being unreasonable. Im just so so so sad and I feel like they have this permanent impression of me and they will never actually see me as anything else but who I was years ago and what hurts more is that she is telling me all these things today on my birthday just because I complained abut my sister screaming at me",Normal,{'depression':'yes'}
9443um,Told my parents about my depression. Went about as well as you'd expect.,"It started with me telling them I got a D in history. ""Seriously? We can't afford no D's!"" I've been doing pretty well up to that point, but depression really hit hard, and my grades declined. So I pretty much told them that. 
 
 I got the responses I thought I'd get. ""What are you so bummed out about?"" ""Pressure is all throughout life, you just gotta handle it"" ""You're just not eating enough"" ""Come to us so we can help you study"" ""I bought you those herbs from the store, they should help"" ""Why are you thinking all these negative thoughts? Where are they coming from? "" ""See you need to stop thinking negative thoughts"" ""How could you think your family hates you?"" ""Don't get down on yourself, never do that"" ""When you crash you gotta get up"" ""Start thinking more positive"" ""Your sister struggled, she got through it"" "" You think I don't get down?"" ""Don't kill yourself over a bad grade *giggles*""
 
 No, I haven't self-diagnosed. I got diagnosed with depression in middle school, but as my dad says ""You need to forget about that"". What's funny is that they act like they know what depression is, when Kate Spade died, my mom said, ""It doesn't matter what you have, if you're unhappy, you're unhappy"", but she tells me, ""You have a loving family!""
 
 Neddless to say I regret opening up. I just don't know what to do at this point.","[1, 0]",{'depressive_disorder'},"Told my parents about my depression. Went about as well as youd expect. It started with me telling them I got a D in history. Seriously? We cant afford no Ds! Ive been doing pretty well up to that point, but depression really hit hard, and my grades declined. So I pretty much told them that. I got the responses I thought Id get. What are you so bummed out about? Pressure is all throughout life, you just gotta handle it Youre just not eating enough Come to us so we can help you study I bought you those herbs from the store, they should help Why are you thinking all these negative thoughts? Where are they coming from? See you need to stop thinking negative thoughts How could you think your family hates you? Dont get down on yourself, never do that When you crash you gotta get up Start thinking more positive Your sister struggled, she got through it You think I dont get down? Dont kill yourself over a bad grade giggles No, I havent selfdiagnosed. I got diagnosed with depression in middle school, but as my dad says You need to forget about that. Whats funny is that they act like they know what depression is, when Kate Spade died, my mom said, It doesnt matter what you have, if youre unhappy, youre unhappy, but she tells me, You have a loving family! Neddless to say I regret opening up. I just dont know what to do at this point.",Depression,"{""depression"":""yes""}"
4lxo62,I ruined myself,"It was me, I did it
 
 I'm the one who didn't work hard enough for my university grades and i'm going to end up with a 2.2 and my life is over, it's just over. there's nothing I can do now. I want to kill myself I'm in so much pain and my RSI is acting up, my wrists are aching so much (part of the reason why I messed up my exams) and I just want my life to END God I don't have the guts to jump out the window, I just lie down every night and pray to heaven that I would die in my sleep somehow, I don't know anything anymore I can't eat or sleep and my results are going to come out in forever, I can't do it anymore I just can't, I can't take the wait
 
 Please someone just tell me where I can find a hitman or something for cheap because i'm poor and too chicken to do it myself. I can't wait any longer. I hate my body, I hate everything. I love my parents so much, they're the only good thing in my life, but I ruined them by asking them to sell their soul so I could come here hahaha I had such hopes lmao i'm a fuckwit, i'm useless bitch wtf i'm going to grow old without a job and i'm going to be neurotic and physically and mentally ill for the rest of my life god please just let it end","[0, 0]",{'control_group'},"I ruined myself. It was me, I did it Im the one who didnt work hard enough for my university grades and im going to end up with a 2.2 and my life is over, its just over. theres nothing I can do now. I want to kill myself Im in so much pain and my RSI is acting up, my wrists are aching so much part of the reason why I messed up my exams and I just want my life to END God I dont have the guts to jump out the window, I just lie down every night and pray to heaven that I would die in my sleep somehow, I dont know anything anymore I cant eat or sleep and my results are going to come out in forever, I cant do it anymore I just cant, I cant take the wait Please someone just tell me where I can find a hitman or something for cheap because im poor and too chicken to do it myself. I cant wait any longer. I hate my body, I hate everything. I love my parents so much, theyre the only good thing in my life, but I ruined them by asking them to sell their soul so I could come here hahaha I had such hopes lmao im a fuckwit, im useless bitch wtf im going to grow old without a job and im going to be neurotic and physically and mentally ill for the rest of my life god please just let it end",Normal,{'depression':'yes'}
abrri8,Thing I wrote 4 years ago,"It was the day before her birthday that she ended her life. It happened at about 10pm. Her skull was bashed on the brick floor, killing her almost instantly. Flies flew around her body, analysing the perfect spot to lay eggs. Where a life ended it begins new life. However the girl did not want new life. She cursed the day she was born, and did not want to live through that day again. For her, even though she well recongnised that this was not true, every single living being felt harmful to the world. The flies did not find a good spot. They flew away.
 Everything that went into her became nothing. The effort, the love, the worry, the money, the care all vanished into thin air. She became inedible meat. Once she was so alive, but the other day she became dead meat, nothing, no one, a ˜thing that seemed like it was never alive in the first place.
 And her brother was still cross at her because he couldnt go to the buffet. Her mother was angry; she initially meant this event to be happy and enjoyable. She had booked a meal with her daughters name. It was all because of her. Everything was, after all, her fault.
 
 
 
 Fuck me, fuck my life, fuck everyone around me and fuck everything
 fuck the day of my conception, fuck the day of my birth, fuck my first breath and my first heat beat
 Fuck me more than anything else because I deserved to be fucked the most","[0, 0]",{'control_group'},"Thing I wrote 4 years ago. It was the day before her birthday that she ended her life. It happened at about 10pm. Her skull was bashed on the brick floor, killing her almost instantly. Flies flew around her body, analysing the perfect spot to lay eggs. Where a life ended it begins new life. However the girl did not want new life. She cursed the day she was born, and did not want to live through that day again. For her, even though she well recongnised that this was not true, every single living being felt harmful to the world. The flies did not find a good spot. They flew away. Everything that went into her became nothing. The effort, the love, the worry, the money, the care all vanished into thin air. She became inedible meat. Once she was so alive, but the other day she became dead meat, nothing, no one, a thing that seemed like it was never alive in the first place. And her brother was still cross at her because he couldnt go to the buffet. Her mother was angry she initially meant this event to be happy and enjoyable. She had booked a meal with her daughters name. It was all because of her. Everything was, after all, her fault. Fuck me, fuck my life, fuck everyone around me and fuck everything fuck the day of my conception, fuck the day of my birth, fuck my first breath and my first heat beat Fuck me more than anything else because I deserved to be fucked the most",Normal,{'depression':'yes'}
bwlyyk,Seeing my therapist in the afternoon,"It's been a bit but I think I need it. Just moved and have everything I could want for my music production, gaming, got into building an arcade cabinet. I feel I should be happy...I try to socialize after work a few times a week and meet new people, as I live in a downtown area. I'll try to do music and then go out last min at 12am to just meet people on my nights off. But I'm still just depleted and depressed a lot after work. I don't really talk about it on here, because some people know my Reddit user name...but I'm not proud of the way I use prescribed drugs to feel relieved I guess. I'm always feeling uncomfortable. It's probably not healthy, and I feel more and more I'm building up a protective layer about it. I'm usually very open about my issues, but more and more I feel others will judge, or I'll freak people close to me out. 
 
 I just feel old and sometimes have thoughts about leaving myself in time before I get older. I don't know if that makes sense. I just can't relate to anyone anymore, and feel guilty about a lot of things. I try...but no amount of money or accomplishments will fix my issues. I need to take a leap and try something new before I hedge my bets. I had a future planned out and it's all changed and really hard to adjust. 
 
 You ever just stare at walls and feel an overwhelming emptiness no matter what? That's me. I feel I'm sinking a lot, and cope with it in unhealthy ways.
 
 I just wanted to speak out, and get it off my chest.
 
 Thanks for listening","[1, 0]",{'depressive_disorder'},"Seeing my therapist in the afternoon. Its been a bit but I think I need it. Just moved and have everything I could want for my music production, gaming, got into building an arcade cabinet. I feel I should be happy.I try to socialize after work a few times a week and meet new people, as I live in a downtown area. Ill try to do music and then go out last min at 12am to just meet people on my nights off. But Im still just depleted and depressed a lot after work. I dont really talk about it on here, because some people know my Reddit user name.but Im not proud of the way I use prescribed drugs to feel relieved I guess. Im always feeling uncomfortable. Its probably not healthy, and I feel more and more Im building up a protective layer about it. Im usually very open about my issues, but more and more I feel others will judge, or Ill freak people close to me out. I just feel old and sometimes have thoughts about leaving myself in time before I get older. I dont know if that makes sense. I just cant relate to anyone anymore, and feel guilty about a lot of things. I try.but no amount of money or accomplishments will fix my issues. I need to take a leap and try something new before I hedge my bets. I had a future planned out and its all changed and really hard to adjust. You ever just stare at walls and feel an overwhelming emptiness no matter what? Thats me. I feel Im sinking a lot, and cope with it in unhealthy ways. I just wanted to speak out, and get it off my chest. Thanks for listening",Depression,"{""depression"":""yes""}"
90qzgi,finding this subreddit is kind of a blessing,"it's kind of anonymous and i don't have to worry about people giving me unneeded advice or words to help me out. i'm the type of person that likes to write out my feelings or what i'm going through without people saying anything and i didn't feel comfortable in any way posting anything on twitter or instagram. 
 
 im still depressed. everyday i feel worse and worse. i don't have an appetite, and i can't even be mentally able to work. i called off work to be home and i might just quit because i can't deal with my depression and shit without wanting to legitimately kill myself. i already attempted once but i just don't want to deal with work while i'm like this, it just makes me more depressed. 
 
 i need help, and i tried contacting lots of therapists but they never responded back to me and now i feel like a waste of space and a burden on everyone i love. my brother and parents are always checking on me and i just wish it was easier for me to just disappear and have them forget about me. 
 
 i've come to terms with the fact that i'm suicidal, and i'm never gonna be truly happy again.","[1, 0]",{'depressive_disorder'},"finding this subreddit is kind of a blessing. its kind of anonymous and i dont have to worry about people giving me unneeded advice or words to help me out. im the type of person that likes to write out my feelings or what im going through without people saying anything and i didnt feel comfortable in any way posting anything on twitter or instagram. im still depressed. everyday i feel worse and worse. i dont have an appetite, and i cant even be mentally able to work. i called off work to be home and i might just quit because i cant deal with my depression and shit without wanting to legitimately kill myself. i already attempted once but i just dont want to deal with work while im like this, it just makes me more depressed. i need help, and i tried contacting lots of therapists but they never responded back to me and now i feel like a waste of space and a burden on everyone i love. my brother and parents are always checking on me and i just wish it was easier for me to just disappear and have them forget about me. ive come to terms with the fact that im suicidal, and im never gonna be truly happy again.",Depression,"{""depression"":""yes""}"
o45dn3,"(19M) It's my birthday today, don't know how to feel about it","It's not that I don't have friends or a loving family, because I do. But why am I so lonely? My best friends love me so much and I love them as well, but I still feel so lonely, and it hurts, especially today. My life isn't bad per se, I'm at uni, studying for a degree I love, I've been on antidepressants for the past 7 months. I was finally feeling ok, even happy, for the first time in a very long time. But it just went bad out of nowhere.
 
 This creature inside my head, coating my neurons like steaming black tar, is killing me. I've been wished a happy birthday by a lot of people but I still feel so alone. I'm ashamed to admit to my friends because I sound selfish and ungrateful. I don't think I am any of those things. I just want to feel normal, like I fit in. It's like I'm living inside a snowglobe, where I can see all the people around me acting normally and going about their life, and I'm here, trying desperately to fit in, trying so hard to be normal, but always feeling inadequate, always feeling like I'm not enough. 
 
 My bully messaged me today, wishing me a happy birthday and hoping that my life was good. It pissed me off. He made my life hell and destroyed everything I had to live for. I ended up with depression primarily because of him. And he doesn't seem to know. I don't know anymore. I've been thinking about killing myself again for some time now. I had a self-harm relapse a few weeks ago. I don't know. Maybe it's time for me to die again. But I'll give life a chance. I need help. Please.","[1, 0]",{'depressive_disorder'},"19M Its my birthday today, dont know how to feel about it. Its not that I dont have friends or a loving family, because I do. But why am I so lonely? My best friends love me so much and I love them as well, but I still feel so lonely, and it hurts, especially today. My life isnt bad per se, Im at uni, studying for a degree I love, Ive been on antidepressants for the past 7 months. I was finally feeling ok, even happy, for the first time in a very long time. But it just went bad out of nowhere. This creature inside my head, coating my neurons like steaming black tar, is killing me. Ive been wished a happy birthday by a lot of people but I still feel so alone. Im ashamed to admit to my friends because I sound selfish and ungrateful. I dont think I am any of those things. I just want to feel normal, like I fit in. Its like Im living inside a snowglobe, where I can see all the people around me acting normally and going about their life, and Im here, trying desperately to fit in, trying so hard to be normal, but always feeling inadequate, always feeling like Im not enough. My bully messaged me today, wishing me a happy birthday and hoping that my life was good. It pissed me off. He made my life hell and destroyed everything I had to live for. I ended up with depression primarily because of him. And he doesnt seem to know. I dont know anymore. Ive been thinking about killing myself again for some time now. I had a selfharm relapse a few weeks ago. I dont know. Maybe its time for me to die again. But Ill give life a chance. I need help. Please.",Depression,{'depression':'yes'}
cc5pc9,I'm going to quit my job after only 1 month working there,"It's not what I thought it would be. It's making my anxiety and depression hit me after a long time being well.
 
 1 month is not a long time and I feel very guilty and bad, but I waited to see if things would improve and they didn't.
 
 People aren't toxic or anything, it's just that I didn't fit in there. And I don't know if I want the responsibilities people are giving me there.
 
 Every day when there is a surprise, my anxiety rises and I spend the rest of the day exausted and just wishing I could lay on my bed and do nothing.
 
 I'd like to hear if anyone here had a similar experience, because I feel so alone in this, feels like I'm the only person to quit a job after such a short period.
 
 At the same time, I don't know what to do in the future. I don't know if I should look for another job in the area or change to another area. And I'm also scared of the implications quitting a job like this would cause on my search for a new job.
 
 Pretty lost and confused.","[1, 1]","{'depressive_disorder', 'anxiety_disorder'}","Im going to quit my job after only 1 month working there. Its not what I thought it would be. Its making my anxiety and depression hit me after a long time being well. 1 month is not a long time and I feel very guilty and bad, but I waited to see if things would improve and they didnt. People arent toxic or anything, its just that I didnt fit in there. And I dont know if I want the responsibilities people are giving me there. Every day when there is a surprise, my anxiety rises and I spend the rest of the day exausted and just wishing I could lay on my bed and do nothing. Id like to hear if anyone here had a similar experience, because I feel so alone in this, feels like Im the only person to quit a job after such a short period. At the same time, I dont know what to do in the future. I dont know if I should look for another job in the area or change to another area. And Im also scared of the implications quitting a job like this would cause on my search for a new job. Pretty lost and confused.",Comorbid (Depression + Anxiety),{'depression':'yes'}
bx4xig,I feel crazy but too scared to ask for help,"Its been 7 years since I was diagnosed with depression and anxiety. Im healing from it but I sometimes get periods of spiralling back down. Like now. Times like these I start having thoughts like it would have been better if I had just died back then, better if I had less optimism about the possibility of healing. I feel crazy and invalid, I have all these voices telling me that Im just a crazy emotional woman who wants attention. I rationally know Im not, but it feels so much so. And because of it, I cant bring myself to express how depressed I feel, not to my family, not to my friends, not even to my partner. I feel crazy and invalidate all my own feelings as being needy and overly dramatic. Ive thought through my emotions and thoughts 1000 steps into the future but nothing has left my mouth in words. I dont ever feel understood but thats my fault because I dont think my feelings are even valid enough to be expressed. Its crazy. Im crazy. 
 
 I dont know what I want from posting this. I dont know who to call and probably subconsciously dont want to have to express my feelings in words, because hearing myself speak my feelings also makes me hear all the voices that tell me theyre stupid. Maybe I just want a small chance of being understood. Typing into a void of anonymous readers is easier than saying all this in reality. God, it hurts. It hurts.","[1, 1]","{'depressive_disorder', 'anxiety_disorder'}","I feel crazy but too scared to ask for help. Its been 7 years since I was diagnosed with depression and anxiety. Im healing from it but I sometimes get periods of spiralling back down. Like now. Times like these I start having thoughts like it would have been better if I had just died back then, better if I had less optimism about the possibility of healing. I feel crazy and invalid, I have all these voices telling me that Im just a crazy emotional woman who wants attention. I rationally know Im not, but it feels so much so. And because of it, I cant bring myself to express how depressed I feel, not to my family, not to my friends, not even to my partner. I feel crazy and invalidate all my own feelings as being needy and overly dramatic. Ive thought through my emotions and thoughts 1000 steps into the future but nothing has left my mouth in words. I dont ever feel understood but thats my fault because I dont think my feelings are even valid enough to be expressed. Its crazy. Im crazy. I dont know what I want from posting this. I dont know who to call and probably subconsciously dont want to have to express my feelings in words, because hearing myself speak my feelings also makes me hear all the voices that tell me theyre stupid. Maybe I just want a small chance of being understood. Typing into a void of anonymous readers is easier than saying all this in reality. God, it hurts. It hurts.",Comorbid (Depression + Anxiety),"{""depression"":""yes""}"
dienn6,I think I overwhelmed my therapist but heres the good news,"Its safe to say that social anxiety is only one of my many problems. When I told my therapist about my anger, isolation, and history of drug abuse I saw a look on his face like oh shit this guy is seriously in need of some help. Theres a plus side to this though. Im suppose to meet with him again in two weeks in November. My goal is to face one fear every single day for two weeks until my next session. I started today by walking the campus and meeting a stranger who also told me how lonely they were. Nothing major happened but I initiated the conversation and broke through the first stage of the anxiety. I didnt waste any time making the first movement today. Im bracing for these next two weeks so I can return to my therapist with news of improvement. 
 
 If youre reading this I know its hard as hell out there. When the fear of not facing your fears outweighs the fear itself, thats when youll find the motivation to take the first step. Good luck my anxious friends!","[0, 0]",{'control_group'},"I think I overwhelmed my therapist but heres the good news. Its safe to say that social anxiety is only one of my many problems. When I told my therapist about my anger, isolation, and history of drug abuse I saw a look on his face like oh shit this guy is seriously in need of some help. Theres a plus side to this though. Im suppose to meet with him again in two weeks in November. My goal is to face one fear every single day for two weeks until my next session. I started today by walking the campus and meeting a stranger who also told me how lonely they were. Nothing major happened but I initiated the conversation and broke through the first stage of the anxiety. I didnt waste any time making the first movement today. Im bracing for these next two weeks so I can return to my therapist with news of improvement. If youre reading this I know its hard as hell out there. When the fear of not facing your fears outweighs the fear itself, thats when youll find the motivation to take the first step. Good luck my anxious friends!",Normal,"{""depression"": ""no""}"
91jb7a,How would you describe anxiety?,"Ive been told Ive had anxiety since I was 10 years old by health care professionals after describing some of my experiences, but I dont know that Id be able to identify or describe anxiety to someone who doesnt experience it. I just have thoughts that are persistent and sometimes negative, I never labeled them personally as anxiety although I guess thats what it is. Since Ive started meditation, my understanding of anxiety has improved, and I can identify that the bullshit chatter that runs in my mind all the time is anxiety, but aside from that, I cant deceive it very well, I struggle to put my feelings and emotions into words. How would you describe anxiety? Thanks for reading and replying! :)","[0, 0]",{'control_group'},"How would you describe anxiety. Ive been told Ive had anxiety since I was 10 years old by health care professionals after describing some of my experiences, but I dont know that Id be able to identify or describe anxiety to someone who doesnt experience it. I just have thoughts that are persistent and sometimes negative, I never labeled them personally as anxiety although I guess thats what it is. Since Ive started meditation, my understanding of anxiety has improved, and I can identify that the bullshit chatter that runs in my mind all the time is anxiety, but aside from that, I cant deceive it very well, I struggle to put my feelings and emotions into words. How would you describe anxiety? Thanks for reading and replying!",Normal,{'depression':'no'}
hayvu5,I dont understand whats happening to me right now. I keep going through MAJOR waves over the last couple of days. Way bigger than normal.,"Ive been unmedicated dealing with my depression and anxiety for 5 years. Its always.. pretty severe. But usually a constant feeling, that Im able to ignore or distract myself from. The last 3 or 4 days though Ive been getting overwhelming waves of suicidal ideations, out of no where that kind of knock the wind out of me. 
 
 Right now Im sitting at a park by myself, drinking iced coffee. Generally, enjoying the day. Then all of a sudden I just started to cry and cry and just kept telling myself that tonight was the night to kill myself. About ten minutes or so have passed and Ive calmed myself down. But its never been this bad or this sudden, ever. I dont know whats happening..","[1, 1]","{'depressive_disorder', 'anxiety_disorder'}","I dont understand whats happening to me right now. I keep going through MAJOR waves over the last couple of days. Way bigger than normal. Ive been unmedicated dealing with my depression and anxiety for 5 years. Its always. pretty severe. But usually a constant feeling, that Im able to ignore or distract myself from. The last 3 or 4 days though Ive been getting overwhelming waves of suicidal ideations, out of no where that kind of knock the wind out of me. Right now Im sitting at a park by myself, drinking iced coffee. Generally, enjoying the day. Then all of a sudden I just started to cry and cry and just kept telling myself that tonight was the night to kill myself. About ten minutes or so have passed and Ive calmed myself down. But its never been this bad or this sudden, ever. I dont know whats happening.",Comorbid (Depression + Anxiety),{'depression':'yes'}
ih9h5z,My depression is getting physical,"Ive had mental breakdowns before where I would usually just cry for a few hours. 
 But today I had a physical breakdown( if that makes sense). I wasnt feeling too good the whole day but it really started when I wanted to go to bed. First I got really dizzy, but I thought Im just tired. Then I felt like I was going to puke but I didnt. Then when I wanted to lay down I had trouble breathing, but I didnt even try to breath faster or sth. Even if I tried I wouldnt have had the energy to breathe faster. I laid there and it felt like my throat was closing, so I went and got my asthma spray (I never have asthma attacks tho I just need it when I do sports). So that helped a little with the breathing but as soon as that got better I couldnt swallow right anymore. It just felt like my whole throat was swollen and I couldnt even swallow my spit(yeah I know gross). Lastly I started shaking on my whole body and I guess I just waited until it got a little better. 
  
 I dont know if anyone really reads through this (probably not) but I just had to write that whole thing down somewhere. 
  
 Is that still normal for a regular depression? 
  
 I dont even know anymore. I still feel like I cant cry even tho I really want to, but it just doesnt work. I just cant.
 
 Edit: Also my heart was beating really fast the whole time. forgot to write that down. lol. 
 
  My chest still feels kinda weird tho","[0, 0]",{'control_group'},"My depression is getting physical. Ive had mental breakdowns before where I would usually just cry for a few hours. But today I had a physical breakdown if that makes sense. I wasnt feeling too good the whole day but it really started when I wanted to go to bed. First I got really dizzy, but I thought Im just tired. Then I felt like I was going to puke but I didnt. Then when I wanted to lay down I had trouble breathing, but I didnt even try to breath faster or sth. Even if I tried I wouldnt have had the energy to breathe faster. I laid there and it felt like my throat was closing, so I went and got my asthma spray I never have asthma attacks tho I just need it when I do sports. So that helped a little with the breathing but as soon as that got better I couldnt swallow right anymore. It just felt like my whole throat was swollen and I couldnt even swallow my spityeah I know gross. Lastly I started shaking on my whole body and I guess I just waited until it got a little better. I dont know if anyone really reads through this probably not but I just had to write that whole thing down somewhere. Is that still normal for a regular depression? I dont even know anymore. I still feel like I cant cry even tho I really want to, but it just doesnt work. I just cant. Edit Also my heart was beating really fast the whole time. forgot to write that down. lol. My chest still feels kinda weird tho",Normal,"{""depression"":""yes""}"
esm95r,I feel like I ruined my life trying to save it.,"Just a little background Im 25F and was diagnosed when I was 8 with depression. 
 
 I had weight loss surgery a week ago today. The combination of not being able to eat, not wanting to fuck it up, and having been off my meds for a week really messed with me. I feel like I made the biggest mistake of my life by having this. And I felt it from the second I woke up, which Im told is experienced by pretty much everyone who has the surgery. But on top of the normal buyers remorse of having surgery, I am fighting myself with eating. And the more I try to explain it, the less people understand. I am hungry. Not for steak or chicken nuggets, but just for literally anything. But every time I try to put food into my body, my brain spirals and creates a psychological effect of blocking off the hunger. So I take a sip, my brain tells me Im full, but my stomach is still screaming in hunger. This misery made me give up. So Ive just been drinking water as I can. Which isnt much. 
 
 This lack of nutrients has my body extra exhausted, and my brain is too. Ive thought of thousands of ways to die already. Im not suicidal, but I dont want to live anymore. Im tired. And it just feels like my body is confirming that I fucked up and I did the wrong thing. 
 
 On top of that, I work for my dad. But Ive been so exhausted I cant go back to work and he is mad. I know hes not actually mad, but I feel the silent unavoidable anger he feels but doesnt show. Its just all making me spiral hard.","[0, 0]",{'control_group'},"I feel like I ruined my life trying to save it. Just a little background Im 25F and was diagnosed when I was 8 with depression. I had weight loss surgery a week ago today. The combination of not being able to eat, not wanting to fuck it up, and having been off my meds for a week really messed with me. I feel like I made the biggest mistake of my life by having this. And I felt it from the second I woke up, which Im told is experienced by pretty much everyone who has the surgery. But on top of the normal buyers remorse of having surgery, I am fighting myself with eating. And the more I try to explain it, the less people understand. I am hungry. Not for steak or chicken nuggets, but just for literally anything. But every time I try to put food into my body, my brain spirals and creates a psychological effect of blocking off the hunger. So I take a sip, my brain tells me Im full, but my stomach is still screaming in hunger. This misery made me give up. So Ive just been drinking water as I can. Which isnt much. This lack of nutrients has my body extra exhausted, and my brain is too. Ive thought of thousands of ways to die already. Im not suicidal, but I dont want to live anymore. Im tired. And it just feels like my body is confirming that I fucked up and I did the wrong thing. On top of that, I work for my dad. But Ive been so exhausted I cant go back to work and he is mad. I know hes not actually mad, but I feel the silent unavoidable anger he feels but doesnt show. Its just all making me spiral hard.",Normal,{'depression':'yes'}
g5oaau,What's going on in my head?,"Just to set the scene, I'm a guy in my mid 20s and I've been single for all my life. Over the last few months I've started to become more and more depressed about it to the point where it feels like I'm heartbroken and lovesick for a better life. 
 
 I watched a new streamer a few weeks ago and it kind of hit home how pure and wholesome the community she interacting with was. The thing is it's not even a sexual thing or infatuation, it's literally just crushing because I'll never meet anyone who'll treat me that way. It's worse when I see all my friends settling down in relationships when I've never had one myself, I'm happy for them but crushed I've never had that chance myself. 
 
 As I've matured and seen my friends (some married) settle down with partners I've realised that it's less of a primal sexual thing with me. I feel more of a lack of deep emotional connections, that's an urge I doubt I'll ever satisfy and that's what deeply troubles me
 
 y lack of general socialisation has turned me into a somewhat of a loner, and I need a connection to make that better. It's been nearly 2 years since my last date and all I can do is relive the moment she hugged me and held my hand as we walked along.","[0, 0]",{'control_group'},"Whats going on in my head. Just to set the scene, Im a guy in my mid 20s and Ive been single for all my life. Over the last few months Ive started to become more and more depressed about it to the point where it feels like Im heartbroken and lovesick for a better life. I watched a new streamer a few weeks ago and it kind of hit home how pure and wholesome the community she interacting with was. The thing is its not even a sexual thing or infatuation, its literally just crushing because Ill never meet anyone wholl treat me that way. Its worse when I see all my friends settling down in relationships when Ive never had one myself, Im happy for them but crushed Ive never had that chance myself. As Ive matured and seen my friends some married settle down with partners Ive realised that its less of a primal sexual thing with me. I feel more of a lack of deep emotional connections, thats an urge I doubt Ill ever satisfy and thats what deeply troubles me y lack of general socialisation has turned me into a somewhat of a loner, and I need a connection to make that better. Its been nearly 2 years since my last date and all I can do is relive the moment she hugged me and held my hand as we walked along.",Normal,{'depression':'yes'}
aewlnx,Anyone finding Clonazepam just not doing much at all?,"Last year I went in for some psychological testing and was diagnosed with ADHD, chronic depression, and Generalized Anxiety Disorder. Yay? Sigh... 
  
 I was put on Prozac and Adderall for the first two, which I think have helped a lot. I was also prescribed 0.5 MG Clonazepam twice a day as needed, but Ive never noticed it doing much of anything. Im taking it as directed (no abusive doses), and I just dont notice a difference. My anxiety is pretty bad and ever present (though thankfully I dont think Ive had a full blown panic attack). Im always terrified of the next bad thing happening, when things are going good it makes me more nervous because I know it will get worse any moment. I literally never stop thinking about it. 
  
 When it gets bad I take my Clonazepam, and nothing. Took a dose about an hour and a half ago and Im just as nervous and uncomfortable as I was before. Always been this way. If I take it before bed I might have a slightly easier time sleeping, but just as likely not (got pretty bad insomnia). 
  
 Anyone ever had this experience with Clonazepam? Ive read all about it and seen people talk about how it can be a miracle drug and it turned their life around, but for me nothing. Obviously Ill talk to my psychiatrist about it next visit, just wanted to hear some anecdotal experiences. 
  
 To be clear, Im not looking to get high or anything, just to be able to calm down and relax even a little. 
  
 Thanks.","[1, 1]","{'depressive_disorder', 'anxiety_disorder'}","Anyone finding Clonazepam just not doing much at all. Last year I went in for some psychological testing and was diagnosed with ADHD, chronic depression, and Generalized Anxiety Disorder. Yay? Sigh. I was put on Prozac and Adderall for the first two, which I think have helped a lot. I was also prescribed 0.5 MG Clonazepam twice a day as needed, but Ive never noticed it doing much of anything. Im taking it as directed no abusive doses, and I just dont notice a difference. My anxiety is pretty bad and ever present though thankfully I dont think Ive had a full blown panic attack. Im always terrified of the next bad thing happening, when things are going good it makes me more nervous because I know it will get worse any moment. I literally never stop thinking about it. When it gets bad I take my Clonazepam, and nothing. Took a dose about an hour and a half ago and Im just as nervous and uncomfortable as I was before. Always been this way. If I take it before bed I might have a slightly easier time sleeping, but just as likely not got pretty bad insomnia. Anyone ever had this experience with Clonazepam? Ive read all about it and seen people talk about how it can be a miracle drug and it turned their life around, but for me nothing. Obviously Ill talk to my psychiatrist about it next visit, just wanted to hear some anecdotal experiences. To be clear, Im not looking to get high or anything, just to be able to calm down and relax even a little. Thanks.",Comorbid (Depression + Anxiety),{'depression':'yes'}
hv0g7g,"TW: PTSD, workplace harassment, suicidal ideation","Last year, I was verbally and emotionally harassed by a coworker. He has since left, but over the past twelve months since he was fired Ive developed PTSD and was formally diagnosed by a therapist last week. Its getting more and more challenging for me to complete my job (which Im currently working remote due to COVID). Even opening my email gives me extreme anxiety, and I have to work up to doing even the smallest tasks like messaging a coworker. It is getting bad enough at this point that Im not able to complete my job. My therapist suggested I find a new job (while we work through the PTSD), but because of everything going on I imagine it could take me a few months to find something. I honestly dont know if I can keep doing this another week, let alone another month. The last five months or so, all I can do is imagine escaping and Ive started having suicidal thoughts (my circle is in the loop on this and I am safe). Doing some research last night, I realized I could potentially take FMLA for this situation. However, Im feeling a lot of guilt and shame in doing this (I worry about letting down my team, and what they might think). I just need some words of encouragement, and validation of whether or not FMLA is a good option for me.","[0, 0]",{'control_group'},"TW PTSD, workplace harassment, suicidal ideation. Last year, I was verbally and emotionally harassed by a coworker. He has since left, but over the past twelve months since he was fired Ive developed PTSD and was formally diagnosed by a therapist last week. Its getting more and more challenging for me to complete my job which Im currently working remote due to COVID. Even opening my email gives me extreme anxiety, and I have to work up to doing even the smallest tasks like messaging a coworker. It is getting bad enough at this point that Im not able to complete my job. My therapist suggested I find a new job while we work through the PTSD, but because of everything going on I imagine it could take me a few months to find something. I honestly dont know if I can keep doing this another week, let alone another month. The last five months or so, all I can do is imagine escaping and Ive started having suicidal thoughts my circle is in the loop on this and I am safe. Doing some research last night, I realized I could potentially take FMLA for this situation. However, Im feeling a lot of guilt and shame in doing this I worry about letting down my team, and what they might think. I just need some words of encouragement, and validation of whether or not FMLA is a good option for me.",Normal,{'depression':'no'}
5p984j,Never share your opinions on reddit!,"Learned this lesson again. Anything even remotely political or controversial people will literally hate you for. I was doing so well and I try to say those people don't get me down but they do. This is the first time I've thought about suicide in over a week (pretty good amount of time for me, used to be every day) and I'm just so sad. I don't see my schizophrenia ever going away, what's the point in trying? I'm so drained. I'm also autistic and not very bright. I get sick literally all the time. I have barely any friends. I feel like a total of 10 people would care if I disappeared. I just wish I could vanish without hurting my family. They're the reason I can't bring myself to it, and deep down I'm glad. 
 
 I guess I'm looking for support. Subs like this always make me feel better, and they must be working if I've improved so much (also the medication my psychologist prescribed)
 
 I just feel like my opinions are invalid. I don't agree with the majority of the population on a lot of things and I feel so alone. I look to reddit to share these opinions and I get shat on. Then starts the spiral of feeling like I don't want to exist, a common feeling ):","[0, 0]",{'control_group'},"Never share your opinions on reddit. Learned this lesson again. Anything even remotely political or controversial people will literally hate you for. I was doing so well and I try to say those people dont get me down but they do. This is the first time Ive thought about suicide in over a week pretty good amount of time for me, used to be every day and Im just so sad. I dont see my schizophrenia ever going away, whats the point in trying? Im so drained. Im also autistic and not very bright. I get sick literally all the time. I have barely any friends. I feel like a total of 10 people would care if I disappeared. I just wish I could vanish without hurting my family. Theyre the reason I cant bring myself to it, and deep down Im glad. I guess Im looking for support. Subs like this always make me feel better, and they must be working if Ive improved so much also the medication my psychologist prescribed I just feel like my opinions are invalid. I dont agree with the majority of the population on a lot of things and I feel so alone. I look to reddit to share these opinions and I get shat on. Then starts the spiral of feeling like I dont want to exist, a common feeling",Normal,"{""depression"":""yes""}"
aq1ryu,"At breaking point, what next?","Let me provide some background. Im 26 and have been diagnosed with depression since I was 17. Ive been on SSRIs most of that time but they never seem to work.
 
 The past few months have gotten so much worse than I went to my doctor and got my SSRI changed and a prescription of klonopin to help with anxiety, side effects of changing meds, and panic attacks. He prescribed the lowest dose to be taken twice a day and I went through all of it as I needed it in 29 days. Now Im probably not only going to be labeled a mad abuser, but they were helping me get through the anxiety aspect. The depression however got worse (been 3 weeks on celexa) and usually it should be slightly getting better.
 
 Now I feel like one med that was helping is going to get taken away while my life falls apart. I want to go to ER but theyll do the same thing.
 
 Wtf do I do? Everyday is suffering, dread, and pain. I want to kill my self but wont for the sake of my loved ones.","[1, 0]",{'depressive_disorder'},"At breaking point, what next. Let me provide some background. Im 26 and have been diagnosed with depression since I was 17. Ive been on SSRIs most of that time but they never seem to work. The past few months have gotten so much worse than I went to my doctor and got my SSRI changed and a prescription of klonopin to help with anxiety, side effects of changing meds, and panic attacks. He prescribed the lowest dose to be taken twice a day and I went through all of it as I needed it in 29 days. Now Im probably not only going to be labeled a mad abuser, but they were helping me get through the anxiety aspect. The depression however got worse been 3 weeks on celexa and usually it should be slightly getting better. Now I feel like one med that was helping is going to get taken away while my life falls apart. I want to go to ER but theyll do the same thing. Wtf do I do? Everyday is suffering, dread, and pain. I want to kill my self but wont for the sake of my loved ones.",Depression,"{""depression"":""yes""}"
5mcnpm,"With the New Year comes a time to reevaluate your relationship with Opiates. If the glow is still there accompanied with the feeling that all is right in life, forge on. But if the feeling is gone, replaced you fear and regrets.. Why not change 2017 and drop this fruitless habit?","Let's keep the relationships that serve purpose in our life and still bring us happiness and excitement-- the ones that bring back our childhood *gusto* for life.
 
 But let's never allow ourselves a life of an aimless existence for a feeling which is far gone. No more spending more and more money for increasingly diminished returns. 
 
 *****
 
  Now is the time to ask yourself, are opiates making me happy at all?
 
 Or are they just increasing my stress and self-loathing? Is the very feeling which had drawn me to opiates even there? Or do I experience only a few moments of wishful thinking, wishing for a ghost of a feeling that has long passed?
 
 If you find the latter case to be true, then you also realize opiates play no valuable role in your life. But you say, *sure they are, they keep me from getting sick.*
 
 But they also happen to be the substance, *causing* your sickness. Not contributing, *causing*.
 
 Is avoiding a few weeks of shit really worth day-to-day unhappiness and years to a lifetime of living below your potential [if not worse]?
 
 This is your life. For all you know, your only shot. One shot. Don't wait until the end of 2017, *yes two thousand fucking 17* to make the change. Do it now.
 
 You won't regret it.","[0, 0]",{'control_group'},"With the New Year comes a time to reevaluate your relationship with Opiates. If the glow is still there accompanied with the feeling that all is right in life, forge on. But if the feeling is gone, replaced you fear and regrets. Why not change 2017 and drop this fruitless habit. Lets keep the relationships that serve purpose in our life and still bring us happiness and excitement the ones that bring back our childhood gusto for life. But lets never allow ourselves a life of an aimless existence for a feeling which is far gone. No more spending more and more money for increasingly diminished returns. Now is the time to ask yourself, are opiates making me happy at all? Or are they just increasing my stress and selfloathing? Is the very feeling which had drawn me to opiates even there? Or do I experience only a few moments of wishful thinking, wishing for a ghost of a feeling that has long passed? If you find the latter case to be true, then you also realize opiates play no valuable role in your life. But you say, sure they are, they keep me from getting sick. But they also happen to be the substance, causing your sickness. Not contributing, causing. Is avoiding a few weeks of shit really worth daytoday unhappiness and years to a lifetime of living below your potential if not worse? This is your life. For all you know, your only shot. One shot. Dont wait until the end of 2017, yes two thousand fucking 17 to make the change. Do it now. You wont regret it.",Normal,{'depression':'no'}
65e80k,my depression is hurting my family,"long story short i started getting depressed after my girlfriend dumped me. Back then i was a struggling college sophomore with no motivation, while she was a premed 4th year who just got accepted into stanford for grad school. Then she cheats on me during finals week and everything goes to shit.
 fastforward a few months after we break up, I give us the no contact rule but for me everything just seems dull and gray and pointless, and at one point i just broke down at home when my parents yelled at me for forgetting to do chores when i came home during spring break. thats when i realized how fragile i was. then i let off that i was diagnosed with depression during my time at college, and now my parents are so fucking stressed about me being back on campus again and my sister texted me saying how they might actually die from the stress since everything's going to shit. i want to get better. i hate feeling like this. i don't want my parents getting hurt just because I'm hurting. is there anything i can do? at times i've thought it'd be better to just disappear than putting everyone through so much trouble. i don't have hopes for the future since im failing college and have no motivation. i whine about not doing well when i didn't put in effort to better myself. and i really fucking hate how i'm hurting good people just because I'm incompetent","[1, 0]",{'depressive_disorder'},"my depression is hurting my family. long story short i started getting depressed after my girlfriend dumped me. Back then i was a struggling college sophomore with no motivation, while she was a premed 4th year who just got accepted into stanford for grad school. Then she cheats on me during finals week and everything goes to shit. fastforward a few months after we break up, I give us the no contact rule but for me everything just seems dull and gray and pointless, and at one point i just broke down at home when my parents yelled at me for forgetting to do chores when i came home during spring break. thats when i realized how fragile i was. then i let off that i was diagnosed with depression during my time at college, and now my parents are so fucking stressed about me being back on campus again and my sister texted me saying how they might actually die from the stress since everythings going to shit. i want to get better. i hate feeling like this. i dont want my parents getting hurt just because Im hurting. is there anything i can do? at times ive thought itd be better to just disappear than putting everyone through so much trouble. i dont have hopes for the future since im failing college and have no motivation. i whine about not doing well when i didnt put in effort to better myself. and i really fucking hate how im hurting good people just because Im incompetent",Depression,"{""depression"": ""yes""}"
bjl70u,I'm too anxious to eat,"Long story short: I'm currently an inpatient at a psych ward and have been for the last three months. I'm suffering from depression and anxiety and had prior to my admission had a suicide attempt. You get the picture. 
 
 I recently moved to another ward which fucked all my progress up. I'm basically stuck in my room 24 hours a day, which means that the first couple of days I was staying at the ward I didn't eat anything because I was too anxious to go and eat in the dining area. A nurse noticed and suggested that they could come down with a tray instead and I accepted the offer. It worked when she was working cause then she would get the tray for me, but recently she hasn't been working on the ward am at, and the other nurses don't really know that I need a tray. I guess I could tell them, but when they come and ask why I'm not in the dining area eating, my anxiety get all fucked and I just end up saying that I'm not hungry. Some of the nurses then ask if I'm sure or if I need them to get a tray for me and guess what! I fucking decline their offer to get me a tray even though I'm starving... Why? Because I'm too anxious that I'll be a burden or some shit like that. 
 
 This has resulted in me eating one or two meals a day instead of the three we are supposed to eat. Thank you anxiety, you bitch. 
 
 *(Sorry for my English, it isn't my first language.)*","[1, 1]","{'depressive_disorder', 'anxiety_disorder'}","Im too anxious to eat. Long story short Im currently an inpatient at a psych ward and have been for the last three months. Im suffering from depression and anxiety and had prior to my admission had a suicide attempt. You get the picture. I recently moved to another ward which fucked all my progress up. Im basically stuck in my room 24 hours a day, which means that the first couple of days I was staying at the ward I didnt eat anything because I was too anxious to go and eat in the dining area. A nurse noticed and suggested that they could come down with a tray instead and I accepted the offer. It worked when she was working cause then she would get the tray for me, but recently she hasnt been working on the ward am at, and the other nurses dont really know that I need a tray. I guess I could tell them, but when they come and ask why Im not in the dining area eating, my anxiety get all fucked and I just end up saying that Im not hungry. Some of the nurses then ask if Im sure or if I need them to get a tray for me and guess what! I fucking decline their offer to get me a tray even though Im starving. Why? Because Im too anxious that Ill be a burden or some shit like that. This has resulted in me eating one or two meals a day instead of the three we are supposed to eat. Thank you anxiety, you bitch. Sorry for my English, it isnt my first language.",Comorbid (Depression + Anxiety),{'depression':'yes'}
9lvw94,There's a lot on my plate and just need advice.,"Made a anonymous account for this purpose which I hope is aloud, I just have some issues and need to vent and maybe get some advice on some things.
 
 First of all let's establish that I have been diagnosed with depression and anxiety (along with ADHD but not even sure if that's still accurate). I'm on 80mg of fluoxetine (prozac) and 200mg of lamotrigine (lamictal), because of this I have developed a huge fear of being sad, I feel like if I am sad that the medications aren't working and I will have to go through the painful part of my life again to get back on track, it's like taking the wrong turn in a diabolical forest that you just want to get out of, but once you are, you realise that you took the wrong path but you don't want to go back in.
 
 I have patches of being overwhelmed and mild depression, I say its mild because its just a slight feeling of hopelessness but no where near as bad as it was, but that's what Im scared of.
 
 I'm terrified, and I see no other way than to go back into the forest, but once your in there, you lose track of your memories, who you are and how to get out. That's depression, and that's what I might have to go through if it turns out my medication needs to be changed again.
 
 My birthday is in a few weeks but I'm not even excited about it, I'm caught up in the moment and can't seem to look past it. 
 
 Anyway rant over, I hope someone can pitch in their 2 cents in this situation for me, I'd really appreciate it. Thanks.","[1, 1]","{'depressive_disorder', 'anxiety_disorder'}","Theres a lot on my plate and just need advice. Made a anonymous account for this purpose which I hope is aloud, I just have some issues and need to vent and maybe get some advice on some things. First of all lets establish that I have been diagnosed with depression and anxiety along with ADHD but not even sure if thats still accurate. Im on 80mg of fluoxetine prozac and 200mg of lamotrigine lamictal, because of this I have developed a huge fear of being sad, I feel like if I am sad that the medications arent working and I will have to go through the painful part of my life again to get back on track, its like taking the wrong turn in a diabolical forest that you just want to get out of, but once you are, you realise that you took the wrong path but you dont want to go back in. I have patches of being overwhelmed and mild depression, I say its mild because its just a slight feeling of hopelessness but no where near as bad as it was, but thats what Im scared of. Im terrified, and I see no other way than to go back into the forest, but once your in there, you lose track of your memories, who you are and how to get out. Thats depression, and thats what I might have to go through if it turns out my medication needs to be changed again. My birthday is in a few weeks but Im not even excited about it, Im caught up in the moment and cant seem to look past it. Anyway rant over, I hope someone can pitch in their 2 cents in this situation for me, Id really appreciate it. Thanks.",Comorbid (Depression + Anxiety),"{""depression"": ""yes""}"
4x88k2,Life is a cruel mistress,"Maybe i need to start smoking weed. I tried smoking cigarettes 20 years ago with my cousin, i was 9 years old. When i attempted, i damn near coughed up a lung and was discouraged from smoking ANYTHING ever again. I have never smoked since that attempt and i am 29 now; I always thought that being healthy meant something. I wanted to be healthy so i can be successful. I didn't want to be like my dad with heart, and diabetes problems. My health is still in ruin though: high blood pressure, asthma, sleep apnea, overweight, major depressive disorder. haven't smoked a cigarette in 20 years (when i failed at it as a kid), haven't drunk alcohol since college 6 years ago. still have a good chance of dying since i have worse health issues than drinkers and smokers. I haven't been in such a wrong place in my entire life, it's like i try to be the good guy, but only get treated like the bad guy. I really tried to succeed at life; i mean REALLY tried. I don't know what to do with myself anymore. I have high expectations from everyone to ""go out there and succeed;"" I'm not sure if i'm going to survive. I'm so stressed out; maybe i should leave this state, but where can i go? no one will like me, no one will accept me; it's been this way since i was 6 years old. i have no confidence in my interaction with human beings beside acquaintances, and fuck it, thats enough. where is my space ship so i can go home.","[1, 0]",{'depressive_disorder'},"Life is a cruel mistress. Maybe i need to start smoking weed. I tried smoking cigarettes 20 years ago with my cousin, i was 9 years old. When i attempted, i damn near coughed up a lung and was discouraged from smoking ANYTHING ever again. I have never smoked since that attempt and i am 29 now I always thought that being healthy meant something. I wanted to be healthy so i can be successful. I didnt want to be like my dad with heart, and diabetes problems. My health is still in ruin though high blood pressure, asthma, sleep apnea, overweight, major depressive disorder. havent smoked a cigarette in 20 years when i failed at it as a kid, havent drunk alcohol since college 6 years ago. still have a good chance of dying since i have worse health issues than drinkers and smokers. I havent been in such a wrong place in my entire life, its like i try to be the good guy, but only get treated like the bad guy. I really tried to succeed at life i mean REALLY tried. I dont know what to do with myself anymore. I have high expectations from everyone to go out there and succeed Im not sure if im going to survive. Im so stressed out maybe i should leave this state, but where can i go? no one will like me, no one will accept me its been this way since i was 6 years old. i have no confidence in my interaction with human beings beside acquaintances, and fuck it, thats enough. where is my space ship so i can go home.",Depression,"{""depression"": ""yes""}"
9i8x1t,I've been having a hard time lately,My depression has been bad lately. I just feel like I'm in this awful body not wanting to do anything I have to but I mindlessly do what I'm suppose to. I'm hating having to move in general. I just wanna cry and not deal with anything at all. I wanna quit my job because a certain supervisor is always awful to me. It feels when I ask for help at work with my work they are inconvenienced or like I'm stupid. Which I believe is unfair and inaccurate. I usually get 100% or higher on my calls. I'm always above satisfactory..and I feel unimportant. I can't just quit. I'm a mom of 3. I'm overweight and moving jobs hurt. It is a sit at a computer job and when not getting calls we can do whatever on a computer. The job itself is mentally exhausting but still doable just the supervisors make it hard. I feel like I do well for the most part. I do get stressed easy and my schedule is crazy. All 3 of my kids are in soccer and I'm doing my best to push through this. I'm a huge rollercoaster and I hate it so much. I'm considered high functioning but it doesn't feel much easier just that I can put on a happy face when needed 98% of the time..,"[1, 0]",{'depressive_disorder'},Ive been having a hard time lately. My depression has been bad lately. I just feel like Im in this awful body not wanting to do anything I have to but I mindlessly do what Im suppose to. Im hating having to move in general. I just wanna cry and not deal with anything at all. I wanna quit my job because a certain supervisor is always awful to me. It feels when I ask for help at work with my work they are inconvenienced or like Im stupid. Which I believe is unfair and inaccurate. I usually get 100 or higher on my calls. Im always above satisfactory.and I feel unimportant. I cant just quit. Im a mom of 3. Im overweight and moving jobs hurt. It is a sit at a computer job and when not getting calls we can do whatever on a computer. The job itself is mentally exhausting but still doable just the supervisors make it hard. I feel like I do well for the most part. I do get stressed easy and my schedule is crazy. All 3 of my kids are in soccer and Im doing my best to push through this. Im a huge rollercoaster and I hate it so much. Im considered high functioning but it doesnt feel much easier just that I can put on a happy face when needed 98 of the time.,Depression,{'depression':'yes'}
7p98jn,Looking for a job with intense depression...,"My depression has gotten really bad the past year, so much so last week I lost my job. I couldnt concentrate, couldnt remember things, Ive never been able to stay organized, made mistakes, got totally overwhelmed, got behind, got fired. Sigh. 
  
 Also lost my insurance so Im weening off the Effexor Ive been on because I cant get it anymore. Suffice to say things are not gong well. 
  
 Now Im in the awful position of having to look for a job with depression firing on all cylinders. Anything I would *want* to do (office work, having a computer, ac/heat, nice coworkers) Im too stupid to do (as evidenced by my last two failed attempts). And the other option, stuff like factory work, makes me *miserable*. Ive done it before, constant overtime, weird schedules, macho coworkers. I hate it so much. 
  
 I just dont know what to do, I dont want to be trapped somewhere miserable, but I dont want to fail again and again and again. I cant take it anymore.","[1, 0]",{'depressive_disorder'},"Looking for a job with intense depression. My depression has gotten really bad the past year, so much so last week I lost my job. I couldnt concentrate, couldnt remember things, Ive never been able to stay organized, made mistakes, got totally overwhelmed, got behind, got fired. Sigh. Also lost my insurance so Im weening off the Effexor Ive been on because I cant get it anymore. Suffice to say things are not gong well. Now Im in the awful position of having to look for a job with depression firing on all cylinders. Anything I would want to do office work, having a computer, acheat, nice coworkers Im too stupid to do as evidenced by my last two failed attempts. And the other option, stuff like factory work, makes me miserable. Ive done it before, constant overtime, weird schedules, macho coworkers. I hate it so much. I just dont know what to do, I dont want to be trapped somewhere miserable, but I dont want to fail again and again and again. I cant take it anymore.",Depression,{'depression':'yes'}
54ekdj,It's getting to the point where I have no motivation to take care of myself and other thoughts,"My eating has always been off, but it's gotten worse. I only eat like at the most 3/4 of a full meal a day, with maybe a little snack. 
 My family thinks my eating is doing alright, but they don't know how little I eat, they think I eat at College. I have lost some weight, but they have noticed my jeans are getting baggy.
 I don't want to shower or get dressed or wash or brush my teeth. 
 My sleeping isn't that good, but that could also be part of my PTSD. I also have BPD but I thought this was more suitable here. I can't concentrate enough in College. 
 I don't socialize that much, but I do have people that let me when I want to. 
 I'm thinking of suicide every day, it can vary in how intense it is. 
 Luckily I know how to act so no-one gets worried. 
 I don't actually get depressed that often, I more get frustrated or upset, but there are times where I cant reconigze or know what I'm feeling, or if I feel at all. Times where I feel numb, or nothing feels weird.
 I'm meant to get my ID sorted so I can start drinking, so it can help. But I can't even get that sorted. 
 I'm not normal, I don't do anything right, I don't really have any actual friends. People would do so much better without me. 
 I have no purpose, and it would be better if I wasn't here, but I'm too fearful to go through with it just yet. Hopefully soon. 
 I can't take this again, I hate myself so much.","[0, 0]",{'control_group'},"Its getting to the point where I have no motivation to take care of myself and other thoughts. My eating has always been off, but its gotten worse. I only eat like at the most 34 of a full meal a day, with maybe a little snack. My family thinks my eating is doing alright, but they dont know how little I eat, they think I eat at College. I have lost some weight, but they have noticed my jeans are getting baggy. I dont want to shower or get dressed or wash or brush my teeth. My sleeping isnt that good, but that could also be part of my PTSD. I also have BPD but I thought this was more suitable here. I cant concentrate enough in College. I dont socialize that much, but I do have people that let me when I want to. Im thinking of suicide every day, it can vary in how intense it is. Luckily I know how to act so noone gets worried. I dont actually get depressed that often, I more get frustrated or upset, but there are times where I cant reconigze or know what Im feeling, or if I feel at all. Times where I feel numb, or nothing feels weird. Im meant to get my ID sorted so I can start drinking, so it can help. But I cant even get that sorted. Im not normal, I dont do anything right, I dont really have any actual friends. People would do so much better without me. I have no purpose, and it would be better if I wasnt here, but Im too fearful to go through with it just yet. Hopefully soon. I cant take this again, I hate myself so much.",Normal,"{""depression"":""yes""}"
em3fnq,"I'm genuinely trying to find reasons to live anymore, but I can't tell my family or friend.","My family is full of super religious people that would just suggest that I pray, and that nothing is wrong with me. There's also a chance that some of them will call me selfish for feeling this way, as they've said that before when I broke down and admitted how I sometimes wished that I was never born. 
  
  
 As for my friend, I don't want him to be bothered with this. He stressed too much over me for years, and I feel like he's probably burned himself out. My schizophrenia and the breakdowns that it causes seem to just annoy him more than anything. He doesn't really seem to react when I mention how unhappy I am with life.
  
  
 Mind you, I'm not begging for attention. I don't want it to seem that way at all. I just need to let someone somewhere know that I'm not okay. Because of my family's beliefs, therapy and medication have never been an option, and won't be an option until I've moved out and gotten my own insurance so they have no proof of what I've done. 
  
  
 I know that medication could help me a lot, and I don't believe that mental illness is caused by demons. But I don't know if I can hold on much longer. Just having different beliefs and a plan to get help won't do anything for me right now. 
 And right now, I barely feel like I'll make it to next week, let alone some date at least two years in the future.","[0, 0]",{'control_group'},"Im genuinely trying to find reasons to live anymore, but I cant tell my family or friend. My family is full of super religious people that would just suggest that I pray, and that nothing is wrong with me. Theres also a chance that some of them will call me selfish for feeling this way, as theyve said that before when I broke down and admitted how I sometimes wished that I was never born. As for my friend, I dont want him to be bothered with this. He stressed too much over me for years, and I feel like hes probably burned himself out. My schizophrenia and the breakdowns that it causes seem to just annoy him more than anything. He doesnt really seem to react when I mention how unhappy I am with life. Mind you, Im not begging for attention. I dont want it to seem that way at all. I just need to let someone somewhere know that Im not okay. Because of my familys beliefs, therapy and medication have never been an option, and wont be an option until Ive moved out and gotten my own insurance so they have no proof of what Ive done. I know that medication could help me a lot, and I dont believe that mental illness is caused by demons. But I dont know if I can hold on much longer. Just having different beliefs and a plan to get help wont do anything for me right now. And right now, I barely feel like Ill make it to next week, let alone some date at least two years in the future.",Normal,{'depression':'yes'}
icm99n,Depression related memory loss is starting to effect me at work now,"My memory has been steadily getting worse with each passing year. Doctors and psychologist are adamant it's directly tied to my depression. I'm way overworked; working 84 hours a week for 5 weeks at a time before I get a week off. I'm not happy with the place I work or the place I live in. My hometown has a total of 350 people, abysmal infrastructure and things went from horrifically mundane to unlivable since Covid struck and shut everything down.
 
 I fucked up at work this morning. Bad enough that multiple people were required to fix my fuck up. I've been working here for three years and the thing I fucked up was so small but can cause a huge hiccup in production. I was accused of being a liar because I was misunderstood when I explained myself. I was basically bullied by my boss until I disclosed information about my rapidly degenerating memory but I didn't say anything about my depression or meds.
 
 I wasn't upset about what had happened. People seemed to think that way but no. I'm upset that after years of maintaining this mask of being some other normal person, it's finally starting to crack because my brain has decided to fuck me altogether.
 
 If it wasn't for the fact I have bills to pay and I need to feed myself I would take some time off to at least attempt to get my head straight. I already know it would be pointless to try. 
 
 I kinda want to go home from work early today. I don't want pity from anyone, I just want to be left alone.","[1, 0]",{'depressive_disorder'},"Depression related memory loss is starting to effect me at work now. My memory has been steadily getting worse with each passing year. Doctors and psychologist are adamant its directly tied to my depression. Im way overworked working 84 hours a week for 5 weeks at a time before I get a week off. Im not happy with the place I work or the place I live in. My hometown has a total of 350 people, abysmal infrastructure and things went from horrifically mundane to unlivable since Covid struck and shut everything down. I fucked up at work this morning. Bad enough that multiple people were required to fix my fuck up. Ive been working here for three years and the thing I fucked up was so small but can cause a huge hiccup in production. I was accused of being a liar because I was misunderstood when I explained myself. I was basically bullied by my boss until I disclosed information about my rapidly degenerating memory but I didnt say anything about my depression or meds. I wasnt upset about what had happened. People seemed to think that way but no. Im upset that after years of maintaining this mask of being some other normal person, its finally starting to crack because my brain has decided to fuck me altogether. If it wasnt for the fact I have bills to pay and I need to feed myself I would take some time off to at least attempt to get my head straight. I already know it would be pointless to try. I kinda want to go home from work early today. I dont want pity from anyone, I just want to be left alone.",Depression,"{""depression"": ""yes""}"
7lkyxt,Why do older adults with depression seemingly lack compassion for younger adults who suffer from it?,"My mom and I both suffer from depression but deal with it in drastically different ways. My depression causes me to become bitter and irritable, even withdrawn sometimes despite being a self proclaimed extrovert. My mom just cries a lot. I make it a point never to cry in front of her, because when I do she calls me a ""drama queen"" and reminds me ""there are people with worse problems than you"". (Don't get me started on how much I hate that phrase!)
 
 Whatever the reasoning is, she seems to completely lack compassion for anyone my age who suffers from depression. Is it because I'm young and supposedly have ""potential""? (Spoiler alert: I don't). Is it because I have it marginally better than she did when she was my age? Or is it just because depression itself is so terrible sometimes that it keeps you from seeing that other people are also going through the same shit? 
 
 Does anyone else have this same problem?","[1, 0]",{'depressive_disorder'},"Why do older adults with depression seemingly lack compassion for younger adults who suffer from it. My mom and I both suffer from depression but deal with it in drastically different ways. My depression causes me to become bitter and irritable, even withdrawn sometimes despite being a self proclaimed extrovert. My mom just cries a lot. I make it a point never to cry in front of her, because when I do she calls me a drama queen and reminds me there are people with worse problems than you. Dont get me started on how much I hate that phrase! Whatever the reasoning is, she seems to completely lack compassion for anyone my age who suffers from depression. Is it because Im young and supposedly have potential? Spoiler alert I dont. Is it because I have it marginally better than she did when she was my age? Or is it just because depression itself is so terrible sometimes that it keeps you from seeing that other people are also going through the same shit? Does anyone else have this same problem?",Depression,{'depression':'yes'}
9ze2zf,My Story I guess.,"My name is Charlie, I am no stranger to sadness. 
 
 
 I was diagnosed with CM (chronic major) depression when i was eight, and PDD (Persistant Depressive disorder) when i was 10. I am close to 15 now and still the same. 
 I have intense social anxiety as well and find it hard socializing with people i don't know. People think I'm just being lazy but have no idea why i lie when they ask why i always wear longsleeved or dont join in on PE class. My self confidence is low and thats why I've been used my whole life. Bullied, shut out, used. 
 
 
 Around the start 8th grade I started doing pot aswell as tried other drugs (cocain, ketamine, mdma etc.) My older brother's been a coke user for years and i always felt compelled from drugs, which has stopped addiction, but pot just stayed for me. I eventually got into a bad habit of drinking when I'm sad too which i hate. 
 I've gotten better at these and use neither as often anymore, but sometimes when i have breakdowns i cant help it. 
 
 
 I've fought gender dysphoria for a few years now which I'd say definately fuels my depression and there's literally only one thing keeping me alive. My summercamp. Before I came there i attempted suicide twice but didnt have enough courage to since everyone kept saying that it was cowardly and wrong to do. Right now I can't take much more of being the wrong gender. I just want it fixed. 
 
 
 And on top of that, my girlfriend just told me that she doesnt feel the same about me anymore. 
 
 
 What a beautiful day. Am i right?","[1, 1]","{'depressive_disorder', 'anxiety_disorder'}","My Story I guess. My name is Charlie, I am no stranger to sadness. I was diagnosed with CM chronic major depression when i was eight, and PDD Persistant Depressive disorder when i was 10. I am close to 15 now and still the same. I have intense social anxiety as well and find it hard socializing with people i dont know. People think Im just being lazy but have no idea why i lie when they ask why i always wear longsleeved or dont join in on PE class. My self confidence is low and thats why Ive been used my whole life. Bullied, shut out, used. Around the start 8th grade I started doing pot aswell as tried other drugs cocain, ketamine, mdma etc. My older brothers been a coke user for years and i always felt compelled from drugs, which has stopped addiction, but pot just stayed for me. I eventually got into a bad habit of drinking when Im sad too which i hate. Ive gotten better at these and use neither as often anymore, but sometimes when i have breakdowns i cant help it. Ive fought gender dysphoria for a few years now which Id say definately fuels my depression and theres literally only one thing keeping me alive. My summercamp. Before I came there i attempted suicide twice but didnt have enough courage to since everyone kept saying that it was cowardly and wrong to do. Right now I cant take much more of being the wrong gender. I just want it fixed. And on top of that, my girlfriend just told me that she doesnt feel the same about me anymore. What a beautiful day. Am i right?",Comorbid (Depression + Anxiety),{'depression':'yes'}
faiehr,Im doped up at work. Id rather feel this than my anxiety.,"My panic attacks last 3-4 hrs at a time. Its bogus. Its terrifying. And theyve become so prevalent that even thinking of having one gets me anxious.
 
 I am kinda doped up on a mix of Zoloft (second day taking it) and benzos, at work. But its better than my anxiety. My anxiety is so bad I cant even think when Im at work. Customer asks a simple question? Uh.... 
 
 At least I can think. I mean, Im like nodding off a bit, but I can answer simple questions. And can type this paragraph, so I think Im okay.
 
 I hate panic disorder. I feel like I cant even function somehow despite the fact I work. 
 
 The Zoloft better work. Or else I dont know what Ill do. I need to feel numb. Numb and emotionless is better than what Ive been having. At least I can function, numb.","[0, 0]",{'control_group'},"Im doped up at work. Id rather feel this than my anxiety. My panic attacks last 34 hrs at a time. Its bogus. Its terrifying. And theyve become so prevalent that even thinking of having one gets me anxious. I am kinda doped up on a mix of Zoloft second day taking it and benzos, at work. But its better than my anxiety. My anxiety is so bad I cant even think when Im at work. Customer asks a simple question? Uh. At least I can think. I mean, Im like nodding off a bit, but I can answer simple questions. And can type this paragraph, so I think Im okay. I hate panic disorder. I feel like I cant even function somehow despite the fact I work. The Zoloft better work. Or else I dont know what Ill do. I need to feel numb. Numb and emotionless is better than what Ive been having. At least I can function, numb.",Normal,{'depression':'no'}
9nfqs4,What do YOU think a normal life is?,"My therapist told me to come up with answers to two questions 1) What do I think a normal life is, and 2) How can I get there over time. I have been diagnosed with depression, social phobia, and a panic disorder. I live a pretty lonely life, yet I feel that I am fully capable of changing that. I told him (therapist) that I just want a normal life, then he came up with the two questions listed above. Thinking them over these past few days, I don't think I want a normal life. I talk and joke around with my coworkers and other students everyday, yet I don't want anything to do with them. I feel like there is something missing when I try to connect to people, and the overwhelming weight of depression and anxiety doesn't help. So what is a normal life? Wife? If I met someone that I truly cared about, I seriously doubt I would tell her that I think about killing myself every night. Friends? I have a very hard time connecting with people. I think I am going to join a group therapy session, see how others are dealing with this.
 
 TL;DR
 
 I just want to know what your definition of a normal life is, and if you would be happy in your normal life.","[1, 1]","{'depressive_disorder', 'anxiety_disorder'}","What do YOU think a normal life is. My therapist told me to come up with answers to two questions 1 What do I think a normal life is, and 2 How can I get there over time. I have been diagnosed with depression, social phobia, and a panic disorder. I live a pretty lonely life, yet I feel that I am fully capable of changing that. I told him therapist that I just want a normal life, then he came up with the two questions listed above. Thinking them over these past few days, I dont think I want a normal life. I talk and joke around with my coworkers and other students everyday, yet I dont want anything to do with them. I feel like there is something missing when I try to connect to people, and the overwhelming weight of depression and anxiety doesnt help. So what is a normal life? Wife? If I met someone that I truly cared about, I seriously doubt I would tell her that I think about killing myself every night. Friends? I have a very hard time connecting with people. I think I am going to join a group therapy session, see how others are dealing with this. TLDR I just want to know what your definition of a normal life is, and if you would be happy in your normal life.",Comorbid (Depression + Anxiety),{'depression':'yes'}
7m4m6j,My brother died and it hurts so much,"My younger brother was found dead in his apartment nearly 2 weeks ago. He had epilepsy that wasn't well controlled and we think he died while having seizures overnight (The autopsy report hasn't come back yet). He was 29.
 
 I'm sure this is obvious, but the grief feels like it's suffocating me. I'm currently the guardian of our little sister (17 yrs old) and I was just about recovered from a depressive episode with a new medication.
 The police broke the news to my mother and me, and because of how distressed my mother was I broke the news to everyone else. I wrote the obit, I made the collages for the memorial service, I gave the eulogy, I cleaned out his apartment and tomorrow I will be bringing home his ashes. These past 2 weeks, I put on a brave face for my sister and our grandparents, I played nice with family that I'm bitter towards and I've been keeping my other younger brother and our Mom calm. Even on Christmas. 
 
 Rationally I know I should be proud of how I handled all of that, and a lot of that work helped me push through a lot of the grieving process but I'm still so sad and I cry when no one is looking and I miss my little brother so very much and the brief feels like it's literally sitting on my chest. 
 
 I just don't know how to get through this. Thank you for reading my thoughts, I know this was a long post.","[1, 0]",{'depressive_disorder'},"My brother died and it hurts so much. My younger brother was found dead in his apartment nearly 2 weeks ago. He had epilepsy that wasnt well controlled and we think he died while having seizures overnight The autopsy report hasnt come back yet. He was 29. Im sure this is obvious, but the grief feels like its suffocating me. Im currently the guardian of our little sister 17 yrs old and I was just about recovered from a depressive episode with a new medication. The police broke the news to my mother and me, and because of how distressed my mother was I broke the news to everyone else. I wrote the obit, I made the collages for the memorial service, I gave the eulogy, I cleaned out his apartment and tomorrow I will be bringing home his ashes. These past 2 weeks, I put on a brave face for my sister and our grandparents, I played nice with family that Im bitter towards and Ive been keeping my other younger brother and our Mom calm. Even on Christmas. Rationally I know I should be proud of how I handled all of that, and a lot of that work helped me push through a lot of the grieving process but Im still so sad and I cry when no one is looking and I miss my little brother so very much and the brief feels like its literally sitting on my chest. I just dont know how to get through this. Thank you for reading my thoughts, I know this was a long post.",Depression,{'depression':'no'}
73gt2x,There's no way out,"Not anymore.
 I don't have rent and todays the last day of the month. On top of that, I need to somehow get another hundred. I have no job, no car, no future. Time is up. There's no way out of this. I've let everyone down. They don't deserve this
 
 I've been put in a psych ward before for suicide plans. I was diagnosed with major depressive disorder, anxiety disorder, dermatillomania, and ptsd. I was on medication, but stopped. I used to cut, but was threatened to be sent back if I ever did again. It was the only thing that brought me down though. Now I have nothing. I am not able to find comfort in anything. Things that brought me joy now bring only apathy and dread. I've had therapists. Only one was good, the others were jokes. The only good one worked in the ward and had no outpatient opportunities.
 
 I try and have tried to push myself away from it so much, but every day is like a dagger pushing farther and farther in. I have no way out from any of this anymore. Nothing helps. Nothing gets better. I've been battling depression and suicide since I was a child. 
 
 My boyfriend has a gun. I want to use it. But I can't imagine his pain if he found that I used his gun to end it. He doesn't deserve that. I don't deserve him. I want better for him, I want him to have someone who isn't depressed all the time, who isn't suicidal. I know it must be incredibly stressful for him. If I'm gone, the hurt will only be for a little while. Then he can move to better opportunities.","[1, 1]","{'depressive_disorder', 'anxiety_disorder'}","Theres no way out. Not anymore. I dont have rent and todays the last day of the month. On top of that, I need to somehow get another hundred. I have no job, no car, no future. Time is up. Theres no way out of this. Ive let everyone down. They dont deserve this Ive been put in a psych ward before for suicide plans. I was diagnosed with major depressive disorder, anxiety disorder, dermatillomania, and ptsd. I was on medication, but stopped. I used to cut, but was threatened to be sent back if I ever did again. It was the only thing that brought me down though. Now I have nothing. I am not able to find comfort in anything. Things that brought me joy now bring only apathy and dread. Ive had therapists. Only one was good, the others were jokes. The only good one worked in the ward and had no outpatient opportunities. I try and have tried to push myself away from it so much, but every day is like a dagger pushing farther and farther in. I have no way out from any of this anymore. Nothing helps. Nothing gets better. Ive been battling depression and suicide since I was a child. My boyfriend has a gun. I want to use it. But I cant imagine his pain if he found that I used his gun to end it. He doesnt deserve that. I dont deserve him. I want better for him, I want him to have someone who isnt depressed all the time, who isnt suicidal. I know it must be incredibly stressful for him. If Im gone, the hurt will only be for a little while. Then he can move to better opportunities.",Comorbid (Depression + Anxiety),{'depression':'yes'}
nn34eu,I can only control myself.,"Nothing else, no one else.
 
 Sometimes I still think of the questions in my head... Some which were answered somehow ridiculously, some which weren't answered at all, and some which I never really asked.
 
 Sometimes I feel so scared and unsure, assessing myself and thinking that it doesn't matter if I know truth or if the answer a lie - but I try to always tell myself that what's important is that I do not let it affect me. However, the difficulty stands with me and my apparent abandonment issues.
 
 Until when will it be okay? Until when can I just ignore them and move on? Until when can I just keep questions to myself?
 
 On most days I try to just ignore the thoughts in my head so I could go about my day. But some days, I just couldn't feel secure and the thoughts flood in and I couldn't win over it.
 
 I want to accept that the past doesn't matter anymore - what matters is what I have now, and how I react to what's being done to me now and what will be done to me in the future.
 
 I need and want to believe that even though lies stem from uncertainty and fear of responsibility, it has an end. That I will be there to stand my ground and witness the change - that I can help bring that change. I can help get security and confidence, so there will be no more need for curiosity and mistrust.
 
 But before all of that could happen, I need to remind myself that the only thing I can control is myself - my beliefs, my thoughts, and my actions.","[0, 0]",{'control_group'},"I can only control myself. Nothing else, no one else. Sometimes I still think of the questions in my head. Some which were answered somehow ridiculously, some which werent answered at all, and some which I never really asked. Sometimes I feel so scared and unsure, assessing myself and thinking that it doesnt matter if I know truth or if the answer a lie but I try to always tell myself that whats important is that I do not let it affect me. However, the difficulty stands with me and my apparent abandonment issues. Until when will it be okay? Until when can I just ignore them and move on? Until when can I just keep questions to myself? On most days I try to just ignore the thoughts in my head so I could go about my day. But some days, I just couldnt feel secure and the thoughts flood in and I couldnt win over it. I want to accept that the past doesnt matter anymore what matters is what I have now, and how I react to whats being done to me now and what will be done to me in the future. I need and want to believe that even though lies stem from uncertainty and fear of responsibility, it has an end. That I will be there to stand my ground and witness the change that I can help bring that change. I can help get security and confidence, so there will be no more need for curiosity and mistrust. But before all of that could happen, I need to remind myself that the only thing I can control is myself my beliefs, my thoughts, and my actions.",Normal,{'depression':'no'}
ns8uo7,"I am crying alone in the dark in my room, I feel helpless and life feels pointless, except...","Objectively I know I don't have a bad life. I know I've had it fairly easy baring some childhood nonsense. My family and friends are good people who love me. I have a job that I despise but it pays the bills and its stable. I have no debt to my name at the moment. I'm in a good and healthy relationship. I should be be happy. I should be grateful. I should be satisfied and motivated to work for better and improve.
 
 Instead I wish I had the stomach to take my own life. I'm in isolation since I tested positive for covid so it wouldn't surprise anyone to not hear from me for some days. Covid could even be blamed for it. I have this intense misery that periodically just sets in and today it has me by the throat. I can see good and I know it can get better so why do I keep coming back to giving up, to this stand still dark and depressing mood, to this absolute empty and self loathing feeling? I hate this.
 
 I won't act on it. I'll simmer in it. Never got me to cry before. It's getting worse. That's all I'm going to get for holding on, more rounds with this hopeless, undefeatable invisible opponent that will keep coming back worse and worse and worse. What a bleak future to live for.
 
 Spent the last three weeks picking myself up. Fitness. Psychology. Friends. Affirmations. I did it right. I was sure I did. So why the fuck is it in my head again? I just want to be happy. I just want to be okay.","[0, 0]",{'control_group'},"I am crying alone in the dark in my room, I feel helpless and life feels pointless, except. Objectively I know I dont have a bad life. I know Ive had it fairly easy baring some childhood nonsense. My family and friends are good people who love me. I have a job that I despise but it pays the bills and its stable. I have no debt to my name at the moment. Im in a good and healthy relationship. I should be be happy. I should be grateful. I should be satisfied and motivated to work for better and improve. Instead I wish I had the stomach to take my own life. Im in isolation since I tested positive for covid so it wouldnt surprise anyone to not hear from me for some days. Covid could even be blamed for it. I have this intense misery that periodically just sets in and today it has me by the throat. I can see good and I know it can get better so why do I keep coming back to giving up, to this stand still dark and depressing mood, to this absolute empty and self loathing feeling? I hate this. I wont act on it. Ill simmer in it. Never got me to cry before. Its getting worse. Thats all Im going to get for holding on, more rounds with this hopeless, undefeatable invisible opponent that will keep coming back worse and worse and worse. What a bleak future to live for. Spent the last three weeks picking myself up. Fitness. Psychology. Friends. Affirmations. I did it right. I was sure I did. So why the fuck is it in my head again? I just want to be happy. I just want to be okay.",Normal,{'depression':'yes'}
59nm3k,Anyone have this weird effect from antidepressants?,"Ok so I was diagnosed with depression at 15 but always avoided meds or treatment. at 21 I went to a rehab and they put me on an antidepressant (wellbutrin) and a mood stabilizer (Seroquel) with the Seroquel only for a month and it seemed to somewhat help till I ran out of my rx. I started a new therapy about 4 months ago and recently was prescribed wellbutrin again but my therapist went out of the country right as I was starting and isn't back yet so I can't ask her at the moment, but this time within the first week of taking them it's really effected me negatively with extreme mood swings. often I feel great like I haven't in half a year full of energy, excited, happy and never shut up and go out a lot again and am working on art and things again. But along with this I can be so aggressive and irritable and can go from a good mood to out of nowhere extremely bothered with the people around me and can't help it, and it has been impacting my relationship with my parents and some friends. Even though I haven't been depressed quite as often, I've been drinking more and barely sleep for days on end, then spend a day never leaving my room miserable again, sometimes it almost feels as if I'm on meth even though ive been clean 5 months. I know they say these pills take over a month to start working right but is it normal to have such intense side effects before it starts working? Does this happen to most people when you start or should I try to switch meds? thank you.","[1, 0]",{'depressive_disorder'},"Anyone have this weird effect from antidepressants. Ok so I was diagnosed with depression at 15 but always avoided meds or treatment. at 21 I went to a rehab and they put me on an antidepressant wellbutrin and a mood stabilizer Seroquel with the Seroquel only for a month and it seemed to somewhat help till I ran out of my rx. I started a new therapy about 4 months ago and recently was prescribed wellbutrin again but my therapist went out of the country right as I was starting and isnt back yet so I cant ask her at the moment, but this time within the first week of taking them its really effected me negatively with extreme mood swings. often I feel great like I havent in half a year full of energy, excited, happy and never shut up and go out a lot again and am working on art and things again. But along with this I can be so aggressive and irritable and can go from a good mood to out of nowhere extremely bothered with the people around me and cant help it, and it has been impacting my relationship with my parents and some friends. Even though I havent been depressed quite as often, Ive been drinking more and barely sleep for days on end, then spend a day never leaving my room miserable again, sometimes it almost feels as if Im on meth even though ive been clean 5 months. I know they say these pills take over a month to start working right but is it normal to have such intense side effects before it starts working? Does this happen to most people when you start or should I try to switch meds? thank you.",Depression,{'depression':'yes'}
9h89u0,Super chaotic thoughts (?),"Ok so I'm gonna be honest this is the one part of me I feel like is legit unhealthy. I may have non stop suicidal thoughts, have periods of non functioning depression and get anxious over nothing but those have been affecting me for years so I'm used to them. 
 
 The thing is, when I'm depressed I will kinda have fights in my head. Its basically my depressive thoughts against my logical thoughts. The problem with me is that I'm kinda optimistic and since I consider myself a mental health activist (or at least pretty educated according to my therapist) I understand where the problems are coming from to a certain extent and good coping mechanisms. I constantly am fighting in my head and its causing me a ton of distress. Like I'm experiencing 2 different emotions at the same time and it kinda puts me in a state where I'm void of all emotion. I normallly feel like I'm about to have a meltdown because of how overwhelming it is. Like normally I just shake my leg and just zone out hoping it will end soon.
 
 This has been getting worse and idk what to do. I'm planning on telling my therapist but idk of this can even be helped. I've never heard of any thing like this. Am I alone in this? Like I'd rather just be depressed than depressed and overwhelmed by my own thoughts. I feel pretty fucked up tbh lol
 
 Sorry for any typos, I'm writing this on my phone","[1, 0]",{'depressive_disorder'},"Super chaotic thoughts ?. Ok so Im gonna be honest this is the one part of me I feel like is legit unhealthy. I may have non stop suicidal thoughts, have periods of non functioning depression and get anxious over nothing but those have been affecting me for years so Im used to them. The thing is, when Im depressed I will kinda have fights in my head. Its basically my depressive thoughts against my logical thoughts. The problem with me is that Im kinda optimistic and since I consider myself a mental health activist or at least pretty educated according to my therapist I understand where the problems are coming from to a certain extent and good coping mechanisms. I constantly am fighting in my head and its causing me a ton of distress. Like Im experiencing 2 different emotions at the same time and it kinda puts me in a state where Im void of all emotion. I normallly feel like Im about to have a meltdown because of how overwhelming it is. Like normally I just shake my leg and just zone out hoping it will end soon. This has been getting worse and idk what to do. Im planning on telling my therapist but idk of this can even be helped. Ive never heard of any thing like this. Am I alone in this? Like Id rather just be depressed than depressed and overwhelmed by my own thoughts. I feel pretty fucked up tbh lol Sorry for any typos, Im writing this on my phone",Depression,"{""depression"": ""yes""}"
7irndb,My friend keeps telling people im suicidal,"Okay, so not really 'people' just her mom and step dad. 
 
 I don't know how much background I should include. I've been suicidal a lot throughout the years and I don't blame anyone for it. My friend keeps asking if it's her fault and I've told her everytime it isn't anyone's fault. 
 
 She was talking with her step dad first, she had just gotten home from the first semester of college so they were catching up. He was asking about her friends and any drama, so she brought me up and how I was suicidal and she felt like she couldn't help. From what she told me it sounded like she may have told him that I said she made me feel suicidal. Which isn't true, yes we've had fights and drama and that had weighed into my suicidal thoughts but they were already there to begin with. 
 
 This upset me because I've met her family quite a few times and I really like them. Now they know I'm depressed, suicidal, and they believe I'm blaming their daughter for it. 
 
 She just messaged me telling me she was talking with her mom about it. For whatever reason her mom is now mad at me for being upset with my friend. Even though I've told her we're good many times. 
 
 I don't know how much of this made sense, I just wanted to vent a bit. I've been really down and suicidal lately so I've been trying to be more open about it with friends and family, but I don't know how well that's going for me. 
 
 TL;DR my friend is telling her parents I'm suicidal and that I'm blaming her for it. Now they're all kinda looking down on me for it.","[0, 0]",{'control_group'},"My friend keeps telling people im suicidal. Okay, so not really people just her mom and step dad. I dont know how much background I should include. Ive been suicidal a lot throughout the years and I dont blame anyone for it. My friend keeps asking if its her fault and Ive told her everytime it isnt anyones fault. She was talking with her step dad first, she had just gotten home from the first semester of college so they were catching up. He was asking about her friends and any drama, so she brought me up and how I was suicidal and she felt like she couldnt help. From what she told me it sounded like she may have told him that I said she made me feel suicidal. Which isnt true, yes weve had fights and drama and that had weighed into my suicidal thoughts but they were already there to begin with. This upset me because Ive met her family quite a few times and I really like them. Now they know Im depressed, suicidal, and they believe Im blaming their daughter for it. She just messaged me telling me she was talking with her mom about it. For whatever reason her mom is now mad at me for being upset with my friend. Even though Ive told her were good many times. I dont know how much of this made sense, I just wanted to vent a bit. Ive been really down and suicidal lately so Ive been trying to be more open about it with friends and family, but I dont know how well thats going for me. TLDR my friend is telling her parents Im suicidal and that Im blaming her for it. Now theyre all kinda looking down on me for it.",Normal,{'depression':'yes'}
h9owcv,I feel like I'm suffocating in everything and cant get out,"Okay, this is a rant so you move along if you don't want to listen.
 
 
 I have so many problems and anxieties piling up and up and I cant escape them. It's like I'm being hunted down and can't run anywhere because they'll all find me eventually.
 
 I've made bad decisions in the past that are all catching up to me at once and I have nobody to turn to for help.
 
 I don't understand what I did wrong to deserve this. I tried to be a good son, brother and friend to everyone and I admit I mess up sometimes but the past couple months have been hell beyond what i could ever wish upon anyone.
 
 Everything I do to fix my situation just makes it worse and I'm stuck around people who just laugh when I try to ask for help.
 
 I don't know how I can get through this quarantine, but don't want it to end because when it does I have to face another consequence of my past actions.
 
 Everything is happening at once and I cant stop for a second to breathe. I genuinely feel like crawling into a hole and dying so nobody can laugh at me when I'm gone.
 
 And today I found out I majorly fucked up a few weeks back. I don't know what to do and i consider suicide every day and the only thing that used to stop me was the thought of my wife but now I don't think even she can stop me from taking my life.
 
 Rant over, my eyes are too blurry to see what I'm writing anymore.","[0, 1]",{'anxiety_disorder'},"I feel like Im suffocating in everything and cant get out. Okay, this is a rant so you move along if you dont want to listen. I have so many problems and anxieties piling up and up and I cant escape them. Its like Im being hunted down and cant run anywhere because theyll all find me eventually. Ive made bad decisions in the past that are all catching up to me at once and I have nobody to turn to for help. I dont understand what I did wrong to deserve this. I tried to be a good son, brother and friend to everyone and I admit I mess up sometimes but the past couple months have been hell beyond what i could ever wish upon anyone. Everything I do to fix my situation just makes it worse and Im stuck around people who just laugh when I try to ask for help. I dont know how I can get through this quarantine, but dont want it to end because when it does I have to face another consequence of my past actions. Everything is happening at once and I cant stop for a second to breathe. I genuinely feel like crawling into a hole and dying so nobody can laugh at me when Im gone. And today I found out I majorly fucked up a few weeks back. I dont know what to do and i consider suicide every day and the only thing that used to stop me was the thought of my wife but now I dont think even she can stop me from taking my life. Rant over, my eyes are too blurry to see what Im writing anymore.",Anxiety,"{""depression"": ""yes""}"
a7rmov,I knew I'd get hurt,"Over the summer I was diagnosed with depression after a suicide attempt. My depression, suicidal thoughts, and self harm built up for years before it finally came out. I've been getting help now, but still not doing the best.
 Through therapy I found a lot of my misery and anger comes from my family. I have been talking to them less in the months after my stay in the hospital.
 I'm in the military so I dont go home a lot. But I decided to for christmas. I thought it'd be a good idea. My coworkers all advised me against it and when they asked where I was going on leave, I lied and said i was going to see a friend that lives in my home state. 
 I got home today and I dont expect a huge greeting but at least a hello, hows life? Let's go chat in the living room for a bit. I got none of that. I sat in the living room by myself, hoping one of my parents or siblings would come speak to me.
 Later on I was talking to my dad about my car loan. I didn't know what gap is,after telling me he goes ""so you better pay it off before the end of your contract because they're not going to let you reenlist with those coo coo games you want to play. Acting crazy so you can get off the ship. Yeah you're not going to last much longer.""
 And that there ruined my day. So now I'm curled up in bed with my dogs, staring blankly at the wall. Part of me wants to just get up now, take my dogs and go back home.","[1, 0]",{'depressive_disorder'},"I knew Id get hurt. Over the summer I was diagnosed with depression after a suicide attempt. My depression, suicidal thoughts, and self harm built up for years before it finally came out. Ive been getting help now, but still not doing the best. Through therapy I found a lot of my misery and anger comes from my family. I have been talking to them less in the months after my stay in the hospital. Im in the military so I dont go home a lot. But I decided to for christmas. I thought itd be a good idea. My coworkers all advised me against it and when they asked where I was going on leave, I lied and said i was going to see a friend that lives in my home state. I got home today and I dont expect a huge greeting but at least a hello, hows life? Lets go chat in the living room for a bit. I got none of that. I sat in the living room by myself, hoping one of my parents or siblings would come speak to me. Later on I was talking to my dad about my car loan. I didnt know what gap is,after telling me he goes so you better pay it off before the end of your contract because theyre not going to let you reenlist with those coo coo games you want to play. Acting crazy so you can get off the ship. Yeah youre not going to last much longer. And that there ruined my day. So now Im curled up in bed with my dogs, staring blankly at the wall. Part of me wants to just get up now, take my dogs and go back home.",Depression,{'depression':'yes'}
9fhk16,Opening up to a close friend about depression & regret ...,"Recently I opened up to a close friend that I had been diagnosed with depression and have been seeking treatment and been going through some stuff. I didn't tell her that about 3 months ago I was admitted into a psych ward due to an attempted overdose and that I was also recovering from my time in hospital. Due to not replying really to the group chat/being away and missing one or two parties and being like ""seriously where have you been"" and for a while I just left it at ""I have been unwell recently"". 
 
 So, about 2 days ago she randomly texted me asking how I was doing, she hardly ever does not/no one has really ever randomly texted me and asked how I was doing, texts also start with ""hey, hi"" etc. However, now I feel like I regret telling her...I mean, she kinda said ""damn that sounds rough"" but then she kinda left it at that and took ages to reply. I know it might of been uncomfortable for her and she might of not known what to say given to situation, idk... I just felt disappointed that she kinda brushed it aside. I wasn't looking for sympathy -- idk, I just wish I kept it to myself because now she knows and idk, once people know that about you I feel like it kinda changes their perspective on you -- like it is just a different dynamic or something... 
 
 TDLR: Told close friend that I had been diagnosed with depression after a while of her asking what I was up to, where I was, didn't really say much/brushed it aside...feeling slightly disappointed and wished that I didn't open up about it.","[1, 0]",{'depressive_disorder'},"Opening up to a close friend about depression regret . Recently I opened up to a close friend that I had been diagnosed with depression and have been seeking treatment and been going through some stuff. I didnt tell her that about 3 months ago I was admitted into a psych ward due to an attempted overdose and that I was also recovering from my time in hospital. Due to not replying really to the group chatbeing away and missing one or two parties and being like seriously where have you been and for a while I just left it at I have been unwell recently. So, about 2 days ago she randomly texted me asking how I was doing, she hardly ever does notno one has really ever randomly texted me and asked how I was doing, texts also start with hey, hi etc. However, now I feel like I regret telling her.I mean, she kinda said damn that sounds rough but then she kinda left it at that and took ages to reply. I know it might of been uncomfortable for her and she might of not known what to say given to situation, idk. I just felt disappointed that she kinda brushed it aside. I wasnt looking for sympathy idk, I just wish I kept it to myself because now she knows and idk, once people know that about you I feel like it kinda changes their perspective on you like it is just a different dynamic or something. TDLR Told close friend that I had been diagnosed with depression after a while of her asking what I was up to, where I was, didnt really say muchbrushed it aside.feeling slightly disappointed and wished that I didnt open up about it.",Depression,{'depression':'yes'}
98f3c6,Journal I guess,"Right now Im just writing this because I feel really weird right now and I dont know what else to do other than to write this shit down. Im writing this for myself but if anyone wants to read it feel free I guess
 
 I was bored at work the other day so I shot my ex girlfriend a text. Why I actually did it I dont know but Id be lying if I said I didnt at least consider the thought of trying to fuck her. But anyways we talked she was happy to talk to me, today is mad slow at work so we started texting again and I got pretty candid with her and said yeah Im depressed doing shit in school and just being a general fuck up and then she told me a bunch of shit and shes doing great and shit. Now I dont care that shes doing better than me but it just makes me feel like Im missing out. Im so busy being depressed that I cant live my life like she is now of like how anybody else normal does. I got on an antidepressant a couple weeks ago, havent noticed it do anything to me. I just want to get better so I can do all the shit Im supposed to be doing as a twenty year old. Im not drinking anymore but maybe I oughta leave the weed alone too. Or just stop smoking every weekday. Good thing I have time to figure this out. Maybe when I glo up I could fuck my ex girlfriend","[1, 0]",{'depressive_disorder'},"Journal I guess. Right now Im just writing this because I feel really weird right now and I dont know what else to do other than to write this shit down. Im writing this for myself but if anyone wants to read it feel free I guess I was bored at work the other day so I shot my ex girlfriend a text. Why I actually did it I dont know but Id be lying if I said I didnt at least consider the thought of trying to fuck her. But anyways we talked she was happy to talk to me, today is mad slow at work so we started texting again and I got pretty candid with her and said yeah Im depressed doing shit in school and just being a general fuck up and then she told me a bunch of shit and shes doing great and shit. Now I dont care that shes doing better than me but it just makes me feel like Im missing out. Im so busy being depressed that I cant live my life like she is now of like how anybody else normal does. I got on an antidepressant a couple weeks ago, havent noticed it do anything to me. I just want to get better so I can do all the shit Im supposed to be doing as a twenty year old. Im not drinking anymore but maybe I oughta leave the weed alone too. Or just stop smoking every weekday. Good thing I have time to figure this out. Maybe when I glo up I could fuck my ex girlfriend",Depression,"{""depression"": ""yes""}"
e4qw91,"Over the past couple weeks, I've been having massive mood swings and impulsiveness and it's making my life a living hell.","Sad, angry, depressed, bored, happy ect. 
 They have been happening every few minutes it seems like. I know it's probably every hour or so, but it feels so much more and they are just so intense as well. 
 When I'm sad it feels like it's the end of the world, when I'm happy it feels like nothing can ever bring me down. 
 It's starting to affect my relationship with my husband. 
 Luckily I've been through phases like this before, albeit not for a long time, so he knows what he's dealing with but I know he's getting tired of dealing with the snappiness and the tirade of abuse that can spout from my mouth. I don't mean it, he knows I don't mean it, but he's ever so tired of dealing with it and I understabd why. I'm so sorry. 
 And the impulsiveness... its not bad, but it's getting worse. 
 I have impulse tried to kill myself 3 times in the past 2 weeks. I nearly drank a bottle of bleach and overdosed. 
 I did actually take a little overdose of 12 pills and nearly cut myself. 
 It has been a couple years since I've had to deal with this, and now I can't reremeber how to.","[0, 0]",{'control_group'},"Over the past couple weeks, Ive been having massive mood swings and impulsiveness and its making my life a living hell. Sad, angry, depressed, bored, happy ect. They have been happening every few minutes it seems like. I know its probably every hour or so, but it feels so much more and they are just so intense as well. When Im sad it feels like its the end of the world, when Im happy it feels like nothing can ever bring me down. Its starting to affect my relationship with my husband. Luckily Ive been through phases like this before, albeit not for a long time, so he knows what hes dealing with but I know hes getting tired of dealing with the snappiness and the tirade of abuse that can spout from my mouth. I dont mean it, he knows I dont mean it, but hes ever so tired of dealing with it and I understabd why. Im so sorry. And the impulsiveness. its not bad, but its getting worse. I have impulse tried to kill myself 3 times in the past 2 weeks. I nearly drank a bottle of bleach and overdosed. I did actually take a little overdose of 12 pills and nearly cut myself. It has been a couple years since Ive had to deal with this, and now I cant reremeber how to.",Normal,{'depression':'yes'}
byz3om,Got rejected by 2 companies in one day. The bad times just don't seem to end.,"Self-explanatory I guess. I'm just venting here, dunno what else to do. Graduated from a top-20 university last year, thought it'll finally get better. Quite the opposite, in fact. Had a pretty messy breakup with a girl who I thought I'd spend the rest of my life with, worked in a startup for a bit but absolutely hated it, so left and came back home to London. Living with parents is so much worse than I initially thought. Ended up going to therapy but that didn't help either.
 
 And lo and behold, when things were finally starting to look up, woke up today to find two reject mails. One of them from a company which gave me a fucking 6-hour long coding test to complete and then THIS.
 
 Football used to be the only thing I looked forward to, but Man United too has very disappointing for a while now.
 

 
 Sorry if this doesn't follow the sub rules or something, needed to get it off my chest. Alcohol seems the only way to numb the pain of every damn thing, but it's looking more and more bleak everyday. Eating at whatever self-belief I had left.
 
 Guess I just want somebody, anybody to listen.","[0, 0]",{'control_group'},"Got rejected by 2 companies in one day. The bad times just dont seem to end. Selfexplanatory I guess. Im just venting here, dunno what else to do. Graduated from a top20 university last year, thought itll finally get better. Quite the opposite, in fact. Had a pretty messy breakup with a girl who I thought Id spend the rest of my life with, worked in a startup for a bit but absolutely hated it, so left and came back home to London. Living with parents is so much worse than I initially thought. Ended up going to therapy but that didnt help either. And lo and behold, when things were finally starting to look up, woke up today to find two reject mails. One of them from a company which gave me a fucking 6hour long coding test to complete and then THIS. Football used to be the only thing I looked forward to, but Man United too has very disappointing for a while now. Sorry if this doesnt follow the sub rules or something, needed to get it off my chest. Alcohol seems the only way to numb the pain of every damn thing, but its looking more and more bleak everyday. Eating at whatever selfbelief I had left. Guess I just want somebody, anybody to listen.",Normal,"{""depression"": ""no""}"
fkg8i2,Tomorrow Ill have an appointment at a psychologist my mom made.,"She actually did this because of markable behavior (I sometimes do some random moves as though I had some kind of weak Tourette). However there is obviously another thing I mean wtf I am posting in this sub. I am genuinely scared because I dont want my mom to know that I actually have it. 
 
 My sister just recently got diagnosed with heavy depression or whatsoever it is called in english yet I think she must have had it since at least 4 years. I have quite some similarities with the behavior my sister have showed back in my age (15 bruh). So my mom probably already figured that I might have it since we lately often had some conversations that were kind of you are throwing your life away.
 
 I am quite convinced that it would break her if I got diagnosed with heavy depression too. I mean she would probably think she straight up sucks which just isnt true. 
 
 I am 99.9% sure I have depression but still kinda want to know whether or not I have depression but I dont think it will get my anywhere anyways. I mean it doesnt really matter because even if I know that I got it I wont change my behavior anyways so... The realization that I am a looser too weak to control my own fucking mind did I have already too. And if I dont got it I am just confused as hell. But this wont happen anyways.
 
 Do you have any recommendations at what to do at this appointment. Because as said I kinda want to know whether I have it or nah (so probably yes) But dont want my parents to know (must be no) it so what am I supposed to do","[0, 0]",{'control_group'},Tomorrow Ill have an appointment at a psychologist my mom made. She actually did this because of markable behavior I sometimes do some random moves as though I had some kind of weak Tourette. However there is obviously another thing I mean wtf I am posting in this sub. I am genuinely scared because I dont want my mom to know that I actually have it. My sister just recently got diagnosed with heavy depression or whatsoever it is called in english yet I think she must have had it since at least 4 years. I have quite some similarities with the behavior my sister have showed back in my age 15 bruh. So my mom probably already figured that I might have it since we lately often had some conversations that were kind of you are throwing your life away. I am quite convinced that it would break her if I got diagnosed with heavy depression too. I mean she would probably think she straight up sucks which just isnt true. I am 99.9 sure I have depression but still kinda want to know whether or not I have depression but I dont think it will get my anywhere anyways. I mean it doesnt really matter because even if I know that I got it I wont change my behavior anyways so. The realization that I am a looser too weak to control my own fucking mind did I have already too. And if I dont got it I am just confused as hell. But this wont happen anyways. Do you have any recommendations at what to do at this appointment. Because as said I kinda want to know whether I have it or nah so probably yes But dont want my parents to know must be no it so what am I supposed to do,Normal,{'depression':'yes'}
63ut60,"Im scared and tired of living, when I feel like I shouldnt be.","Short run down of things. the last week, I've on the constant edge of tears and more times then I can count I start crying I cant hold back the tears. 
 2 years ago I was in a car accident. To this day I still have issues. Im in costant pain. I went to a pain managment specialist 6 months after the accident, who wanted me to get more test done before doing anything. Alright sounds easy enough. I still have not been able to go in. Why? because no one is willing to watch my daughter for an hour here and there for me to do my appointments. I cant take her into them (MRI brain scan is one) but my own family wont help. I have 2 older kids in school, that are autistic and have been diagnosed with PTSD, I suffer from PTSD and depression. All this is caused by my ex their father. I've been living away from him for a year now.
 
 Things are tight, money is tight, there is no support. I havent been able to get the support i need. I have few friends but they all live in other states. Honestly, if my youngest wasn't home all day with me, I have a feeling I would have turned to drinking like I did before I ever had kids. Im tired of hurting, Im tried of feeling alone, Im tried of not being able to go places because Im hurting too much. I want to stop crying and be happy, I hate this.","[1, 0]",{'depressive_disorder'},"Im scared and tired of living, when I feel like I shouldnt be. Short run down of things. the last week, Ive on the constant edge of tears and more times then I can count I start crying I cant hold back the tears. 2 years ago I was in a car accident. To this day I still have issues. Im in costant pain. I went to a pain managment specialist 6 months after the accident, who wanted me to get more test done before doing anything. Alright sounds easy enough. I still have not been able to go in. Why? because no one is willing to watch my daughter for an hour here and there for me to do my appointments. I cant take her into them MRI brain scan is one but my own family wont help. I have 2 older kids in school, that are autistic and have been diagnosed with PTSD, I suffer from PTSD and depression. All this is caused by my ex their father. Ive been living away from him for a year now. Things are tight, money is tight, there is no support. I havent been able to get the support i need. I have few friends but they all live in other states. Honestly, if my youngest wasnt home all day with me, I have a feeling I would have turned to drinking like I did before I ever had kids. Im tired of hurting, Im tried of feeling alone, Im tried of not being able to go places because Im hurting too much. I want to stop crying and be happy, I hate this.",Depression,{'depression':'yes'}
87zmq8,Possibly happy but anxious about the future,"So a lot of things have been going on in my life. For the past half a year or so I have been struggling with a fairly severe depression. Suicidal thoughts, self harm, you name it. There were times when I thought that there was no way out, that the only way to end it is to end my life altogether. 
 
 Recently though things have changed. I met a girl who basically turned my life 180 degrees. I know it's not healthy to rely on a single pillar of support, but I love her more than anything in this world and she makes me genuinely happy. She's Finnish, which means that there is about a thousand miles between us. The end goal of our ldr is that we plan to go to uni in The Netherlands together. This is where the trouble starts.
 
 Because of my depression (hard to have a good attendance when you wake up at 2PM), diminishing interest in my major and partly my own lack of discipline, I just failed my first semester of college here in Warsaw. I'm not exactly upset because of that per se, I have been planing to take a gap year anyway, but I'm afraid it might make getting accepted into uni in The Netherlands a whole lot more difficult. I suppose the demons of depression keep haunting you even when you think you're through with it.
 
 I just don't want to lose her. She's the one good thing in my life and I have no idea what I might do if she disappeared from it.","[0, 0]",{'control_group'},"Possibly happy but anxious about the future. So a lot of things have been going on in my life. For the past half a year or so I have been struggling with a fairly severe depression. Suicidal thoughts, self harm, you name it. There were times when I thought that there was no way out, that the only way to end it is to end my life altogether. Recently though things have changed. I met a girl who basically turned my life 180 degrees. I know its not healthy to rely on a single pillar of support, but I love her more than anything in this world and she makes me genuinely happy. Shes Finnish, which means that there is about a thousand miles between us. The end goal of our ldr is that we plan to go to uni in The Netherlands together. This is where the trouble starts. Because of my depression hard to have a good attendance when you wake up at 2PM, diminishing interest in my major and partly my own lack of discipline, I just failed my first semester of college here in Warsaw. Im not exactly upset because of that per se, I have been planing to take a gap year anyway, but Im afraid it might make getting accepted into uni in The Netherlands a whole lot more difficult. I suppose the demons of depression keep haunting you even when you think youre through with it. I just dont want to lose her. Shes the one good thing in my life and I have no idea what I might do if she disappeared from it.",Normal,{'depression':'yes'}
50ws18,Does anyone else think it's unfair that we're born into this world and are forced to work and whatnot?,"So basically I'm 17 and at my last year of high school. I have been diagnosed with depression a couple of weeks ago but I've always felt down. Anyway, i cannot get out of bed everyday, i have no energy or motivation to live or do anything. My parents come into my room and try to talk to me but i get angry at them and tell them to leave me alone. They try and tell me to get up and get a job and things like that. The thing is, i don't care. I didnt fucking ask to be born. Why should i care about getting a job or cleaning the house?
 I can't get out of bed, i can't get a job. I have no interests and nothing makes me happy. Sometimes I think I'm just acting or being lazy but this happens pretty much daily.
 
 So yeah just thought i would share. I am aware that I am a piece of shit but I just don't care. I sometimes feel guilt for being like this but like i said before i didnt choose to be born, why must i care. I really wish i wasnt born.
 
 Lastly, i stopped cutting recently so thats ok i guess. My psychologist from school told me to flick my wrists with a rubber band instead and thats what I've been doing. The ironic thing is that it hurts more than cutting but oh well.","[1, 0]",{'depressive_disorder'},"Does anyone else think its unfair that were born into this world and are forced to work and whatnot. So basically Im 17 and at my last year of high school. I have been diagnosed with depression a couple of weeks ago but Ive always felt down. Anyway, i cannot get out of bed everyday, i have no energy or motivation to live or do anything. My parents come into my room and try to talk to me but i get angry at them and tell them to leave me alone. They try and tell me to get up and get a job and things like that. The thing is, i dont care. I didnt fucking ask to be born. Why should i care about getting a job or cleaning the house? I cant get out of bed, i cant get a job. I have no interests and nothing makes me happy. Sometimes I think Im just acting or being lazy but this happens pretty much daily. So yeah just thought i would share. I am aware that I am a piece of shit but I just dont care. I sometimes feel guilt for being like this but like i said before i didnt choose to be born, why must i care. I really wish i wasnt born. Lastly, i stopped cutting recently so thats ok i guess. My psychologist from school told me to flick my wrists with a rubber band instead and thats what Ive been doing. The ironic thing is that it hurts more than cutting but oh well.",Depression,{'depression':'yes'}
9x6x0u,I don't really know how tp describe it but i feel like im slipping into another period of depression,So I don't really have the words for it but after a really solid 1 or 2 months of not being suffocated by what feels like the weight of the world I feel like I'm about to slip into it again. I have had a few episodes last month or so I could shrug off as they were only a week or so and we're centered around something but they have been picking up again and this current episode has been going on since early October with only a few days where I didn't feel like a useless pile of trash who weighs everyone down. I can't even explain what exactly is the focal point as the severe lack of energy despite sleeping 12+ hours a day.at least is probably the biggest contribution to my recent academic failure. I don't even know if that matters anymore seeing as I will probably never graduate and even of I do what the hell is the point because if I do it almost definitely won't be the one I want. As for interpersonal issues I resolved the horror show.that was.there quickly and that caused the few day reprieve I think. The past 2 weeks in particular have been particularly bad as when I have been awake I've been drinking again in place of eating. Idk anymore I just can't make sense of it or stop it. I even tried to go to the shrink and he literally said he didn't think there.was anything to be done about it outside of what I was doing then and he didn't think I needed a second appointment so yeah idk anymore what to do or what I'm doing.,"[0, 0]",{'control_group'},I dont really know how tp describe it but i feel like im slipping into another period of depression. So I dont really have the words for it but after a really solid 1 or 2 months of not being suffocated by what feels like the weight of the world I feel like Im about to slip into it again. I have had a few episodes last month or so I could shrug off as they were only a week or so and were centered around something but they have been picking up again and this current episode has been going on since early October with only a few days where I didnt feel like a useless pile of trash who weighs everyone down. I cant even explain what exactly is the focal point as the severe lack of energy despite sleeping 12+ hours a day.at least is probably the biggest contribution to my recent academic failure. I dont even know if that matters anymore seeing as I will probably never graduate and even of I do what the hell is the point because if I do it almost definitely wont be the one I want. As for interpersonal issues I resolved the horror show.that was.there quickly and that caused the few day reprieve I think. The past 2 weeks in particular have been particularly bad as when I have been awake Ive been drinking again in place of eating. Idk anymore I just cant make sense of it or stop it. I even tried to go to the shrink and he literally said he didnt think there.was anything to be done about it outside of what I was doing then and he didnt think I needed a second appointment so yeah idk anymore what to do or what Im doing.,Normal,"{""depression"":""yes""}"
7m5wic,My demons didn't win today.,"So I have been diagnosed with a major depressive disorder a few years ago. Since I don't currently have insurance, i don't currently have medications for it. I'm also around my dad and brothers who are great at bringing the world down on me. 
 
 I have recently been fighting every day for that tiny bit of happy to get through the day. I don't have someone i can talk to about my issues, so it's a battle everyday. I've started calling every negative thought in my head a demon. 
 
 Despite years of being single and EVERY christmas movie ever being about finding someone special to spend the holiday with, and I found out that two of my friends are pregnant, and a few just got engaged, and these are all things i am both extremely happy for them, but jealous for myself with, the jealousy didn't kill me today. There were no major arguments with my family, no one told me i was worthless or stupid, and i won today's battle. I did have a bit of a struggle earlier today, because I am lonely, and i do want to have a family of my own, but i made it through today. 
 
 I always go one day at a time, and lately, I had been losing. It's nice to have one for once.","[1, 0]",{'depressive_disorder'},"My demons didnt win today. So I have been diagnosed with a major depressive disorder a few years ago. Since I dont currently have insurance, i dont currently have medications for it. Im also around my dad and brothers who are great at bringing the world down on me. I have recently been fighting every day for that tiny bit of happy to get through the day. I dont have someone i can talk to about my issues, so its a battle everyday. Ive started calling every negative thought in my head a demon. Despite years of being single and EVERY christmas movie ever being about finding someone special to spend the holiday with, and I found out that two of my friends are pregnant, and a few just got engaged, and these are all things i am both extremely happy for them, but jealous for myself with, the jealousy didnt kill me today. There were no major arguments with my family, no one told me i was worthless or stupid, and i won todays battle. I did have a bit of a struggle earlier today, because I am lonely, and i do want to have a family of my own, but i made it through today. I always go one day at a time, and lately, I had been losing. Its nice to have one for once.",Depression,{'depression':'yes'}
b6r7d9,"So I thought I recovered, but after going to school, small failures still give me a really hard time.","So I have been diagnosed with pretty severe depression, but with meds and counseling, I thought I had it under control. I started getting back into the swing of things, taking care of my daughter, doing housework, etc., and decided it was time to start going back to school. I mentally prepared for it, but today I realized I had done an essay wrong that took a long time to work on, and I have 2 days to get it done right. It took a lot of time and effort, but it seems like it shouldnt be **that** big of a deal. 
 
 Im still feeling really down about it though, even after using coping tools and trying to relax with meditation, hobbies, etc. I also talked it out with my wife, but still, Im feeling pretty down and totally burned out for the day. I did also do some housework (though not all of it once I had burned out). 
 
 Is this normal? Or am I slipping back into depression? Its hard to tell because I realized I had been dealing with major depression my whole life, so I dont know what normal really looks like...
 
 Edit: also, its been about a year of being on meds and about 6 months since therapists recommended that I didnt need therapy anymore for the time being. Maybe I should look at going back to therapy?","[1, 0]",{'depressive_disorder'},"So I thought I recovered, but after going to school, small failures still give me a really hard time. So I have been diagnosed with pretty severe depression, but with meds and counseling, I thought I had it under control. I started getting back into the swing of things, taking care of my daughter, doing housework, etc., and decided it was time to start going back to school. I mentally prepared for it, but today I realized I had done an essay wrong that took a long time to work on, and I have 2 days to get it done right. It took a lot of time and effort, but it seems like it shouldnt be that big of a deal. Im still feeling really down about it though, even after using coping tools and trying to relax with meditation, hobbies, etc. I also talked it out with my wife, but still, Im feeling pretty down and totally burned out for the day. I did also do some housework though not all of it once I had burned out. Is this normal? Or am I slipping back into depression? Its hard to tell because I realized I had been dealing with major depression my whole life, so I dont know what normal really looks like. Edit also, its been about a year of being on meds and about 6 months since therapists recommended that I didnt need therapy anymore for the time being. Maybe I should look at going back to therapy?",Depression,"{""depression"":""yes""}"
ib2l3e,I (26f) relapsed after months of not harming..,"So I thought I was getting better. And then this quarantine happened, trapping me at home with my toxic family. Before quarantine, I was working a lot and going to school and overall spending 5 days a week at the least outside of my house. I was making friends and eating healthier and exercising. The quarantine is honestly my absolute WORST nightmare because my family doesn't really understand or tolerate mental illness, even though most of them have a form of it whether they admit it or not. They have NO idea that I self harm and have since middle school. This is mostly because I choose to use thin hairbands, since they don't leave any marks for longer than about an hour. The only person that knows about it is my fiancÃ© (who lives with me and is the only reason I've held it together this long); i haven't even told my therapist. So, like I said, I've been really good and haven't done it since before the quarantine. But today, everything that had built up exploded and I needed to do it. I got so frustrated and angry that I have almost zero control over my own life and zero privacy, and I hate myself for relapsing. I hate myself even more for thinking that it felt good to do it. Idk what I'm looking for here. Maybe some advice on how you guys avoid the need to self harm when its really strong? I don't want to relapse again, but I know if I don't find another outlet, I will before this quarantine is over.","[0, 0]",{'control_group'},"I 26f relapsed after months of not harming. So I thought I was getting better. And then this quarantine happened, trapping me at home with my toxic family. Before quarantine, I was working a lot and going to school and overall spending 5 days a week at the least outside of my house. I was making friends and eating healthier and exercising. The quarantine is honestly my absolute WORST nightmare because my family doesnt really understand or tolerate mental illness, even though most of them have a form of it whether they admit it or not. They have NO idea that I self harm and have since middle school. This is mostly because I choose to use thin hairbands, since they dont leave any marks for longer than about an hour. The only person that knows about it is my fianc who lives with me and is the only reason Ive held it together this long i havent even told my therapist. So, like I said, Ive been really good and havent done it since before the quarantine. But today, everything that had built up exploded and I needed to do it. I got so frustrated and angry that I have almost zero control over my own life and zero privacy, and I hate myself for relapsing. I hate myself even more for thinking that it felt good to do it. Idk what Im looking for here. Maybe some advice on how you guys avoid the need to self harm when its really strong? I dont want to relapse again, but I know if I dont find another outlet, I will before this quarantine is over.",Normal,{'depression':'yes'}
hq8ela,Am I really ill or do I just want to be to feel special in some way?,"So I was diagnosed with depression by two different doctors and put on antidepressants on multiple occasions on and off. I constantly feel like I'm taking my depression to have a reason to be lazy and indulge in self loathing. Then come the good times when everything is great and colorful and amazing and I'm productive and that makes me wonder ""was there anything wrong with me after all?"" 
 
 I had an established routine and felt fine for half a year. Since Corona struck I've been feeling down since it went out of whack. I'm a lower risk health worker so my job isn't at stake. My income is stable. Everything is fine. I can't go out much but that's okay. I felt depressed, the usual thing with the antidepressants comes and I still felt like crap three months down the line with suicidal and self harm thoughts. I interpret that as a result of the pandemic and it is normal to feel like that during a pandemic so the meds are doing their job. And the past 2 days I've been feeling great again...in fact too great! Now I'm in the movie that I have bipolar so the more I read about it the more I relate and it's driving me insane because I feel like I'm faking or looking for the symptoms just to get attention.
 
 Do I even need treatment? I feel like I can't trust my doctors and they're just there to give me pills offered by representatives. Can pills even solve my problems? Do I even have a problem?!
 
 Sorry if this is a jambled mess. I've been hyperactive the past 2 days and I slept for 3 hours last night.","[1, 0]",{'depressive_disorder'},"Am I really ill or do I just want to be to feel special in some way. So I was diagnosed with depression by two different doctors and put on antidepressants on multiple occasions on and off. I constantly feel like Im taking my depression to have a reason to be lazy and indulge in self loathing. Then come the good times when everything is great and colorful and amazing and Im productive and that makes me wonder was there anything wrong with me after all? I had an established routine and felt fine for half a year. Since Corona struck Ive been feeling down since it went out of whack. Im a lower risk health worker so my job isnt at stake. My income is stable. Everything is fine. I cant go out much but thats okay. I felt depressed, the usual thing with the antidepressants comes and I still felt like crap three months down the line with suicidal and self harm thoughts. I interpret that as a result of the pandemic and it is normal to feel like that during a pandemic so the meds are doing their job. And the past 2 days Ive been feeling great again.in fact too great! Now Im in the movie that I have bipolar so the more I read about it the more I relate and its driving me insane because I feel like Im faking or looking for the symptoms just to get attention. Do I even need treatment? I feel like I cant trust my doctors and theyre just there to give me pills offered by representatives. Can pills even solve my problems? Do I even have a problem! Sorry if this is a jambled mess. Ive been hyperactive the past 2 days and I slept for 3 hours last night.",Depression,"{""depression"":""yes""}"
6h7hp3,"Stress, full time job, had s cancer diagnosis in April, health issues, relationship stuff. Stress overload?","So I've always had a lot of issues growing up. Stress in the parents home at a young age. Turned into substance abuse I got help for with suboxone. I got a hold on it in 2010. Then as times move on I was able to deal with relationship stress, then started working full time. I do this to keep my independence and pride. However I started having prostatitis in 2013, that lead to anxiety, pain ect. I was then diagnosed with cancer in April this year with surgery, have major dental issues.
 
 For some reason I'm still able to push through and be a great worker and excell. They love me at work and I'm a top achiever. I keep my stuff hidden and use the stress issues to get stuff done.
 
 But sometimes I overload and it all comes crashing down when I have a week of hard work, nerve pain left over from my cancer surgery, my parents the way they are is very go go go caught off guard at times.
 
 This week I had dental issues getting worse, nerve pains from cancer surgery, car broke down, a heavy work schedule and big stuff at the job with prepping for corporate visit tomorrow. I had to just blow everything off but work later today, take 2mg of Xanax this morning after along up all night, and get some much needed rest till I go in here soon. 
 
 It feels bad and when this happens I feel overloaded and spinning out of control. With my medical conditions it's unique cause I suck them up, then normal stresses hit and wow. Hard to put into words.
 
 Any advice?","[0, 0]",{'control_group'},"Stress, full time job, had s cancer diagnosis in April, health issues, relationship stuff. Stress overload. So Ive always had a lot of issues growing up. Stress in the parents home at a young age. Turned into substance abuse I got help for with suboxone. I got a hold on it in 2010. Then as times move on I was able to deal with relationship stress, then started working full time. I do this to keep my independence and pride. However I started having prostatitis in 2013, that lead to anxiety, pain ect. I was then diagnosed with cancer in April this year with surgery, have major dental issues. For some reason Im still able to push through and be a great worker and excell. They love me at work and Im a top achiever. I keep my stuff hidden and use the stress issues to get stuff done. But sometimes I overload and it all comes crashing down when I have a week of hard work, nerve pain left over from my cancer surgery, my parents the way they are is very go go go caught off guard at times. This week I had dental issues getting worse, nerve pains from cancer surgery, car broke down, a heavy work schedule and big stuff at the job with prepping for corporate visit tomorrow. I had to just blow everything off but work later today, take 2mg of Xanax this morning after along up all night, and get some much needed rest till I go in here soon. It feels bad and when this happens I feel overloaded and spinning out of control. With my medical conditions its unique cause I suck them up, then normal stresses hit and wow. Hard to put into words. Any advice?",Normal,{'depression':'no'}
9s3fjp,"Another thing I screwed up, I can't even hang out with someone","So I've been feeling very down for the past days, and one of my friends asked me to hang out with her for relaxing. Well, that was probably my chance for trying to get better as my medication has any effect, so I took the chance. We went to the docks, and I immediately started feeling horrible and empty. She noticed it, and we hugged. We had our faces very close, and in a whim, I almost kissed her. She stepped back shocked and so did I. I felt so embarrassed, because she's my friend, I can't ruin it with something like that. It doesn't help that I have never had a girlfriend before, not even kissed someone. I feel guilty again, even though she doesn't seem to care much about it. Last night I had an anxiety attack because of that, and I'm feeling strange now. After that happened in the docks, we still went to other places and I felt okay, but all of a sudden the suicidal thoughts came up. I left her at her house, and I went walking to mine, at the other side of the town. When I was walking along the highway, I was so tired that I had to sit down. I wanted to jump in front of the vehicles. I tried to call all of my friends except for the girl that was with me before. Nobody answered their phones, and the two people that did, hanged up shortly after. I could have killed myself right then if it hadn't been because I was too tired for that. So pathetic... 
 
 I'm sorry for this, I really needed to say what happened yesterday. I guess nothing can stop my depression...","[0, 0]",{'control_group'},"Another thing I screwed up, I cant even hang out with someone. So Ive been feeling very down for the past days, and one of my friends asked me to hang out with her for relaxing. Well, that was probably my chance for trying to get better as my medication has any effect, so I took the chance. We went to the docks, and I immediately started feeling horrible and empty. She noticed it, and we hugged. We had our faces very close, and in a whim, I almost kissed her. She stepped back shocked and so did I. I felt so embarrassed, because shes my friend, I cant ruin it with something like that. It doesnt help that I have never had a girlfriend before, not even kissed someone. I feel guilty again, even though she doesnt seem to care much about it. Last night I had an anxiety attack because of that, and Im feeling strange now. After that happened in the docks, we still went to other places and I felt okay, but all of a sudden the suicidal thoughts came up. I left her at her house, and I went walking to mine, at the other side of the town. When I was walking along the highway, I was so tired that I had to sit down. I wanted to jump in front of the vehicles. I tried to call all of my friends except for the girl that was with me before. Nobody answered their phones, and the two people that did, hanged up shortly after. I could have killed myself right then if it hadnt been because I was too tired for that. So pathetic. Im sorry for this, I really needed to say what happened yesterday. I guess nothing can stop my depression.",Normal,{'depression':'yes'}
dl9fpa,tell me Im not the only one...,"so Im a 23 year old male & and an elementary school teacher, teaching 5th grade. I was diagnosed with depression & OCD before my senior year of college a little less than a year ago. 
 I feel this debilitating frustration with myself that Im not depressed enough or bad enough to feel as bad as I do or have the thoughts that I have. Some days I will smile and laugh on a few occasions and immediately get angry with myself for doing that because it doesnt feel okay. Ive started to scratch and pinch myself on my right arm to feel as much pain as I can and last night I cut my arm near my wrist with a kitchen knife...
 
 I think about suicide sometimes but I dont know how much of it is my OCD and how much is how awful I feel. I hate anything and everything about myself and feel so hopeless and lost, but feel guilty for feeling so bad because my parents spend sooo much $$ on me to get help and I dont have the bad home life or horrible support system like others, nor does my depression always strike.
 
 I pinch, hit, and scratch seemingly all day everyday for every little thing. If I screw up at school, I reach under my shirt and scratch till I feel pain. Tell me theres some one else who has this story... Im scared of myself.","[1, 0]",{'depressive_disorder'},"tell me Im not the only one. so Im a 23 year old male and an elementary school teacher, teaching 5th grade. I was diagnosed with depression OCD before my senior year of college a little less than a year ago. I feel this debilitating frustration with myself that Im not depressed enough or bad enough to feel as bad as I do or have the thoughts that I have. Some days I will smile and laugh on a few occasions and immediately get angry with myself for doing that because it doesnt feel okay. Ive started to scratch and pinch myself on my right arm to feel as much pain as I can and last night I cut my arm near my wrist with a kitchen knife. I think about suicide sometimes but I dont know how much of it is my OCD and how much is how awful I feel. I hate anything and everything about myself and feel so hopeless and lost, but feel guilty for feeling so bad because my parents spend sooo much CUR on me to get help and I dont have the bad home life or horrible support system like others, nor does my depression always strike. I pinch, hit, and scratch seemingly all day everyday for every little thing. If I screw up at school, I reach under my shirt and scratch till I feel pain. Tell me theres some one else who has this story. Im scared of myself.",Depression,"{""depression"":""yes""}"
4u6mqs,Feel really good day after feeling suicidal.,"So Im working night shifts. The night before I felt extremely depressed thinking of a way to kill myself on my break at work, I didnt come up with a way that would be painless and look like an accident, I felt really bad about my appearence, my self esteem, confusion about relationships with people, including my therapist where i was feeling guilty about being a burden on her and hiw stupid i must look to her, tonight is my last night at work for 2 weeks and maybe it is that that has me in such high spirits but I dont know I just feel really good, had a really good laugh with some colleagues at work, talking to everyone, feep really confident talking to people and just everything feels better, days like these are the only thing that gives me hope, but I wonder if there is some mechanism taking place that I dont understand, stuff like this makes me think I have bipolar but i dont think i am manic in the way bipolar is so i dont understand. Why do i feel okay for no apparent reason, is it just the contrast between the night before? Does anybody else experience this?","[0, 0]",{'control_group'},"Feel really good day after feeling suicidal. So Im working night shifts. The night before I felt extremely depressed thinking of a way to kill myself on my break at work, I didnt come up with a way that would be painless and look like an accident, I felt really bad about my appearence, my self esteem, confusion about relationships with people, including my therapist where i was feeling guilty about being a burden on her and hiw stupid i must look to her, tonight is my last night at work for 2 weeks and maybe it is that that has me in such high spirits but I dont know I just feel really good, had a really good laugh with some colleagues at work, talking to everyone, feep really confident talking to people and just everything feels better, days like these are the only thing that gives me hope, but I wonder if there is some mechanism taking place that I dont understand, stuff like this makes me think I have bipolar but i dont think i am manic in the way bipolar is so i dont understand. Why do i feel okay for no apparent reason, is it just the contrast between the night before? Does anybody else experience this?",Normal,"{""depression"":""yes""}"
7s5d7t,My friend told my school I was cutting,"So it was late at night and I was talking to my good friend and we were having one of those deep convos. She asked me about my mental health and stuff, I had no problem telling her since she suffers from depression too and is the person who helped me through everything. I told her I wasn't attending school the next day because I haven't been sleeping and that's affecting my performance. She later asked me about my anxiety (she doesn't have anxiety so she was just trying to help) and if I was cutting. I told her yes because I was, not at that time but around it. The next day I was sleeping in and I get awoken from my mother who tells me that she got a call from the school therapist. I was infuriated. I told her that in confidence and was working on the issue myself, I didn't want my parents to know until I was ready. They knew I did so in the past but not now. Now I have to go to school and face the therapist about it. I'm terrified that they will put that in my file or anything drastic. It almost ruined my relationship with my mom because she thinks I don't trust her and my parents are acting completely different around me. This is giving me anxiety and I am not sure how to go about everything.","[0, 0]",{'control_group'},"My friend told my school I was cutting. So it was late at night and I was talking to my good friend and we were having one of those deep convos. She asked me about my mental health and stuff, I had no problem telling her since she suffers from depression too and is the person who helped me through everything. I told her I wasnt attending school the next day because I havent been sleeping and thats affecting my performance. She later asked me about my anxiety she doesnt have anxiety so she was just trying to help and if I was cutting. I told her yes because I was, not at that time but around it. The next day I was sleeping in and I get awoken from my mother who tells me that she got a call from the school therapist. I was infuriated. I told her that in confidence and was working on the issue myself, I didnt want my parents to know until I was ready. They knew I did so in the past but not now. Now I have to go to school and face the therapist about it. Im terrified that they will put that in my file or anything drastic. It almost ruined my relationship with my mom because she thinks I dont trust her and my parents are acting completely different around me. This is giving me anxiety and I am not sure how to go about everything.",Normal,{'depression':'yes'}
4518s8,Lexapro is sapping my energy. Any alternatives I can bring up with my doc?,"So long story short, I was diagnosed with Adjustment Disorder with mixed anxiety and depression due in part to being a trans girl with a shitty home life. I'm living a lie, and I hate it. 
 
 Also, my school is fucking me over. I'm currently threatening to complain to the Department of Education and possibly taken them to court because of issues with Title IX and being trans. It's a pain in the ass, and I can't talk it over with my family because they don't know shit. 
 
 On the recommendation of my therapist, I was prescribed lexapro by my GP to help stabilize my symptoms until I can get HRT and get everything out in the open. 
 
 I've on it for almost two weeks, at 5mg the first week then stepping up to 10mg.
 
 The lexapro made me incredibly fatigued for the first week. I missed several days of class because I was too tired to drive safely.
 
 I'm not as tired this week, but I have no motivation. My dysphoria is almost entirely gone because I just don't care about anything. 
 
 I'm going to call my doc tomorrow (or later today actually) because I can't go on like this. I want my life back, dammit. 
 
 Anybody have any advice on this specifically, or just in general?","[0, 0]",{'control_group'},"Lexapro is sapping my energy. Any alternatives I can bring up with my doc. So long story short, I was diagnosed with Adjustment Disorder with mixed anxiety and depression due in part to being a trans girl with a shitty home life. Im living a lie, and I hate it. Also, my school is fucking me over. Im currently threatening to complain to the Department of Education and possibly taken them to court because of issues with Title IX and being trans. Its a pain in the ass, and I cant talk it over with my family because they dont know shit. On the recommendation of my therapist, I was prescribed lexapro by my GP to help stabilize my symptoms until I can get HRT and get everything out in the open. Ive on it for almost two weeks, at 5mg the first week then stepping up to 10mg. The lexapro made me incredibly fatigued for the first week. I missed several days of class because I was too tired to drive safely. Im not as tired this week, but I have no motivation. My dysphoria is almost entirely gone because I just dont care about anything. Im going to call my doc tomorrow or later today actually because I cant go on like this. I want my life back, dammit. Anybody have any advice on this specifically, or just in general?",Normal,{'depression':'yes'}
6nm769,I don't know how to cope I feel insanely abandoned,"So my mental health has been on the decline lately and honestly it sucks insanely. I recently got left by my s.o because i attempted suicide we had other issues but that was the ultimate cause. He was my bestfriend so I lost that, we tried to get back together but his friends convinced him that we shouldn't i don't fully understand why, but it really has made me feel not good enough. I dont have many friends and none of them are close so its really hard to talk about m feelings to anyone. My family (except my dad) aren't bad people it's just that iv'e never been close to any of them and honestly i see myself cutting contact with them in 5 years, my father yesterday told me when he was drunk that he tried to convince my mum to abort me which isn't the worse thing hes said. And iv'e started isolating myself. But the worse part is that I lost the pesron that I thought would be there for me through this and that i would talk to and I don't really know what to do.","[0, 0]",{'control_group'},"I dont know how to cope I feel insanely abandoned. So my mental health has been on the decline lately and honestly it sucks insanely. I recently got left by my s.o because i attempted suicide we had other issues but that was the ultimate cause. He was my bestfriend so I lost that, we tried to get back together but his friends convinced him that we shouldnt i dont fully understand why, but it really has made me feel not good enough. I dont have many friends and none of them are close so its really hard to talk about m feelings to anyone. My family except my dad arent bad people its just that ive never been close to any of them and honestly i see myself cutting contact with them in 5 years, my father yesterday told me when he was drunk that he tried to convince my mum to abort me which isnt the worse thing hes said. And ive started isolating myself. But the worse part is that I lost the pesron that I thought would be there for me through this and that i would talk to and I dont really know what to do.",Normal,"{""depression"": ""yes""}"
5lvk7c,"Antidepressant only seems to work for a few days, makes no logical sense","So the best I have ever felt while on antidepressants is for like 2 or 3 days after starting (didn't feel like sleeping for ever, had some evergy, had some motivation). Then as the medication levels out I feel like crap again. This has only happened with 2 meds that I recall: cymbalta, an SNRI, and wellbutrin. The same thing happened when my doc increased the cymbalta dose. 
 
 So what I am asking is can anyone explain this? The only logical thing I can come up with is placebo effect because you should maybe start to feel better after 4-6 weeks but I only seem to get better for 48-72 hours and then go back to feeling the same as before that. But if it was placebo, why has it only done that with those 2 medications?
 
 The only other thing I can think of is that I have a different underlying condition that keeps counter acting the meds, but I feel like I'm just grasping at straws, but I'm sick of trying medications and the only relief I get is not wanting to die 24/7. I mean I still feel hopeless, worthless, and have passive suicidal thoughts most days.","[1, 0]",{'depressive_disorder'},"Antidepressant only seems to work for a few days, makes no logical sense. So the best I have ever felt while on antidepressants is for like 2 or 3 days after starting didnt feel like sleeping for ever, had some evergy, had some motivation. Then as the medication levels out I feel like crap again. This has only happened with 2 meds that I recall cymbalta, an SNRI, and wellbutrin. The same thing happened when my doc increased the cymbalta dose. So what I am asking is can anyone explain this? The only logical thing I can come up with is placebo effect because you should maybe start to feel better after 46 weeks but I only seem to get better for 4872 hours and then go back to feeling the same as before that. But if it was placebo, why has it only done that with those 2 medications? The only other thing I can think of is that I have a different underlying condition that keeps counter acting the meds, but I feel like Im just grasping at straws, but Im sick of trying medications and the only relief I get is not wanting to die 247. I mean I still feel hopeless, worthless, and have passive suicidal thoughts most days.",Depression,{'depression':'yes'}
byk9wb,Final days i hope,"So tomorrow my abusive mom is going to be out of town and will be back on Tuesday (leaving me alone for one night) and im going to try to take that as an opportunity to end this nightmare.We have had a cat (to try and better my mental health,even though my mom didnt want it and was forced to get it from my therapist) for about 3 months now and today the cat scratched me out of fear.We were taking it out for a walk when this idiot went up to it and tried to pet it.Cat got scared and got off its leash and i had to pin him down to get him and not lose him.During this,he scratched me kinda badly.Now my female parent is saying that i am poison and that even the cat hates me.She keeps shoving the fact that she didnt want the cat up in my face,even going as far as saying that thanks to me she is now a ""prisoner in her own house"".
 
 She keeps saying that i am poison and i ruin everything i come in contact with,saying that she has a miserable life thanks to me,keeps repeating how well she was doing before she got pregnant.
 She does many other things,including blaming my father for everything (even her own actions),saying that she is going to kill herself because of how much i stress her out.
 
 I cannot take this anymore.I have saved up some pills and got my hand on some alcohol to down it all.I also have murder tendencies,constantly wanting to harm/kill someone else,but now i have realised that im the problem.
 This is my 5th suicide attempt,hope it works.","[0, 0]",{'control_group'},"Final days i hope. So tomorrow my abusive mom is going to be out of town and will be back on Tuesday leaving me alone for one night and im going to try to take that as an opportunity to end this nightmare.We have had a cat to try and better my mental health,even though my mom didnt want it and was forced to get it from my therapist for about 3 months now and today the cat scratched me out of fear.We were taking it out for a walk when this idiot went up to it and tried to pet it.Cat got scared and got off its leash and i had to pin him down to get him and not lose him.During this,he scratched me kinda badly.Now my female parent is saying that i am poison and that even the cat hates me.She keeps shoving the fact that she didnt want the cat up in my face,even going as far as saying that thanks to me she is now a prisoner in her own house. She keeps saying that i am poison and i ruin everything i come in contact with,saying that she has a miserable life thanks to me,keeps repeating how well she was doing before she got pregnant. She does many other things,including blaming my father for everything even her own actions,saying that she is going to kill herself because of how much i stress her out. I cannot take this anymore.I have saved up some pills and got my hand on some alcohol to down it all.I also have murder tendencies,constantly wanting to harmkill someone else,but now i have realised that im the problem. This is my 5th suicide attempt,hope it works.",Normal,{'depression':'yes'}
82bnve,"Things are better, but still concerned.","So, life got flipped upside down about a month ago. Lot of rough stuff happened, and I had to move back to my old hometown, with my stepdad and brother. Im broke, unemployed, single, and living back at home. But I came back to my old home area because this is where my support is. I hate having to come back under these circumstances, but its been good to see friends and family again, especially after losing my mom unexpectedly and getting dumped. 
  
 Its been a hard few weeks, but Ive been getting some encouraging signs. Ive had a string of interviews in my field (which I didnt get for a few months in my old town), made some amazing contacts, and already had some pretty memorable nights. Im running regularly and found some fun spots to EOOD. I cant afford therapy yet (no job, no money) but I found a weekly mental health group meeting. Its something. In general, Ive been feeling a lot better. 
  
 However, Ive been fighting this nagging feeling in my head that it could all implode and I could be back on the phone with that hotline. Im putting in my best efforts to not let that happen, but I just fear that I wont be able to deal with it if this stuff doesnt work out. Disaster preparedness has never been my strong suit. I think Im going to get some good news soon, but Im worried I wont know how to handle it if I dont.","[0, 0]",{'control_group'},"Things are better, but still concerned. So, life got flipped upside down about a month ago. Lot of rough stuff happened, and I had to move back to my old hometown, with my stepdad and brother. Im broke, unemployed, single, and living back at home. But I came back to my old home area because this is where my support is. I hate having to come back under these circumstances, but its been good to see friends and family again, especially after losing my mom unexpectedly and getting dumped. Its been a hard few weeks, but Ive been getting some encouraging signs. Ive had a string of interviews in my field which I didnt get for a few months in my old town, made some amazing contacts, and already had some pretty memorable nights. Im running regularly and found some fun spots to EOOD. I cant afford therapy yet no job, no money but I found a weekly mental health group meeting. Its something. In general, Ive been feeling a lot better. However, Ive been fighting this nagging feeling in my head that it could all implode and I could be back on the phone with that hotline. Im putting in my best efforts to not let that happen, but I just fear that I wont be able to deal with it if this stuff doesnt work out. Disaster preparedness has never been my strong suit. I think Im going to get some good news soon, but Im worried I wont know how to handle it if I dont.",Normal,{'depression':'no'}
96bj0l,It's got a hold on me and won't let go,"So. I am going to start writing here every once in a while. It seemed to help last time so hopefully it will again.
 
 More about me...
 
 Well. I'm middle aged living in the U.S. I've been diagnosed with Major Depression - Severe whatever that means. All I know is it just hit me one day. I'm sure I've had it all my life but never really caught on to it. I still have days when I wish I had control over it but I don't and never think I will.
 
 Anyways. Today's bit about me is that I'm in an awesome relationship right now. I should be verry happy but I'm not. There are just some things that people say that I'm sure they don't think it is a big deal but when someone suggests that they are going to leave you because of something that is mostly out of your control and part of your depression is from abandonment issues it sticks. It was suggested over 2 months ago and the words are fresh in my head. I could make the change requested happen but it would affect multiple people. But my SO doesn't get it. They think I can just make this change and not feel even worse afterwards. If I make this change I will be abandoning people. I thought that relationships were about compromise and understanding and I'm willing to do my part but there are steps that need to be made. Now I feel threatened and even though it hasn't happened yet I already feel like my SO would abandon me. I have felt betrayed and hurt since my SO said that they would leave if the situation didn't change.
 
 Thanks for listening","[1, 0]",{'depressive_disorder'},Its got a hold on me and wont let go. So. I am going to start writing here every once in a while. It seemed to help last time so hopefully it will again. More about me. Well. Im middle aged living in the U.S. Ive been diagnosed with Major Depression Severe whatever that means. All I know is it just hit me one day. Im sure Ive had it all my life but never really caught on to it. I still have days when I wish I had control over it but I dont and never think I will. Anyways. Todays bit about me is that Im in an awesome relationship right now. I should be verry happy but Im not. There are just some things that people say that Im sure they dont think it is a big deal but when someone suggests that they are going to leave you because of something that is mostly out of your control and part of your depression is from abandonment issues it sticks. It was suggested over 2 months ago and the words are fresh in my head. I could make the change requested happen but it would affect multiple people. But my SO doesnt get it. They think I can just make this change and not feel even worse afterwards. If I make this change I will be abandoning people. I thought that relationships were about compromise and understanding and Im willing to do my part but there are steps that need to be made. Now I feel threatened and even though it hasnt happened yet I already feel like my SO would abandon me. I have felt betrayed and hurt since my SO said that they would leave if the situation didnt change. Thanks for listening,Depression,{'depression':'yes'}
48j8h2,I want to change my life...but how??,"Some information about me: I'm 16 year old student from Germany (maybe some of you remember me, I've been posting fairly often as CodeineCarl until I forgot my password). I have been depressed for a long time, I've been seeing a psychotherapist since January and I have been diagnosed with ""medium depression"".
 
 Recently I've been feeling bad, I haven't been to school since January and I won't be able to go until the new school year begins (August), so naturally I have a *lot* of time to think. I became tired of everything. Videogames, living with my parents, being a boring and lazy loser, etc.
 I've tried picking up skateboarding as a hobby but every day it's either really cold out or im too tired. 
 Video games aren't fun any more, I've been playing since I was a little kid, maybe 5 or so.
 I want to stop eating meat, but I can't. I don't know why, I guess I'm simply too weak, much of a loser.
 I want to do something, I want to hang out with people, I want to be outside, I want to have fun, I want to have some *real* hobbies.
 But instead im sitting at home all day, browsing Reddit and YouTube, trying to not die of boredom.
 I want to spend my money on interesting stuff: running shoes, camera lenses, pencils and books. But instead I'm wasting all my money by buying video games, getting bored and selling them again.
 I want to volunteer at an animal shelter to help others, but I can't. I have no power, no motivation, nothing.
 
 Any tips are appreciated, really. If it doesn't get better I swear im going to off myself as soon as the people who care about me are gone.","[1, 0]",{'depressive_disorder'},"I want to change my life.but how. Some information about me Im 16 year old student from Germany maybe some of you remember me, Ive been posting fairly often as CodeineCarl until I forgot my password. I have been depressed for a long time, Ive been seeing a psychotherapist since January and I have been diagnosed with medium depression. Recently Ive been feeling bad, I havent been to school since January and I wont be able to go until the new school year begins August, so naturally I have a lot of time to think. I became tired of everything. Videogames, living with my parents, being a boring and lazy loser, etc. Ive tried picking up skateboarding as a hobby but every day its either really cold out or im too tired. Video games arent fun any more, Ive been playing since I was a little kid, maybe 5 or so. I want to stop eating meat, but I cant. I dont know why, I guess Im simply too weak, much of a loser. I want to do something, I want to hang out with people, I want to be outside, I want to have fun, I want to have some real hobbies. But instead im sitting at home all day, browsing Reddit and YouTube, trying to not die of boredom. I want to spend my money on interesting stuff running shoes, camera lenses, pencils and books. But instead Im wasting all my money by buying video games, getting bored and selling them again. I want to volunteer at an animal shelter to help others, but I cant. I have no power, no motivation, nothing. Any tips are appreciated, really. If it doesnt get better I swear im going to off myself as soon as the people who care about me are gone.",Depression,{'depression':'yes'}
g85fxb,Sensitivity after negativity (16f),"Sorry if the title doesnt make sense, Im not sure how to word it. 
 
 Lately Ive been super sensitive, probably due to being stuck in the house with my parents at 16, which is not the ideal way to spend the days as a teenager. But Im struggling to stop myself from crying whenever my parents mention anything negative towards me or even anything i just take upon myself to be a negative remark. Usually I end up going to the bathroom and sobbing on the floor. I realize it after that its so stupid to cry over these little things as violently and as long as I do but I cant help it. At the same time, whenever I have a crying fit, I think about how worthless I am and how much I hate myself, but once Im done I no longer feel the way I do about myself when I cry. 
 
 Can anyone help me stop being so sensitive","[0, 0]",{'control_group'},"Sensitivity after negativity 16f. Sorry if the title doesnt make sense, Im not sure how to word it. Lately Ive been super sensitive, probably due to being stuck in the house with my parents at 16, which is not the ideal way to spend the days as a teenager. But Im struggling to stop myself from crying whenever my parents mention anything negative towards me or even anything i just take upon myself to be a negative remark. Usually I end up going to the bathroom and sobbing on the floor. I realize it after that its so stupid to cry over these little things as violently and as long as I do but I cant help it. At the same time, whenever I have a crying fit, I think about how worthless I am and how much I hate myself, but once Im done I no longer feel the way I do about myself when I cry. Can anyone help me stop being so sensitive",Normal,"{""depression"":""no""}"
c5jsmh,How did you first realize u were depressed?,"Sup y'all. 18 y/o dude here. Some symptoms of depression, such as low self-esteem, guilt and constant anxiety I don't identify with at all. In fact, I'm quite confident and calm. However...
 
 \-Natural things in life that have ""zest"" to them (listening to music, a fascinating conversation, watching a great movie, looking forward to vacations) hold less appeal than they used to. They almost feel dulled
 
 \-\^on that note, it seems like I have to make an effort to actually enjoy life. Sure, I can enjoy stuff, but it feels forced. If I didn't make the effort, I'd be incredibly apathetic and zoned out most of the time
 
 \-My sex drive has *significantly* decreased. Way, way less sexual thoughts, boners and general desire.
 
 \-I also take less pride in doing dope stuff (ex. performing well in athletics, getting a really attractive girl in bed, doing something ballsy)...not because I feel unworthy or guilty, I just *don't care*. Super apathetic.
 
 \-On occasion, I feel like the future will be bleak and hopeless, solely because I find everything so boring and meh.
 
 In short, I don't suffer from excessive negative thoughts whatsoever. I just seem to have an absence of positive thoughts. **Is this what the onset of depression looks like? I'm off to college in a month and a half, and ideally I hope not to start this chapter of my life spiraling into depression. Thanks to everyone and much love.**","[0, 0]",{'control_group'},"How did you first realize u were depressed. Sup yall. 18 yo dude here. Some symptoms of depression, such as low selfesteem, guilt and constant anxiety I dont identify with at all. In fact, Im quite confident and calm. However. Natural things in life that have zest to them listening to music, a fascinating conversation, watching a great movie, looking forward to vacations hold less appeal than they used to. They almost feel dulled on that note, it seems like I have to make an effort to actually enjoy life. Sure, I can enjoy stuff, but it feels forced. If I didnt make the effort, Id be incredibly apathetic and zoned out most of the time My sex drive has significantly decreased. Way, way less sexual thoughts, boners and general desire. I also take less pride in doing dope stuff ex. performing well in athletics, getting a really attractive girl in bed, doing something ballsy.not because I feel unworthy or guilty, I just dont care. Super apathetic. On occasion, I feel like the future will be bleak and hopeless, solely because I find everything so boring and meh. In short, I dont suffer from excessive negative thoughts whatsoever. I just seem to have an absence of positive thoughts. Is this what the onset of depression looks like? Im off to college in a month and a half, and ideally I hope not to start this chapter of my life spiraling into depression. Thanks to everyone and much love.",Normal,"{""depression"":""yes""}"
8ht802,Emptiness,"That's all I feel anymore. Without constant attention and validation, I feel nothing. I feel worthless and awful. I skipped my classes again today because I just couldn't bear getting out of bed (the thought made me physically sick). I am useless and will never amount to anything. I want to be able to feel happy for more than a few minutes. I want to be able to wake up and not pray to go back to sleep because I just cannot stand thw world. I want to not feel like a massive failure anymore... but I don't know how.
 
 I'm also scares to seek help... because what If I get told I'm not actually depressed and I've actually had no reason to be wasting my life away like this? I also don't know what to do if I get told exactly how to fix my depression because I dont know what life would be like without it. It defines me. It is who I am... I don't how to function if it's not here, but it being here makes me unable to function. 
 
 I'm making plans to go back to therapy... but I don't know how much it will help because it didn't before","[0, 0]",{'control_group'},"Emptiness. Thats all I feel anymore. Without constant attention and validation, I feel nothing. I feel worthless and awful. I skipped my classes again today because I just couldnt bear getting out of bed the thought made me physically sick. I am useless and will never amount to anything. I want to be able to feel happy for more than a few minutes. I want to be able to wake up and not pray to go back to sleep because I just cannot stand thw world. I want to not feel like a massive failure anymore. but I dont know how. Im also scares to seek help. because what If I get told Im not actually depressed and Ive actually had no reason to be wasting my life away like this? I also dont know what to do if I get told exactly how to fix my depression because I dont know what life would be like without it. It defines me. It is who I am. I dont how to function if its not here, but it being here makes me unable to function. Im making plans to go back to therapy. but I dont know how much it will help because it didnt before",Normal,"{""depression"":""yes""}"
5sidtp,"Being ""Triggered""","The one thing that I hate about having depression is how much backlash I get for having it. For example, I would tell someone I have depression, and they would respond with something belittling me such as ""Ohhh did I hurt your feelings? Do you need your safe space, special snowflake?"" Like I get it. Life's not gonna treat you fairly (trust me, you think I don't know that already?) but that doesn't mean you should go around belittiling people who have actual, mental disorders. That's just being a straight-up asshole. I don't care what you think, that's just fucked up. I don't go around, talking to people in wheelchairs, saying ""Ohhhh you can't walk? What a shame!"" Like no, that's not how it works. We're all people in the end, no matter what mental or physical disorder we have. Just because you think some people are ""triggered"" doesn't mean that you should shame them for it. Personally, I have gone through so much in my life, and believe me, the last thing I need is some asshole shaming me for something that I can't control. 
 
 Sorry for the huge rant. I just needed to let some steam out. But I think you all get the point now.","[0, 0]",{'control_group'},"Being Triggered. The one thing that I hate about having depression is how much backlash I get for having it. For example, I would tell someone I have depression, and they would respond with something belittling me such as Ohhh did I hurt your feelings? Do you need your safe space, special snowflake? Like I get it. Lifes not gonna treat you fairly trust me, you think I dont know that already? but that doesnt mean you should go around belittiling people who have actual, mental disorders. Thats just being a straightup asshole. I dont care what you think, thats just fucked up. I dont go around, talking to people in wheelchairs, saying Ohhhh you cant walk? What a shame! Like no, thats not how it works. Were all people in the end, no matter what mental or physical disorder we have. Just because you think some people are triggered doesnt mean that you should shame them for it. Personally, I have gone through so much in my life, and believe me, the last thing I need is some asshole shaming me for something that I cant control. Sorry for the huge rant. I just needed to let some steam out. But I think you all get the point now.",Normal,{'depression':'no'}
6r7137,New coping mechanisms,"The past few months have been rough for me. I lost a lot of close people to me and fell back into some bad habit. I moved to a new state for school and have felt completely alone. 
 
 I started self harming a lot more frequently again. I stopped for awhile again but my mom spotted my newer scars. I explained that they're a few months old and I'm fine now. 
 
 So I've been trying a bunch of different ways to cope but no matter what my mom complains about them or something. 
 
 I started painting and do it so often that I just leave my paints out, she complains about the mess and how I'm using her brushes. 
 
 I recently started to learn to play the guitar but it's stressing me out so I was going to go back to the piano. I know I brought it with me to the new state because I remember packing it in the car out of storage. My mom told me she got rid of it because it took up too much space. It was a small keyboard, it bugs me because she let me drag it across the country just to get rid of it without even telling me about it. 
 
 I'm low-key a hoarder and she did the same thing with some things I was really attached to. Telling me I could keep them then secretly getting rid of them and not telling me about it till I'm frantically looking for them. 
 
 I don't feel like doing anything now because I know she'll say something negative about it. I know she doesn't mean to hurt me but that's what it's doing. I've never been good at coping and just feel lost.","[0, 0]",{'control_group'},"New coping mechanisms. The past few months have been rough for me. I lost a lot of close people to me and fell back into some bad habit. I moved to a new state for school and have felt completely alone. I started self harming a lot more frequently again. I stopped for awhile again but my mom spotted my newer scars. I explained that theyre a few months old and Im fine now. So Ive been trying a bunch of different ways to cope but no matter what my mom complains about them or something. I started painting and do it so often that I just leave my paints out, she complains about the mess and how Im using her brushes. I recently started to learn to play the guitar but its stressing me out so I was going to go back to the piano. I know I brought it with me to the new state because I remember packing it in the car out of storage. My mom told me she got rid of it because it took up too much space. It was a small keyboard, it bugs me because she let me drag it across the country just to get rid of it without even telling me about it. Im lowkey a hoarder and she did the same thing with some things I was really attached to. Telling me I could keep them then secretly getting rid of them and not telling me about it till Im frantically looking for them. I dont feel like doing anything now because I know shell say something negative about it. I know she doesnt mean to hurt me but thats what its doing. Ive never been good at coping and just feel lost.",Normal,{'depression':'yes'}
gpql4s,Ive been struggling a lot with my mental health and isolated myself from my flatmate because she made me feel worse. She told me yesterday she has also been struggling but I kind of brushed it off because I dont want to talk to her. Am I a bad person? What should I do?,"The title says pretty much everything but Ill explain why she makes me feel worse: whenever I try to be optimistic about my plans when the lockdown ends she shatters every single possibility and tells me Im stupid for thinking this will end soon, whenever were having a normal conversation shell turn it into an issue about race, colonization, class, etc. and try to fight when Im really not in the mood for that, and she also tries to give me some philosophical explanation about why how I feel is wrong without listening. Ive gone from being friendly with her at the beginning of this semester to really dreading even seeing her in the living room. 
 
 However, I feel terrible for not helping. I wish we could offer each other comfort by sharing our experiences but I also really dread the moment shell start telling me how I feel instead of listening. I obviously do empathize with her situation because Im going through a tough time myself, but somehow I just cant bring myself to offer help. Am I a terrible person? I dont know, what would you guys do?","[0, 0]",{'control_group'},"Ive been struggling a lot with my mental health and isolated myself from my flatmate because she made me feel worse. She told me yesterday she has also been struggling but I kind of brushed it off because I dont want to talk to her. Am I a bad person? What should I do. The title says pretty much everything but Ill explain why she makes me feel worse whenever I try to be optimistic about my plans when the lockdown ends she shatters every single possibility and tells me Im stupid for thinking this will end soon, whenever were having a normal conversation shell turn it into an issue about race, colonization, class, etc. and try to fight when Im really not in the mood for that, and she also tries to give me some philosophical explanation about why how I feel is wrong without listening. Ive gone from being friendly with her at the beginning of this semester to really dreading even seeing her in the living room. However, I feel terrible for not helping. I wish we could offer each other comfort by sharing our experiences but I also really dread the moment shell start telling me how I feel instead of listening. I obviously do empathize with her situation because Im going through a tough time myself, but somehow I just cant bring myself to offer help. Am I a terrible person? I dont know, what would you guys do?",Normal,{'depression':'no'}
ch8mtq,Poetry to Help my Depression - #37 - Coast to Coast.,"The wind whips my hair, see breeze howling.
 Atop the cliff, at the head, between waters.
 Waves roll in, I see my reflection scowling.
 Do I jump or do I just fall?
 
 One week of travelling, finding who I might be.
 Coast to River, to the castles of my mind.
 Fortified, isolated. Is there something I can't see?
 Your face, across the ocean. Calling.
 
 Just a delusion of the mind that I create.
 Something to wash away the vast loneliness.
 Cast yourself to the rocks, change this fate
 End your bitter life.
 
 Allow me renewal, as I fall to seas embrace.
 Guide me through life as the winds steal my soul.
 Put a smile back on this tired, empty face.
 Let me rule my own mind.
 
 I fear daily, you are lost forever, my dear.
 Eyes shall never meet again with sparks bright.
 I'm escaping the emptiness of our home. I fear.
 One day, I will not return.
 
 Forever lost amongst the tide.
 For now, my time, I shall only bide.","[0, 0]",{'control_group'},"Poetry to Help my Depression 37 Coast to Coast. The wind whips my hair, see breeze howling. Atop the cliff, at the head, between waters. Waves roll in, I see my reflection scowling. Do I jump or do I just fall? One week of travelling, finding who I might be. Coast to River, to the castles of my mind. Fortified, isolated. Is there something I cant see? Your face, across the ocean. Calling. Just a delusion of the mind that I create. Something to wash away the vast loneliness. Cast yourself to the rocks, change this fate End your bitter life. Allow me renewal, as I fall to seas embrace. Guide me through life as the winds steal my soul. Put a smile back on this tired, empty face. Let me rule my own mind. I fear daily, you are lost forever, my dear. Eyes shall never meet again with sparks bright. Im escaping the emptiness of our home. I fear. One day, I will not return. Forever lost amongst the tide. For now, my time, I shall only bide.",Normal,{'depression':'yes'}
e5o4hs,Went to the movies,"There are a lot things I want to do but my social anxiety can be so bad at times that I just stay home for days if I don't have any important obligations to do. For example, there is coffee shop right across the street from my house but I haven't been to it since July because I have always been too scared to go on my own. I hope I can overcome this soon because I really miss having a nice cup of coffee every now and then. I did though recently have a mini victory. I went to my local movie theater on my own and I'm really proud. I went late in the day and on a day of the week I assumed they would be less busy. Bought my ticket and saw Frozen 2 and it was all worth it. I would be lying though if I said I wasn't anxious the whole time getting my ticket and snacks but once the movie started I was able to get over that. I highly recommend the movie by the way. I cried like twice but I'm also a sucker for these types of movies. The exchange between Anna and Elsa where Anna strongly exclaims ""... Then don't run into fire!"" hit me too hard. I still wish I could share moments like this with someone else but I am learning to be okay knowing that won't happen. I'm proud of this accomplishment and I hope my little victory can help inspire others to have their own.","[0, 1]",{'anxiety_disorder'},"Went to the movies. There are a lot things I want to do but my social anxiety can be so bad at times that I just stay home for days if I dont have any important obligations to do. For example, there is coffee shop right across the street from my house but I havent been to it since July because I have always been too scared to go on my own. I hope I can overcome this soon because I really miss having a nice cup of coffee every now and then. I did though recently have a mini victory. I went to my local movie theater on my own and Im really proud. I went late in the day and on a day of the week I assumed they would be less busy. Bought my ticket and saw Frozen 2 and it was all worth it. I would be lying though if I said I wasnt anxious the whole time getting my ticket and snacks but once the movie started I was able to get over that. I highly recommend the movie by the way. I cried like twice but Im also a sucker for these types of movies. The exchange between Anna and Elsa where Anna strongly exclaims . Then dont run into fire! hit me too hard. I still wish I could share moments like this with someone else but I am learning to be okay knowing that wont happen. Im proud of this accomplishment and I hope my little victory can help inspire others to have their own.",Anxiety,{'depression':'no'}
gvbeje,How do you feel about having CP?,"Thinking about it, I never actually cared. What I thought was wanting to be ""normal"" was actually just wanting better accessibility and for people to stop treating me like shit. For me I am who I am. I understand I fall more into the moderate category with level 2-3 GMF and that others are more severe or have other issues. So they hate having CP. I understand not wanting to be in pain all the time. I just wanted to see where other people lie. Do you want to be able bodied? Do you want a cure? Or are you proud to be disabled and don't want to change?","[0, 0]",{'control_group'},"How do you feel about having CP. Thinking about it, I never actually cared. What I thought was wanting to be normal was actually just wanting better accessibility and for people to stop treating me like shit. For me I am who I am. I understand I fall more into the moderate category with level 23 GMF and that others are more severe or have other issues. So they hate having CP. I understand not wanting to be in pain all the time. I just wanted to see where other people lie. Do you want to be able bodied? Do you want a cure? Or are you proud to be disabled and dont want to change?",Normal,{'depression':'no'}
g0ofod,Is this a delusion?,This all started last night with an argument with a friend of mine. I suddenly became deeply afraid of europeans. More so men then women. Last night and persisting through today I have this absolute fear that any European person is just trying to hurt me. I tried to justify my fear. I don't want to step out of my house in case I run into one (I live in the US I understand this is highly irrational). I look back at the texts and I KNOW I wouldn't say this shit any other time. It didn't feel like me at all. I was also hallucinating last night but that was completely separate. I'm also avoiding friends who I know are from other countries just in case. I don't know how to make this stop. I feel like crying because I'm so fucking scared. But at the same time I want my friends back.,"[0, 0]",{'control_group'},Is this a delusion. This all started last night with an argument with a friend of mine. I suddenly became deeply afraid of europeans. More so men then women. Last night and persisting through today I have this absolute fear that any European person is just trying to hurt me. I tried to justify my fear. I dont want to step out of my house in case I run into one I live in the US I understand this is highly irrational. I look back at the texts and I KNOW I wouldnt say this shit any other time. It didnt feel like me at all. I was also hallucinating last night but that was completely separate. Im also avoiding friends who I know are from other countries just in case. I dont know how to make this stop. I feel like crying because Im so fucking scared. But at the same time I want my friends back.,Normal,{'depression':'no'}
5cogdc,Not even my dog likes me,"This is fucking stupid, but damn. You hear about all these people who have no one, except their dog who gives them unconditional loving. About how what's holding them back from doing it is their dog's love and dependence. There are a bunch of people that could take care of him if I did it. He doesn't love me. I have to constantly fight just to get an ounce of respect from him, and if I waver, I lose all of it. It's honestly like most of my relationships. It's a constant struggle to keep up my mask just to maintain a reasonable relationship, but the moment that mask drops, everything falls apart. Fuck, the only person who even tries is just me ex who uses me when things are hard for her, and then drops me the moment she doesn't need me anymore. And I can't help but fall for it, every time. Because I have no other source of affection, no one else who goes out of their way to be a part of my life, someone who I don't have to fight just to have some what close to me. Fuck. I'm so done. I'm too poor to afford my meds or my food, my therapist is/was super self centered (was because I stopped going to him). I have no one I can depend on. I'm so damn lonely.","[0, 0]",{'control_group'},"Not even my dog likes me. This is fucking stupid, but damn. You hear about all these people who have no one, except their dog who gives them unconditional loving. About how whats holding them back from doing it is their dogs love and dependence. There are a bunch of people that could take care of him if I did it. He doesnt love me. I have to constantly fight just to get an ounce of respect from him, and if I waver, I lose all of it. Its honestly like most of my relationships. Its a constant struggle to keep up my mask just to maintain a reasonable relationship, but the moment that mask drops, everything falls apart. Fuck, the only person who even tries is just me ex who uses me when things are hard for her, and then drops me the moment she doesnt need me anymore. And I cant help but fall for it, every time. Because I have no other source of affection, no one else who goes out of their way to be a part of my life, someone who I dont have to fight just to have some what close to me. Fuck. Im so done. Im too poor to afford my meds or my food, my therapist iswas super self centered was because I stopped going to him. I have no one I can depend on. Im so damn lonely.",Normal,{'depression':'yes'}
b3hmzu,My mom almost always never asks if I'm doing okay.,"This is more of a rant than anything else. I know my problem would be solved if I was the one to try and instigate the talking, but I'm just sad she never tries to do it herself.
 
 My mom literally only asks me if I'm doing okay a few times a year it seems. Despite my diagnosis of Psychotic Depression after self harming way too deep and being shoved in to a mental hospital. Hell, my aunt and cousin asked if I was doing okay more in one month than my mom has in my entire life. I'm not saying she has to constantly be asking, I just want her to ask... Even if I'm grabbing at my wrists, which she knows has scars on it and is a major self harming spot for me, she just blocks it out. She only cares about the highs and chooses to ignore the lows or gets mad at them because they aren't what she wants. It gets to the point where I just boil over, and then she says that the only time I ever tell her anything is when I'm mad at her. And even if I try to talk to her normally, it's always the same old ""oh, everyone goes through that"" sort of thing. And then I get mad again at the fact that it seems like she's undermining my struggles. I'm just so tired of this whole thing.","[1, 0]",{'depressive_disorder'},"My mom almost always never asks if Im doing okay. This is more of a rant than anything else. I know my problem would be solved if I was the one to try and instigate the talking, but Im just sad she never tries to do it herself. My mom literally only asks me if Im doing okay a few times a year it seems. Despite my diagnosis of Psychotic Depression after self harming way too deep and being shoved in to a mental hospital. Hell, my aunt and cousin asked if I was doing okay more in one month than my mom has in my entire life. Im not saying she has to constantly be asking, I just want her to ask. Even if Im grabbing at my wrists, which she knows has scars on it and is a major self harming spot for me, she just blocks it out. She only cares about the highs and chooses to ignore the lows or gets mad at them because they arent what she wants. It gets to the point where I just boil over, and then she says that the only time I ever tell her anything is when Im mad at her. And even if I try to talk to her normally, its always the same old oh, everyone goes through that sort of thing. And then I get mad again at the fact that it seems like shes undermining my struggles. Im just so tired of this whole thing.",Depression,{'depression':'yes'}
9a0jm9,Anxiety is making me hate my house,"We rent in an old neighborhood. We have been here about 2 years. The landlady will not fix certain things that are wrong with the house (like detached ac vents, dishwasher leaks, bathtub leaks, etc). There were some abandoned houses on our street that are being flipped. They had been abandoned for years and the recent construction has literally forced mice into the streets. All of our neighbors (even though we live in nicer houses and the empty ones were way down the block) are now dealing with mice in our trash cans. To make matters worse our city cut trash pickup to one day a week and now there is even MORE trash than usual. Our land lady insists her ""property value has increased from the construction"" even though she's refused to fix the stuff I mentioned, won't let us fix it, and now there are mice. She upped our rent by $250 a month and threatened to evict us when I complained that our rent shouldn't go up just because certain Houses got renovated. 
 ALL of this has triggered my panic attacks. The extra rent, the mice, the broken crap in our house. I'm a neat freak and I clean more than ever but now I hate my house and don't even want to be at home. I've found myself avoided my house to the point that it's ridiculous because just being here triggers me. It doesn't even feel like home when I'm here. It looks and feels like a foreign and unwelcoming place that is nothing but a giant anxiety trigger. We are looking to move but in the mean time I can't stand it here and don't even want to think about packing all of our sh*t.","[0, 1]",{'anxiety_disorder'},"Anxiety is making me hate my house. We rent in an old neighborhood. We have been here about 2 years. The landlady will not fix certain things that are wrong with the house like detached ac vents, dishwasher leaks, bathtub leaks, etc. There were some abandoned houses on our street that are being flipped. They had been abandoned for years and the recent construction has literally forced mice into the streets. All of our neighbors even though we live in nicer houses and the empty ones were way down the block are now dealing with mice in our trash cans. To make matters worse our city cut trash pickup to one day a week and now there is even MORE trash than usual. Our land lady insists her property value has increased from the construction even though shes refused to fix the stuff I mentioned, wont let us fix it, and now there are mice. She upped our rent by CUR250 a month and threatened to evict us when I complained that our rent shouldnt go up just because certain Houses got renovated. ALL of this has triggered my panic attacks. The extra rent, the mice, the broken crap in our house. Im a neat freak and I clean more than ever but now I hate my house and dont even want to be at home. Ive found myself avoided my house to the point that its ridiculous because just being here triggers me. It doesnt even feel like home when Im here. It looks and feels like a foreign and unwelcoming place that is nothing but a giant anxiety trigger. We are looking to move but in the mean time I cant stand it here and dont even want to think about packing all of our sht.",Anxiety,{'depression':'no'}
d5nfn3,"Boyfriend broke up with me, he was the only thing that kept me going.","We were a long distance thing and the only thing keeping me alive was talking to him everyday and knowing that at the end of the school semester I'd be travelling to see him.
 
 I've been bad for a while but was so much better during the time we spent together over the summer, I came back and decided to get help after a week and a half because I was tired of bringing him into the dark hole my life felt like when we were apart.
 
 He still dumped me because he did not want/could not take care of me anymore. Even when I was doing therapy and asked me to give me some time in order to get better. I really wanted to be the person he fell in love with and that depression took away again.
 
 He is still talking to me because he says he wants to help me feel better, I don't understand why would he do that now but not while ""being"" with me.
 
 I feel that my childhood trauma was right after all and showing my bad feelings to people will make them stop loving me, I've never been in so much pain and I just want to be done with it.","[1, 0]",{'depressive_disorder'},"Boyfriend broke up with me, he was the only thing that kept me going. We were a long distance thing and the only thing keeping me alive was talking to him everyday and knowing that at the end of the school semester Id be travelling to see him. Ive been bad for a while but was so much better during the time we spent together over the summer, I came back and decided to get help after a week and a half because I was tired of bringing him into the dark hole my life felt like when we were apart. He still dumped me because he did not wantcould not take care of me anymore. Even when I was doing therapy and asked me to give me some time in order to get better. I really wanted to be the person he fell in love with and that depression took away again. He is still talking to me because he says he wants to help me feel better, I dont understand why would he do that now but not while being with me. I feel that my childhood trauma was right after all and showing my bad feelings to people will make them stop loving me, Ive never been in so much pain and I just want to be done with it.",Depression,{'depression':'yes'}
4lonno,i don't know how to help my depressed LDR boyfriend and it's just destroying me,"we're both depressed but he's really hit rock bottom lately and i don't know how to help him and i'm so scared for him. he's been so suicidal since before we met and i'm quite literally the only reason he's been alive for almost the past year but last month he really almost killed himself and i've been so on edge with him ever since
 
 he lives on the complete opposite side of the country from me and i don't know his family and i'm afraid he's gonna go through with it eventually and i can't do anything about it he's so stubborn he won't get help and i understand that but GOD i just want him to be okay he has no sense of self worth he's self-deprecating all the time i try and try and try to help him sometimes he won't talk for days just so he won't make me get involved with his super dark episodes but i WANT to be involved i WANT to know what's wrong and to just make sure he stays safe i can barely go to sleep most nights fearing i'll wake up and the messages from the night before are our last and i'm so scared i can't protect the one fucking thing left that i care about
 
 i'm so scared to lose the one thing, the one person that made me feel again and the one thing that i'm still living for and it feels so selfish he wants it all to just stop but i care about him so much
 
 i love him so much and i'm so scared","[0, 0]",{'control_group'},"i dont know how to help my depressed LDR boyfriend and its just destroying me. were both depressed but hes really hit rock bottom lately and i dont know how to help him and im so scared for him. hes been so suicidal since before we met and im quite literally the only reason hes been alive for almost the past year but last month he really almost killed himself and ive been so on edge with him ever since he lives on the complete opposite side of the country from me and i dont know his family and im afraid hes gonna go through with it eventually and i cant do anything about it hes so stubborn he wont get help and i understand that but GOD i just want him to be okay he has no sense of self worth hes selfdeprecating all the time i try and try and try to help him sometimes he wont talk for days just so he wont make me get involved with his super dark episodes but i WANT to be involved i WANT to know whats wrong and to just make sure he stays safe i can barely go to sleep most nights fearing ill wake up and the messages from the night before are our last and im so scared i cant protect the one fucking thing left that i care about im so scared to lose the one thing, the one person that made me feel again and the one thing that im still living for and it feels so selfish he wants it all to just stop but i care about him so much i love him so much and im so scared",Normal,"{""depression"":""yes""}"
9b6e9j,I finally found a SO but I still feel pretty empty,"We've been more than friends for about 4 months and things have moved fast and we're on a lovey dovey basis. I won't get into anything because I really hate reading other stuff like this from other people so I'll save you the shit.
 
 I still have to force myself to act happy and I still want to withdraw and be alone often. I still want to be left in my room but I don't want her to feel bad or unloved. I get jealous of her with other people still and I don't know how I could ever be less insecure. It didn't get much better, really, just another person I will eventually drive away probably.
 
 Anyone else have this?","[0, 0]",{'control_group'},"I finally found a SO but I still feel pretty empty. Weve been more than friends for about 4 months and things have moved fast and were on a lovey dovey basis. I wont get into anything because I really hate reading other stuff like this from other people so Ill save you the shit. I still have to force myself to act happy and I still want to withdraw and be alone often. I still want to be left in my room but I dont want her to feel bad or unloved. I get jealous of her with other people still and I dont know how I could ever be less insecure. It didnt get much better, really, just another person I will eventually drive away probably. Anyone else have this?",Normal,"{""depression"":""yes""}"
ar8ifk,How to get over the fact your partner was in a long term relationship before you?,"We've been together 8-9 months now and we met a shortly after they broke up they were together for 6 years ( she cheated on him) 
 
 Lately I've just been feeling paranoid that he's comparing me to her and or pretending I'm her 
 
 For example I did some stalking of the accounts/profiles he has and noticed she has a faveourite video game 
 
 The other night he asked me if I'd ever played that game and that I might like it I didn't say anything I just said yeah no thansn don't want to play that he's like I've got it on my pc but rather not my cup of tea 
 Then about 15 mins after me saying no thanks he starts re installing it to his pc and I noticed he'd played it for 9 hours obviously played it with her online 
 I'm like why are you installing it I just said no starting to get angry 
 
 She's got a really common name that it's driving me insane I keep looking at the cast of movies he suggests just to make sure none of the characters have that name 
 
 Certain other things as well like telling me he wants to do certain sexual things wth him which is obvious he's done it before hence why he keeps asking for it 
 I don't want to feel like I'm being compared to her
 
  ( thoughts?) 
 Is there any way I can stop feeling like this 
 I don't want to tell him that this is how I feel becUse most people I've confined in have said I sound crazy","[0, 0]",{'control_group'},How to get over the fact your partner was in a long term relationship before you. Weve been together 89 months now and we met a shortly after they broke up they were together for 6 years she cheated on him Lately Ive just been feeling paranoid that hes comparing me to her and or pretending Im her For example I did some stalking of the accountsprofiles he has and noticed she has a faveourite video game The other night he asked me if Id ever played that game and that I might like it I didnt say anything I just said yeah no thansn dont want to play that hes like Ive got it on my pc but rather not my cup of tea Then about 15 mins after me saying no thanks he starts re installing it to his pc and I noticed hed played it for 9 hours obviously played it with her online Im like why are you installing it I just said no starting to get angry Shes got a really common name that its driving me insane I keep looking at the cast of movies he suggests just to make sure none of the characters have that name Certain other things as well like telling me he wants to do certain sexual things wth him which is obvious hes done it before hence why he keeps asking for it I dont want to feel like Im being compared to her thoughts? Is there any way I can stop feeling like this I dont want to tell him that this is how I feel becUse most people Ive confined in have said I sound crazy,Normal,{'depression':'no'}
7h9e1j,Mother: Its much better if youre dead,"Well I am a college student right and for almost 2 years Ive been dealing with depression on and off I was diagnosed with extreme depression in which they giving me meds but I dont take them as Im scared of being dependent with it. 
 
 So here it goes, I was in a party as I was forced to go by my friend and they partied all night and I was trying to have fun but I dont feel like partying at all. I have 9am class the next and of course I was up like until 6:30 and dose off and didnt make it to class and my mom knew about it and she was so mad at me as she was talking on the phone with me. The next day I went home and she was really mad and shouting Good for nothing! Youre better off dead Kill yourself  and at that moment I was holding back my tears and a lot of thoughts came through my head and they werent good ones. The whole day I was blank and didnt really talk to anyone even to our workers ( We manage a huge business) Those words keeps repeating over and over again. Yes I was thinking of suicide like before but I am always thinking about the shame I am going to leave to my familys name. I dont know what to do anymore. I feel worthless and lonely.
 
 My mother doesnt believe in depression like she thinks depression is just an excuse, I had a record of not going to class for two months and did nothing but stay in my room. Please help.","[1, 0]",{'depressive_disorder'},"Mother Its much better if youre dead. Well I am a college student right and for almost 2 years Ive been dealing with depression on and off I was diagnosed with extreme depression in which they giving me meds but I dont take them as Im scared of being dependent with it. So here it goes, I was in a party as I was forced to go by my friend and they partied all night and I was trying to have fun but I dont feel like partying at all. I have 9am class the next and of course I was up like until 630 and dose off and didnt make it to class and my mom knew about it and she was so mad at me as she was talking on the phone with me. The next day I went home and she was really mad and shouting Good for nothing! Youre better off dead Kill yourself and at that moment I was holding back my tears and a lot of thoughts came through my head and they werent good ones. The whole day I was blank and didnt really talk to anyone even to our workers We manage a huge business Those words keeps repeating over and over again. Yes I was thinking of suicide like before but I am always thinking about the shame I am going to leave to my familys name. I dont know what to do anymore. I feel worthless and lonely. My mother doesnt believe in depression like she thinks depression is just an excuse, I had a record of not going to class for two months and did nothing but stay in my room. Please help.",Depression,{'depression':'yes'}
f7ywrr,Well I believe it's official,Well lately (and not only lately) a lot of things haven't been going well... So i believe it's settled... I cannot achieve happiness... I have this excruciating hate for pretty much everyone (I don't want to hurt anyone or something I just don't want them in my life) and this exrusiating boredom for anything other than sleeping... I really dont want any words of comfort and things like that... I just want your thoughts on how easy it is to keep living and progressing using hate and anger as your only motivation... And see If there is a guy out there like me. When I say living I don't mean feeling sorry for myself and becoming a person to be pitted by others.,"[0, 0]",{'control_group'},Well I believe its official. Well lately and not only lately a lot of things havent been going well. So i believe its settled. I cannot achieve happiness. I have this excruciating hate for pretty much everyone I dont want to hurt anyone or something I just dont want them in my life and this exrusiating boredom for anything other than sleeping. I really dont want any words of comfort and things like that. I just want your thoughts on how easy it is to keep living and progressing using hate and anger as your only motivation. And see If there is a guy out there like me. When I say living I dont mean feeling sorry for myself and becoming a person to be pitted by others.,Normal,"{""depression"":""yes""}"
6rzoq3,How did you overcome depression? Plz share,"Well long story short i fell inlove and lost my virginity finally at 30 (wanted it to be for love) it was a tough relationship. She was super paranoid because of her abusive father. I promised to marry her but she wanted the sole right to divorce she wanted half when and if she divorced and she wanted a house in her name a very expensive one. I agreed but i said it's either house in your name or sole right to divorce, you can only choose one. She left me without a single word 3 days before the marriage. I am trying so hard to recover. I feel as if i have no reason to exist, i can't get excited about anything anymore (i want to) nothing makes me happy ( i have tried everything) i am always tired and pissed off at things i shouldn't. I would love to leave but my parents would be super hurt. I have tried dieting and its working excersise, i eat healthier. Its doing jack shit to my mood. I don't even care about the bitch anymore. I can't do anything how the hell did you guys recover is there a drug i can take. P.s i live alone abroad far from any family.","[0, 0]",{'control_group'},"How did you overcome depression? Plz share. Well long story short i fell inlove and lost my virginity finally at 30 wanted it to be for love it was a tough relationship. She was super paranoid because of her abusive father. I promised to marry her but she wanted the sole right to divorce she wanted half when and if she divorced and she wanted a house in her name a very expensive one. I agreed but i said its either house in your name or sole right to divorce, you can only choose one. She left me without a single word 3 days before the marriage. I am trying so hard to recover. I feel as if i have no reason to exist, i cant get excited about anything anymore i want to nothing makes me happy i have tried everything i am always tired and pissed off at things i shouldnt. I would love to leave but my parents would be super hurt. I have tried dieting and its working excersise, i eat healthier. Its doing jack shit to my mood. I dont even care about the bitch anymore. I cant do anything how the hell did you guys recover is there a drug i can take. P.s i live alone abroad far from any family.",Normal,{'depression':'yes'}
ipb6mn,Me and my friends had an argument,"Well tension has been boiling for a while this was just un called for. They said that's its normal for friends to bust each other balls and make some pretty hurtful jokes to each other( calling someone fat, stupid, hoe, ect) and I told them I didnt like that and asked if they could stop and they started blowing up way more than it needed to be. They told me I was soft and that because a therapist hasnt verified my depression then I cant say I have depression even though I get depression symptoms every day (I only havent been confirmed because my mom doesnt think therapy will work) we got in a huge argument they were saying I always blow stuff out of proportion about my dad which isnt true at all he really does what I say to them. They also say anytime they try and vent I make it about me which isnt true I usually bring up my similar situation and how I coped with it. They were playing the victim card the entire time like i wanted attention. All because I asked for some respect. They claimed that they reach out and ask if I'm ok which they never do and couldnt prove they do. This has me super stressed and I dont know what's happening because that entire friend group is pissed at me now because I asked them to stop purposely getting me angry for jokes (I believe I have anger issues as I get angry pretty easily) and it just hurts","[0, 0]",{'control_group'},"Me and my friends had an argument. Well tension has been boiling for a while this was just un called for. They said thats its normal for friends to bust each other balls and make some pretty hurtful jokes to each other calling someone fat, stupid, hoe, ect and I told them I didnt like that and asked if they could stop and they started blowing up way more than it needed to be. They told me I was soft and that because a therapist hasnt verified my depression then I cant say I have depression even though I get depression symptoms every day I only havent been confirmed because my mom doesnt think therapy will work we got in a huge argument they were saying I always blow stuff out of proportion about my dad which isnt true at all he really does what I say to them. They also say anytime they try and vent I make it about me which isnt true I usually bring up my similar situation and how I coped with it. They were playing the victim card the entire time like i wanted attention. All because I asked for some respect. They claimed that they reach out and ask if Im ok which they never do and couldnt prove they do. This has me super stressed and I dont know whats happening because that entire friend group is pissed at me now because I asked them to stop purposely getting me angry for jokes I believe I have anger issues as I get angry pretty easily and it just hurts",Normal,"{""depression"":""no""}"
7xc8qq,My Sleep Anxiety Is ruining my life,"Well, I officially hate my fucking life. I keep having this happen to me where I wake up EXTRA early in the morning.
 Normally I wake up by 4:30AM-4:45AM. But not this morning.
 I fell asleep around 8:45PM and awoke at 2:15AM because I felt famished. I ate something, tried to sleep. NOTHING. So I ate some cereal. tried to sleep. NOTHING!! I freaked out and said fuck it I am not going into work with this small amount of sleep and being up this early. Well, it's now 2PM and I tried taking a nap and nothing happened.
 Is it my blood sugar levels being too low that causes me to awaken and feel stressed? I suffer from depression and anxiety but also feel like I may have hypoglycemia. 
 What would you guys do in my position?
 
 I keep calling out of work at least once a week almost. I am never going to move up in my job","[0, 0]",{'control_group'},"My Sleep Anxiety Is ruining my life. Well, I officially hate my fucking life. I keep having this happen to me where I wake up EXTRA early in the morning. Normally I wake up by 430AM445AM. But not this morning. I fell asleep around 845PM and awoke at 215AM because I felt famished. I ate something, tried to sleep. NOTHING. So I ate some cereal. tried to sleep. NOTHING! I freaked out and said fuck it I am not going into work with this small amount of sleep and being up this early. Well, its now 2PM and I tried taking a nap and nothing happened. Is it my blood sugar levels being too low that causes me to awaken and feel stressed? I suffer from depression and anxiety but also feel like I may have hypoglycemia. What would you guys do in my position? I keep calling out of work at least once a week almost. I am never going to move up in my job",Normal,"{""depression"":""no""}"
hp8uuh,Are antidepressants a scam?,"Welp, I have gone to a neurologist for three times and took antidepressants for around 1.5 months and I can say that while meds do help with my sleep, my thoughts don't really go away. My neurologist gives a very low dose (1/2 the lowest doses of xanax and paroxetine --> roughly 5mg of paroxetine and 0.125mg of xanax) and won't prescribe me medicines over the phone :/ He wants me to buy it at his clinic thing but he sells his drugs at a super high fking price. 
 
 
 My question is simple: were antidepressants created with a purpose to scam depressed people like us? or do they actually help? or is my doctor trying to scam me? 
 
 
 I have heard that many depressed people need to take them for life and I'm kinda scared. I would rather die then spend like 1/4th of my expected annual salary on depression meds. (im going to uni next year) I live in Vietnam currently and here mental illnesses are not considered to be of any importance compared to physical illnesses so it's hard for me to find a good neurologist and therapist dude.","[1, 0]",{'depressive_disorder'},"Are antidepressants a scam. Welp, I have gone to a neurologist for three times and took antidepressants for around 1.5 months and I can say that while meds do help with my sleep, my thoughts dont really go away. My neurologist gives a very low dose 12 the lowest doses of xanax and paroxetine roughly 5mg of paroxetine and 0.125mg of xanax and wont prescribe me medicines over the phone He wants me to buy it at his clinic thing but he sells his drugs at a super high fking price. My question is simple were antidepressants created with a purpose to scam depressed people like us? or do they actually help? or is my doctor trying to scam me? I have heard that many depressed people need to take them for life and Im kinda scared. I would rather die then spend like 14th of my expected annual salary on depression meds. im going to uni next year I live in Vietnam currently and here mental illnesses are not considered to be of any importance compared to physical illnesses so its hard for me to find a good neurologist and therapist dude.",Depression,{'depression':'no'}
ih553y,Drugs helping with social anxiety,"What are your experiences with herbs, supplements and drugs for social anxiety? Which drug is able to be used therapeutically/daily? (why I look for alternatives than medical medication, read on down below) Or which one gives you such deep insights and after effects that your social anxiety gets reduced by it?
 
 I suffer from social anxiety since I was very small. I started noticing it/it started affecting me psychologically negative with 15yrs. In this time I started suffering from depression, might be a cause of the social anxiety and it˜s causes.
 
 I tried almost all SS(N)RIs available in Germany, like Escitaloprame (Cipralex), Venlafaxine, Sertraline (Zoloft), Opipramol, Paroxetine, Duloxetine (Cymbalta), Bupropione (Wellbutrin), neuroleptics as Quetiapine (Seroquel), Promethcine and benzos as Diazepam (Valium) und Lorazepam (Tavor).
 
 Benzos worked for sure but I got them only for emergency cases. Right now I˜m only on moclobemide (Aurorix) 600mg daily.
 
 None of these did anything for me expect for appetite and sleep disorder, sexual dysfunction and other side effects. Moclobemide is the only one that didn˜t give me hard side effects.
 
 Alcohol and weed don˜t do shit for me expect negative side effects. No social anxiety cure.","[0, 1]",{'anxiety_disorder'},"Drugs helping with social anxiety. What are your experiences with herbs, supplements and drugs for social anxiety? Which drug is able to be used therapeuticallydaily? why I look for alternatives than medical medication, read on down below Or which one gives you such deep insights and after effects that your social anxiety gets reduced by it? I suffer from social anxiety since I was very small. I started noticing itit started affecting me psychologically negative with 15yrs. In this time I started suffering from depression, might be a cause of the social anxiety and its causes. I tried almost all SSNRIs available in Germany, like Escitaloprame Cipralex, Venlafaxine, Sertraline Zoloft, Opipramol, Paroxetine, Duloxetine Cymbalta, Bupropione Wellbutrin, neuroleptics as Quetiapine Seroquel, Promethcine and benzos as Diazepam Valium und Lorazepam Tavor. Benzos worked for sure but I got them only for emergency cases. Right now Im only on moclobemide Aurorix 600mg daily. None of these did anything for me expect for appetite and sleep disorder, sexual dysfunction and other side effects. Moclobemide is the only one that didnt give me hard side effects. Alcohol and weed dont do shit for me expect negative side effects. No social anxiety cure.",Anxiety,{'depression':'yes'}
8irhj6,I hate my life...,"What do you do when you have struggled with loss and pain for a decade? 
 
 What do you do when you have no friends to speak of?
 
 What do you do when your family views you as a lazy sack of shit who makes excuses?
 
 What do you do when you have given up all hope in medication and therapy?
 
 What do you do when you hate yourself so much that you cant stand to see yourself in the mirror, for you hate what stares back?
 
 What do you do when all you feel is a tiredness that does not go away with sleep?
 
 What do you do when you dont feel acomplishment or satisfaction anymore?
 
 What do you do when you are ignored and forgotten?
 
 What do you do if you cry often, sometimes even crying yourself to sleep?
 
 
 
 What do you do when you have no hope in your own future?","[0, 0]",{'control_group'},"I hate my life. What do you do when you have struggled with loss and pain for a decade? What do you do when you have no friends to speak of? What do you do when your family views you as a lazy sack of shit who makes excuses? What do you do when you have given up all hope in medication and therapy? What do you do when you hate yourself so much that you cant stand to see yourself in the mirror, for you hate what stares back? What do you do when all you feel is a tiredness that does not go away with sleep? What do you do when you dont feel acomplishment or satisfaction anymore? What do you do when you are ignored and forgotten? What do you do if you cry often, sometimes even crying yourself to sleep? What do you do when you have no hope in your own future?",Normal,"{""depression"": ""yes""}"
dhrc28,I woke up this morning and realized Ive been afraid my whole life,"When I was young I was a really shy kid. I would have a hard time making friends because of this I almost had to repeat the first grade because the teacher would always have to force me to participate and answer questions. At recess I walked around being jealous that everyone else had someone to play with instead of just talking to one of the other kids.
 
 Later on when I got much older and went to high school I got better. I only had friends because of how my high school was set up. After I graduated and moved to an out-of-state to college I found myself being that kindergarten kid again, afraid and anxious of talking to people.
 
 My whole life I thought this was normal but I woke up this morning with a feeling that I have been afraid to change ever since I was that little kid. I ran from my fears. I worried myself sick about what other people thought of me because I wanted for people to like me. Im going to see a therapist tomorrow because I REFUSE to continue waking up everyday complaining about my life and then refusing to do anything about it. Fuck that shy little kid and fuck my social anxiety!
 
 Edit: Its the next day and Im in the therapists office sweating bullets but were doing this","[0, 0]",{'control_group'},"I woke up this morning and realized Ive been afraid my whole life. When I was young I was a really shy kid. I would have a hard time making friends because of this I almost had to repeat the first grade because the teacher would always have to force me to participate and answer questions. At recess I walked around being jealous that everyone else had someone to play with instead of just talking to one of the other kids. Later on when I got much older and went to high school I got better. I only had friends because of how my high school was set up. After I graduated and moved to an outofstate to college I found myself being that kindergarten kid again, afraid and anxious of talking to people. My whole life I thought this was normal but I woke up this morning with a feeling that I have been afraid to change ever since I was that little kid. I ran from my fears. I worried myself sick about what other people thought of me because I wanted for people to like me. Im going to see a therapist tomorrow because I REFUSE to continue waking up everyday complaining about my life and then refusing to do anything about it. Fuck that shy little kid and fuck my social anxiety! Edit Its the next day and Im in the therapists office sweating bullets but were doing this",Normal,"{""depression"":""no""}"
440x15,Anxiety toxic to relationship,"Whenever I'm in a romantic relationship, I start off feeling confident and secure in myself. Over time, though, I end up doubting the other person's feelings, even with reassurance. It's driving me crazy to feel so crazy. On the one hand, I want to be myself. And myself is anxious. On the other hand, I don't want to show this aspect of my personality for fear of being perceived as clingy, lacking confidence, or being ""too emotional."" Right now I am overanalyzing the hell out of the relationship I'm in, questioning why he isn't texting me as often (is it not as often?), or whether he actually can't stand my anxiety even though he says it's ok. Why can't I believe him at his word?
 
 Have any of you been through this? It's honestly so confusing and overwhelming. I feel like I'm making myself crazy. I see myself thinking anxious thoughts but that doesn't make them stop.","[0, 0]",{'control_group'},"Anxiety toxic to relationship. Whenever Im in a romantic relationship, I start off feeling confident and secure in myself. Over time, though, I end up doubting the other persons feelings, even with reassurance. Its driving me crazy to feel so crazy. On the one hand, I want to be myself. And myself is anxious. On the other hand, I dont want to show this aspect of my personality for fear of being perceived as clingy, lacking confidence, or being too emotional. Right now I am overanalyzing the hell out of the relationship Im in, questioning why he isnt texting me as often is it not as often?, or whether he actually cant stand my anxiety even though he says its ok. Why cant I believe him at his word? Have any of you been through this? Its honestly so confusing and overwhelming. I feel like Im making myself crazy. I see myself thinking anxious thoughts but that doesnt make them stop.",Normal,{'depression':'no'}
ionei4,WHY,Why cant I meet nice people. Decent people. Friendly acquaintances. Anything. I have such low expectations. Literally someone that might just say hey whats up or how are you doing once in a while. Anything. People suck. Where are the decent human beings in this world? I have PTSD from times in highschool. Lots of crap happened. One of the things was my sister being diagnosed with bipolar. In one of her manic episodes she told her friends she had bipolar. All her friends dropped her cold. People at school would talk behind my back and say my sister went crazy and say my parents were bad parents and a ton of bs. No one asked how she was no one asked how I was. People would see me cry at practice and just leave me alone on the track or locker room. Everyone knew what was going on and all of them chose to be that way. Girls were mean as hell. They ruined my life. Highschool ruined my life. I wish I could erase all of those people from my life.,"[0, 0]",{'control_group'},WHY. Why cant I meet nice people. Decent people. Friendly acquaintances. Anything. I have such low expectations. Literally someone that might just say hey whats up or how are you doing once in a while. Anything. People suck. Where are the decent human beings in this world? I have PTSD from times in highschool. Lots of crap happened. One of the things was my sister being diagnosed with bipolar. In one of her manic episodes she told her friends she had bipolar. All her friends dropped her cold. People at school would talk behind my back and say my sister went crazy and say my parents were bad parents and a ton of bs. No one asked how she was no one asked how I was. People would see me cry at practice and just leave me alone on the track or locker room. Everyone knew what was going on and all of them chose to be that way. Girls were mean as hell. They ruined my life. Highschool ruined my life. I wish I could erase all of those people from my life.,Normal,"{""depression"":""no""}"
ju2mdz,"Everyone has a dream, mine is to be normal and live","Why my life has to be very very very difficult ?so many road blocks and disadvantages.
 I am living in a 3rd world miserable African sink hole, I have planning on getting a work visa since a long time but first I need to take a test that proves that I can speak English .
 
 The ilets test, shouldnt be hard for me since I chat in English on social media since I was 17, that test has 4 sections reading, writing, listening and speaking.
 
 One of the mental illnesses I got from my mother's messed up gens is ADHD and my mind can NEVER pay attention to anything so some of these would be extra hard for me, there are samples yo can download and I miserably failed the listening test,
 Oh BTW the exam is online now due to covid and our internet is very unstable, JUST GREAT.
 
 I am just very upset that I was born in this African cesspool of poverty corruption and dictators, was born with these mental illnesses, was born in in a messed up family with ignorant narcissist parents.
 
 Even if I was ""enough"" even if I had IQ of an iPhone price tag it wouldnt make any difference as long as I am living in this miserable situation, I don't want to vent I want to get the hell out of this miserable family out of this filthy country ""literally"" and once I am living an actual life then we can worry about my mental health, because this is not a life this is slow suffocating death.","[0, 0]",{'control_group'},"Everyone has a dream, mine is to be normal and live. Why my life has to be very very very difficult ?so many road blocks and disadvantages. I am living in a 3rd world miserable African sink hole, I have planning on getting a work visa since a long time but first I need to take a test that proves that I can speak English . The ilets test, shouldnt be hard for me since I chat in English on social media since I was 17, that test has 4 sections reading, writing, listening and speaking. One of the mental illnesses I got from my mothers messed up gens is ADHD and my mind can NEVER pay attention to anything so some of these would be extra hard for me, there are samples yo can download and I miserably failed the listening test, Oh BTW the exam is online now due to covid and our internet is very unstable, JUST GREAT. I am just very upset that I was born in this African cesspool of poverty corruption and dictators, was born with these mental illnesses, was born in in a messed up family with ignorant narcissist parents. Even if I was enough even if I had IQ of an iPhone price tag it wouldnt make any difference as long as I am living in this miserable situation, I dont want to vent I want to get the hell out of this miserable family out of this filthy country literally and once I am living an actual life then we can worry about my mental health, because this is not a life this is slow suffocating death.",Normal,"{""depression"":""yes""}"
ay46ld,I'm so terrible and worthless that even my parents admitted they don't know why they have to love me,"Won't go into details, too long and I don't really feel like writing all that shit out.
 
 I'm a fucking sociopath who grew up listening to friends, teachers and parents telling me that I'm weird. I'm already at the age where my teenage is ending and I have to become an adult but nothing in me has changed since when I was that weird kid and even my mom admitted she is disappointed with me. Seriously? You think treating me like that will make me a better human being?
 
 The problem is that my parents are doing pretty well as parents, they feed me and earn money for me even if they don't know why they should for a terrible person like me, but I'm complaining too much about them, so it's me who is guilty. They say they love me, but I feel like they hate me so it's solely my fault of being ungrateful for their love. At this point I just want to give death penalty to myself for being so guilty.
 
 But I have to thank my mom for saying like that because it finally made me cry after weeks of being unable to cry and crying feels so good, you know. I just wish I cried because of joy or something, not the debilitating loneliness.","[0, 0]",{'control_group'},"Im so terrible and worthless that even my parents admitted they dont know why they have to love me. Wont go into details, too long and I dont really feel like writing all that shit out. Im a fucking sociopath who grew up listening to friends, teachers and parents telling me that Im weird. Im already at the age where my teenage is ending and I have to become an adult but nothing in me has changed since when I was that weird kid and even my mom admitted she is disappointed with me. Seriously? You think treating me like that will make me a better human being? The problem is that my parents are doing pretty well as parents, they feed me and earn money for me even if they dont know why they should for a terrible person like me, but Im complaining too much about them, so its me who is guilty. They say they love me, but I feel like they hate me so its solely my fault of being ungrateful for their love. At this point I just want to give death penalty to myself for being so guilty. But I have to thank my mom for saying like that because it finally made me cry after weeks of being unable to cry and crying feels so good, you know. I just wish I cried because of joy or something, not the debilitating loneliness.",Normal,{'depression':'yes'}
9lif0k,High school will kill me,"Yes, I'm writing once again. Today was hell. After being sick for three days, I went back to high school. Depression came back and hit me harder than before. 
 
 It seems that every day I go to classes, something bad happens and I stay in my depression for the rest of the day. Fuck, nothing bad has to happen at all. All of a sudden I go down and I stay like that. 
 
 Today was different. I got around of 10:00 A.M. without feeling down, and then everything went downhill. I'm horrible at pretending that I'm okay, so I naturally get everyone mad at me because of being a jerk to them. I stayed like that until 2:00 P.M., when I had a small argument with my friend... If I can call her that. I started thinking that nobody needs me anymore, that my friends are sick of me and that I HAD to kill myself. It's been almost ten hours and the only thing that has changed is that I can at least walk. I spent from 5:00 to 8:00 laying in my bed, barely moving.
 
 I don't want to go back to high school tomorrow. I KNOW that I will end up feeling like shit. I haven't gotten an appointment with a psychiatric so I still don't have my antidepressants and I don't know if I will make it beyond this month. Suicidal thoughts have been all over my head since years ago. Today they got worse. I could have killed myself today if it wasn't for my mother who was in downtown and told me to go meet her in a store after classes were finished.
 
 I just want to die already. My family is the only thing that's keeping me alive.","[1, 0]",{'depressive_disorder'},"High school will kill me. Yes, Im writing once again. Today was hell. After being sick for three days, I went back to high school. Depression came back and hit me harder than before. It seems that every day I go to classes, something bad happens and I stay in my depression for the rest of the day. Fuck, nothing bad has to happen at all. All of a sudden I go down and I stay like that. Today was different. I got around of 1000 A.M. without feeling down, and then everything went downhill. Im horrible at pretending that Im okay, so I naturally get everyone mad at me because of being a jerk to them. I stayed like that until 200 P.M., when I had a small argument with my friend. If I can call her that. I started thinking that nobody needs me anymore, that my friends are sick of me and that I HAD to kill myself. Its been almost ten hours and the only thing that has changed is that I can at least walk. I spent from 500 to 800 laying in my bed, barely moving. I dont want to go back to high school tomorrow. I KNOW that I will end up feeling like shit. I havent gotten an appointment with a psychiatric so I still dont have my antidepressants and I dont know if I will make it beyond this month. Suicidal thoughts have been all over my head since years ago. Today they got worse. I could have killed myself today if it wasnt for my mother who was in downtown and told me to go meet her in a store after classes were finished. I just want to die already. My family is the only thing thats keeping me alive.",Depression,{'depression':'yes'}
j95vbk,I was doing good and then I worried about my driving earlier in the day...,"Yesterday I had had a huge relief about being HIV negative, it made me feel great. Now Im worried about if I stopped at the stop sign at work or if I didnt and accidentally pulled out in front of someone. I just cant remember if I stopped and looked or not. I forgot as soon as it happened. All I remember is there being a line of cars behind me after I made my turn. It has me so stressed. Now I have to wait either until tomorrow to see if they say anything while Im at work or two weeks to see if they mail me a ticket. 
 
 I really just cant ever have a win and feel good. Ive already had an issue with stoplights and I fixed it by saying green out loud when I go through them. Now Im going to have to start saying stop whenever I come to a stop sign. And I dont know what Im going to do about my fear of left turns and what to do when I cant remember if someone was coming and I may or may not have pulled out in front of them. It happens anytime I see a car behind me after a stop sign now. 
 
 Im honestly getting to the point I dont know if I can drive anymore. My driving anxiety has been getting worse and worse since I started this job and its at the point where I freak out whenever I get behind the wheel. I lost that feeling of freedom I had yesterday and now feel completely overwhelmed by fear again.","[0, 0]",{'control_group'},"I was doing good and then I worried about my driving earlier in the day. Yesterday I had had a huge relief about being HIV negative, it made me feel great. Now Im worried about if I stopped at the stop sign at work or if I didnt and accidentally pulled out in front of someone. I just cant remember if I stopped and looked or not. I forgot as soon as it happened. All I remember is there being a line of cars behind me after I made my turn. It has me so stressed. Now I have to wait either until tomorrow to see if they say anything while Im at work or two weeks to see if they mail me a ticket. I really just cant ever have a win and feel good. Ive already had an issue with stoplights and I fixed it by saying green out loud when I go through them. Now Im going to have to start saying stop whenever I come to a stop sign. And I dont know what Im going to do about my fear of left turns and what to do when I cant remember if someone was coming and I may or may not have pulled out in front of them. It happens anytime I see a car behind me after a stop sign now. Im honestly getting to the point I dont know if I can drive anymore. My driving anxiety has been getting worse and worse since I started this job and its at the point where I freak out whenever I get behind the wheel. I lost that feeling of freedom I had yesterday and now feel completely overwhelmed by fear again.",Normal,{'depression':'no'}
7itzr4,helpless. even my mother hates me.,"yesterday i overheard my mother talking to my grandma, and she said that she was tired of living with such a burden (my sister and I, we both struggle with our mental health). She said that we are a burden, that we are dumb, that we are brats and that she's tired of us because we are ""psychotic and stupid"" (I'm not psychotic, or not yet). She then told my sister and I that we are jealous of her because she's superior than us, and that we are basically nothing, that we don't do anything and we don't do anything right and that we are a burden because we are bringing her down. 
 
 my suicidal thoughts came back after that, and I'm trying so hard to control them but I feel like I shouldn't have existed. I broke down crying my ass off last night and had to take double dose of quetiapine. 
 
 Help me.
 
 EDIT: I'm exhausted and have to pretend I'm okay because my cousins are coming today, people tell me I have to make myself responsible, people tell me it's my problem, people always blame it on me and i feel like i'm such a burden to my own mother. Even my OWN MOTHER hates me.
 
 I shouldn't have existed. I was conceived because my mother was unhappy and didn't want my older sister to be alone. I have no purpose.","[0, 0]",{'control_group'},"helpless. even my mother hates me. yesterday i overheard my mother talking to my grandma, and she said that she was tired of living with such a burden my sister and I, we both struggle with our mental health. She said that we are a burden, that we are dumb, that we are brats and that shes tired of us because we are psychotic and stupid Im not psychotic, or not yet. She then told my sister and I that we are jealous of her because shes superior than us, and that we are basically nothing, that we dont do anything and we dont do anything right and that we are a burden because we are bringing her down. my suicidal thoughts came back after that, and Im trying so hard to control them but I feel like I shouldnt have existed. I broke down crying my ass off last night and had to take double dose of quetiapine. Help me. EDIT Im exhausted and have to pretend Im okay because my cousins are coming today, people tell me I have to make myself responsible, people tell me its my problem, people always blame it on me and i feel like im such a burden to my own mother. Even my OWN MOTHER hates me. I shouldnt have existed. I was conceived because my mother was unhappy and didnt want my older sister to be alone. I have no purpose.",Normal,"{""depression"":""yes""}"
7l8yqh,diagnosed.,"yesterday my psychologist diagnosed me with hysterical neurosis that is turning into BPD. I never thought I'd see this happen to me... My older sister has BPD and it's quite different to what happens to me, or at least that's what I see because she has psychotic episodes and I don't, she has panic attacks and I don't.
 
 I'm scared of being left alone by my friends, scared of being abandoned because of something I will do to fuck everything up, yet I still do things sometimes that will obviously have them get away from me... I sometimes want to be left alone but I don't want people to leave me alone... I feel like such a contradiction and it hurts me.
 
 I've self harmed, I'm suffering from depression and I don't know what to do... the other day I was extremely suicidal and luckily my mother took my pills away from me.
 
 I don't know what to do anymore, I feel like my family is taking my diagnosis as a joke.
 
 EDIT: People tend to tell me that I'm clingy, but I'm clingy to one friend who I know understands me... and once I thought she was angry at me and my world fell apart. I don't know anymore. Luckily we talked through it and it's all great again.","[0, 0]",{'control_group'},"diagnosed. yesterday my psychologist diagnosed me with hysterical neurosis that is turning into BPD. I never thought Id see this happen to me. My older sister has BPD and its quite different to what happens to me, or at least thats what I see because she has psychotic episodes and I dont, she has panic attacks and I dont. Im scared of being left alone by my friends, scared of being abandoned because of something I will do to fuck everything up, yet I still do things sometimes that will obviously have them get away from me. I sometimes want to be left alone but I dont want people to leave me alone. I feel like such a contradiction and it hurts me. Ive self harmed, Im suffering from depression and I dont know what to do. the other day I was extremely suicidal and luckily my mother took my pills away from me. I dont know what to do anymore, I feel like my family is taking my diagnosis as a joke. EDIT People tend to tell me that Im clingy, but Im clingy to one friend who I know understands me. and once I thought she was angry at me and my world fell apart. I dont know anymore. Luckily we talked through it and its all great again.",Normal,{'depression':'yes'}
41uoxj,The likeness between Depression and Dark Souls 2.,"You are truly alone in this world, in the sense that no one can help you till the end but yourself. Sure, you might get assistance from NPCs and other players, but if you aren't ready or can't get to a certain place based on your own capabilities, it's your own incompetence. 'No Pressure'.
 
 You get to see other 'depressed' individuals struggling in their ghost forms around you, watch their mistakes and hope that you don't repeat them. There's a sense of 'community' despite the isolation, you are fighting your own battle, but others serve as a reminder for you, and you do the same for them.
 
 Dying and losing currency (souls) is stressful and crushing, especially if you're unable to retrieve it upon revival. This reminds us that failure is costly, and you only have one chance to make things right before all your efforts go to waste. Sounds fatalistic, but I assume it's the mentality of most depressed individuals. ""Don't screw up, don't screw up, don't screw up... ... I screwed up"", despite the loss, most of us would trudge along, albeit painfully, what compels us? The answer is within yourself.
 
 The punishing environment, the brutality of auto-save. There's no turning back in Dark Souls, just like real life, you can't afford to be like 'wonder what happens if I do this?' (perhaps you can if you've stocked up on souls, human effigy and the safety-rings)
 
 I thought about these points while having a shower... Lemme know what you peeps think. Also, like everything else I've written thus far, this is my opinion.","[0, 0]",{'control_group'},"The likeness between Depression and Dark Souls 2. You are truly alone in this world, in the sense that no one can help you till the end but yourself. Sure, you might get assistance from NPCs and other players, but if you arent ready or cant get to a certain place based on your own capabilities, its your own incompetence. No Pressure. You get to see other depressed individuals struggling in their ghost forms around you, watch their mistakes and hope that you dont repeat them. Theres a sense of community despite the isolation, you are fighting your own battle, but others serve as a reminder for you, and you do the same for them. Dying and losing currency souls is stressful and crushing, especially if youre unable to retrieve it upon revival. This reminds us that failure is costly, and you only have one chance to make things right before all your efforts go to waste. Sounds fatalistic, but I assume its the mentality of most depressed individuals. Dont screw up, dont screw up, dont screw up. I screwed up, despite the loss, most of us would trudge along, albeit painfully, what compels us? The answer is within yourself. The punishing environment, the brutality of autosave. Theres no turning back in Dark Souls, just like real life, you cant afford to be like wonder what happens if I do this? perhaps you can if youve stocked up on souls, human effigy and the safetyrings I thought about these points while having a shower. Lemme know what you peeps think. Also, like everything else Ive written thus far, this is my opinion.",Normal,{'depression':'no'}
lm7uix,My life just feels like this one big party Im stuck at and I so badly just want to go home.,"You know the feeling. Where youre just so over it all and want to get home to your comfort zone. Youre miserable the entire time with your stomach in knots and keep faking nice and faking a smile thinking I cant wait to get through this. Except this party is your life and you have to keep going to it and pretending every single day. And home where your comfort zone is, is death. Being non existent or just literally laying in your bed and sleeping for hours on end. 
 
 I wonder what its like to not have thoughts about wanting your life to end? I legitimately think about death every single day. When my alarm clock goes off for work, I think fuck this I wish I could just stay in bed and sleep. When I get to work I think about how pointless it is to be there but I **have** to be there because I have bills etc. I come home from work with slight relief that its all behind me but only until tomorrow comes and I do it all over again. All day long I have thoughts of I wish I was just dead or I wish there was an easy way to take your life. I cant remember when I didnt think about suicide so casually. Probably before I graduated HS? (Im 30 now for reference).
 
 **I just want to go home.**","[1, 0]",{'depressive_disorder'},"My life just feels like this one big party Im stuck at and I so badly just want to go home. You know the feeling. Where youre just so over it all and want to get home to your comfort zone. Youre miserable the entire time with your stomach in knots and keep faking nice and faking a smile thinking I cant wait to get through this. Except this party is your life and you have to keep going to it and pretending every single day. And home where your comfort zone is, is death. Being non existent or just literally laying in your bed and sleeping for hours on end. I wonder what its like to not have thoughts about wanting your life to end? I legitimately think about death every single day. When my alarm clock goes off for work, I think fuck this I wish I could just stay in bed and sleep. When I get to work I think about how pointless it is to be there but I have to be there because I have bills etc. I come home from work with slight relief that its all behind me but only until tomorrow comes and I do it all over again. All day long I have thoughts of I wish I was just dead or I wish there was an easy way to take your life. I cant remember when I didnt think about suicide so casually. Probably before I graduated HS? Im 30 now for reference. I just want to go home.",Depression,{'depression':'yes'}
4pfk9x,Life just keeps getting more complicated,"You would think after years of bad breaks, something good would come into your life and stay but in reality the world owes you nothing and will chew you up and spit you out if you let it and i do. I don't feel like I'm strong enough to be a part of the life i was dealt with..i am so frustrated and full of anxiety that i am always clenching my teeth and hold my breath. I think it got so bad that it caused my sleep apnea to get worse.
 
 I just don't know what to do anymore. I have these really depressive episodes from time to time and i can't seem to control my emotions anymore. When it gets really bad i have a total mental breakdown. 
 
 I want all this pain to finally end. Can't go another year go by wasted being miserable and hopeless. I just can't.","[0, 0]",{'control_group'},"Life just keeps getting more complicated. You would think after years of bad breaks, something good would come into your life and stay but in reality the world owes you nothing and will chew you up and spit you out if you let it and i do. I dont feel like Im strong enough to be a part of the life i was dealt with.i am so frustrated and full of anxiety that i am always clenching my teeth and hold my breath. I think it got so bad that it caused my sleep apnea to get worse. I just dont know what to do anymore. I have these really depressive episodes from time to time and i cant seem to control my emotions anymore. When it gets really bad i have a total mental breakdown. I want all this pain to finally end. Cant go another year go by wasted being miserable and hopeless. I just cant.",Normal,"{""depression"":""yes""}"
