id,title,selftext,labels,disorder,text,groundtruth_label,results_anxiety_naive_gpt-4
c32kf6,Never been so unhealthy mentally and physically.,"(18m) About 5 months ago I was the happiest and healthiest I had ever been in my life enjoying new hobbies in a very good relationship with the love of my life eating really well while also going to the gym regularly. But 5 months ago my whole life crumbled I found out that my girlfriend had cheated on me with my best friend and had all of her friends lie to me for months just to cover there relationship up but everything just went downhill from there. I got diagnosed with manic depression and schizophrenia after i reached out for help at my nearest hospital they have put me on an ssri and a medication called risperidone but it hasnt done much for me at all. I attempted to commit suicide with those pills but woke up the next super ill and it really just made everything worse. I have panic attacks almost daily and have started smoking cigs to cope with it. My parents arent supportive and ive done almost everything on my own since i was 16. My biggest concern right now is i go days without eating and just drink water and i lost 10 pounds which doesnt sound like much but when your 145 pounds and 6ft tall then drop to 135 you can really see the difference (ribs) I have never done good in school and im not getting any credits this semester because i very rarely left my room for the past 4 months so im in a very bad spot with school.
 

 
 sorry my grammar is awful ive never been good at writing 
 
 i will respond to any questions asap","[1, 1]","{'depressive_disorder', 'anxiety_disorder'}",Never been so unhealthy mentally and physically. 18m About 5 months ago I was the happiest and healthiest I had ever been in my life enjoying new hobbies in a very good relationship with the love of my life eating really well while also going to the gym regularly. But 5 months ago my whole life crumbled I found out that my girlfriend had cheated on me with my best friend and had all of her friends lie to me for months just to cover there relationship up but everything just went downhill from there. I got diagnosed with manic depression and schizophrenia after i reached out for help at my nearest hospital they have put me on an ssri and a medication called risperidone but it hasnt done much for me at all. I attempted to commit suicide with those pills but woke up the next super ill and it really just made everything worse. I have panic attacks almost daily and have started smoking cigs to cope with it. My parents arent supportive and ive done almost everything on my own since i was 16. My biggest concern right now is i go days without eating and just drink water and i lost 10 pounds which doesnt sound like much but when your 145 pounds and 6ft tall then drop to 135 you can really see the difference ribs I have never done good in school and im not getting any credits this semester because i very rarely left my room for the past 4 months so im in a very bad spot with school. sorry my grammar is awful ive never been good at writing i will respond to any questions asap,Comorbid (Depression + Anxiety),{'anxiety':'yes'}
avbgr5,Attempted to get HIV/AIDS,"(Im a gay guy by the way) I was contemplating suicide for months but because I hate pain I never knew how I would go through with it. After all, one big reason I didnt want to commit suicide was because I knew my family and friends would feel guilty.
 
 I had been on Grindr (gay dating app) for years and knew how sketchy it could be. Which is why I always used protection when meeting up with guys using the app. But because I wanted desperately to find a way to end my life, I decided to have a lot of unprotected sex in hopes I would catch HIV.
 
 I dont want to get too graphic, but simply put, I chose to be on the receiving end of every unprotected encounter because I read online how the receiver is more likely to catch an STD. Despite me preferring it the other way around it didnt matter to me, because I wasnt looking for pleasure.
 
 I recently went to Planned Parenthood to check if I did catch anything. The results came out negative for everything. So I just felt like sharing this with you all because nobody knows and I feel pretty guilty considering there are people out there who wish they didnt have HIV.","[1, 0]",{'depressive_disorder'},"Attempted to get HIVAIDS. Im a gay guy by the way I was contemplating suicide for months but because I hate pain I never knew how I would go through with it. After all, one big reason I didnt want to commit suicide was because I knew my family and friends would feel guilty. I had been on Grindr gay dating app for years and knew how sketchy it could be. Which is why I always used protection when meeting up with guys using the app. But because I wanted desperately to find a way to end my life, I decided to have a lot of unprotected sex in hopes I would catch HIV. I dont want to get too graphic, but simply put, I chose to be on the receiving end of every unprotected encounter because I read online how the receiver is more likely to catch an STD. Despite me preferring it the other way around it didnt matter to me, because I wasnt looking for pleasure. I recently went to Planned Parenthood to check if I did catch anything. The results came out negative for everything. So I just felt like sharing this with you all because nobody knows and I feel pretty guilty considering there are people out there who wish they didnt have HIV.",Depression,{'anxiety':'no'}
9kezif,Ive been refusing treatment for a decade,"(On mobile so bear with me)
 
 I tried committing suicide when I was 15. Had my stomach pumped, said it was an accident (lol?) given a shrink who couldnt remember my name. Got rid of her and moved on. Ive tried three times since.
 
 Ive been depressed since I started middle school. What is that, like 10, 11 years old? I know the stigma of pubescent teens. This wasnt like that. It was angry and scary. Nothing has changed since. 
 
 Im 22 now. Ive refused treatment, I havent seen a psychiatrist about my anxiety or depression since the first time. I dont have panic attacks anymore but I still have the thoughts. Suicidal ideation. Panic breathing (although it stopped escalating to panic attacks). The spiraling. The anger.
 
 I just get this fucking rage now. Like I wanna burn everything and everyone around me down and then stomp on the ashes. I know its not okay, I just dont want to be medicated. I dont even know what it is. I was diagnosed with severe anxiety disorder, clinical depressive disorder and acute ocd. Im just not sure if I should balls up and go see somebody about this rage. 
 
 I was never medicated because I want to be strong enough to fix it myself. Im a nursing student, I KNOW thats not how it works. I just dont know who to see, how it works or if I can even afford it. Im scared. I dont like to self-diagnose and Im not going to get into the details but Im afraid I might have bpd. Nobody would listen to me in the past. I was a kid. 
 
 I dont know why Im posting this.","[1, 1]","{'depressive_disorder', 'anxiety_disorder'}","Ive been refusing treatment for a decade. On mobile so bear with me I tried committing suicide when I was 15. Had my stomach pumped, said it was an accident lol? given a shrink who couldnt remember my name. Got rid of her and moved on. Ive tried three times since. Ive been depressed since I started middle school. What is that, like 10, 11 years old? I know the stigma of pubescent teens. This wasnt like that. It was angry and scary. Nothing has changed since. Im 22 now. Ive refused treatment, I havent seen a psychiatrist about my anxiety or depression since the first time. I dont have panic attacks anymore but I still have the thoughts. Suicidal ideation. Panic breathing although it stopped escalating to panic attacks. The spiraling. The anger. I just get this fucking rage now. Like I wanna burn everything and everyone around me down and then stomp on the ashes. I know its not okay, I just dont want to be medicated. I dont even know what it is. I was diagnosed with severe anxiety disorder, clinical depressive disorder and acute ocd. Im just not sure if I should balls up and go see somebody about this rage. I was never medicated because I want to be strong enough to fix it myself. Im a nursing student, I KNOW thats not how it works. I just dont know who to see, how it works or if I can even afford it. Im scared. I dont like to selfdiagnose and Im not going to get into the details but Im afraid I might have bpd. Nobody would listen to me in the past. I was a kid. I dont know why Im posting this.",Comorbid (Depression + Anxiety),"{""anxiety"":""yes""}"
80vf6n,Blindness and fainting,"[CW: self harm] If this is the wrong sub to ask on just tell me so and I'll post elsewhere. But I seriously need help figuring out what happened to me. This happened yesterday afternoon. I have been diagnosed with major depression with psychotic features and anxiety disorder. I hadnt slept for about 35 hours. Im on a nicotine patch and had just taken my anti psychotic and anti anxiety for the first time in a while. I had ran out of my antidepressants a couple days ago. As far as drugs go. Anyway, I got in the shower, started cutting, and after about 10-15 minutes had a sudden rush of tingling and numbness, ringing in the ears, feeling an urge to throw up, grey and grainy vision which quickly turned to near total blindness, confusion, panic and anger and desire to die, and extreme disorientation and dizziness to the point I almost fell into the glass of the shower. Like my consciousness was totally altered. I felt super high on something terrible. I sat down in the shower, then somehow decided through the fog I should attempt to call someone and got out reaching for my phone. About 90 seconds later I found myself draped over the toilet with the numbness and tingling near gone, but the ringing and impaired vision took about another five minutes to fully subside. I feel relatively fine now but slightly out of it still, which isn't unusual for me. It's been suggested to me irl that it was a panic attack, or perhaps withdrawal from the antidepressant (mirtazapine). Any help would be much appreciated.","[1, 1]","{'depressive_disorder', 'anxiety_disorder'}","Blindness and fainting. CW self harm If this is the wrong sub to ask on just tell me so and Ill post elsewhere. But I seriously need help figuring out what happened to me. This happened yesterday afternoon. I have been diagnosed with major depression with psychotic features and anxiety disorder. I hadnt slept for about 35 hours. Im on a nicotine patch and had just taken my anti psychotic and anti anxiety for the first time in a while. I had ran out of my antidepressants a couple days ago. As far as drugs go. Anyway, I got in the shower, started cutting, and after about 1015 minutes had a sudden rush of tingling and numbness, ringing in the ears, feeling an urge to throw up, grey and grainy vision which quickly turned to near total blindness, confusion, panic and anger and desire to die, and extreme disorientation and dizziness to the point I almost fell into the glass of the shower. Like my consciousness was totally altered. I felt super high on something terrible. I sat down in the shower, then somehow decided through the fog I should attempt to call someone and got out reaching for my phone. About 90 seconds later I found myself draped over the toilet with the numbness and tingling near gone, but the ringing and impaired vision took about another five minutes to fully subside. I feel relatively fine now but slightly out of it still, which isnt unusual for me. Its been suggested to me irl that it was a panic attack, or perhaps withdrawal from the antidepressant mirtazapine. Any help would be much appreciated.",Comorbid (Depression + Anxiety),"{""anxiety"":""yes""}"
h9fn04,Can schizophrenia dull your pain receptors?,"**(triggering stuff about self harm and intense delusions ahead, keep yourself safe please)** 
 
 When I was 17 and very delusional I had an incident where the TV told me that I'd had a tracking device planted in my arm while I was asleep, so a few nights later I used a razor blade to dig through my arm to try and find it. I have an extensive history with self harm, but this was one of the only cases where it was done as a direct result of a psychotic episode, and one thing I noticed was that I felt no pain whatsoever. Every other time I've self harmed there has been pain, even just a slight sting for a few seconds, but this incident, which had me going deeper than almost any other incident, had no pain. I wasn't sure what to think of it but a few months later when I was recounting the incident to my psychiatrist he specifically asked if I felt any pain during it, which makes me wonder now if the psychotic brain can completely shut off your ability to feel pain? Is this something anyone else has experienced, and is there any studies that have looked into this, because I'm quite curious now.","[0, 0]",{'control_group'},"Can schizophrenia dull your pain receptors. triggering stuff about self harm and intense delusions ahead, keep yourself safe please When I was 17 and very delusional I had an incident where the TV told me that Id had a tracking device planted in my arm while I was asleep, so a few nights later I used a razor blade to dig through my arm to try and find it. I have an extensive history with self harm, but this was one of the only cases where it was done as a direct result of a psychotic episode, and one thing I noticed was that I felt no pain whatsoever. Every other time Ive self harmed there has been pain, even just a slight sting for a few seconds, but this incident, which had me going deeper than almost any other incident, had no pain. I wasnt sure what to think of it but a few months later when I was recounting the incident to my psychiatrist he specifically asked if I felt any pain during it, which makes me wonder now if the psychotic brain can completely shut off your ability to feel pain? Is this something anyone else has experienced, and is there any studies that have looked into this, because Im quite curious now.",Normal,{'anxiety':'no'}
ax4wej,Advice on Helping Relieve Depression/Anxiety/Emotional Distress/Stress [Give and Receive Advice],"**\*\*\* First, I would like to ask for people who decide to reply \[or ask about advice\] to please be serious, respectful, and no degrading/rude/foul comments.\*\*\*** 
 

 
 Hello Guys, 
 
 I would like to start off by giving some background information about my situation, this should help with giving thorough replies. 
 
 It deals with my significant other, he \[has\] and still is suffering from severe depression and anxiety. Unfortunately, there are days where it's extremely bad that it immobilizes him. For him, he has went through life with this debilitating issue. The severity of this is at it's boiling point where he feels there is no other way to help. As his significant other, I have done numerous amounts of research on ways to help him relieve some of this weight. Even so, my research and ideas that could help haven't worked out that well for him. This has dropped his confidence, drive, and almost destroyed his will to continue...
 
 I have come to Reddit for help, because I am truly terrified that I'm going to lose him.... 
 
 If anyone has ideas on what he can do to help himself and what I can do to help him. 
 
 The thought of not having my soul-mate to walk through life with me with happiness, confidence, drive, and his strong will to continue to push through is more than heartbreaking. 
 
 Again, I ask for your help with ideas to help him out. Thank you","[1, 0]",{'depressive_disorder'},"Advice on Helping Relieve DepressionAnxietyEmotional DistressStress Give and Receive Advice. First, I would like to ask for people who decide to reply or ask about advice to please be serious, respectful, and no degradingrudefoul comments. Hello Guys, I would like to start off by giving some background information about my situation, this should help with giving thorough replies. It deals with my significant other, he has and still is suffering from severe depression and anxiety. Unfortunately, there are days where its extremely bad that it immobilizes him. For him, he has went through life with this debilitating issue. The severity of this is at its boiling point where he feels there is no other way to help. As his significant other, I have done numerous amounts of research on ways to help him relieve some of this weight. Even so, my research and ideas that could help havent worked out that well for him. This has dropped his confidence, drive, and almost destroyed his will to continue. I have come to Reddit for help, because I am truly terrified that Im going to lose him. If anyone has ideas on what he can do to help himself and what I can do to help him. The thought of not having my soulmate to walk through life with me with happiness, confidence, drive, and his strong will to continue to push through is more than heartbreaking. Again, I ask for your help with ideas to help him out. Thank you",Depression,"{""anxiety"": ""yes""}"
gsl45i,I feel like I'm drowning and I don't know what to do with myself,"**excuse grammar, i'm on mobile** I don't know what to do anymore. I was diagnosed with severe depression about 2/3 years ago but it's probably been longer that i've been dealing with it. I've been through up and downs but in the end, I always find myself drowning. It's a peaceful drowning though. I know I can't breath, but it's too much work to swim back up. I know me failing and sinking deeper is going to hurt worse than the burning in my lungs. I feel like i need help but i have no clue how to get it. I've been to the realists and i fucking hate it because i don't ever like talking about myself. i hate journaling, don't want to fuck with medication, and i don't really ever talk to anyone about how i feel. Im a pretty successful student. Going to a good college, plays sports, has a social life, but it's fucking exhausting to keep this front. It's getting harder to hide the fact that i've had my suicide plan for years and cant see myself making it past my early twenties. Not to mention I just discovered my sexuality came out as bi to a couple close people. The point is, I feel like i don't know what to do with myself. I'm too much of a pussy to kill myself but i've imagined myself dead for such a long time. The only thing that helps is smoking. in that short period, i get to feel nothing and it's pure fucking bliss. In the end, I don't know what to do with myself anymore. I've been floating below the surface for so long and I can't decide whether i should just let go or not.","[1, 1]","{'depressive_disorder', 'anxiety_disorder'}","I feel like Im drowning and I dont know what to do with myself. excuse grammar, im on mobile I dont know what to do anymore. I was diagnosed with severe depression about 23 years ago but its probably been longer that ive been dealing with it. Ive been through up and downs but in the end, I always find myself drowning. Its a peaceful drowning though. I know I cant breath, but its too much work to swim back up. I know me failing and sinking deeper is going to hurt worse than the burning in my lungs. I feel like i need help but i have no clue how to get it. Ive been to the realists and i fucking hate it because i dont ever like talking about myself. i hate journaling, dont want to fuck with medication, and i dont really ever talk to anyone about how i feel. Im a pretty successful student. Going to a good college, plays sports, has a social life, but its fucking exhausting to keep this front. Its getting harder to hide the fact that ive had my suicide plan for years and cant see myself making it past my early twenties. Not to mention I just discovered my sexuality came out as bi to a couple close people. The point is, I feel like i dont know what to do with myself. Im too much of a pussy to kill myself but ive imagined myself dead for such a long time. The only thing that helps is smoking. in that short period, i get to feel nothing and its pure fucking bliss. In the end, I dont know what to do with myself anymore. Ive been floating below the surface for so long and I cant decide whether i should just let go or not.",Comorbid (Depression + Anxiety),{'anxiety':'no'}
d3jk7z,Things that happened today and just in general,"1. My mom almost read something of mine, it's not too personal but I dont want my dad seeing it. Also she took it out of my room. I don't like my shit being moved. She wanted to be praised for not reading it. ""I checked my boundaries! I didn't read it! Aren't you proud of me?"" No bitch. You have anxiety, not bipolar or BPD or something I could understand where boundaries aren't a thing for you but anxiety?? Shouldn't that be common sense? 
 
 2. My sister occasionally will send me stuff about how exercise is the best thing for depression when it's proven that exercise only relieves minor depression, not MDD. While it does help me a little my overall mood is still meh. 
 
 3. I'm being left to fend for myself when it comes to my mental health. I feel like my parents are abusing me with all their mental bullshit. Talking about killing themselves, dying and not caring, all their problems. My mom istg makes up something wrong with her every few hours. 
 
 4. I don't understand how they think me, someone who's had a suicide attempt and 2 others unknown, history of some form of self harm, can handle their triggering bullshit. Can't take it and I'm about to relapse.","[1, 0]",{'depressive_disorder'},"Things that happened today and just in general. 1. My mom almost read something of mine, its not too personal but I dont want my dad seeing it. Also she took it out of my room. I dont like my shit being moved. She wanted to be praised for not reading it. I checked my boundaries! I didnt read it! Arent you proud of me? No bitch. You have anxiety, not bipolar or BPD or something I could understand where boundaries arent a thing for you but anxiety? Shouldnt that be common sense? 2. My sister occasionally will send me stuff about how exercise is the best thing for depression when its proven that exercise only relieves minor depression, not MDD. While it does help me a little my overall mood is still meh. 3. Im being left to fend for myself when it comes to my mental health. I feel like my parents are abusing me with all their mental bullshit. Talking about killing themselves, dying and not caring, all their problems. My mom istg makes up something wrong with her every few hours. 4. I dont understand how they think me, someone whos had a suicide attempt and 2 others unknown, history of some form of self harm, can handle their triggering bullshit. Cant take it and Im about to relapse.",Depression,{'anxiety':'yes'}
7aurgt,I just want someone to read this,"20-something, just feeling really depressed tonight. I was diagnosed with clinical depression while in high school and it has sort of been ruining my life for the last couple of years. I've flunked out of college, been kicked out of the military, and in general just not had a good time in life so far. The problem is, I feel that I don't really have any reason to be depressed. Yes, I am from a very working class family, and that certainly weighs on me from day-to-day, but my family is all very supportive, I have a good job that I enjoy, and I have an amazing girlfriend that is so supportive of me. I have worked so hard to get my depression in check (exercise, counseling, and even medication) but I am not doing any of that right now. Why am I like this? I have no reason not to make my life better in these ways, and yet here I am, crying at my computer screen because I don't feel like doing anything at all. If anyone actually reads this, thank you. Any advice, tips, or anything at all at this point would be really helpful, thank you all.
 
 Update: Holy shit, thank you all so much. It's been a rough ass week and I've just finished reading through everyone one of these replies with my girlfriend. You all are immensely helpful, and I am going to take a bit of every suggestion that I see. 
 P.S. I guess I should clean more","[1, 0]",{'depressive_disorder'},"I just want someone to read this. 20something, just feeling really depressed tonight. I was diagnosed with clinical depression while in high school and it has sort of been ruining my life for the last couple of years. Ive flunked out of college, been kicked out of the military, and in general just not had a good time in life so far. The problem is, I feel that I dont really have any reason to be depressed. Yes, I am from a very working class family, and that certainly weighs on me from daytoday, but my family is all very supportive, I have a good job that I enjoy, and I have an amazing girlfriend that is so supportive of me. I have worked so hard to get my depression in check exercise, counseling, and even medication but I am not doing any of that right now. Why am I like this? I have no reason not to make my life better in these ways, and yet here I am, crying at my computer screen because I dont feel like doing anything at all. If anyone actually reads this, thank you. Any advice, tips, or anything at all at this point would be really helpful, thank you all. Update Holy shit, thank you all so much. Its been a rough ass week and Ive just finished reading through everyone one of these replies with my girlfriend. You all are immensely helpful, and I am going to take a bit of every suggestion that I see. P.S. I guess I should clean more",Depression,"{""anxiety"": ""no""}"
l59o3y,The fact I haven't relapsed is amazing,"4 months ago, someone I loved dearly despite the fact he treated me like garbage cheated on me and left me for someone he doesn't even know irl. That hurt so much, in fact Im still taking it EXTREMELY rough and I cry every day about it and I still haven't hurt myself. I've also been having some identity crisis shit going on rn which is agonizing. Still didn't hurt myself. I've been having horrible intrusive thoughts and I STILL didn't hurt myself. The past few months have been so fucking rough but I haven't gone back to self harm. I'm so proud. I've had the urge but I've never done anything. I've been clean since April 2020. I'm never going to lose that streak","[1, 0]",{'depressive_disorder'},"The fact I havent relapsed is amazing. 4 months ago, someone I loved dearly despite the fact he treated me like garbage cheated on me and left me for someone he doesnt even know irl. That hurt so much, in fact Im still taking it EXTREMELY rough and I cry every day about it and I still havent hurt myself. Ive also been having some identity crisis shit going on rn which is agonizing. Still didnt hurt myself. Ive been having horrible intrusive thoughts and I STILL didnt hurt myself. The past few months have been so fucking rough but I havent gone back to self harm. Im so proud. Ive had the urge but Ive never done anything. Ive been clean since April 2020. Im never going to lose that streak",Depression,{'anxiety':'yes'}
88yqvs,Update from three years ago,"A little more than three years ago, I posted about losing my job. I was fired from a job that I had grown to hate. It came as such a relief to be out of that toxic environment.
 
 Several months after that, I started working for the company I work for now. With enthusiasm, I learned what I could and gave the job my best. Since then, I have been promoted multiple times and am now in a position I love.
 
 I now run a multimillion dollar company after less than three years of working for them. I was given the opportunity and proved myself over and over again.
 
 My depression still shows its ugly face from time to time. But the toxic environment I was working in previously made it so much worse. Not only do I work for a company that understands my ups and downs, but they see me for who I am and not for my mental disorder.
 
 For such a long time, I felt worthless and hopeless. Having caring people in my life has made the struggle more manageable.
 
 Not everyone can see that better times may be in their future, but I implore those who are having a hard time to fight like hell.","[1, 0]",{'depressive_disorder'},"Update from three years ago. A little more than three years ago, I posted about losing my job. I was fired from a job that I had grown to hate. It came as such a relief to be out of that toxic environment. Several months after that, I started working for the company I work for now. With enthusiasm, I learned what I could and gave the job my best. Since then, I have been promoted multiple times and am now in a position I love. I now run a multimillion dollar company after less than three years of working for them. I was given the opportunity and proved myself over and over again. My depression still shows its ugly face from time to time. But the toxic environment I was working in previously made it so much worse. Not only do I work for a company that understands my ups and downs, but they see me for who I am and not for my mental disorder. For such a long time, I felt worthless and hopeless. Having caring people in my life has made the struggle more manageable. Not everyone can see that better times may be in their future, but I implore those who are having a hard time to fight like hell.",Depression,{'anxiety':'no'}
585htw,I feel the depression coming back,"About 14 months ago I got diagnosed with depression. Things got worse for a while but then things got better. My medication got lowered, and eventually I took myself off it because I was gaining weight big time and that was destroying me.
 
 Now I can feel the depression creeping up again. I went to the doctors for something recently, and was so ready to tell them I wanted help again, then the day of my appointment and the few days before I'd felt fine. I chickened out at the doctors.
 
 Even though day to day I feel 'okay', I know I'm not. I moved away from home recently, started my first job and the stress of doing this on my own is getting to me. I can feel the anxiety and stress making me feel ill and sick. I'm starting to get nervous stomach really bad whenever I eat, which is making me feel like crap and affecting my job. No matter how much I try to relax, I can't. At nights I can't get to sleep, then at weekends I sleep almost constantly. I'm feeling withdrawn from friends. I notice more and more I am loosing enthusiasm to go to the gym, I can't remember the last time I indulged in one of my hobbies. I feel guilty for doing anything, and it doesn't help I owe my parents so much money to help me move out. I've had traumatic dreams and dreams of committing suicide a lot recently. I want this to stop now. But I know even if I go to the doctors and they give me antidepressants tomorrow, they won't kick in for a while, it will take months until I feel 'happier'. And I don't want the same problems of gaining weight again.","[1, 1]","{'depressive_disorder', 'anxiety_disorder'}","I feel the depression coming back. About 14 months ago I got diagnosed with depression. Things got worse for a while but then things got better. My medication got lowered, and eventually I took myself off it because I was gaining weight big time and that was destroying me. Now I can feel the depression creeping up again. I went to the doctors for something recently, and was so ready to tell them I wanted help again, then the day of my appointment and the few days before Id felt fine. I chickened out at the doctors. Even though day to day I feel okay, I know Im not. I moved away from home recently, started my first job and the stress of doing this on my own is getting to me. I can feel the anxiety and stress making me feel ill and sick. Im starting to get nervous stomach really bad whenever I eat, which is making me feel like crap and affecting my job. No matter how much I try to relax, I cant. At nights I cant get to sleep, then at weekends I sleep almost constantly. Im feeling withdrawn from friends. I notice more and more I am loosing enthusiasm to go to the gym, I cant remember the last time I indulged in one of my hobbies. I feel guilty for doing anything, and it doesnt help I owe my parents so much money to help me move out. Ive had traumatic dreams and dreams of committing suicide a lot recently. I want this to stop now. But I know even if I go to the doctors and they give me antidepressants tomorrow, they wont kick in for a while, it will take months until I feel happier. And I dont want the same problems of gaining weight again.",Comorbid (Depression + Anxiety),{'anxiety':'yes'}
4micpj,what does a mood disorder say about someone's present or future?,"ADHD or OCD for example are **not mood disorders**. Meds can help but they don't fully fix the problem. ADHD and OCD people are **always** going to be ADHD or OCD like in some way even if they take meds, get treated, etc.
 
 i mean meds or no meds, CBT or no CBT, ADHDers will **always** have time management, inattention, impulsivity, emotional dysregulation or hyperactivity problems. it's like being nearsighted or having diabetes.
 
 &nbsp;
 
 however **mood disorders** seem more like...i can't think of an analogy in physical illnesses but it seems to me that if someone, [who is, let's say for the sake of argument, incapable of having a manic or hypomanic episode](https://np.reddit.com/r/AskDocs/comments/4mh9ed/why_is_mdd_diagnosed_after_one_major_depressive/), has a major depressive episode then that person is diagnosed with major depressive disorder.
 
 **but what exactly does that mean?**
 
 that to me sounds like diagnosing people with major arm breakage disorder after they broke their arms **once**. it wouldn't necessarily make sense if there doesn't seem to be a **reasonable expectation** of those people breaking their arms again.
 
 so for major depressive disorder, there is a reasonable expectation of another depressive episode based on one depressive episode?
 
 for bipolar I disorder, there is a reasonable expectation of manic or mixed episode based on one manic episode?","[0, 0]",{'control_group'},"what does a mood disorder say about someones present or future. ADHD or OCD for example are not mood disorders. Meds can help but they dont fully fix the problem. ADHD and OCD people are always going to be ADHD or OCD like in some way even if they take meds, get treated, etc. i mean meds or no meds, CBT or no CBT, ADHDers will always have time management, inattention, impulsivity, emotional dysregulation or hyperactivity problems. its like being nearsighted or having diabetes. nbsp however mood disorders seem more like.i cant think of an analogy in physical illnesses but it seems to me that if someone, who is, lets say for the sake of argument, incapable of having a manic or hypomanic episode, has a major depressive episode then that person is diagnosed with major depressive disorder. but what exactly does that mean? that to me sounds like diagnosing people with major arm breakage disorder after they broke their arms once. it wouldnt necessarily make sense if there doesnt seem to be a reasonable expectation of those people breaking their arms again. so for major depressive disorder, there is a reasonable expectation of another depressive episode based on one depressive episode? for bipolar I disorder, there is a reasonable expectation of manic or mixed episode based on one manic episode?",Normal,"{""anxiety"":""no""}"
husoni,After 2 years of heavy adderall use my mind feels fucked,"After 2 years of relatively heavy adder all use, porn binges, isolation, stress and shitty habits, I've been clean since May 6th. About 2.5 months under my belt, and frankly, things don't seem much better or worse. I thought I just had anhedonia, but it's deeper than that: I have virtually no control over my thoughts, mood/emotions and general cognition. This in turn leads to Absolutely no focus, racing thoughts/uncontrollable overthinking, intrusive thoughts and unexplained, unpredictable shifts in mood, energy level and everything you can imagine. Worst of all, even though I can't focus on one given thing, it seems like my random thoughts always gravitate towards something negative. One moment, I'm worrying about some stupid existential bullshit I don't wanna think about. The next moment a headache (from TMJ) is capturing all my attention. The next moment, I'm worrying about something else. **It's like trying to catch positive thoughts/emotions are like ice cubes: slippery, really hard to hold onto and melting rapidly. Negative thoughts/emotions, however, are like velcro: easily caught and hard to shake off.**
 
 **Pre-stims, I'd had anxious tendencies where I'd overthink or ruminate on distressing shit. Regardless, I was pretty much always able to find something positive to focus on and generally get too absorbed in life to let intrusive thoughts and anxiety fuck with me. Now, given the post-stem anhedonia, utter lack of focus and racing thoughts, it seems I just can't shake unwanted anxious thoughts. I just can't ever feel good. Feels bad, man. Anyone else?**","[1, 1]","{'depressive_disorder', 'anxiety_disorder'}","After 2 years of heavy adderall use my mind feels fucked. After 2 years of relatively heavy adder all use, porn binges, isolation, stress and shitty habits, Ive been clean since May 6th. About 2.5 months under my belt, and frankly, things dont seem much better or worse. I thought I just had anhedonia, but its deeper than that I have virtually no control over my thoughts, moodemotions and general cognition. This in turn leads to Absolutely no focus, racing thoughtsuncontrollable overthinking, intrusive thoughts and unexplained, unpredictable shifts in mood, energy level and everything you can imagine. Worst of all, even though I cant focus on one given thing, it seems like my random thoughts always gravitate towards something negative. One moment, Im worrying about some stupid existential bullshit I dont wanna think about. The next moment a headache from TMJ is capturing all my attention. The next moment, Im worrying about something else. Its like trying to catch positive thoughtsemotions are like ice cubes slippery, really hard to hold onto and melting rapidly. Negative thoughtsemotions, however, are like velcro easily caught and hard to shake off. Prestims, Id had anxious tendencies where Id overthink or ruminate on distressing shit. Regardless, I was pretty much always able to find something positive to focus on and generally get too absorbed in life to let intrusive thoughts and anxiety fuck with me. Now, given the poststem anhedonia, utter lack of focus and racing thoughts, it seems I just cant shake unwanted anxious thoughts. I just cant ever feel good. Feels bad, man. Anyone else?",Comorbid (Depression + Anxiety),{'anxiety':'yes'}
4apfre,I think my meds have started working!,"After a few years of chronically feeling like shit I had finally worked up the motivation to get help and went off to a therapist. I was diagnosed with depression and was put on 300mg of Wellbutrin. It's been about 7 weeks and I've been feeling strangely, well, *okay* for the past week or so. I've been doing my school work, cleaning my room and working on my hobbies again. I can actually function like a human being and it's the most liberating feeling in the world. But the best part is that I feel content with just existing for the first time in I can't even remember how long. Like, I can just sit and enjoy a quiet evening without needing to distract myself from constantly wanting to die. 
 
 I know I still have a long road ahead of me and that I'll probably never be completely free of my depression but as of right now, for the first time in what feels like forever, I feel okay. And feeling okay after years of feeling like shit feels pretty amazing.
 
 I love this subreddit and everything that you guys do for each other. You've helped me out a lot when I was down (and will more than likely continue to help me in the future) and I felt like sharing this little moment triumph with you regardless of how long it lasts. I hope you all find some peace in your lives and, until then, the will to keep on fighting this horrible thing.","[1, 0]",{'depressive_disorder'},"I think my meds have started working. After a few years of chronically feeling like shit I had finally worked up the motivation to get help and went off to a therapist. I was diagnosed with depression and was put on 300mg of Wellbutrin. Its been about 7 weeks and Ive been feeling strangely, well, okay for the past week or so. Ive been doing my school work, cleaning my room and working on my hobbies again. I can actually function like a human being and its the most liberating feeling in the world. But the best part is that I feel content with just existing for the first time in I cant even remember how long. Like, I can just sit and enjoy a quiet evening without needing to distract myself from constantly wanting to die. I know I still have a long road ahead of me and that Ill probably never be completely free of my depression but as of right now, for the first time in what feels like forever, I feel okay. And feeling okay after years of feeling like shit feels pretty amazing. I love this subreddit and everything that you guys do for each other. Youve helped me out a lot when I was down and will more than likely continue to help me in the future and I felt like sharing this little moment triumph with you regardless of how long it lasts. I hope you all find some peace in your lives and, until then, the will to keep on fighting this horrible thing.",Depression,{'anxiety':'no'}
7lruth,DAE experience psychosis with their BPD?,"After about a week and a half of a general feeling that someone was out to get me or poison me, my paranoia began to flair up after deciding not to have sex with this guy I met online. I told him my reasoning, and even though he said it was ""totally cool"" that I decided not to, I still firmly believe that he or one of his friends is out to kidnap me. 
 
 Out of desperation and fear, I told my psychiatrist what was going on with me, and he mentioned psychosis. He said that borderline personality and psychosis are not mutually exclusive and that between 20-50% of those with BPD have experiences with psychosis. 
 
 I'm not sure if what I am going through is psychosis, but has anyone else with BPD have experiences of psychosis?","[0, 0]",{'control_group'},"DAE experience psychosis with their BPD. After about a week and a half of a general feeling that someone was out to get me or poison me, my paranoia began to flair up after deciding not to have sex with this guy I met online. I told him my reasoning, and even though he said it was totally cool that I decided not to, I still firmly believe that he or one of his friends is out to kidnap me. Out of desperation and fear, I told my psychiatrist what was going on with me, and he mentioned psychosis. He said that borderline personality and psychosis are not mutually exclusive and that between 2050 of those with BPD have experiences with psychosis. Im not sure if what I am going through is psychosis, but has anyone else with BPD have experiences of psychosis?",Normal,{'anxiety':'no'}
5y0l77,Having trouble finding ways to cope,"After having suspicions/being in denial about it for about a year, I was diagnosed with depression in Jan/Feb 2017. My first coping method was self-harm, I only did it twice and have stopped for about 3 months now. Yesterday, i went back to retail therapy - something I've done in small doses for many years - and it was a semi-big purchase. Not that I couldn't afford it but I didn't realize I had a problem with retail therapy for so long till my sisters pointed it out.
 
 I'm having trouble finding ways to cope with my depression on bad days. I have a day planner where I use stickers to track my moods and I'm seeing a correlation on when my bad days appear, usually around the middle of the week when my VitaminD pills start to wear off. 
 
 I have tons of hobbies but grow bored of them a few weeks in, which is probably why I have a lot. There's not much to do in the city I live in. I'd normally write but lost the writing bug when my aunt passed last year - she was a big source of support for my dream of being a novelist. I know I could do a few of the activities that I used to enjoy/used to make me happy but its like I can't recall most of them, or I lose interest very quickly. I already do yoga and meditation/deep relaxation exercises. 
 
 I don't want to go back to the two other ways I've coped before, and i worry that if i don't find something else I will.","[1, 1]","{'depressive_disorder', 'anxiety_disorder'}","Having trouble finding ways to cope. After having suspicionsbeing in denial about it for about a year, I was diagnosed with depression in JanFeb 2017. My first coping method was selfharm, I only did it twice and have stopped for about 3 months now. Yesterday, i went back to retail therapy something Ive done in small doses for many years and it was a semibig purchase. Not that I couldnt afford it but I didnt realize I had a problem with retail therapy for so long till my sisters pointed it out. Im having trouble finding ways to cope with my depression on bad days. I have a day planner where I use stickers to track my moods and Im seeing a correlation on when my bad days appear, usually around the middle of the week when my VitaminD pills start to wear off. I have tons of hobbies but grow bored of them a few weeks in, which is probably why I have a lot. Theres not much to do in the city I live in. Id normally write but lost the writing bug when my aunt passed last year she was a big source of support for my dream of being a novelist. I know I could do a few of the activities that I used to enjoyused to make me happy but its like I cant recall most of them, or I lose interest very quickly. I already do yoga and meditationdeep relaxation exercises. I dont want to go back to the two other ways Ive coped before, and i worry that if i dont find something else I will.",Comorbid (Depression + Anxiety),{'anxiety':'no'}
63mwx0,It's like they don't even know depression exists,"All the people that are around me, my family, friends(except for mine that are depressed as well), teachers, classmates, do they even know this exists? I broke to my mom that I have bipolar depression and she thought I was joking until I sent her tests and told her how I felt. She used to tell me, ""you can't have a bad day every day"" when I was younger, I don't even know how she didn't notice. One night I asked my father what depression is and he said that it felt like you were so sad that you cry yourself to sleep under your pillow. Other classmates act like I don't even exist or am depressed, or if I did I was they wouldn't believe it. Background info, I'm 17, a HS student, honor roll, NHS, music nerd, super smart. I do some pretty stupid stuff that I feel like I can't control like cheating or not studying/doing work. I'm completely unmotivated in the classroom when I'm sad, and I'd rather just sleep or waste my time into stupid videos or whatever. I don't want to die, but I don't want to be unnoticed by society. People have told me they look up to me as a role model, and as a super important and hardworking student and an amazing friend, but why can't I see that? My grades are failing and my friends just insult me all day for no reason. Will there be anyone that actually cares?","[0, 0]",{'control_group'},"Its like they dont even know depression exists. All the people that are around me, my family, friendsexcept for mine that are depressed as well, teachers, classmates, do they even know this exists? I broke to my mom that I have bipolar depression and she thought I was joking until I sent her tests and told her how I felt. She used to tell me, you cant have a bad day every day when I was younger, I dont even know how she didnt notice. One night I asked my father what depression is and he said that it felt like you were so sad that you cry yourself to sleep under your pillow. Other classmates act like I dont even exist or am depressed, or if I did I was they wouldnt believe it. Background info, Im 17, a HS student, honor roll, NHS, music nerd, super smart. I do some pretty stupid stuff that I feel like I cant control like cheating or not studyingdoing work. Im completely unmotivated in the classroom when Im sad, and Id rather just sleep or waste my time into stupid videos or whatever. I dont want to die, but I dont want to be unnoticed by society. People have told me they look up to me as a role model, and as a super important and hardworking student and an amazing friend, but why cant I see that? My grades are failing and my friends just insult me all day for no reason. Will there be anyone that actually cares?",Normal,{'anxiety':'no'}
hrst6e,I'm so tired of one-sided relationships.,"Almost every single relationship I've had in my life, both platonic and romantic, has been one-sided. It's either I like them more than they like me, or very rarely vice versa. There's hardly ever been an instance when our feelings towards each other are mutual, enough to have a close bond and not feel so alone in this cold, dark world for a change. Making friends is hard for me so I don't have any. I've gone out with girls before (on singular dates, no exclusive relationships) but they eventually find out about my true colors and figure that I'm not really dating material, so they leave me. I try my absolute best to make myself seem like a likable person. I guess that's just not enough for them.
 
 Why do humans have to be social creatures? Why do we have to rely on others to make us happy and feel like we have a purpose? I think I just have to learn how to be okay with being alone. It's something I've always struggled with. But despite my social anxiety and crippling fear of others, I long for someone to love, and to have them love me back just as much. I feel like I have so much love and affection to give but no one to give it to. I don't have the best personality but I'm working on that with my therapist along with learning how to not hate myself. But I don't think I've made much progress.","[0, 1]",{'anxiety_disorder'},"Im so tired of onesided relationships. Almost every single relationship Ive had in my life, both platonic and romantic, has been onesided. Its either I like them more than they like me, or very rarely vice versa. Theres hardly ever been an instance when our feelings towards each other are mutual, enough to have a close bond and not feel so alone in this cold, dark world for a change. Making friends is hard for me so I dont have any. Ive gone out with girls before on singular dates, no exclusive relationships but they eventually find out about my true colors and figure that Im not really dating material, so they leave me. I try my absolute best to make myself seem like a likable person. I guess thats just not enough for them. Why do humans have to be social creatures? Why do we have to rely on others to make us happy and feel like we have a purpose? I think I just have to learn how to be okay with being alone. Its something Ive always struggled with. But despite my social anxiety and crippling fear of others, I long for someone to love, and to have them love me back just as much. I feel like I have so much love and affection to give but no one to give it to. I dont have the best personality but Im working on that with my therapist along with learning how to not hate myself. But I dont think Ive made much progress.",Anxiety,{'anxiety':'yes'}
c32a8u,Addiction and worrying about accidently killing myself,"As some of you are aware my boyfriend dumped me start of may ish and I went to the doctor being suicidal and having panicked attacks she referred me to cbt ( still waiting for that ) and prescribed me anxiety tablets which also works for heart problems to slow the heart down 
 
 We are back together now and Im trying my best to prove to him Im not crazy (the constant paranoia and arguments was the reason he broke up with me) 
 
 I am on 40mg and I am supposed take 1 twice a day 
 
 One time I was having a really bad time crying etc and felt really really suicidal so I took 7 noting happened thankfully 
 
 The day after I still felt like crap so I took 4 I noticed that I felt more confident engaging in conversations with people 
 
 I havent taken them in weeks and today I wanted to feel confident so I took 4 of them and It didnt work and now Im worried Im gonna do some damage to my heart ðŸ˜”
 
 I always always keep saying I didnt want to take tablets even paracetamols 
 
 Im scared of the side effects and what itll do to my body but at the time I just wanted to end it all but I also dont want this fear of going into a shop to speak to someone ðŸ˜’","[0, 1]",{'anxiety_disorder'},Addiction and worrying about accidently killing myself. As some of you are aware my boyfriend dumped me start of may ish and I went to the doctor being suicidal and having panicked attacks she referred me to cbt still waiting for that and prescribed me anxiety tablets which also works for heart problems to slow the heart down We are back together now and Im trying my best to prove to him Im not crazy the constant paranoia and arguments was the reason he broke up with me I am on 40mg and I am supposed take 1 twice a day One time I was having a really bad time crying etc and felt really really suicidal so I took 7 noting happened thankfully The day after I still felt like crap so I took 4 I noticed that I felt more confident engaging in conversations with people I havent taken them in weeks and today I wanted to feel confident so I took 4 of them and It didnt work and now Im worried Im gonna do some damage to my heart I always always keep saying I didnt want to take tablets even paracetamols Im scared of the side effects and what itll do to my body but at the time I just wanted to end it all but I also dont want this fear of going into a shop to speak to someone,Anxiety,"{""anxiety"":""yes""}"
gnmvb0,the difficulty in Explaining SH to my coworkers,"At my job i used to take the razors from the box cutters and cut myself with them, but now as a precaution i make sure i never even touch a box cutter at my work or anything with a blade. Some of my coworkers question me on why i never a use a box cutter or look at me confused whenever i get jumpy at the sight of a blade. No matter what i tell them even if it's the truth they look at me confused or criticize me by saying, ""That's just stupid"". Today I was with one of my coworkers unloading the delivery we received today and my manager came and ask why i wasn't using a box cutter. I tried to explain to her why i didn't need one but she insisted. As she handed it to me i started to have a panic attack and she looked at me all scared. She tried joking with me about it but when i told her why i was afraid was when she and my coworker next to me became silent. I got the usual questions like, ""Why would someone SH"" and stuff but it only got worse when i said, ""Oh but don't worry i'm 3 months clean."" Thats when they really looked at me like if i was some kind of crazy person. It really makes me feel like i'm some kind of weirdo or monster whenever i get those looks. I later apologized if i made them uncomfortable and even though they said it was okay i still had the feeling that they were uncomfortable. For the rest of the work day i just stayed quiet because i felt like such a burden.","[0, 1]",{'anxiety_disorder'},"the difficulty in Explaining SH to my coworkers. At my job i used to take the razors from the box cutters and cut myself with them, but now as a precaution i make sure i never even touch a box cutter at my work or anything with a blade. Some of my coworkers question me on why i never a use a box cutter or look at me confused whenever i get jumpy at the sight of a blade. No matter what i tell them even if its the truth they look at me confused or criticize me by saying, Thats just stupid. Today I was with one of my coworkers unloading the delivery we received today and my manager came and ask why i wasnt using a box cutter. I tried to explain to her why i didnt need one but she insisted. As she handed it to me i started to have a panic attack and she looked at me all scared. She tried joking with me about it but when i told her why i was afraid was when she and my coworker next to me became silent. I got the usual questions like, Why would someone SH and stuff but it only got worse when i said, Oh but dont worry im 3 months clean. Thats when they really looked at me like if i was some kind of crazy person. It really makes me feel like im some kind of weirdo or monster whenever i get those looks. I later apologized if i made them uncomfortable and even though they said it was okay i still had the feeling that they were uncomfortable. For the rest of the work day i just stayed quiet because i felt like such a burden.",Anxiety,{'anxiety':'yes'}
awpgu1,First post on this sub. You guys can be honest and tell me I am being an asshole about this.,"Back in September I was taken to a mental hospital for Suicide. I was diagnosed with deep depression with suicidal tendencies. Ever since than I haven't been the same. I have no motivation, no will to do anything, everyday I think about killing myself. However, I feel like an asshole for how I am treating everyone around me. My family is desperately trying to get me to move back home but I refuse. My parents don't have the money to support their selves, so how are they going to support me? Besides that, I have no friends back at home, they all have families and moved on with their lives. My friends here are desperately trying to help. All I do is argue with them and keep telling them it's pointless in trying to help me. I would make really shitty jokes and turn their advice around in a depressed twisted way. In all honestly, I don't think anyone or anything can help me. I legitimately just want to die with no repercussion. I feel bad because I have all the support anyone would kill for and I reject it. I have all the things people in worse condition than me can want, and I am just taking it all for granted. Honestly, you guys can tell me I am being shitty and that in reality I really should kill myself.","[1, 0]",{'depressive_disorder'},"First post on this sub. You guys can be honest and tell me I am being an asshole about this. Back in September I was taken to a mental hospital for Suicide. I was diagnosed with deep depression with suicidal tendencies. Ever since than I havent been the same. I have no motivation, no will to do anything, everyday I think about killing myself. However, I feel like an asshole for how I am treating everyone around me. My family is desperately trying to get me to move back home but I refuse. My parents dont have the money to support their selves, so how are they going to support me? Besides that, I have no friends back at home, they all have families and moved on with their lives. My friends here are desperately trying to help. All I do is argue with them and keep telling them its pointless in trying to help me. I would make really shitty jokes and turn their advice around in a depressed twisted way. In all honestly, I dont think anyone or anything can help me. I legitimately just want to die with no repercussion. I feel bad because I have all the support anyone would kill for and I reject it. I have all the things people in worse condition than me can want, and I am just taking it all for granted. Honestly, you guys can tell me I am being shitty and that in reality I really should kill myself.",Depression,"{""anxiety"": ""no""}"
igdf8p,My best friend doesn't want me anymore,"Back-story:
 We've been friends for about 3 and a half years. We've hung out hundreds of times and went on numerous adventures together. Both of us overcame struggles of opening up about our anxiety and depression and how we deal with it. This strengthened our friendship further and pushed us to always encourage each other when tackling life's obstacles. She's one of the only people I can genuinely be myself around.
 
 Last weekend I decided to test the waters. After my 753rd tinder date didn't go well, I decided to go over to her place and tell her how I feel about her. I failed to find anybody else that came close to the chemistry we had on a friendship level. I wanted to see if our relationship could evolve into something romantic. 
 
 I was rejected. Not the end of the world; although it did hurt in the moment. What came a few days later was the nail in the coffin. She told me she could no longer be friends with me. Immediately my stomach churned. I felt like I was going to vomit. I did not see this coming. The past couple days have been filled with a mix of confusion, depression, and loneliness. What makes matters worse is we work together. Ive had to step away a few times to let my tears out. I got double heartbroken....by my best friend...
 
 Have any of you been through a similar situation? I could really use some advice. Before I act impulsively.
 
 TL;DR: I told my best friend I wanted to be with her and she dropped my as a friend altogether","[1, 1]","{'depressive_disorder', 'anxiety_disorder'}","My best friend doesnt want me anymore. Backstory Weve been friends for about 3 and a half years. Weve hung out hundreds of times and went on numerous adventures together. Both of us overcame struggles of opening up about our anxiety and depression and how we deal with it. This strengthened our friendship further and pushed us to always encourage each other when tackling lifes obstacles. Shes one of the only people I can genuinely be myself around. Last weekend I decided to test the waters. After my 753rd tinder date didnt go well, I decided to go over to her place and tell her how I feel about her. I failed to find anybody else that came close to the chemistry we had on a friendship level. I wanted to see if our relationship could evolve into something romantic. I was rejected. Not the end of the world although it did hurt in the moment. What came a few days later was the nail in the coffin. She told me she could no longer be friends with me. Immediately my stomach churned. I felt like I was going to vomit. I did not see this coming. The past couple days have been filled with a mix of confusion, depression, and loneliness. What makes matters worse is we work together. Ive had to step away a few times to let my tears out. I got double heartbroken.by my best friend. Have any of you been through a similar situation? I could really use some advice. Before I act impulsively. TLDR I told my best friend I wanted to be with her and she dropped my as a friend altogether",Comorbid (Depression + Anxiety),"{""anxiety"":""no""}"
8zyi1l,Help me. Please. Boyfriend's cold and I need love.,"Basically, on Friday I failed a test and got extremely vulnerable. I looked for help and wanted my boyfriend to tell me everything was going to be okay and he did, but he was in a bad mood because of shit that went on that day in his house. We fought and I felt like I needed to be with him, but he needed space, which I don't know why I'm fucking unable to give him. I'm very dependant on him these days and I am TERRIFIED that it will bore him out. 
 
 We went to the movie theatre and I had a panic attack, I needed his love and he did help me, he went with me to a public bathroom and were in a stall, with me bawling my eyes out and he was holding me. We then came to my house and he stayed with me until I calmed down. He's an amazing boyfriend. 
 
 I feel like he's different these days, I've been a little bit over the top with telling him I love him a lot every 15 minutes or so and I hate it. I need him to say he loves me too and I find myself unable to give him space these days. He stopped being cute with me and I am losing my mind, I know I'm to blame because of how clingy I've been these days but I don't know how to fix it. 
 
 One week ago I was just fine and now I'm a crying mop on the floor every fucking day. I'm being hurt and I'm hurting him. The more I look for love, the more bored he gets of it and I need more and more and I'm starting to really hate myself for it.","[0, 1]",{'anxiety_disorder'},"Help me. Please. Boyfriends cold and I need love. Basically, on Friday I failed a test and got extremely vulnerable. I looked for help and wanted my boyfriend to tell me everything was going to be okay and he did, but he was in a bad mood because of shit that went on that day in his house. We fought and I felt like I needed to be with him, but he needed space, which I dont know why Im fucking unable to give him. Im very dependant on him these days and I am TERRIFIED that it will bore him out. We went to the movie theatre and I had a panic attack, I needed his love and he did help me, he went with me to a public bathroom and were in a stall, with me bawling my eyes out and he was holding me. We then came to my house and he stayed with me until I calmed down. Hes an amazing boyfriend. I feel like hes different these days, Ive been a little bit over the top with telling him I love him a lot every 15 minutes or so and I hate it. I need him to say he loves me too and I find myself unable to give him space these days. He stopped being cute with me and I am losing my mind, I know Im to blame because of how clingy Ive been these days but I dont know how to fix it. One week ago I was just fine and now Im a crying mop on the floor every fucking day. Im being hurt and Im hurting him. The more I look for love, the more bored he gets of it and I need more and more and Im starting to really hate myself for it.",Anxiety,{'anxiety':'yes'}
heqbf5,Kinda losing everything and it sucks,"Been out of school for 3 months now, and I have been looking for work. I live alone in an apartment (got subsidized by the state for living abroad when I went to school) which I dont anymore. I felt at peace with my situation, living alone and having a budget and all that, but I have no prior work experience, and Ive searched so many jobs with none of them wanting me. I have 2 more months before I have to move in with my parents since I cant afford to live in an apartment with a sustainable income. My actual motivation is basically non-existent, and the only thing helping me search for jobs is that if I have to move in with my parents again I will feel like an absolute failure. 
 
 I have a great support system with people who want to talk to me and want me to open up about myself. However, I cant, no matter how much they want me to I just cant talk about it, I hate talking about feeling depressed, struggling with self-harm and having suicidal thoughts, because taking about it makes it feel real. 
 
 Man I wished things were easy, when I got diagnosed with depression 4 years ago I overcame it by locking into the feeling of what makes me happy. But nothing really makes me happy anymore, my passions are dwindling and Ive lost what held me at peace. 
 
 If anyone wants to chat please let me know, I just felt like I had to rant since its all a bit overwhelming. <3","[1, 1]","{'depressive_disorder', 'anxiety_disorder'}","Kinda losing everything and it sucks. Been out of school for 3 months now, and I have been looking for work. I live alone in an apartment got subsidized by the state for living abroad when I went to school which I dont anymore. I felt at peace with my situation, living alone and having a budget and all that, but I have no prior work experience, and Ive searched so many jobs with none of them wanting me. I have 2 more months before I have to move in with my parents since I cant afford to live in an apartment with a sustainable income. My actual motivation is basically nonexistent, and the only thing helping me search for jobs is that if I have to move in with my parents again I will feel like an absolute failure. I have a great support system with people who want to talk to me and want me to open up about myself. However, I cant, no matter how much they want me to I just cant talk about it, I hate talking about feeling depressed, struggling with selfharm and having suicidal thoughts, because taking about it makes it feel real. Man I wished things were easy, when I got diagnosed with depression 4 years ago I overcame it by locking into the feeling of what makes me happy. But nothing really makes me happy anymore, my passions are dwindling and Ive lost what held me at peace. If anyone wants to chat please let me know, I just felt like I had to rant since its all a bit overwhelming. 3",Comorbid (Depression + Anxiety),"{""anxiety"":""no""}"
7190co,[Serious] How doesn't every person in the world have crippling depression? A question and a rant.,"But for reals. How do people just continue to be happy? I don't remember the last time I have had any amount of extended happiness. I even got engaged recently and that doesn't even make me happy. Don't get me wrong, I love my partner and she is the most supportive person I have ever met. Without her I'd probably have already ended it all. I have a job and so does she. We have a house together with 2 dogs, 3 cats and 2 snakes that we live with all our hearts. I have hobbies, free time, friends, all the things a person could ask for, but I'm still not happy.
 
 Yes, I have been diagnosed with depression about 3 years ago now. It did get a little better around a year ago, but I'm quickly falling away from reality. I feel like I just don't understand life or people anymore. Every day I constantly feel a crushing combination of sadness, fear, anger, hate, anxiety, confusion, longing, exhaustion, lonelyness, pain, and frustration (just to name a couple). 
 
 So back to my origional question, how is it that people put these emotions aside, or do the not feel them as often as I do? How can someone just be happy? I see no meaning to my life, or any life for that matter. What is there to be so happy about? The things that actually do make me happy usually cause me more anguish than joy so I don't even get to enjoy being happy, however brief those moments may be. I'm not searching for a great meaning to life, life only has meaning because we give it meaning, it's a human construct. Fuck, I just don't know anymore.","[1, 1]","{'depressive_disorder', 'anxiety_disorder'}","Serious How doesnt every person in the world have crippling depression? A question and a rant. But for reals. How do people just continue to be happy? I dont remember the last time I have had any amount of extended happiness. I even got engaged recently and that doesnt even make me happy. Dont get me wrong, I love my partner and she is the most supportive person I have ever met. Without her Id probably have already ended it all. I have a job and so does she. We have a house together with 2 dogs, 3 cats and 2 snakes that we live with all our hearts. I have hobbies, free time, friends, all the things a person could ask for, but Im still not happy. Yes, I have been diagnosed with depression about 3 years ago now. It did get a little better around a year ago, but Im quickly falling away from reality. I feel like I just dont understand life or people anymore. Every day I constantly feel a crushing combination of sadness, fear, anger, hate, anxiety, confusion, longing, exhaustion, lonelyness, pain, and frustration just to name a couple. So back to my origional question, how is it that people put these emotions aside, or do the not feel them as often as I do? How can someone just be happy? I see no meaning to my life, or any life for that matter. What is there to be so happy about? The things that actually do make me happy usually cause me more anguish than joy so I dont even get to enjoy being happy, however brief those moments may be. Im not searching for a great meaning to life, life only has meaning because we give it meaning, its a human construct. Fuck, I just dont know anymore.",Comorbid (Depression + Anxiety),{'anxiety':'no'}
4rh3uo,The world has failed me..People have failed me...,"But noone has failed me more so then i have myself. They say a Man's heart weighs 10 ounces, well my heart often feels so heavy that it'll sink right out of me. I don't know how i can try and fix my life anymore and i just don't really care enough to want to try. In my perspective, everyone else's lives seem to be filled with great life experiences, while i have very little to none. I become easily envious of other guys and i think it's part of the reason i avoid talking to and hanging out with them. I just can't take being around anyone that reminds me of how big of a failure i am. 
 
  People trying to give advice to someone with circumstances they have no experience in dealing with aren't much of a help sadly. I'm in this shit alone. It's okay to give me advice but when people start becoming frustrated and criticize me for things that i can't control..that's when i start to feel even more defeated and bitter about life. I wish i could do the things i want and be the way i want.
 
 I honestly wish things would work out and that God has a plan for me..but i just can't do it surrounded by negativity that just amplifies my own.
 
 Instead of hoping to live, I'm just hoping for the opposite. I can't take this feeling of being inferior to every other guy. It's the worst feeling being different and i don't want to feel it anymore. Whenever i feel like this, i get so angry that i feel like hurting myself badly..but i don't. I just have a big breakdown.","[1, 0]",{'depressive_disorder'},"The world has failed me.People have failed me. But noone has failed me more so then i have myself. They say a Mans heart weighs 10 ounces, well my heart often feels so heavy that itll sink right out of me. I dont know how i can try and fix my life anymore and i just dont really care enough to want to try. In my perspective, everyone elses lives seem to be filled with great life experiences, while i have very little to none. I become easily envious of other guys and i think its part of the reason i avoid talking to and hanging out with them. I just cant take being around anyone that reminds me of how big of a failure i am. People trying to give advice to someone with circumstances they have no experience in dealing with arent much of a help sadly. Im in this shit alone. Its okay to give me advice but when people start becoming frustrated and criticize me for things that i cant control.thats when i start to feel even more defeated and bitter about life. I wish i could do the things i want and be the way i want. I honestly wish things would work out and that God has a plan for me.but i just cant do it surrounded by negativity that just amplifies my own. Instead of hoping to live, Im just hoping for the opposite. I cant take this feeling of being inferior to every other guy. Its the worst feeling being different and i dont want to feel it anymore. Whenever i feel like this, i get so angry that i feel like hurting myself badly.but i dont. I just have a big breakdown.",Depression,{'anxiety':'no'}
ck8nqc,I wrote this a little while back. Thought you guys might like it.,"Dark
 
 
 
 It is swirling, ever growing
 Eating everything in it's way.
 It keeps going, never stopping,
 Gaining traction along the way.
 
 Any light I bring in,
 It eats it all away
 Only making it stronger,
 Twice the size it was yesterday
 
 All the hope I once had
 Now is in it's belly.
 I forget what it's like to be glad
 
 It follows me all the time
 Eating my world as I know
 I hope someone can make it stop
 I'm the only one who can see it, though.
 
 It now eats up my heart
 The rest of my soul 
 It's backed me up into a corner; 
 There's nowhere I can go
 
 The only way is down
 To escape all this pain
 It's all spiraling out of control 
 What else can I gain?
 
 They say when you hit rock bottom,
 The only way is up
 But how can I go back up
 When this world is so damn corrupt?
 
 You can go deeper than rock bottom
 Specifically: six feet under
 Sending yourself to an early grave 
 Since the darkness took your life as plunder
 
 As you try to piece it together
 It falls apart worse
 The only car you might see next
 Is a dark colored hearse.
 
 This darkness has taken me hostage
 It's now taken control of me 
 It makes me see bad things
 Things I never wanted to see
 
 It ruins my whole worldview;
 Making me see the bad.
 Making me remember
 All the horrible days that I have never had.
 
 And as I sit here wondering
 What am I really worth?
 All I know is
 That darkness does more than hurt
 
 I keep trying to leave
 Yet it pulls me back in
 This thing is the center of my problems,
 Yet where do I begin?","[0, 0]",{'control_group'},"I wrote this a little while back. Thought you guys might like it. Dark It is swirling, ever growing Eating everything in its way. It keeps going, never stopping, Gaining traction along the way. Any light I bring in, It eats it all away Only making it stronger, Twice the size it was yesterday All the hope I once had Now is in its belly. I forget what its like to be glad It follows me all the time Eating my world as I know I hope someone can make it stop Im the only one who can see it, though. It now eats up my heart The rest of my soul Its backed me up into a corner Theres nowhere I can go The only way is down To escape all this pain Its all spiraling out of control What else can I gain? They say when you hit rock bottom, The only way is up But how can I go back up When this world is so damn corrupt? You can go deeper than rock bottom Specifically six feet under Sending yourself to an early grave Since the darkness took your life as plunder As you try to piece it together It falls apart worse The only car you might see next Is a dark colored hearse. This darkness has taken me hostage Its now taken control of me It makes me see bad things Things I never wanted to see It ruins my whole worldview Making me see the bad. Making me remember All the horrible days that I have never had. And as I sit here wondering What am I really worth? All I know is That darkness does more than hurt I keep trying to leave Yet it pulls me back in This thing is the center of my problems, Yet where do I begin?",Normal,{'anxiety':'yes'}
c2wasr,Constant fatigue and brain fog due to anxiety/depression ??,"Dear redditors,
 
 I would like to know if anyone of you guys experienced non restorative sleep due to anxiety? I have to mention that I do not have panic attacks anymore and I am not aware that I am experiencing anxiety at night. What I do know is that I am very afraid of going to university and have to deal with ""normal life"" after being unemployed for about 1 year now due to depression and generalized anxiety. I do not feel depressed anymore but the constant fatigue and weakness is so debiliating. Ive ruled out a lot of physical check-ups with no results so I expect it to be a psychological problem. But its so hard to believe because as I mentioned I do not feel nearly as depressed as Ive been some months ago. Ive done a sleep study as well and they have found out that my sleep is quite fragmented (my brain gets activated a lot more than usual while I should be asleep at night). The neurologist thinks its anxiety and I cannot exclude his theory.
 
 Have someone of you experienced something similar for almost a year or more due to anxiety (or depression; even if you are quite motivated and cannot believe that it could be depression anymore at all)? The key symptoms I have are the following: Constant fatigue, irritation, clouded mind, hard issues with concentration, weak bones and joints (but no real pain or swellings), stressed with no obvious stressor, nervous, afraid if it ever gets better and researching a lot.
 
 Many thanks in advance - I highly appreciate every single response!","[1, 1]","{'depressive_disorder', 'anxiety_disorder'}","Constant fatigue and brain fog due to anxietydepression . Dear redditors, I would like to know if anyone of you guys experienced non restorative sleep due to anxiety? I have to mention that I do not have panic attacks anymore and I am not aware that I am experiencing anxiety at night. What I do know is that I am very afraid of going to university and have to deal with normal life after being unemployed for about 1 year now due to depression and generalized anxiety. I do not feel depressed anymore but the constant fatigue and weakness is so debiliating. Ive ruled out a lot of physical checkups with no results so I expect it to be a psychological problem. But its so hard to believe because as I mentioned I do not feel nearly as depressed as Ive been some months ago. Ive done a sleep study as well and they have found out that my sleep is quite fragmented my brain gets activated a lot more than usual while I should be asleep at night. The neurologist thinks its anxiety and I cannot exclude his theory. Have someone of you experienced something similar for almost a year or more due to anxiety or depression even if you are quite motivated and cannot believe that it could be depression anymore at all? The key symptoms I have are the following Constant fatigue, irritation, clouded mind, hard issues with concentration, weak bones and joints but no real pain or swellings, stressed with no obvious stressor, nervous, afraid if it ever gets better and researching a lot. Many thanks in advance I highly appreciate every single response!",Comorbid (Depression + Anxiety),"{""anxiety"":""yes""}"
big2mx,I'm not suicidal and I dont think I can kill myself. But I don't find joy in living either.,"Does anyone else feel this way?
 
 Here's why I think I am not suicidal. Last year I was in a sticky situation at work. Without going into too much detail I happened upon the genius idea of injuring myself to stay in bed for a few weeks. But I couldn't being myself to do it. Tried throwing myself from the top of stairs, giving myself food poisoning, throwing myself in front of a slow moving car, breaking my ankle, breaking my leg. Just couldn't bring myself to do it. I have a very strong instinct for self preservation. So I asked a friend to do it. He tried to break my leg. But his hands would shake. And he started crying because he couldn't do it. Honestly, I felt pure terror when he swung the bat and I'm thankful that he didn't go all the way. And I still feel like shit for putting him in that position. But yeah I realised that I lack the capability to harm myself.
 
 I felt suicidal for the first time recently after taking some medication and it was absolutely horrible. Again I knew that I wouldn't kill myself. But I just wanted my life to end.
 
 I have a loving family and people who depend on me. I have enemies who would be happy to see me go. For these reasons alone I must live.
 
 But there are days when I think what makes me happy? What am I working for? Where am I headed? What do I want? And I feel something hollow and empty inside me. Such days are when I struggle with dark thoughts.
 
 And it is at these times that I dread the thought of living for another day.","[1, 0]",{'depressive_disorder'},"Im not suicidal and I dont think I can kill myself. But I dont find joy in living either. Does anyone else feel this way? Heres why I think I am not suicidal. Last year I was in a sticky situation at work. Without going into too much detail I happened upon the genius idea of injuring myself to stay in bed for a few weeks. But I couldnt being myself to do it. Tried throwing myself from the top of stairs, giving myself food poisoning, throwing myself in front of a slow moving car, breaking my ankle, breaking my leg. Just couldnt bring myself to do it. I have a very strong instinct for self preservation. So I asked a friend to do it. He tried to break my leg. But his hands would shake. And he started crying because he couldnt do it. Honestly, I felt pure terror when he swung the bat and Im thankful that he didnt go all the way. And I still feel like shit for putting him in that position. But yeah I realised that I lack the capability to harm myself. I felt suicidal for the first time recently after taking some medication and it was absolutely horrible. Again I knew that I wouldnt kill myself. But I just wanted my life to end. I have a loving family and people who depend on me. I have enemies who would be happy to see me go. For these reasons alone I must live. But there are days when I think what makes me happy? What am I working for? Where am I headed? What do I want? And I feel something hollow and empty inside me. Such days are when I struggle with dark thoughts. And it is at these times that I dread the thought of living for another day.",Depression,"{""anxiety"": ""no""}"
f9ohj9,"i dont know what to do, i dont know what exactly is wrong with me, i just HATE MY LIFE !! I JUST HATE IT SO MUCH!!!","dont know if its anxiety or being antisocial or both, i always think 10 freaking billion times before i speak and 95% of the time i say something stupid or insulting, usually my mind just cant think of something to say when i am around a group of people/friends it just stops working.
 
 i worked in a company for a year and still dont know the names of my coworkers, i made one friend and we are not really friends anymore and its my fault he asked if i want to hang out and no reason at all i said no, i had a job opportunity yesterday and i turned it down cuz i was intimidated by the people there and one of the guys didnt seem to like me, i am jobless been jobless for like two years now i am grown ass useless hopeless waste of air still living in my parents house.
 
 i went to see a doctor about this, he diagnosed with OCD i know i have OCD but i never really complain about it its not that bed, i am have been complaining about this anti social thing but he is not listening, so i decided to stop taking my meds and stop seeing that moran of a Doctor.","[0, 1]",{'anxiety_disorder'},"i dont know what to do, i dont know what exactly is wrong with me, i just HATE MY LIFE ! I JUST HATE IT SO MUCH. dont know if its anxiety or being antisocial or both, i always think 10 freaking billion times before i speak and 95 of the time i say something stupid or insulting, usually my mind just cant think of something to say when i am around a group of peoplefriends it just stops working. i worked in a company for a year and still dont know the names of my coworkers, i made one friend and we are not really friends anymore and its my fault he asked if i want to hang out and no reason at all i said no, i had a job opportunity yesterday and i turned it down cuz i was intimidated by the people there and one of the guys didnt seem to like me, i am jobless been jobless for like two years now i am grown ass useless hopeless waste of air still living in my parents house. i went to see a doctor about this, he diagnosed with OCD i know i have OCD but i never really complain about it its not that bed, i am have been complaining about this anti social thing but he is not listening, so i decided to stop taking my meds and stop seeing that moran of a Doctor.",Anxiety,{'anxiety':'yes'}
aqm16n,I think I'm depressed because my life has been too easy,"Even my psychiatrist said this. That my life is too easy and comfortable, so I don't have any worries about my future, so this leads to not having any motivation in doing anything and just wishing I was dead. My parents always say that they don't understand why I act like this when I had such an easy life, and that I complain too much. I know 'depression doesn't discriminate', but what if I'm 'struggling' with 'depression' or something just because my life was so damn easy and boring to the point where I don't feel any need to live and strive anymore?
 
 The problem is that this doesn't motivate me to challenge myself at all, but just makes me feel guilty and worthless even more. I'm literally just a whiny crybaby who has it better than 99.999% of the population(really, I have it so good that this percentage might be actually true) and still pretends to have bad 'mental health'. OK I admit, my 'mental health' is indeed terrible but I feel like I should stop seeking 'help' because I just have to fucking get over it and endure the pain without whining any longer. My head just blocks out any constructive criticisms and concludes every single thought process with '...therefore, the answer is suicide'.
 
 I know this post is infuriating, but I also know I deserve the rage. This post is basically a bunch of complaints.","[1, 1]","{'depressive_disorder', 'anxiety_disorder'}","I think Im depressed because my life has been too easy. Even my psychiatrist said this. That my life is too easy and comfortable, so I dont have any worries about my future, so this leads to not having any motivation in doing anything and just wishing I was dead. My parents always say that they dont understand why I act like this when I had such an easy life, and that I complain too much. I know depression doesnt discriminate, but what if Im struggling with depression or something just because my life was so damn easy and boring to the point where I dont feel any need to live and strive anymore? The problem is that this doesnt motivate me to challenge myself at all, but just makes me feel guilty and worthless even more. Im literally just a whiny crybaby who has it better than 99.999 of the populationreally, I have it so good that this percentage might be actually true and still pretends to have bad mental health. OK I admit, my mental health is indeed terrible but I feel like I should stop seeking help because I just have to fucking get over it and endure the pain without whining any longer. My head just blocks out any constructive criticisms and concludes every single thought process with .therefore, the answer is suicide. I know this post is infuriating, but I also know I deserve the rage. This post is basically a bunch of complaints.",Comorbid (Depression + Anxiety),{'anxiety':'no'}
71tcaq,What are you supposed to do if you're too scared to fight your social anxiety?,"Even though social anxiety has destroyed my life and continues to do so, I'm too afraid to do anything about it. My therapist is doing the best she can to help me, but I keep shooting her down. She suggested walking into a Starbucks with her as exposure. Then, I go in the next time and order something there myself.
 
 Yet I'm too scared to do it. It's fucking pathetic. I'd rather get shot and have a bullet taken out of me, without anything to numb the pain, than to fight the anxiety. 
 
 I want to get better. More than anything. But how am I supposed to get better if I can't even take the steps to improving?","[0, 1]",{'anxiety_disorder'},"What are you supposed to do if youre too scared to fight your social anxiety. Even though social anxiety has destroyed my life and continues to do so, Im too afraid to do anything about it. My therapist is doing the best she can to help me, but I keep shooting her down. She suggested walking into a Starbucks with her as exposure. Then, I go in the next time and order something there myself. Yet Im too scared to do it. Its fucking pathetic. Id rather get shot and have a bullet taken out of me, without anything to numb the pain, than to fight the anxiety. I want to get better. More than anything. But how am I supposed to get better if I cant even take the steps to improving?",Anxiety,"{""anxiety"": ""yes""}"
6l3hp9,Why do i want to move back in with parents?,"Ever since I left for college when I was 18, I was dead set on never moving back in with my parents. The reason for this is, when I was 18, I found out my mom was cheating on my dad, and she blamed her actions on my actions. I never wanted that helpless feeling again. I have successfully been independent, both financially and physically, from them since then.
 
 Fast forward to about a month ago, when my anxiety turned into this new, terrible sensation that bogs me down daily. I'm living with my grandparents in the city I have been living in since college (about 100 miles from my parents) as I recover from these new episodes (something I've never experienced before), and I have convinced myself that the safest thing to do is move back in with my parents. This is something I have been so afraid of for years, and now, for some reason, I want to be back with my parents. It is always my reaction when I have the terrible, anxious thoughts all day.
 
 What's stopping me, though, is feeling that I'm letting myself down if I do that. I would have to completely restart in my parent's city, including quitting my current job (which I love) and becoming dependent again. 
 
 What's wrong with me? What's going on?","[0, 1]",{'anxiety_disorder'},"Why do i want to move back in with parents. Ever since I left for college when I was 18, I was dead set on never moving back in with my parents. The reason for this is, when I was 18, I found out my mom was cheating on my dad, and she blamed her actions on my actions. I never wanted that helpless feeling again. I have successfully been independent, both financially and physically, from them since then. Fast forward to about a month ago, when my anxiety turned into this new, terrible sensation that bogs me down daily. Im living with my grandparents in the city I have been living in since college about 100 miles from my parents as I recover from these new episodes something Ive never experienced before, and I have convinced myself that the safest thing to do is move back in with my parents. This is something I have been so afraid of for years, and now, for some reason, I want to be back with my parents. It is always my reaction when I have the terrible, anxious thoughts all day. Whats stopping me, though, is feeling that Im letting myself down if I do that. I would have to completely restart in my parents city, including quitting my current job which I love and becoming dependent again. Whats wrong with me? Whats going on?",Anxiety,{'anxiety':'yes'}
gai6dr,Anxiety doing better but depression creeping in,"First post here. I know you cannot prescribe anything but I was wondering if someone else has experience with sertraline and wellbutrin combo? Obviously, we are all different and react different to medication but I guess I am just looking for a potential ray of hope. I was just prescribed wellbutrin to add to my sertaline for my depression. The sertaline has helped overall with my social anxiety but especially with covid isolation and my husband's own medical issues I have been feeling my depression creeping in big time. I was diagnosed with dysthymia, aka persistent depressive disorder, back in 2011. Fluoxetine made me feel numb and didn't really help. Sertraline has helped with my social anxiety but I still do not feel much pleasure in anything nor any motivation to do anything, cleaning or hobbies. So again, anyone out there have experience with the combo or maybe at least the wellbutrin and what that felt like. I am a bit worried as my twin was on wellbutrin and said it made her feel numb and that is not what I want. I am numb/calmer with sertraline but now I need more of a booster for energy and motivation","[1, 1]","{'depressive_disorder', 'anxiety_disorder'}","Anxiety doing better but depression creeping in. First post here. I know you cannot prescribe anything but I was wondering if someone else has experience with sertraline and wellbutrin combo? Obviously, we are all different and react different to medication but I guess I am just looking for a potential ray of hope. I was just prescribed wellbutrin to add to my sertaline for my depression. The sertaline has helped overall with my social anxiety but especially with covid isolation and my husbands own medical issues I have been feeling my depression creeping in big time. I was diagnosed with dysthymia, aka persistent depressive disorder, back in 2011. Fluoxetine made me feel numb and didnt really help. Sertraline has helped with my social anxiety but I still do not feel much pleasure in anything nor any motivation to do anything, cleaning or hobbies. So again, anyone out there have experience with the combo or maybe at least the wellbutrin and what that felt like. I am a bit worried as my twin was on wellbutrin and said it made her feel numb and that is not what I want. I am numbcalmer with sertraline but now I need more of a booster for energy and motivation",Comorbid (Depression + Anxiety),{'anxiety':'no'}
b7zeo7,I've noticed something about myself. {vent},"For me, it's not a case of ""Can I love myself?""
 
 And it's more of a case of ""Will I ever allow myself to love myself?""
 
 Maybe it stems from my abuse that I over-analyze everything I do, good or bad. I'll judge myself if I helped clean up the yard, or stayed in bed all day barely getting up for food and to use the bathroom. A mirror is in the bathroom. I can't look at myself too long, otherwise I'll see the greasy hair, creased clothes that should've been changed 2 days ago, and sagging shoulders of someone who's been this way for years with no change. I'll see the tired eyes that once balled what seemed like gallons of tears when her step dad wouldn't stop yelling at her calling her a stupid fucking bitch. Or the phone raids just to find something else to scream about. Now those eyes maybe cry a few tears once a month. I just get so numb, except for those moments where I find something to laugh about. But once that ends, it's back to the void. I'm just so tired.","[1, 0]",{'depressive_disorder'},"Ive noticed something about myself. vent. For me, its not a case of Can I love myself? And its more of a case of Will I ever allow myself to love myself? Maybe it stems from my abuse that I overanalyze everything I do, good or bad. Ill judge myself if I helped clean up the yard, or stayed in bed all day barely getting up for food and to use the bathroom. A mirror is in the bathroom. I cant look at myself too long, otherwise Ill see the greasy hair, creased clothes that shouldve been changed 2 days ago, and sagging shoulders of someone whos been this way for years with no change. Ill see the tired eyes that once balled what seemed like gallons of tears when her step dad wouldnt stop yelling at her calling her a stupid fucking bitch. Or the phone raids just to find something else to scream about. Now those eyes maybe cry a few tears once a month. I just get so numb, except for those moments where I find something to laugh about. But once that ends, its back to the void. Im just so tired.",Depression,{'anxiety':'no'}
8yxzxr,I have imagined my suicide for years. And I feel that now it's finally time.,"For my entire life I have been depressed and had suicidal thoughts. 
 I have had to realize I will never be loved and will never be able to have a relationship. 
 I dont believe in God or heaven. But I sure wish I did, so I wouldnt have the thought of facing eternal darkness alone. My best friend and love took her life back when I was 16 and I couldnt stop her. If there is a God or heaven I sure hope she is waiting for me. 
 
 
 Thanks to a guy I know im getting a potent poison that will make it look like I had a heart attack so that people around me will think it was because of natural causes. I plan on being alone when I do it and eventually someone will find me. 
 Im afraid of dying alone. Im afraid of being alive and having to face all the pain. Everyday I wake up I feel sad and just want to cry. I hide it though, nobody can know or else I will ruin their happiness.
 
 If anyone of you happen to live in Southern Sweden and feel like supporting a broken man in his last hour then please let me know. I dont want to be alone, but I also dont want to be around anyone I care about when I die because I cant face their eyes. 
 
 
 I made this post just because I needed to vent my thoughts before I go.","[1, 0]",{'depressive_disorder'},"I have imagined my suicide for years. And I feel that now its finally time. For my entire life I have been depressed and had suicidal thoughts. I have had to realize I will never be loved and will never be able to have a relationship. I dont believe in God or heaven. But I sure wish I did, so I wouldnt have the thought of facing eternal darkness alone. My best friend and love took her life back when I was 16 and I couldnt stop her. If there is a God or heaven I sure hope she is waiting for me. Thanks to a guy I know im getting a potent poison that will make it look like I had a heart attack so that people around me will think it was because of natural causes. I plan on being alone when I do it and eventually someone will find me. Im afraid of dying alone. Im afraid of being alive and having to face all the pain. Everyday I wake up I feel sad and just want to cry. I hide it though, nobody can know or else I will ruin their happiness. If anyone of you happen to live in Southern Sweden and feel like supporting a broken man in his last hour then please let me know. I dont want to be alone, but I also dont want to be around anyone I care about when I die because I cant face their eyes. I made this post just because I needed to vent my thoughts before I go.",Depression,{'anxiety':'no'}
43u3qh,"I've thrown myself back into online games, and it's the most fulfilled I've felt in years.","For once I'm accomplishing something. I can play or be around it for 12-15 hours a day and everything I do contributes to me becoming a better player. It's almost 7am now and I've been playing since I woke up at 5pm.
 
 I recently turned 28 and I've given up on life, there is nothing that it can offer me that makes me feel anything, and there is no way that it can be fixed. I've made a few posts on my comdition/s already and nobody knows how it is since it is relatively uncommon. At least in the online world I can feel like I'm a strong person, that I'm useful in some way.
 
 I'm not a human, I am just a blob that has a lost soul inside of it that is begging to exit the body. It can't ever happen so though having other means of expressing the soul helps. I'm trapped in my own body...
 
 I had bad depression in December and I cut myself a few times. I wanted to kill myself and others. Online games keep me distracted and feeling like I can accomplish anything in life. This is my purpose. I'm waiting for my body to die off so I can finally be free.
 
 There's nothing for me in life. Absolutely nothing. Time for me to go to sleep and wake up and play more online games again. At least it gives me something to look forward to, something. anything.
 
 At least I can fake being human online. You never would have known had I not told you.
 
 Sleep.","[1, 0]",{'depressive_disorder'},"Ive thrown myself back into online games, and its the most fulfilled Ive felt in years. For once Im accomplishing something. I can play or be around it for 1215 hours a day and everything I do contributes to me becoming a better player. Its almost 7am now and Ive been playing since I woke up at 5pm. I recently turned 28 and Ive given up on life, there is nothing that it can offer me that makes me feel anything, and there is no way that it can be fixed. Ive made a few posts on my comditions already and nobody knows how it is since it is relatively uncommon. At least in the online world I can feel like Im a strong person, that Im useful in some way. Im not a human, I am just a blob that has a lost soul inside of it that is begging to exit the body. It cant ever happen so though having other means of expressing the soul helps. Im trapped in my own body. I had bad depression in December and I cut myself a few times. I wanted to kill myself and others. Online games keep me distracted and feeling like I can accomplish anything in life. This is my purpose. Im waiting for my body to die off so I can finally be free. Theres nothing for me in life. Absolutely nothing. Time for me to go to sleep and wake up and play more online games again. At least it gives me something to look forward to, something. anything. At least I can fake being human online. You never would have known had I not told you. Sleep.",Depression,{'anxiety':'no'}
dvkw80,Incestual OCD... killing me. Need help.,"For years now Ive been struggling with OCD, probably since I was 12-13 and Im now 23. One of the most domineering thought patterns is that Im attracted to my mother...
 
 It makes me sick just saying it/thinking about it. But I dont know what to do... my therapist almost just writes it off as OCD and not to think too much about it but it gives it power and all that other stuff... But Im scared to death that its true...
 
 I find myself asking, would I be attracted to her if she were not my mom.. I have had an attraction to older women since I was a teenager and its only gotten more prominent as Ive gotten older and it worry how much of it is this sick thing about me
 
 All I want is to have a family, get married and live a wonderful life. Im not a sick person. Im a school teacher, actually a male kindergarten teacher. But this thought, this thing, honestly makes me want to hurt myself...
 
 Why would anyone love someone with this sick thing about them..?","[0, 1]",{'anxiety_disorder'},"Incestual OCD. killing me. Need help. For years now Ive been struggling with OCD, probably since I was 1213 and Im now 23. One of the most domineering thought patterns is that Im attracted to my mother. It makes me sick just saying itthinking about it. But I dont know what to do. my therapist almost just writes it off as OCD and not to think too much about it but it gives it power and all that other stuff. But Im scared to death that its true. I find myself asking, would I be attracted to her if she were not my mom. I have had an attraction to older women since I was a teenager and its only gotten more prominent as Ive gotten older and it worry how much of it is this sick thing about me All I want is to have a family, get married and live a wonderful life. Im not a sick person. Im a school teacher, actually a male kindergarten teacher. But this thought, this thing, honestly makes me want to hurt myself. Why would anyone love someone with this sick thing about them?",Anxiety,{'anxiety':'yes'}
lap402,Its been too long,"four years I've been severely depressed , four years I've had an ulcer, for five months (in 2018) I cried every day. for 18 months sinse august 2018 I've had reoccurring nightmares. Four years I haven't had a real friend. I've been homeschooled for two years, and I have been alone for that long too. I could go on. I'm sick of it. I try to make my situation better and fail. is it me, am i just a disgusting piece of trash human. I really do hate myself and it hurts so bad, it feels painful to be alive and myself, it feels pointless do to anything because I will always be myself. I want to end and not a soul cares. I've been suffering for so long and I cant go on forever like this without anything or anyone. I need something to hold onto. something about myself to love. someone who cares about me. a life worth living. I've been trying to give this to myself and I don't understand how its this much of a battle, It feels like I cant get that and its my fault. Its definitely me. I'm gonna turn into and adult and I have nothing to say for myself and zero independence or control over my life. It sucks to see everyone else move on and grow up and for your to do the same thing you've been doing for years.","[1, 1]","{'depressive_disorder', 'anxiety_disorder'}","Its been too long. four years Ive been severely depressed , four years Ive had an ulcer, for five months in 2018 I cried every day. for 18 months sinse august 2018 Ive had reoccurring nightmares. Four years I havent had a real friend. Ive been homeschooled for two years, and I have been alone for that long too. I could go on. Im sick of it. I try to make my situation better and fail. is it me, am i just a disgusting piece of trash human. I really do hate myself and it hurts so bad, it feels painful to be alive and myself, it feels pointless do to anything because I will always be myself. I want to end and not a soul cares. Ive been suffering for so long and I cant go on forever like this without anything or anyone. I need something to hold onto. something about myself to love. someone who cares about me. a life worth living. Ive been trying to give this to myself and I dont understand how its this much of a battle, It feels like I cant get that and its my fault. Its definitely me. Im gonna turn into and adult and I have nothing to say for myself and zero independence or control over my life. It sucks to see everyone else move on and grow up and for your to do the same thing youve been doing for years.",Comorbid (Depression + Anxiety),{'anxiety':'no'}
e68dhg,"getting surgery in less than a month, anxious as fuck.","had my pre-op yesterday. i thought that maybe going to the pre-op would relieve some of my anxiety but it just made it soooo much more worse. 
 
 im anxious about going under anesthesia, and i know its common to be anxious about it but i feel like im *too* anxious about it. i know ill be fine in the end but i cant help but freak out from the thought of going under. a few days ago, i was lying awake and having a panic attack because i was just thinking about it. im terrified of waking up in the middle of it, even though thats super rare, i just cant help but think itll happen to me. im only a little worried about not waking up after surgery, im more so worried about waking up during it.
 
 my surgeon said the surgery would be 3 to 4 hours so they have to put a catheter in because its a longer surgery. i know theyll put it in when im under but i feel so gross about it. when i was on the way home from the pre-op, i felt like i needed to puke just from thinking about it. i dont even know why i feel like this over a god damn catheter that wont be there when im awake. honestly i feel so stupid for being anxious about it cause i feel like theres no real reason for me to be. anything thats directed at me and my genitals has always made me feel sick to my stomach though. so this isnt surprising for me. 
 
 does anyone know how i can get myself to not be so anxious about this? its overwhelming me a lot.","[0, 0]",{'control_group'},"getting surgery in less than a month, anxious as fuck. had my preop yesterday. i thought that maybe going to the preop would relieve some of my anxiety but it just made it soooo much more worse. im anxious about going under anesthesia, and i know its common to be anxious about it but i feel like im too anxious about it. i know ill be fine in the end but i cant help but freak out from the thought of going under. a few days ago, i was lying awake and having a panic attack because i was just thinking about it. im terrified of waking up in the middle of it, even though thats super rare, i just cant help but think itll happen to me. im only a little worried about not waking up after surgery, im more so worried about waking up during it. my surgeon said the surgery would be 3 to 4 hours so they have to put a catheter in because its a longer surgery. i know theyll put it in when im under but i feel so gross about it. when i was on the way home from the preop, i felt like i needed to puke just from thinking about it. i dont even know why i feel like this over a god damn catheter that wont be there when im awake. honestly i feel so stupid for being anxious about it cause i feel like theres no real reason for me to be. anything thats directed at me and my genitals has always made me feel sick to my stomach though. so this isnt surprising for me. does anyone know how i can get myself to not be so anxious about this? its overwhelming me a lot.",Normal,{'anxiety':'yes'}
6n4o5e,Stranger,"Have you ever visited a friend, stayed there a couple of days and then realizing you're missing home, because despite liking your friend and their home, there's nothing that beats your own home. So you get this sort of longing to go home again. 
 
 Anyone know that feeling? 
 
 I feel that no matter where I am. Nothing feels like home anymore. Not where I'm staying, neither the psych ward, friends places, help, even my own body, mind and thoughts feel like a strangers. To be honest I feel so at a loss. What do you even do when nothing feels comfortable anymore? It doesn't feel like you're living anymore... you're just... surviving, but through someone else's eyes. I don't know, it's so difficult to explain. 
 Kind of like the alien limp some people feel they have so they often end up amputating it, I guess that's how I feel about everything. Everyone just feel so strange, there's few people that still seem familiar to me, but I can feel it all fading. Living in a dream state, but in a nightmare. You know the people around you, but at the same time you don't. You want to go to a better place but that place doesn't exist. Everything is just so unreal. 
 
 I'm sorry if I'm rambling, but I really do not know how else to explain it. It's really getting to me lately. So much so that I fear there's little time left for me before I do end up killing myself, or before I just shut down completely as a person.","[0, 0]",{'control_group'},"Stranger. Have you ever visited a friend, stayed there a couple of days and then realizing youre missing home, because despite liking your friend and their home, theres nothing that beats your own home. So you get this sort of longing to go home again. Anyone know that feeling? I feel that no matter where I am. Nothing feels like home anymore. Not where Im staying, neither the psych ward, friends places, help, even my own body, mind and thoughts feel like a strangers. To be honest I feel so at a loss. What do you even do when nothing feels comfortable anymore? It doesnt feel like youre living anymore. youre just. surviving, but through someone elses eyes. I dont know, its so difficult to explain. Kind of like the alien limp some people feel they have so they often end up amputating it, I guess thats how I feel about everything. Everyone just feel so strange, theres few people that still seem familiar to me, but I can feel it all fading. Living in a dream state, but in a nightmare. You know the people around you, but at the same time you dont. You want to go to a better place but that place doesnt exist. Everything is just so unreal. Im sorry if Im rambling, but I really do not know how else to explain it. Its really getting to me lately. So much so that I fear theres little time left for me before I do end up killing myself, or before I just shut down completely as a person.",Normal,{'anxiety':'yes'}
cmpvuo,I need to change & I am changing,"Having had time to reflect and think since I was on holiday and for the time being between jobs, I've discovered something. Since my therapis is on holiday too, I'll post it here. Might be a bit of a rant...
 
 Anyway, I've quit many many times. For long periods of time too. What I haven't done though is change my behaviour - I can chalk it up to underlying issues like depression or anxiety, but the fact remains that I've tried to fulfill the gap alcohol left with other activities, pharmaceuticals, drugs, exercise, self-improvement, you name it, I've done it. But I've not once done it out of really wanting to do it, I've done it to change myself due to external pressures, which are all in my head.
 
 I've realized, maybe for the first time since I joined this sub around threeish years ago that in order for my sobriety to stick, I need to find what I really want to do with my life. My job stressed me out to the point of a nervous breakdown & burnout, so I took a leave of absence. The activities I used to enjoy are fun for the moment, but they leave me exhausted. So I've cut back on them too, mostly the exercise part. 
 
 I've felt an enormous amount of guilt and shame for as long as I can remember for not being good enough. For myself. That has to stop. It has already begun it's stop. I realize now what the phrase ""it is not a race"" means. I don't know myself yet, but I do know what I don't want my life to be anymore. I won't drink today. Thanks for reading!","[1, 1]","{'depressive_disorder', 'anxiety_disorder'}","I need to change I am changing. Having had time to reflect and think since I was on holiday and for the time being between jobs, Ive discovered something. Since my therapis is on holiday too, Ill post it here. Might be a bit of a rant. Anyway, Ive quit many many times. For long periods of time too. What I havent done though is change my behaviour I can chalk it up to underlying issues like depression or anxiety, but the fact remains that Ive tried to fulfill the gap alcohol left with other activities, pharmaceuticals, drugs, exercise, selfimprovement, you name it, Ive done it. But Ive not once done it out of really wanting to do it, Ive done it to change myself due to external pressures, which are all in my head. Ive realized, maybe for the first time since I joined this sub around threeish years ago that in order for my sobriety to stick, I need to find what I really want to do with my life. My job stressed me out to the point of a nervous breakdown burnout, so I took a leave of absence. The activities I used to enjoy are fun for the moment, but they leave me exhausted. So Ive cut back on them too, mostly the exercise part. Ive felt an enormous amount of guilt and shame for as long as I can remember for not being good enough. For myself. That has to stop. It has already begun its stop. I realize now what the phrase it is not a race means. I dont know myself yet, but I do know what I dont want my life to be anymore. I wont drink today. Thanks for reading!",Comorbid (Depression + Anxiety),{'anxiety':'no'}
k2j7c8,I [HL] just found out my boyfriend is asexual and I'm truly devastated,"He didn't know it was that but he just confesed to me that he doesn't enjoy sex in general. Now I've just had a huge realization and connected the dots of several things I've notice since I've met him.
 
 For example, he has never checked out girls, he doesn't get aroused with visual stimulation, he never initiates sex. I thought the decline in sex was just because he had a porn addiction or something but it's something way worse and i can't even blame him for being born like that.
 
 I don't think I'll ever be able to do it again with him knowing this. It is literally a chore to him and even if he swears he can try to please me to make me happy, i don't like to feel like he's some kind of sex slave.
 
 I feel horrible and devastated. I see there is no future for us now. ðŸ˜­ im crying so much.
 
 
 
 Edit 11/29: Thank you all for your kind words and the messages, I'm sorry I might not have been very responsive because I'm still trying to get my head around this and tbh I feel like I'm drifting into depression.
 
 My boyfriend is the most amazing person I've ever met in my life and I don't want to lose him, so I suppose I have to find a way to make this work.
 
 Just to let you know why I was crying so much: My previous relationship was a dead bedroom too, but in that case, my ex was LL and would rather masturbate. i suffered for five years in that relationship. Now my current boyfriend is asexual. I feel like I've been cursed in my life. This is why I was feeling devastated the other night (still feel like this).","[0, 0]",{'control_group'},"I HL just found out my boyfriend is asexual and Im truly devastated. He didnt know it was that but he just confesed to me that he doesnt enjoy sex in general. Now Ive just had a huge realization and connected the dots of several things Ive notice since Ive met him. For example, he has never checked out girls, he doesnt get aroused with visual stimulation, he never initiates sex. I thought the decline in sex was just because he had a porn addiction or something but its something way worse and i cant even blame him for being born like that. I dont think Ill ever be able to do it again with him knowing this. It is literally a chore to him and even if he swears he can try to please me to make me happy, i dont like to feel like hes some kind of sex slave. I feel horrible and devastated. I see there is no future for us now. im crying so much. Edit 1129 Thank you all for your kind words and the messages, Im sorry I might not have been very responsive because Im still trying to get my head around this and tbh I feel like Im drifting into depression. My boyfriend is the most amazing person Ive ever met in my life and I dont want to lose him, so I suppose I have to find a way to make this work. Just to let you know why I was crying so much My previous relationship was a dead bedroom too, but in that case, my ex was LL and would rather masturbate. i suffered for five years in that relationship. Now my current boyfriend is asexual. I feel like Ive been cursed in my life. This is why I was feeling devastated the other night still feel like this.",Normal,{'anxiety':'no'}
4ihnyh,How do I get my boyfriend to understand?,"He knows I have depression and anxiety and BPD and lately pelvic pain to which I am having surgery. I can barely get out of bed and he bitches about me sleeping too much. How do I explain that I have no reason or energy to get up in the morning, that I would rather sleep than have to deal with my life? How do I explain that I am in pain and it is not just in my head as he and doctors think? How do I explain after another fucking fight about him doing everything and that I don't do anything around the house because I don't have the energy? How do I explain that I'm not just a lazy piece of shit when I look like I am just a lazy piece of shit? How do I explain that work is too exhausting so I call in when I'm ""not actually sick"". How do I explain that I drink because i just want to feel a little bit fucking of endorphins and shut out the pain? How do I explain that I am just fucking exhausted and just fucking can't. I just fucking can't.","[1, 1]","{'depressive_disorder', 'anxiety_disorder'}","How do I get my boyfriend to understand. He knows I have depression and anxiety and BPD and lately pelvic pain to which I am having surgery. I can barely get out of bed and he bitches about me sleeping too much. How do I explain that I have no reason or energy to get up in the morning, that I would rather sleep than have to deal with my life? How do I explain that I am in pain and it is not just in my head as he and doctors think? How do I explain after another fucking fight about him doing everything and that I dont do anything around the house because I dont have the energy? How do I explain that Im not just a lazy piece of shit when I look like I am just a lazy piece of shit? How do I explain that work is too exhausting so I call in when Im not actually sick. How do I explain that I drink because i just want to feel a little bit fucking of endorphins and shut out the pain? How do I explain that I am just fucking exhausted and just fucking cant. I just fucking cant.",Comorbid (Depression + Anxiety),{'anxiety':'yes'}
5ctwj8,How can i be helpful to a suicidal friend when my anxiety is rooted in death?,"Hello
 
 I have a friend who is going through a really dark time in his life right now, and has been reaching out to me. I'm so glad he is, honestly, because it means he is looking for help. The problem with that, though, is that I have so much anxiety around death and dying I start to get really, really anxious and freeze up. I understand it isn't my job to save him, and that if he gets to that point it isn't my fault, but I don't know how to keep myself from thinking that if he dies it will be on me. 
 
 He is getting professional help, but professionals can't be there at night when it gets bad. I don't know what to do, and I want to ask him to stop coming to me for help with this, but I don't want him to think I don't care, because he already feels alone.
 
 I'm really scared, and really anxious, and I really don't know what to do.","[0, 1]",{'anxiety_disorder'},"How can i be helpful to a suicidal friend when my anxiety is rooted in death. Hello I have a friend who is going through a really dark time in his life right now, and has been reaching out to me. Im so glad he is, honestly, because it means he is looking for help. The problem with that, though, is that I have so much anxiety around death and dying I start to get really, really anxious and freeze up. I understand it isnt my job to save him, and that if he gets to that point it isnt my fault, but I dont know how to keep myself from thinking that if he dies it will be on me. He is getting professional help, but professionals cant be there at night when it gets bad. I dont know what to do, and I want to ask him to stop coming to me for help with this, but I dont want him to think I dont care, because he already feels alone. Im really scared, and really anxious, and I really dont know what to do.",Anxiety,{'anxiety':'yes'}
biciqq,Everything seems to be going alright and I'm terrified of it,"Hello again.
 
 I've depressed for the majority of my life. I guess it started when I was around 11/12. I'm 21 one, so for the longest time I lived with it. It was such a huge part of my life, that I imagined my future as ""still being unemployed or working a terrible job I hate that gives 0 money, gf left me etc."" I had this really bad future in my head for almost all the time and in the past few weeks a lot of things changed.
 
 For instance, I managed to put a foot into the newspaper industry. Just a short internship, but I already had an interview with the boss and everything seems like I'd get the job. It's fun, I like the colleagues, it pays good. Sure it's a lot of work, but I'm genuinely interested. For my entire life we've been poor, never had enough money. And now? It seems like there might be a chance to get out of it! It seems like my entire future might change, from me being able to move together with my gf, to finally having some money. And I'm so terrified of it. My brain feels like it's been deep fried, I can't handle all this ""everything will probably be ok""! And I know I should be happy about it... But I just can't. I have the urge to ruin it again, just so I can fulfill my dumb ass views on my future. No, I know I won't say no to the job offer IF I get it, but otherwise... Everything seems so damn scary to me. I get a lot of panic attacks lately about it. Dunno. Has anyone ever felt that? What did you do to cope with it?","[1, 1]","{'depressive_disorder', 'anxiety_disorder'}","Everything seems to be going alright and Im terrified of it. Hello again. Ive depressed for the majority of my life. I guess it started when I was around 1112. Im 21 one, so for the longest time I lived with it. It was such a huge part of my life, that I imagined my future as still being unemployed or working a terrible job I hate that gives 0 money, gf left me etc. I had this really bad future in my head for almost all the time and in the past few weeks a lot of things changed. For instance, I managed to put a foot into the newspaper industry. Just a short internship, but I already had an interview with the boss and everything seems like Id get the job. Its fun, I like the colleagues, it pays good. Sure its a lot of work, but Im genuinely interested. For my entire life weve been poor, never had enough money. And now? It seems like there might be a chance to get out of it! It seems like my entire future might change, from me being able to move together with my gf, to finally having some money. And Im so terrified of it. My brain feels like its been deep fried, I cant handle all this everything will probably be ok! And I know I should be happy about it. But I just cant. I have the urge to ruin it again, just so I can fulfill my dumb ass views on my future. No, I know I wont say no to the job offer IF I get it, but otherwise. Everything seems so damn scary to me. I get a lot of panic attacks lately about it. Dunno. Has anyone ever felt that? What did you do to cope with it?",Comorbid (Depression + Anxiety),"{""anxiety"":""yes""}"
fpbcyw,Self harm is the only thing I can do,"Hello everyone,
 
 Sorry, some background story......I spent the past 6 years without any friends or even acquaintances. I tried psychotherapy, CBT, counselling and meds are the only thing that's been helping.
 
 I did so bad at uni and couldn't graduate and I've been unemployed since then. Now that I've been having sessions with my counsellor and psychiatrist, I feel like I'm not helping myself recover. Instead, I feel like I'm doing these things to justify me waiting for the day I kill myself....because that's the only way and there's no other way. I don't belong here.
 
 Cutting worked when my depression wasn't so bad in school, although it helped for a short period of time, it helped me get up and do other things like watching TV shows, go for a walk etc......Now I do it because nothing helps. I have no interest in anything, my counsellor told me that she couldn't see me forever, my psychiatrist told me to do a MRI and other expensive treatments at other clinics because meds don't help much. I feel like they're giving up on me.
 
 Now I cut because there's nothing else I can do. I feel like I'm obligated to do it and I think it's the right thing to see myself being punished, watching myself bleed but it doesn't really make me feel less depressed anymore. I feel like if I didn't cut, I'd be doing the wrong thing and be ashamed of myself because that's the only thing I do that's not a mistake. I've been looking for other ways to self harm and make myself feel better because I'm desperate
 
 Sorry for the long thread, I can't filter out the gibberish in that text.","[1, 0]",{'depressive_disorder'},"Self harm is the only thing I can do. Hello everyone, Sorry, some background story.I spent the past 6 years without any friends or even acquaintances. I tried psychotherapy, CBT, counselling and meds are the only thing thats been helping. I did so bad at uni and couldnt graduate and Ive been unemployed since then. Now that Ive been having sessions with my counsellor and psychiatrist, I feel like Im not helping myself recover. Instead, I feel like Im doing these things to justify me waiting for the day I kill myself.because thats the only way and theres no other way. I dont belong here. Cutting worked when my depression wasnt so bad in school, although it helped for a short period of time, it helped me get up and do other things like watching TV shows, go for a walk etc.Now I do it because nothing helps. I have no interest in anything, my counsellor told me that she couldnt see me forever, my psychiatrist told me to do a MRI and other expensive treatments at other clinics because meds dont help much. I feel like theyre giving up on me. Now I cut because theres nothing else I can do. I feel like Im obligated to do it and I think its the right thing to see myself being punished, watching myself bleed but it doesnt really make me feel less depressed anymore. I feel like if I didnt cut, Id be doing the wrong thing and be ashamed of myself because thats the only thing I do thats not a mistake. Ive been looking for other ways to self harm and make myself feel better because Im desperate Sorry for the long thread, I cant filter out the gibberish in that text.",Depression,{'anxiety':'no'}
4folzf,Taking my first step,"Hello everyone. I'm new to this sub and in truth new to depression in general. I can't even begin to get an idea of how long I have had this disease, what life was like before it or what happiness truly is. I had an incredibly rough weekend that completely depleted my already low reserves of physical mental and emotional energy. Monday evening I was sitting down with my ex just hanging out and everything I had bottled up inside decided it had enough and wanted to come out. I broke down emotionally and spoke my mind, about how I felt, where I feel I am, and how life just feels pointless and existence alone is enough to get me by. After over an hour of talking i came to the realization that something was wrong and that I had a problem. We spoke for a little while longer and she did everything she could to help me feel better. I decided that night that enough was enough and I wanted to make a change. So the next day I went to a local psychiatric walk in clinic and spoke with a therapist. I can honestly say that after only an hour even though I knew things were not 100% better that I had taken a small weight off my shoulders. I'm going to keep pushing forward and fight this disease and my first steps are recurring visits with therapists and a psychiatrist and a partial program through a local hospital. After yesterday I know I'm not alone and that even though it will be a hard fought battle depression is something I can beat. I'm truly tired of not giving a shit and today I make my first steps toward changing that.","[1, 0]",{'depressive_disorder'},"Taking my first step. Hello everyone. Im new to this sub and in truth new to depression in general. I cant even begin to get an idea of how long I have had this disease, what life was like before it or what happiness truly is. I had an incredibly rough weekend that completely depleted my already low reserves of physical mental and emotional energy. Monday evening I was sitting down with my ex just hanging out and everything I had bottled up inside decided it had enough and wanted to come out. I broke down emotionally and spoke my mind, about how I felt, where I feel I am, and how life just feels pointless and existence alone is enough to get me by. After over an hour of talking i came to the realization that something was wrong and that I had a problem. We spoke for a little while longer and she did everything she could to help me feel better. I decided that night that enough was enough and I wanted to make a change. So the next day I went to a local psychiatric walk in clinic and spoke with a therapist. I can honestly say that after only an hour even though I knew things were not 100 better that I had taken a small weight off my shoulders. Im going to keep pushing forward and fight this disease and my first steps are recurring visits with therapists and a psychiatrist and a partial program through a local hospital. After yesterday I know Im not alone and that even though it will be a hard fought battle depression is something I can beat. Im truly tired of not giving a shit and today I make my first steps toward changing that.",Depression,{'anxiety':'no'}
4sk386,quitting work due to depression,"Hello,
 
 I have been diagnosed with depression and anxiety last year. My psychiatrist and I are teetering between mixed biploar and severe depression. I have been on medication for the year which include mood stabilizers, antidepressants and anxiety medication. Before last month I would have a panic attack everyday and bawl everyday before going to work. Last month the doctor prescribed me a new antidepressant to co work with my original antidepressant. It worked for about three weeks but the past three days I've been in bed, not wanting to get up, crying, not wanting to shower and not wanting to go to work. 
 
 I emailed my employers the truth of what I've been going through since I took the last two days off of work, but I feel I might be fired. I want to take a leave of absence and work on myself. Maybe check in somewhere, but I need money for my bills. Has anyone ever been through this? Not working because you are severely depressed? Do I take a leave of absence for work or do I just quit? Since we do not have FMLA at work they probably won't take me back. Do I file for disability? I heard that takes about six months to kick in. 
 
 I have an appointment tomorrow with my doctor to discuss these options but having advice now would put my mind at ease. 
 
 Thank you in advance","[1, 1]","{'depressive_disorder', 'anxiety_disorder'}","quitting work due to depression. Hello, I have been diagnosed with depression and anxiety last year. My psychiatrist and I are teetering between mixed biploar and severe depression. I have been on medication for the year which include mood stabilizers, antidepressants and anxiety medication. Before last month I would have a panic attack everyday and bawl everyday before going to work. Last month the doctor prescribed me a new antidepressant to co work with my original antidepressant. It worked for about three weeks but the past three days Ive been in bed, not wanting to get up, crying, not wanting to shower and not wanting to go to work. I emailed my employers the truth of what Ive been going through since I took the last two days off of work, but I feel I might be fired. I want to take a leave of absence and work on myself. Maybe check in somewhere, but I need money for my bills. Has anyone ever been through this? Not working because you are severely depressed? Do I take a leave of absence for work or do I just quit? Since we do not have FMLA at work they probably wont take me back. Do I file for disability? I heard that takes about six months to kick in. I have an appointment tomorrow with my doctor to discuss these options but having advice now would put my mind at ease. Thank you in advance",Comorbid (Depression + Anxiety),"{""anxiety"": ""yes""}"
f8w9w2,"My theory on why we ""can't"" achieve happiness","Hello,
 
 I have been thinking a lot lately. Reflecting on mental illness, my own and how it affects me, and my need to feel happiness (as someone with depression this truly is an obsessive feeling) and rather society's ""desire"" for happiness. 
 
 Those that struggle to feel happy, we often wonder why it's so difficult to achieve? We try to scourge the internet for podcasts, books, mantras, etc on how to achieve lifelong happiness. And you know, in my mind, I've come to what I believe to be a healthy realization:
 
 Happiness is a feeling, a state of mind. Just like anger, sadness, loneliness, irritability, jealousy etc. 
 
 I feel like the reason why happiness is so ""out of our reach"" is because we keep trying to focus and obsess over reaching ""a point"" of happiness when it's an emotion like the rest.
 
 I was SO focused on being happy and doing everything I could to be happy, that I neglect other emotions that are just as healthy to feel and need to be felt. Sure, someone can be happy often, but it's not a permanent state of mind. That's impossible, people feel anger and irritability or loneliness if even just a little bit. 
 
 I think my obsession on trying to do everything I can to be happy has completely clouded my judgement on the fact that that's not possible. I am setting myself up for disappointment and failure if I am to expect myself to be happy 24/7. That's just not sustainable. And realizing this has actually made me feel a lot better about being in a distressed state of mind every now and then. 
 
 I'm curious what others think? I hope this was clear, I sometimes have a hard time really explaining what I am trying to say.","[1, 0]",{'depressive_disorder'},"My theory on why we cant achieve happiness. Hello, I have been thinking a lot lately. Reflecting on mental illness, my own and how it affects me, and my need to feel happiness as someone with depression this truly is an obsessive feeling and rather societys desire for happiness. Those that struggle to feel happy, we often wonder why its so difficult to achieve? We try to scourge the internet for podcasts, books, mantras, etc on how to achieve lifelong happiness. And you know, in my mind, Ive come to what I believe to be a healthy realization Happiness is a feeling, a state of mind. Just like anger, sadness, loneliness, irritability, jealousy etc. I feel like the reason why happiness is so out of our reach is because we keep trying to focus and obsess over reaching a point of happiness when its an emotion like the rest. I was SO focused on being happy and doing everything I could to be happy, that I neglect other emotions that are just as healthy to feel and need to be felt. Sure, someone can be happy often, but its not a permanent state of mind. Thats impossible, people feel anger and irritability or loneliness if even just a little bit. I think my obsession on trying to do everything I can to be happy has completely clouded my judgement on the fact that thats not possible. I am setting myself up for disappointment and failure if I am to expect myself to be happy 247. Thats just not sustainable. And realizing this has actually made me feel a lot better about being in a distressed state of mind every now and then. Im curious what others think? I hope this was clear, I sometimes have a hard time really explaining what I am trying to say.",Depression,"{""anxiety"": ""no""}"
6vrhni,Disability in Canada?,"Hello,
 
 I'm not really sure if this is the right place to ask this or not, but I'm running out of ideas on how to keep going. I'm 27, and have had diagnosed clinical depression and anxiety for nearly 20 years. I am currently unemployed and have great trouble keeping a job due to my anxiety and depression. I am largely dependent on my wife for any semblance of security, though I do keep trying to work to get the bills paid up. That said, those jobs do not last, as I inevitably become ill from stress and my nerves. More than three days in a row is just too much for me, and that's not good to employers. Nobody wants to hire someone with mental illness that causes a guy to get sick from stress or fear so easily.
 
 I am in Nova Scotia, and am trying to find how I go about applying for disability or if I am even able to do so. My wife is university educated and earns around 2k/month. Student loans, car payments and other regular bills eat most of that (plus the added expense that is myself). I listed that info because I feel like it would be relevant.
 
 I hope someone will be able to help me here, as I don't know what else to really do. I'm applying like a motherfucker and I work where I'm able, but people just do not want to hire me. The bills still need to be paid, and I can't keep a job for shit due to my mental health.","[1, 1]","{'depressive_disorder', 'anxiety_disorder'}","Disability in Canada. Hello, Im not really sure if this is the right place to ask this or not, but Im running out of ideas on how to keep going. Im 27, and have had diagnosed clinical depression and anxiety for nearly 20 years. I am currently unemployed and have great trouble keeping a job due to my anxiety and depression. I am largely dependent on my wife for any semblance of security, though I do keep trying to work to get the bills paid up. That said, those jobs do not last, as I inevitably become ill from stress and my nerves. More than three days in a row is just too much for me, and thats not good to employers. Nobody wants to hire someone with mental illness that causes a guy to get sick from stress or fear so easily. I am in Nova Scotia, and am trying to find how I go about applying for disability or if I am even able to do so. My wife is university educated and earns around 2kmonth. Student loans, car payments and other regular bills eat most of that plus the added expense that is myself. I listed that info because I feel like it would be relevant. I hope someone will be able to help me here, as I dont know what else to really do. Im applying like a motherfucker and I work where Im able, but people just do not want to hire me. The bills still need to be paid, and I cant keep a job for shit due to my mental health.",Comorbid (Depression + Anxiety),"{""anxiety"": ""yes""}"
7rj961,I'm way more fucked than I thought I was,"Hello! 
 As per my last post, pretty much self diagnosed realised I probably have binge eating disorder. Ever since I was 12 I've had a super huge issue with over eating, mostly like insane consumption of like two blocks of chocolate or a lot of McDonald's etc. I use it to cope with my anxiety and my general life being a nightmare... 
 Narcissistic parents, narcissistic sister (our relationship is so bad and she's super healthy and fit so my parents constantly compare me to her and belittle me), boyfriend who has issues of his own but realises I have issues eating but just gets angry and passive aggressively yells at me over it rather than trying to help in any constructive way?????, my best friend moved across the country, I'm stressed in a shitty low wage job, I'm in debt, I have lupus and it sometimes makes me disabled, I have thyroid issues, I have depression, I've had anxiety from the moment I had my own thoughts (any mental health issues weren't ever dealt with or treated by my parents - just ignored), I fell off a third story building and that was my huge realisation I really didn't have any care for my own life, I have an overwhelming disdane or like lack of motivation for life.... It's just been bad for over 3 years like jesus
 
 Welcome to my life. Ha.","[1, 1]","{'depressive_disorder', 'anxiety_disorder'}","Im way more fucked than I thought I was. Hello! As per my last post, pretty much self diagnosed realised I probably have binge eating disorder. Ever since I was 12 Ive had a super huge issue with over eating, mostly like insane consumption of like two blocks of chocolate or a lot of McDonalds etc. I use it to cope with my anxiety and my general life being a nightmare. Narcissistic parents, narcissistic sister our relationship is so bad and shes super healthy and fit so my parents constantly compare me to her and belittle me, boyfriend who has issues of his own but realises I have issues eating but just gets angry and passive aggressively yells at me over it rather than trying to help in any constructive way?, my best friend moved across the country, Im stressed in a shitty low wage job, Im in debt, I have lupus and it sometimes makes me disabled, I have thyroid issues, I have depression, Ive had anxiety from the moment I had my own thoughts any mental health issues werent ever dealt with or treated by my parents just ignored, I fell off a third story building and that was my huge realisation I really didnt have any care for my own life, I have an overwhelming disdane or like lack of motivation for life. Its just been bad for over 3 years like jesus Welcome to my life. Ha.",Comorbid (Depression + Anxiety),"{""anxiety"":""yes""}"
4cql8i,How do you manage when you feel yourself getting dragged down again?,"Hello. I'm sorry for blabbering here but I have no where to vent this. I'm so angry, frustrated, and bitter today because I feel like I just keep falling on my face when it comes to getting better. 
 
 I was diagnosed 4 years ago with major depressive disorder with psychosis. Moved to a new city 8 months ago, made major lifestyle changes- ate less junk food, started working out, spent time outside more. Got a job I actually enjoy. All these things have helped me make leaps and bounds in pulling myself out of that pit. 
 
 In the last 4 weeks I've noticed my mood starting to trickle downwards. No interest in my hobbies, desire to self-harm, increase in my liquor consumption, hearing more angry voices than usual, starting to think I might actually be a robot instead of a human, crying for no reason, and paranoia that everyone is out to trick/hurt/kill me. My usual distractions aren't working (cleaning, running, hot baths, working out). I don't know what to do. I have debt to pay off, my life was becoming partly tolerable, now I feel like I'm slipping back. I'm terrified, every time I swing back it is so much worse than the last, and if the lifestyle change didn't help then maybe I am totally fucked. 
 
 I guess I'm just wondering how to cope today, and get back a tiny glimmer of hope that I won't feel like this forever.","[1, 1]","{'depressive_disorder', 'anxiety_disorder'}","How do you manage when you feel yourself getting dragged down again. Hello. Im sorry for blabbering here but I have no where to vent this. Im so angry, frustrated, and bitter today because I feel like I just keep falling on my face when it comes to getting better. I was diagnosed 4 years ago with major depressive disorder with psychosis. Moved to a new city 8 months ago, made major lifestyle changes ate less junk food, started working out, spent time outside more. Got a job I actually enjoy. All these things have helped me make leaps and bounds in pulling myself out of that pit. In the last 4 weeks Ive noticed my mood starting to trickle downwards. No interest in my hobbies, desire to selfharm, increase in my liquor consumption, hearing more angry voices than usual, starting to think I might actually be a robot instead of a human, crying for no reason, and paranoia that everyone is out to trickhurtkill me. My usual distractions arent working cleaning, running, hot baths, working out. I dont know what to do. I have debt to pay off, my life was becoming partly tolerable, now I feel like Im slipping back. Im terrified, every time I swing back it is so much worse than the last, and if the lifestyle change didnt help then maybe I am totally fucked. I guess Im just wondering how to cope today, and get back a tiny glimmer of hope that I wont feel like this forever.",Comorbid (Depression + Anxiety),{'anxiety':'no'}
990kp3,Antidepressants: Your Thoughts? + Ramblings,"Hey all,
 
 What are your experiences with antidepressants? When should one consider them?
 
 I was diagnosed with major depressive disorder when I was 11. The doctor wanted to put me on medicine then, but my mom refused, probably for good reason. Now I am 22, and it is returning.
 
 Around 6 months ago, I stopped going to the gym, started overeating again, and generally began disliking the company of others. I am finally starting to work out again, after losing 60 pounds last year, and gaining 30 back this year.
 
 If I have free reign for a couple of days, I can sleep for a legitimate 36 hours. Sour moods are rampant in my mind, although I know how inportant it is to put a strap on negative thoughts. I try to be positive...look up...be active... But this isn't normal.
 
 Is depression a symptom of the times we are in? What are your thoughts on antidepressants? And what are the long term effects of antidepressants?
 
 [I am a generally happy person. Relatively successful for my age, and looked up to by many. But none of this matters right now. I hate this feeling. For a decade, I thought I was immune to depression, until it returned. I want to be happy. I hate this so much. And I hate this society we are subjected to.]
 
 I know what makes me happy. Art. Writing. Owning my own business. But this feeling just crushes me. And it never leaves me.","[1, 0]",{'depressive_disorder'},"Antidepressants Your Thoughts? + Ramblings. Hey all, What are your experiences with antidepressants? When should one consider them? I was diagnosed with major depressive disorder when I was 11. The doctor wanted to put me on medicine then, but my mom refused, probably for good reason. Now I am 22, and it is returning. Around 6 months ago, I stopped going to the gym, started overeating again, and generally began disliking the company of others. I am finally starting to work out again, after losing 60 pounds last year, and gaining 30 back this year. If I have free reign for a couple of days, I can sleep for a legitimate 36 hours. Sour moods are rampant in my mind, although I know how inportant it is to put a strap on negative thoughts. I try to be positive.look up.be active. But this isnt normal. Is depression a symptom of the times we are in? What are your thoughts on antidepressants? And what are the long term effects of antidepressants? I am a generally happy person. Relatively successful for my age, and looked up to by many. But none of this matters right now. I hate this feeling. For a decade, I thought I was immune to depression, until it returned. I want to be happy. I hate this so much. And I hate this society we are subjected to. I know what makes me happy. Art. Writing. Owning my own business. But this feeling just crushes me. And it never leaves me.",Depression,{'anxiety':'no'}
l4vzjo,"When in extreme emotional distress and powerlessness, cutting is the only thing that helps me through","Hey everyone, I'm not addicted to cutting, I can go months without it, but when I cut, I just can't describe what a heavenly numbness I feel...
 
 I've noticed that when I am extremely distressed, when I don't know if I'm going to explode or implode, when screaming and crying and breaking and substance abuse don't work, the only solution for me is to cut. 
 
 When I'm extremely depressed, lonely, empty and surrounded by the void, when there's no emotion (existential void, no one involved in the problem) I contemplate suicide. 
 
 When there's all the emotions, despair, powerlessness and mostly rage (often in a situation involving someone) and I feel like my hands are tied, I can't do ANYTHING but suffer without even understanding my emotions, I cut. 
 
 Today I cut myself aftera really bad breakdown, god, what a feeling. Maybe it's the fact that I don't do it regularly, maybe it's because it's the only thing preventing me from tearing my hair out, maybe a lot of things. 
 But that feeling of euphoria, the satisfying sight of blood, the transformation of internal ineffable suffering to concrete physical pain and finally the sweet, right kind of numbness... it's priceless. 
 
 I was in a trance when I cut today. After the first 6 or seven cuts I just started laughing out loud and I got up to dance. I caught sight of myself in the mirror laughing through my tears, dancing with blood pouring down my legs and I looked absolutely, batshit crazy
 
 I don't understand it, do you have an explanation ? It's not just a matter of endorphins, the levels must not be that high isn't it ?","[1, 0]",{'depressive_disorder'},"When in extreme emotional distress and powerlessness, cutting is the only thing that helps me through. Hey everyone, Im not addicted to cutting, I can go months without it, but when I cut, I just cant describe what a heavenly numbness I feel. Ive noticed that when I am extremely distressed, when I dont know if Im going to explode or implode, when screaming and crying and breaking and substance abuse dont work, the only solution for me is to cut. When Im extremely depressed, lonely, empty and surrounded by the void, when theres no emotion existential void, no one involved in the problem I contemplate suicide. When theres all the emotions, despair, powerlessness and mostly rage often in a situation involving someone and I feel like my hands are tied, I cant do ANYTHING but suffer without even understanding my emotions, I cut. Today I cut myself aftera really bad breakdown, god, what a feeling. Maybe its the fact that I dont do it regularly, maybe its because its the only thing preventing me from tearing my hair out, maybe a lot of things. But that feeling of euphoria, the satisfying sight of blood, the transformation of internal ineffable suffering to concrete physical pain and finally the sweet, right kind of numbness. its priceless. I was in a trance when I cut today. After the first 6 or seven cuts I just started laughing out loud and I got up to dance. I caught sight of myself in the mirror laughing through my tears, dancing with blood pouring down my legs and I looked absolutely, batshit crazy I dont understand it, do you have an explanation ? Its not just a matter of endorphins, the levels must not be that high isnt it ?",Depression,"{""anxiety"":""no""}"
ekp4qu,300mg of Wellbutrin worsening depression,"Hey guys so about 10 days ago I upped from 150mg to 300mg of wellbutrin once daily in the morning.
 
 On 150mg I didn˜t feel any effects.
 Now on 300mg it seems like my concentration might be slightly better. 
 
 But now after 10 days I often get that enorm rushes of nervous and stressful kind of hurtful depression. 
 
 That˜s especially the case when I˜m alone or when I˜m not stimulated by any stimuli. As I have social anxiety, people around me kind of stimulate me. Maybe that˜s the reason why I˜m not getting depressed when people or friends are around me. Or it˜s just the typical effect of distraction.
 
 To my question: What would you say out of your experience? Is it normal to feel those side effects beginning the higher dose of 300mg wellbutrin? Is it a sign that the dosage might be too high, that I should stop, that the medicament is not the right one for me? 
 
 The depressive phases are very bad. I˜m in Europe, here its 6 am right now, and I just woke up at 5 with bad symptoms of depression and future anxiety.
 
 Thank you for your attention!","[1, 1]","{'depressive_disorder', 'anxiety_disorder'}","300mg of Wellbutrin worsening depression. Hey guys so about 10 days ago I upped from 150mg to 300mg of wellbutrin once daily in the morning. On 150mg I didnt feel any effects. Now on 300mg it seems like my concentration might be slightly better. But now after 10 days I often get that enorm rushes of nervous and stressful kind of hurtful depression. Thats especially the case when Im alone or when Im not stimulated by any stimuli. As I have social anxiety, people around me kind of stimulate me. Maybe thats the reason why Im not getting depressed when people or friends are around me. Or its just the typical effect of distraction. To my question What would you say out of your experience? Is it normal to feel those side effects beginning the higher dose of 300mg wellbutrin? Is it a sign that the dosage might be too high, that I should stop, that the medicament is not the right one for me? The depressive phases are very bad. Im in Europe, here its 6 am right now, and I just woke up at 5 with bad symptoms of depression and future anxiety. Thank you for your attention!",Comorbid (Depression + Anxiety),"{""anxiety"":""yes""}"
4njem9,Comfort Zone - Anxiety and Suicide Ideation,"Hey guys,
 
 I'm 24 years of old, living in Brazil, I'm still living with my parents. It all started 3 years ago, when I was 21 and was trying my first attempt at to go to college,I went the first day and start feeling tachycardia and severe sweating. I was diagnosed with panic disorder, depression and social anxiety. Started with meds. 
 In 2013 I did a course on Logistics it was my first attempt out of my comfort zone and it went well... It was a good time for me, but around this time I started cutting, and others forms of self harm.
 Since August 2014 when the Logistics course ended I have done literally nothing. I've tried several times get out of my comfort zone and start college again... but I just can't. 
 When I feel that things starts to move along,and I get the feeling that my life is going on the right track. I go back. I am taken over by fear, anxiety, depression and Suicide Ideation. I wonder what the heck am I doing here? What are the prospects of my life? Will I forever be the son that rely on the parents for everything? Will I never be able to really live? People think I'm not making the necessary efforts, that makes me sad. I think death would be better, at least I wouldn't have to deal with all this doubts and anxiety that I'm in.
 
 Why it's so hard to get out of our comfort zones?
 Even if we do I don't know how to keep doing it. I don't see the point. 
 
 I would like to say sorry if anything is misspelled, I am not a native speaker. And also sorry for the long post.
 
 Andre.","[1, 1]","{'depressive_disorder', 'anxiety_disorder'}","Comfort Zone Anxiety and Suicide Ideation. Hey guys, Im 24 years of old, living in Brazil, Im still living with my parents. It all started 3 years ago, when I was 21 and was trying my first attempt at to go to college,I went the first day and start feeling tachycardia and severe sweating. I was diagnosed with panic disorder, depression and social anxiety. Started with meds. In 2013 I did a course on Logistics it was my first attempt out of my comfort zone and it went well. It was a good time for me, but around this time I started cutting, and others forms of self harm. Since August 2014 when the Logistics course ended I have done literally nothing. Ive tried several times get out of my comfort zone and start college again. but I just cant. When I feel that things starts to move along,and I get the feeling that my life is going on the right track. I go back. I am taken over by fear, anxiety, depression and Suicide Ideation. I wonder what the heck am I doing here? What are the prospects of my life? Will I forever be the son that rely on the parents for everything? Will I never be able to really live? People think Im not making the necessary efforts, that makes me sad. I think death would be better, at least I wouldnt have to deal with all this doubts and anxiety that Im in. Why its so hard to get out of our comfort zones? Even if we do I dont know how to keep doing it. I dont see the point. I would like to say sorry if anything is misspelled, I am not a native speaker. And also sorry for the long post. Andre.",Comorbid (Depression + Anxiety),"{""anxiety"":""yes""}"
gutvek,How much do you guys smoke (tobacco),"Hey guys, I don't know where else to put this thread as in r/cigarettes you have to add a link, r/tobacco has only 30k followers and r/smoking is about smoking food haha. So I smoked for one month right now regularly (self rolled cigarettes). I used 3x30mg packs of tobacco in that time. I know there are people who smoke a lot more like a big pack of cigarettes a day. Some days it seemed for me like I lighted every 30 minutes a cigarette due to heavy study and learning sessions for my psychology degree at university.
 
 Some days ago I started getting bad effects like complete loss of appetite, I didn't eat more than 1000 calories a day and didn't drink enough water as it just tasted bad and was really hard to swallow. Now I still have these issues, bad physical condition and endurance and some acid reflux in my neck, breast and stomach. I quit my last 30g pack and now I want to stop as I never liked smoking that much at all, it just was nice for making a break from studying and having some time free to think and be with myself on my balcony.
 
 How much and often do you guys smoke? Anybody who smokes like every 30 minutes? A pack a day? Two packs? A 30g pack a day? I would be very interested in reading about your experiences. I also have the negative thoughts of fucking up my lung too hard and maybe developped cancer. I hope not and I know it's a lot psychological thoughts connected to the physiological side effects that occured and I still am effected from. What's your opinion?
 
 Love you guys and wish you all the best! Stay healthy.","[0, 0]",{'control_group'},"How much do you guys smoke tobacco. Hey guys, I dont know where else to put this thread as in rcigarettes you have to add a link, rtobacco has only 30k followers and rsmoking is about smoking food haha. So I smoked for one month right now regularly self rolled cigarettes. I used 3x30mg packs of tobacco in that time. I know there are people who smoke a lot more like a big pack of cigarettes a day. Some days it seemed for me like I lighted every 30 minutes a cigarette due to heavy study and learning sessions for my psychology degree at university. Some days ago I started getting bad effects like complete loss of appetite, I didnt eat more than 1000 calories a day and didnt drink enough water as it just tasted bad and was really hard to swallow. Now I still have these issues, bad physical condition and endurance and some acid reflux in my neck, breast and stomach. I quit my last 30g pack and now I want to stop as I never liked smoking that much at all, it just was nice for making a break from studying and having some time free to think and be with myself on my balcony. How much and often do you guys smoke? Anybody who smokes like every 30 minutes? A pack a day? Two packs? A 30g pack a day? I would be very interested in reading about your experiences. I also have the negative thoughts of fucking up my lung too hard and maybe developped cancer. I hope not and I know its a lot psychological thoughts connected to the physiological side effects that occured and I still am effected from. Whats your opinion? Love you guys and wish you all the best! Stay healthy.",Normal,"{""anxiety"": ""no""}"
54f1e2,Pristiq? *sorry this is a long ramble*,"Hey guys, I was diagnosed with depression when I was 18. We have a history of serious depression and mania in my family. Dad is severely depressed, mum is bipolar. 
 I took escitalopram for four years and I was fine. Then all of a sudden amongst emotional trauma it stopped being effective? Suicidal thoughts came back etc. I tried to ride it out but ended up in hospital. 
 
 So my doctor recommended Pristiq (desvenlafaxine), I'm on the highest dose and it does nothing except stop me from feeling so hopeless I constantly cry. I am fed up with taking pills, especially because I have lupus so it's like a handful of pills is how I have to live my life. 
 
 Basically the doctor thought I could be bipolar because my strong antidepressant isn't working? 
 I also have pretty bad social anxiety that ive never dealt with and just work around. 
 
 Basically Sorry for the long post but does anyone have any stories of their own or personal opinions? 
 Feeling really hopeless about it all and my family are the main trigger for a lot so I'm independent. But this leaves me with no money for psychiatrists and I've fallen into the gap of the public health system where my referral for care has disappeared. 
 
 Thoughts? :(","[1, 0]",{'depressive_disorder'},"Pristiq? sorry this is a long ramble. Hey guys, I was diagnosed with depression when I was 18. We have a history of serious depression and mania in my family. Dad is severely depressed, mum is bipolar. I took escitalopram for four years and I was fine. Then all of a sudden amongst emotional trauma it stopped being effective? Suicidal thoughts came back etc. I tried to ride it out but ended up in hospital. So my doctor recommended Pristiq desvenlafaxine, Im on the highest dose and it does nothing except stop me from feeling so hopeless I constantly cry. I am fed up with taking pills, especially because I have lupus so its like a handful of pills is how I have to live my life. Basically the doctor thought I could be bipolar because my strong antidepressant isnt working? I also have pretty bad social anxiety that ive never dealt with and just work around. Basically Sorry for the long post but does anyone have any stories of their own or personal opinions? Feeling really hopeless about it all and my family are the main trigger for a lot so Im independent. But this leaves me with no money for psychiatrists and Ive fallen into the gap of the public health system where my referral for care has disappeared. Thoughts?",Depression,{'anxiety':'yes'}
bcjvv6,I've gained 51 lbs in the past 3-4 years because of my depression (+anxiety),"Hey guys!
 
 (Throwaway account, woo!)
 
 I've been suffering from pretty severe depression since I was around 13 years old. I always knew I was depressed, but getting diagnosed with anxiety changed my outlook on things and I figured it was just my anxiety making me feel the way I feel. Flash forwards to October of this year when I got diagnosed with severe depression, I can 100% say this weight gain stems from it.
 
 I quit dance three years back and since then the weight has been steadily piling on.
 
 But now, as I've just gotten home from school I've been faced with a bigger slap in the face then I've experienced in the past 8 months. I decided to weigh myself, remembering in August how my weight was around 160 lbs. I weighed in at 174.5 lbs, meaning I've had over a ten pound weight gain in 8 months. I'm only 5'3"" and I feel absolutely disgusting about myself. I know I've been eating a lot lately but I didn't think it was this bad. How could I let myself get so out of control? I don't even know where to begin. I've tried to control my eating habits but I always end up binging again. I feel disgusting and unattractive and I'm beginning to panic. I do NOT want to be this big. Has anyone else felt this way lately? I could just use some words of encouragement, I don't know.","[1, 1]","{'depressive_disorder', 'anxiety_disorder'}","Ive gained 51 lbs in the past 34 years because of my depression +anxiety. Hey guys! Throwaway account, woo! Ive been suffering from pretty severe depression since I was around 13 years old. I always knew I was depressed, but getting diagnosed with anxiety changed my outlook on things and I figured it was just my anxiety making me feel the way I feel. Flash forwards to October of this year when I got diagnosed with severe depression, I can 100 say this weight gain stems from it. I quit dance three years back and since then the weight has been steadily piling on. But now, as Ive just gotten home from school Ive been faced with a bigger slap in the face then Ive experienced in the past 8 months. I decided to weigh myself, remembering in August how my weight was around 160 lbs. I weighed in at 174.5 lbs, meaning Ive had over a ten pound weight gain in 8 months. Im only 53 and I feel absolutely disgusting about myself. I know Ive been eating a lot lately but I didnt think it was this bad. How could I let myself get so out of control? I dont even know where to begin. Ive tried to control my eating habits but I always end up binging again. I feel disgusting and unattractive and Im beginning to panic. I do NOT want to be this big. Has anyone else felt this way lately? I could just use some words of encouragement, I dont know.",Comorbid (Depression + Anxiety),{'anxiety':'yes'}
ho69tc,Unsuccessful,"Hey reddit, I was diagnosed with depression 1 year ago and its really sidelined my life. Im a junior in high school now and I shouldnt be worried about this, but I feel as if I havent done anything to feel proud of and every time I try it ends with failure. I fear that Ill never be as successful as my peers or even my brother (former Nationally ranked debate champion and current debate coach at my high school). All my peers have been successful in their personal and after school endeavors and Ive just been left behind. Friends (used loosely) have been getting into creative art schools, performing in national music associations, or even just being lucky enough to be in a relationship. Well I got kicked out of my high school band and weightlifting team, been making mediocre grades (despite my best efforts to the contrary), been ghosted 5 times by girls I was interested in, failed multiple musical auditions, have been slowly losing friends and getting into verbal fights with my parents. Im not a bad kid really its just Im irrationally angry at myself for not being good enough. I feel as if I havent progressed in life and have constantly been going in circles. I know I havent lived a full quarter of my life but I fear this is a precursor to what will happen to me in the future.","[1, 1]","{'depressive_disorder', 'anxiety_disorder'}","Unsuccessful. Hey reddit, I was diagnosed with depression 1 year ago and its really sidelined my life. Im a junior in high school now and I shouldnt be worried about this, but I feel as if I havent done anything to feel proud of and every time I try it ends with failure. I fear that Ill never be as successful as my peers or even my brother former Nationally ranked debate champion and current debate coach at my high school. All my peers have been successful in their personal and after school endeavors and Ive just been left behind. Friends used loosely have been getting into creative art schools, performing in national music associations, or even just being lucky enough to be in a relationship. Well I got kicked out of my high school band and weightlifting team, been making mediocre grades despite my best efforts to the contrary, been ghosted 5 times by girls I was interested in, failed multiple musical auditions, have been slowly losing friends and getting into verbal fights with my parents. Im not a bad kid really its just Im irrationally angry at myself for not being good enough. I feel as if I havent progressed in life and have constantly been going in circles. I know I havent lived a full quarter of my life but I fear this is a precursor to what will happen to me in the future.",Comorbid (Depression + Anxiety),{'anxiety':'no'}
6s9bvk,Every day is wasted,"Hi all, I've posted here long ago so here I am again.
 
 I'm a 26 year old college student living here on Columbus OH. I was diagnosed with depression little over a year ago. Where I'm at currently in life is working full time at a job I can barely stand but managed to have been at for years despite my efforts at job hunting and I have a few weeks prior to my classes starting again where I'll begin a phlebotomy program. 
 
 I've lived in Columbus since 2013, and although I do have a social circle, it's very small and we all have our own wonky schedules, so it's rare to find time to hang out with them. Other than that, I can't say I've made a new friend in about a year or more.
 
 I do fine when I socialize with people, but meeting new people and making new connections is something that's always been hard for me. Lately I've taken to websites like MeetUp and have taken a swing at online dating again, but so far the former has only got me about three occasions of hanging out with strangers and the latter has gone nowhere but maybe a few flatlined conversations.
 
 I'm really trying to get out or my comfort zone and try new things; I'm even considering learning how to dance for the first time ever. It hasn't gone anywhere either since then, though, and I've learned prior to the recent months that being bored and being alone almost always compound my depression into a barely manageable mess.
 
 I guess that's it for now, I'd appreciate any input.","[1, 1]","{'depressive_disorder', 'anxiety_disorder'}","Every day is wasted. Hi all, Ive posted here long ago so here I am again. Im a 26 year old college student living here on Columbus OH. I was diagnosed with depression little over a year ago. Where Im at currently in life is working full time at a job I can barely stand but managed to have been at for years despite my efforts at job hunting and I have a few weeks prior to my classes starting again where Ill begin a phlebotomy program. Ive lived in Columbus since 2013, and although I do have a social circle, its very small and we all have our own wonky schedules, so its rare to find time to hang out with them. Other than that, I cant say Ive made a new friend in about a year or more. I do fine when I socialize with people, but meeting new people and making new connections is something thats always been hard for me. Lately Ive taken to websites like MeetUp and have taken a swing at online dating again, but so far the former has only got me about three occasions of hanging out with strangers and the latter has gone nowhere but maybe a few flatlined conversations. Im really trying to get out or my comfort zone and try new things Im even considering learning how to dance for the first time ever. It hasnt gone anywhere either since then, though, and Ive learned prior to the recent months that being bored and being alone almost always compound my depression into a barely manageable mess. I guess thats it for now, Id appreciate any input.",Comorbid (Depression + Anxiety),{'anxiety':'no'}
hd4e1m,My therapist wants me to find a new hobby... Any suggestions?,"Hi everyone, 
 this is my first post and I'm not a native English speaker so sorry in advance for any indiscretions on my part. 
 I recently started meeting with a therapist in the private sector as the lines for the public health care was off-putting to say the least. I sought out help because I felt I was not able to ""manage"" my stress anymore but my therapist quickly informed me that there was a little more to it than ""not handling it well"". 
 
 
 I was diagnosed with GAD (generalized anxiety disorder) and depression. I'm not really okay with these news because I feel stressed out about the fact that I was diagnosed and sad to the point of almost grieving that it won't just work it self out. We, my therapist and I, are mainly working on my GAD but at our last meeting he emphasized the importance of me adressing my depression by finding a new hobby. I told him I've started to take up walks/jogging since I need the exercise but according to him I need to do something ""fun"" aswell. Something I enjoy. 
 
 
 Well, I don't feel like I'm in a good spot financially right now but that could also be my anxiety speaking since I do have some money saved up. I also don't feel like doing anything at all. I just feel exhausted and not up to anything. 
 
 
 **So Reddit, what activities would you recommend? Preferably something that doesn't cost money each time I'm doing it but I do have about 200 usd to spend if that can get me started somewhere.** 
 
 
 (Also, sorry in advance if I'm bad at replying. Very low energy right now but I promise that I will read every comment.)","[1, 1]","{'depressive_disorder', 'anxiety_disorder'}","My therapist wants me to find a new hobby. Any suggestions. Hi everyone, this is my first post and Im not a native English speaker so sorry in advance for any indiscretions on my part. I recently started meeting with a therapist in the private sector as the lines for the public health care was offputting to say the least. I sought out help because I felt I was not able to manage my stress anymore but my therapist quickly informed me that there was a little more to it than not handling it well. I was diagnosed with GAD generalized anxiety disorder and depression. Im not really okay with these news because I feel stressed out about the fact that I was diagnosed and sad to the point of almost grieving that it wont just work it self out. We, my therapist and I, are mainly working on my GAD but at our last meeting he emphasized the importance of me adressing my depression by finding a new hobby. I told him Ive started to take up walksjogging since I need the exercise but according to him I need to do something fun aswell. Something I enjoy. Well, I dont feel like Im in a good spot financially right now but that could also be my anxiety speaking since I do have some money saved up. I also dont feel like doing anything at all. I just feel exhausted and not up to anything. So Reddit, what activities would you recommend? Preferably something that doesnt cost money each time Im doing it but I do have about 200 usd to spend if that can get me started somewhere. Also, sorry in advance if Im bad at replying. Very low energy right now but I promise that I will read every comment.",Comorbid (Depression + Anxiety),"{""anxiety"": ""yes""}"
4sk68t,I need some advice for coping while providing for my family.,"Hi Reddit,
 
 I am afraid for my lively hood because I have been trying to cope for years and recently I hate my work. I know I shouldn't. I am paid decently but I work a good 70-80 hours a week. I wake up in the morning and instantly start crying and I know it makes my partner really upset, and it truly makes her sad for me but worried I'm going to quit my job out of some sort of rage one day. I have had this problem at most of my employment because I'm not having ""fun"" at work.. which I guess I do not have to, but if I spend that much of my day doing it.. being miserable while dealing with depression is a recipe for disaster.
 
 I am the only provider for my family right now, and this means i can't just quit and be poor. I would love a work from home design job or something similar so if I need to, I can take a mental break.
 
 I'm not sure where this was going but needed to ramble I guess.","[0, 0]",{'control_group'},"I need some advice for coping while providing for my family. Hi Reddit, I am afraid for my lively hood because I have been trying to cope for years and recently I hate my work. I know I shouldnt. I am paid decently but I work a good 7080 hours a week. I wake up in the morning and instantly start crying and I know it makes my partner really upset, and it truly makes her sad for me but worried Im going to quit my job out of some sort of rage one day. I have had this problem at most of my employment because Im not having fun at work. which I guess I do not have to, but if I spend that much of my day doing it. being miserable while dealing with depression is a recipe for disaster. I am the only provider for my family right now, and this means i cant just quit and be poor. I would love a work from home design job or something similar so if I need to, I can take a mental break. Im not sure where this was going but needed to ramble I guess.",Normal,"{""anxiety"":""yes""}"
8h68bk,Anxiety and physical tiredness,"Hi,
 
 Been suffering of anxiety for years. Lately I really have been trying to find my way out of it or at least learn how to live with it. 
 
 My main struggle at the moment is that even though mentally I feel I am doing better, the physical anxiety doesnt give up and I feel physically very tired.
 
 I feel that I cant breathe as well as I used to, sometimes even talking feels hard. Sitting up and moving around the house makes me tired! I could just sleep as much as I would like to. My chest feels tight and just feels like my lung capacity is not as good as it was.
 
 Being hypochondriac makes me fear all the serious medical conditions and it doesnt help. I am getting my heart checked at the moment with doctor and next I thought about this breathing issue.
 
 I have had this for long time so I dont think this is anything new. I can still run 5-10 kilometers 3 times a week with even pace etc. 
 
 But does anyone else feel that anxiety makes everything physically harder and feels like a constant weight all around your body that we are carrying? 
 
 Hate it when mind and body are separated...","[0, 0]",{'control_group'},"Anxiety and physical tiredness. Hi, Been suffering of anxiety for years. Lately I really have been trying to find my way out of it or at least learn how to live with it. My main struggle at the moment is that even though mentally I feel I am doing better, the physical anxiety doesnt give up and I feel physically very tired. I feel that I cant breathe as well as I used to, sometimes even talking feels hard. Sitting up and moving around the house makes me tired! I could just sleep as much as I would like to. My chest feels tight and just feels like my lung capacity is not as good as it was. Being hypochondriac makes me fear all the serious medical conditions and it doesnt help. I am getting my heart checked at the moment with doctor and next I thought about this breathing issue. I have had this for long time so I dont think this is anything new. I can still run 510 kilometers 3 times a week with even pace etc. But does anyone else feel that anxiety makes everything physically harder and feels like a constant weight all around your body that we are carrying? Hate it when mind and body are separated.",Normal,{'anxiety':'yes'}
8g7c7y,Meditating made me feel very weird??,"Hi,
 
 I have been meditating now for three days in a row with Headspace. Just 5 minutes a day to start with.
 
 Today I felt a bit hangoverish when I started after the May Day eve partying.
 
 While I was meditating I started to feel my anxiety. It felt really like my body weighted tons and I felt like my body was just crushing me under the weight. I kind of freaked out and started to feel almost like panic attack symptoms. And for some time after the meditating I had the same feeling where I was really conscious of the pressure I have.
 
 It was really scary and now I wonder if that was a good thing or bad thing. 
 
 Anyone else have these kind of experiences?
 
 Also maybe i am starting to get connected on something that is the root cause of anxiety, a depressed feeling or something. But not sure if I should keep on approaching that cause it was really scary.","[0, 0]",{'control_group'},"Meditating made me feel very weird. Hi, I have been meditating now for three days in a row with Headspace. Just 5 minutes a day to start with. Today I felt a bit hangoverish when I started after the May Day eve partying. While I was meditating I started to feel my anxiety. It felt really like my body weighted tons and I felt like my body was just crushing me under the weight. I kind of freaked out and started to feel almost like panic attack symptoms. And for some time after the meditating I had the same feeling where I was really conscious of the pressure I have. It was really scary and now I wonder if that was a good thing or bad thing. Anyone else have these kind of experiences? Also maybe i am starting to get connected on something that is the root cause of anxiety, a depressed feeling or something. But not sure if I should keep on approaching that cause it was really scary.",Normal,{'anxiety':'yes'}
g3zh7b,Depression recovery,"Hi, 
 
 Background:
 
 I have been diagnosed with clinical depression 2yrs ago. I was prescribed antidepressants as a course of treatment. I didn't have cognitive behavioral therapy sessions as it's my psychiatrist decision. 
 I, however, had appointments every two weeks or so with them to monitor my condition. I could also contact them outside the normal appointment dates if something arises. 
 I was improving despite some falls here and there and I was feeling much better. Eventually and gradually I was taken off the medications and that was that. 
 
 Fast forward to now: 
 
 Everything in my life is going great. I have beautiful loving family and things are great. However, I can't shake this feeling of emptiness in me. 
 There's nothing wrong I can put my finger on it.
 I know everyone have ups and downs and it's normal. 
 But, those feelings have been persistent for a while now. 
 At start, I kept trying to shake them off and try to have a more positive attitude and mentality. However as of lately, I feel like I'm struggling to keep that up. 
 Every night I lay in my bed at the end of the day I feel burdened. I feel I'm fooling everyone around me and putting on a facade by pretending to be fine. I feel guilty and I'm scared. I don't want to go back to where I was. It took me every ounce of power I have to recover I don't want to go back. I don't know what to do. 
 I don't want to tell my family because I don't want them to worry. I can't keep pretending to be ok. It's getting harder, and I feel helpless. 
 
 Thank you for your time and for any help or insight in advance. 
 
 Much love and appreciation","[1, 0]",{'depressive_disorder'},"Depression recovery. Hi, Background I have been diagnosed with clinical depression 2yrs ago. I was prescribed antidepressants as a course of treatment. I didnt have cognitive behavioral therapy sessions as its my psychiatrist decision. I, however, had appointments every two weeks or so with them to monitor my condition. I could also contact them outside the normal appointment dates if something arises. I was improving despite some falls here and there and I was feeling much better. Eventually and gradually I was taken off the medications and that was that. Fast forward to now Everything in my life is going great. I have beautiful loving family and things are great. However, I cant shake this feeling of emptiness in me. Theres nothing wrong I can put my finger on it. I know everyone have ups and downs and its normal. But, those feelings have been persistent for a while now. At start, I kept trying to shake them off and try to have a more positive attitude and mentality. However as of lately, I feel like Im struggling to keep that up. Every night I lay in my bed at the end of the day I feel burdened. I feel Im fooling everyone around me and putting on a facade by pretending to be fine. I feel guilty and Im scared. I dont want to go back to where I was. It took me every ounce of power I have to recover I dont want to go back. I dont know what to do. I dont want to tell my family because I dont want them to worry. I cant keep pretending to be ok. Its getting harder, and I feel helpless. Thank you for your time and for any help or insight in advance. Much love and appreciation",Depression,"{""anxiety"": ""no""}"
41lvm9,"Not sure why I feel like I should post, but here goes. Slowly recovering, feeling torn over meds.","Hi, all.
 
 I was diagnosed with anxiety and depression back in September 2015. The anxiety had escalated to crippling levels and everything would set it off- music, movies, being in public, socializing. So in order to help myself get back to a normal level of functioning, my NP prescribed me 20 mg of citalopram to take daily. I'd never been on an AD before and it scared me, but I was so very desperate to have a sense of normalcy again that I bit the bullet and began taking it. 
 
 A few months later I went to an appointment and informed my doc that the med didn't seem to be having much of an effect, so she upped my dosage to 30 mg daily.
 
 Now, a few months after that, things are better but not 100% quite yet. There's still a creeping feeling of sadness, pointlessness, and deep existential despair, but I go on about my day and it does subside sometimes.
 
 For some odd reason, take this afternoon for example... I was driving around and listening to one of my old favorite CDs, but the beautiful wintry scenery just didn't click with me. Since beginning the citalopram, it's as if I am looking at reality through a glass bubble. It's really odd and kind of makes my anxiety and worry ramp up.
 
 Is that something anyone has dealt with on ADs? And does it subside with a lesser dose or with tapering off? I just wonder if the meds are helping, or if they are making me a zombie, in a way. 
 
 Excuse the scattered text, as I am feeling slightly off today. Thanks for reading.","[1, 1]","{'depressive_disorder', 'anxiety_disorder'}","Not sure why I feel like I should post, but here goes. Slowly recovering, feeling torn over meds. Hi, all. I was diagnosed with anxiety and depression back in September 2015. The anxiety had escalated to crippling levels and everything would set it off music, movies, being in public, socializing. So in order to help myself get back to a normal level of functioning, my NP prescribed me 20 mg of citalopram to take daily. Id never been on an AD before and it scared me, but I was so very desperate to have a sense of normalcy again that I bit the bullet and began taking it. A few months later I went to an appointment and informed my doc that the med didnt seem to be having much of an effect, so she upped my dosage to 30 mg daily. Now, a few months after that, things are better but not 100 quite yet. Theres still a creeping feeling of sadness, pointlessness, and deep existential despair, but I go on about my day and it does subside sometimes. For some odd reason, take this afternoon for example. I was driving around and listening to one of my old favorite CDs, but the beautiful wintry scenery just didnt click with me. Since beginning the citalopram, its as if I am looking at reality through a glass bubble. Its really odd and kind of makes my anxiety and worry ramp up. Is that something anyone has dealt with on ADs? And does it subside with a lesser dose or with tapering off? I just wonder if the meds are helping, or if they are making me a zombie, in a way. Excuse the scattered text, as I am feeling slightly off today. Thanks for reading.",Comorbid (Depression + Anxiety),"{""anxiety"":""yes""}"
idi9za,Should I even try to get a boyfriend because Im worried that my depression will ruin everything,"Hi, Im a 21 female( so far Im straight) and have been diagnosed with major depression for 4 years now. But after switch to the right medication last year, Ive been getting better, less suicidal thoughts, more and more able to get off my bed and function, even socialize a little bit. Im going to continue my university studies next week and going to meet lots of new people. Im looking forward to fall in love but at the same time worried a lot. Last year my ex broke up with me and all the things he did hurt me so much that once I dont want any man in my life anymore, but meanwhile, I kinda blame myself on my depression. I came up from a emotional abusive family and I guess Im not good with dealing with emotions. New semesters going to start, I got a pixie haircut and constantly avoiding meeting any guys. But this is not healthy at all, I know Im just running from the fact that anyone need to deal with relationships and I cant just simply avoiding them. But I can tell that I blocked my heart already, it can be opened up but now its shut down. What should I do?","[1, 1]","{'depressive_disorder', 'anxiety_disorder'}","Should I even try to get a boyfriend because Im worried that my depression will ruin everything. Hi, Im a 21 female so far Im straight and have been diagnosed with major depression for 4 years now. But after switch to the right medication last year, Ive been getting better, less suicidal thoughts, more and more able to get off my bed and function, even socialize a little bit. Im going to continue my university studies next week and going to meet lots of new people. Im looking forward to fall in love but at the same time worried a lot. Last year my ex broke up with me and all the things he did hurt me so much that once I dont want any man in my life anymore, but meanwhile, I kinda blame myself on my depression. I came up from a emotional abusive family and I guess Im not good with dealing with emotions. New semesters going to start, I got a pixie haircut and constantly avoiding meeting any guys. But this is not healthy at all, I know Im just running from the fact that anyone need to deal with relationships and I cant just simply avoiding them. But I can tell that I blocked my heart already, it can be opened up but now its shut down. What should I do?",Comorbid (Depression + Anxiety),{'anxiety':'no'}
lal393,I'm stuck,"Hi, just wanted to vent a little. 
 Recently my brother has got a girlfriend and I know is a girl he has liked for a long while by now but it just gives me a bad feeling,minky because she never even considered him in that way until he lost weight and started gaining more money and basically helping her dad and her family more than ours. I just, Ifeel is wrong? I have a gut feeling that is not rightthat those have to be factors for her to like him? Instead of liking him for who he is? 
 But i feel like a piece of shit for thinking it because I know he has liked her for so long, for years now. And if I tell him anything he's gonna feel bad about it. 
 Anyway, thats just, i just wanted to get it out. I feel I'm being selfish and mean just because, I feel like I'm just being unfair to him and should just let him be happh eithwhat he has but I also feel the moment she finds someone she likes better she's gonna dump him immediately and is gonna hurt him a lot. 
 I don't know, i dont know what's right anymore and I just want to vent, as I said before. Ive been taking care of the animals at home and basically doing everything to let him go have dates and such with her. But somehow I feel is not fair? To leave me do it all and he just goes to have fun? And then I feel super selfish for even thinking that","[0, 0]",{'control_group'},"Im stuck. Hi, just wanted to vent a little. Recently my brother has got a girlfriend and I know is a girl he has liked for a long while by now but it just gives me a bad feeling,minky because she never even considered him in that way until he lost weight and started gaining more money and basically helping her dad and her family more than ours. I just, Ifeel is wrong? I have a gut feeling that is not rightthat those have to be factors for her to like him? Instead of liking him for who he is? But i feel like a piece of shit for thinking it because I know he has liked her for so long, for years now. And if I tell him anything hes gonna feel bad about it. Anyway, thats just, i just wanted to get it out. I feel Im being selfish and mean just because, I feel like Im just being unfair to him and should just let him be happh eithwhat he has but I also feel the moment she finds someone she likes better shes gonna dump him immediately and is gonna hurt him a lot. I dont know, i dont know whats right anymore and I just want to vent, as I said before. Ive been taking care of the animals at home and basically doing everything to let him go have dates and such with her. But somehow I feel is not fair? To leave me do it all and he just goes to have fun? And then I feel super selfish for even thinking that",Normal,{'anxiety':'no'}
a6clnw,Out of town and freaking out.,"Hi, on mobile, etc. etc. 
 
 Idk, Im staying at a friends (12 hours from where I call home) kinda just panicky right now and didnt know what to do. Thought maybe typing everything out to a community that understands might make me feel better. 
 
 Been on antidepressants for about 6-7 months now? I have a bottle of my sisters Ativan at home for emergencies but I didnt take it with me on this trip because of flying and the Rx isnt in my name. (Idk, travel paranoia?)
 
 I also didnt bring the dab pen with me so I have None of my usual relaxing things that I keep with me at home. 
 
 My friend knows about the antidepressants and the anxiety and she knows I smoke weed to help sometimes but I dont think she gets the full extent of it. 
 
 I feel like most of my anxiety right now is stemming from freaking out about being an adult, my husband and I suck at it. Collectively we make more than my stay at home mom of a friend and her marine husband but we live like we make 1/3 of the amount and I cant wrap my brain around how to change that and my husband just kind of is making the anxiety worse by wanting to change jobs Just so he can travel more. 
 
 Im so sorry Im just rambling but none of this is stuff I feel like I can text anyone I know who actually gives a shit. 
 
 I just want my heart rate to go down so I can just go the hell to sleep but I cant talk myself down from this tonight. 
 
 If youve made it this far, thanks for listening I guess.","[0, 1]",{'anxiety_disorder'},"Out of town and freaking out. Hi, on mobile, etc. etc. Idk, Im staying at a friends 12 hours from where I call home kinda just panicky right now and didnt know what to do. Thought maybe typing everything out to a community that understands might make me feel better. Been on antidepressants for about 67 months now? I have a bottle of my sisters Ativan at home for emergencies but I didnt take it with me on this trip because of flying and the Rx isnt in my name. Idk, travel paranoia? I also didnt bring the dab pen with me so I have None of my usual relaxing things that I keep with me at home. My friend knows about the antidepressants and the anxiety and she knows I smoke weed to help sometimes but I dont think she gets the full extent of it. I feel like most of my anxiety right now is stemming from freaking out about being an adult, my husband and I suck at it. Collectively we make more than my stay at home mom of a friend and her marine husband but we live like we make 13 of the amount and I cant wrap my brain around how to change that and my husband just kind of is making the anxiety worse by wanting to change jobs Just so he can travel more. Im so sorry Im just rambling but none of this is stuff I feel like I can text anyone I know who actually gives a shit. I just want my heart rate to go down so I can just go the hell to sleep but I cant talk myself down from this tonight. If youve made it this far, thanks for listening I guess.",Anxiety,{'anxiety':'yes'}
72i7ol,School Help,"Hi. 
 I'm an 18 year old girl in my first year of college. I was diagnosed with depression my senior year of high school and I swear things are only getting worse for me. I used to be very competitive and good at school. I loved the feeling of getting work done. My senior year came and I lost all my motivation. I didnt notice any drastic changes until my band director lost his job. I have always loved music and I have been playing clarinet for over six years now. My band director was the person who introduced me to great music and made me really find a passion in it. When he left, I stopped coming to school and would typically only show up two times a week. I graduated high school miraculously and now I attend a college that is about an hour away from where I live. I started off as a music major, but now I am undecided because I could not keep up with the music program. Music is all I've ever known and I want to feel the way I used about it. These days I'm so unproductive I really feel as if my life is worth nothing. I come home from school and just sleep because I don't have the energy or will power to do my work anymore which is pushing me behind. Usually this would bother me but I really do not care anymore. I want a successful future I just feel like its unattainable at this point. I want to feel okay again. Any advice? 
 -
 Edit: I am also in my best relationship I've ever been in, and I am afraid of losing him due to my mental health.","[1, 0]",{'depressive_disorder'},"School Help. Hi. Im an 18 year old girl in my first year of college. I was diagnosed with depression my senior year of high school and I swear things are only getting worse for me. I used to be very competitive and good at school. I loved the feeling of getting work done. My senior year came and I lost all my motivation. I didnt notice any drastic changes until my band director lost his job. I have always loved music and I have been playing clarinet for over six years now. My band director was the person who introduced me to great music and made me really find a passion in it. When he left, I stopped coming to school and would typically only show up two times a week. I graduated high school miraculously and now I attend a college that is about an hour away from where I live. I started off as a music major, but now I am undecided because I could not keep up with the music program. Music is all Ive ever known and I want to feel the way I used about it. These days Im so unproductive I really feel as if my life is worth nothing. I come home from school and just sleep because I dont have the energy or will power to do my work anymore which is pushing me behind. Usually this would bother me but I really do not care anymore. I want a successful future I just feel like its unattainable at this point. I want to feel okay again. Any advice? Edit I am also in my best relationship Ive ever been in, and I am afraid of losing him due to my mental health.",Depression,{'anxiety':'no'}
7dei0e,I finally broke down,"Hi. I'm 21 years old and I just revently graduated from college. Two days ago, I was diagnosed with major depressive disorder. I've probably had it for several years now but I've never had the courage to ask for help up until a month a ago when I completely broke down. My psychiatrist tells me that I have been incredibly resilient with coping to have lasted several years without treatment but I simply reached my limit.
 
 In the past, I have tried to open up to my parents and friends but everytime I tried, my revelation was met with confusion and humour which discouraged me to talk about it. I thought that finally being diagnosed would relieve me in some way but I am still overwhelmed by it. For the longest time, I was stuck in a cycle of self-loathing because I thought my feelings were invalid and selfish. I basically grew up in family that had a distaste for emotional weakness and were generally stoic. Thus, when I attempt to explain my depression, I am often answered back with statements like ""You're just overreacting"", ""Why are you so negative?"", ""I get depressed too"". 
 
 I excessively sleep only to wake up and look forward to sleep again. I feel absolutely aweful... like time has stopped and I am completely drained. I have several job interviews coming up and I am quite unsure if I should go through with it or simply take a step back.","[1, 0]",{'depressive_disorder'},"I finally broke down. Hi. Im 21 years old and I just revently graduated from college. Two days ago, I was diagnosed with major depressive disorder. Ive probably had it for several years now but Ive never had the courage to ask for help up until a month a ago when I completely broke down. My psychiatrist tells me that I have been incredibly resilient with coping to have lasted several years without treatment but I simply reached my limit. In the past, I have tried to open up to my parents and friends but everytime I tried, my revelation was met with confusion and humour which discouraged me to talk about it. I thought that finally being diagnosed would relieve me in some way but I am still overwhelmed by it. For the longest time, I was stuck in a cycle of selfloathing because I thought my feelings were invalid and selfish. I basically grew up in family that had a distaste for emotional weakness and were generally stoic. Thus, when I attempt to explain my depression, I am often answered back with statements like Youre just overreacting, Why are you so negative?, I get depressed too. I excessively sleep only to wake up and look forward to sleep again. I feel absolutely aweful. like time has stopped and I am completely drained. I have several job interviews coming up and I am quite unsure if I should go through with it or simply take a step back.",Depression,{'anxiety':'no'}
nzewki,Target is selling another offensive OCD product,"https://imgur.com/a/KSTN1nW
 
 Target is selling this product on their website and in stores called a ""Refreshed Traveler Safety Kit."" In the online listing for the product it describes it as ""Perfect for OCD"" and ""OCD Approved."" I included a link with photos above.
 
 I'm sick of OCD being used as a marketing gimmick. It just adds even more stigma to a disorder that is already so misunderstood, which makes it even harder for people to seek help and treatment. My OCD has caused so much suffering throughout my life that at times it has led me to contemplate suicide, and it took years for me to get help because I felt so much shame about my rituals. To me it's not a joke, and it's not funny. OCD ruins lives. After the whole ""Obsessive Christmas Disorder"" sweater ordeal from Target a few years back I'm honestly really disappointed to see this from them. They need to do better.","[0, 0]",{'control_group'},"Target is selling another offensive OCD product. Target is selling this product on their website and in stores called a Refreshed Traveler Safety Kit. In the online listing for the product it describes it as Perfect for OCD and OCD Approved. I included a link with photos above. Im sick of OCD being used as a marketing gimmick. It just adds even more stigma to a disorder that is already so misunderstood, which makes it even harder for people to seek help and treatment. My OCD has caused so much suffering throughout my life that at times it has led me to contemplate suicide, and it took years for me to get help because I felt so much shame about my rituals. To me its not a joke, and its not funny. OCD ruins lives. After the whole Obsessive Christmas Disorder sweater ordeal from Target a few years back Im honestly really disappointed to see this from them. They need to do better.",Normal,{'anxiety':'no'}
m0y2ke,Literally nothing is working-- what the fuck do I do?,"I (17f) have been diagnosed with major depressive disorder, generalized anxiety disorder, pathological anxiety, and some phobias. 
 
 Starting in November of 2019 and up to now, I've been on 8 different meds at varying doses: prozac (20-60mg), mirtazapine, (7.5-45mg), Buspirone (10-15mg), Paxil (20mg), Lexapro (10-15mg), Abilify (2.5mg), Effexor (37.5mg) and Celexa (20mg). Some of these have been combinations, I've been on Mirtazapine for about a year and have been trying all the other meds with it (I use it for sleep)
 
 I started cutting down on gluten back in November of 2020, and as of this weekend I'm completely gluten free. I've started eating a ton more fruits and veggies. I take a multivitamin every day (I'm actually seeing my doctor tomorrow so I'm gonna have her draw my blood to check my other vitamin levels). 
  
 I started PT in January and I've been doing it every day since then for about half an hour, and trying to walk for 20-90 minutes a day. 
 
 I'm in therapy and have been for years. I did an IOP program in September and that helped a lot. 
 
 I just don't know what to do. I don't know that my family has the money for things like TMS or Ketamine therapy. I don't understand why my depression is so fucking hard to treat. I want to be in remission, and no matter what I do, it only gets better for a little while before getting bad again. 
 
 Do any of y'all have experiences with non-traditional methods of treatment? Do you guys recommend anything?","[1, 1]","{'depressive_disorder', 'anxiety_disorder'}","Literally nothing is working what the fuck do I do. I 17f have been diagnosed with major depressive disorder, generalized anxiety disorder, pathological anxiety, and some phobias. Starting in November of 2019 and up to now, Ive been on 8 different meds at varying doses prozac 2060mg, mirtazapine, 7.545mg, Buspirone 1015mg, Paxil 20mg, Lexapro 1015mg, Abilify 2.5mg, Effexor 37.5mg and Celexa 20mg. Some of these have been combinations, Ive been on Mirtazapine for about a year and have been trying all the other meds with it I use it for sleep I started cutting down on gluten back in November of 2020, and as of this weekend Im completely gluten free. Ive started eating a ton more fruits and veggies. I take a multivitamin every day Im actually seeing my doctor tomorrow so Im gonna have her draw my blood to check my other vitamin levels. I started PT in January and Ive been doing it every day since then for about half an hour, and trying to walk for 2090 minutes a day. Im in therapy and have been for years. I did an IOP program in September and that helped a lot. I just dont know what to do. I dont know that my family has the money for things like TMS or Ketamine therapy. I dont understand why my depression is so fucking hard to treat. I want to be in remission, and no matter what I do, it only gets better for a little while before getting bad again. Do any of yall have experiences with nontraditional methods of treatment? Do you guys recommend anything?",Comorbid (Depression + Anxiety),{'anxiety':'yes'}
eacs8c,I should've done it,i almost killed myself. Depression has gotten worse and ive been feeling a lot more suicidal since my boyfriend broke up with me. I almost overdosed on my moms pills and I really wanted to do it. I had a half assed suicide note in my notebook and was ready to. I tried calling my ex boyfriend because hes the only person thats ever helped me through this stuff. He didn't pick up. I called the suicide prevention hotline and talked for a while and calmed down. The next morning my ex was worried and I wish I would've done it. i usually dont have the courage but I did then. I lost it. I want someone to tell me not to do it that my lifes important but its not. I feel like I have no one and ive lost all my friends and the only person that cared about me. I wish I'd just be brave enough to do it.,"[1, 0]",{'depressive_disorder'},I shouldve done it. i almost killed myself. Depression has gotten worse and ive been feeling a lot more suicidal since my boyfriend broke up with me. I almost overdosed on my moms pills and I really wanted to do it. I had a half assed suicide note in my notebook and was ready to. I tried calling my ex boyfriend because hes the only person thats ever helped me through this stuff. He didnt pick up. I called the suicide prevention hotline and talked for a while and calmed down. The next morning my ex was worried and I wish I wouldve done it. i usually dont have the courage but I did then. I lost it. I want someone to tell me not to do it that my lifes important but its not. I feel like I have no one and ive lost all my friends and the only person that cared about me. I wish Id just be brave enough to do it.,Depression,{'anxiety':'no'}
5zabvt,(First time poster) Advice on coping with the specific kind of anxiety that causes bingeing only at night.,"I also suffer from PTSD from emotional abuse from my mother and have bipolar II so I'm just really set up for terrible anxiety as well as other issues.
 
 I've been seeing a great therapist for over eight years who has helped me through all this stuff, but the one thing I can't get past is the binge eating. She does not think it is a major concern because I am not overweight and that we should focus on the bigger picture stuff (I agree), however my honestly unfit and unhealthy body really negatively affects my self esteem. 
 
 I get on a roll for a week and I see results quickly, but then that weird anxiety at bedtime starts again. I feel like I have no willpower after 10pm. So then I start that cycle again where I binge and then adopt this ""well if I've been eating like this for a few days what's the point of even trying to be healthy"" and it all stops. 
 
 I know that working out is important and helps general anxiety/depression but the initial anxiety causes me to feel so shitty and feel depressed that there doesn't seem to be a point. 
 
 How do you guys deal with self-hatred and defeatist based anxiety during bed time? 
 
 Thanks for reading, hope you are doing alright.","[0, 0]",{'control_group'},"First time poster Advice on coping with the specific kind of anxiety that causes bingeing only at night. I also suffer from PTSD from emotional abuse from my mother and have bipolar II so Im just really set up for terrible anxiety as well as other issues. Ive been seeing a great therapist for over eight years who has helped me through all this stuff, but the one thing I cant get past is the binge eating. She does not think it is a major concern because I am not overweight and that we should focus on the bigger picture stuff I agree, however my honestly unfit and unhealthy body really negatively affects my self esteem. I get on a roll for a week and I see results quickly, but then that weird anxiety at bedtime starts again. I feel like I have no willpower after 10pm. So then I start that cycle again where I binge and then adopt this well if Ive been eating like this for a few days whats the point of even trying to be healthy and it all stops. I know that working out is important and helps general anxietydepression but the initial anxiety causes me to feel so shitty and feel depressed that there doesnt seem to be a point. How do you guys deal with selfhatred and defeatist based anxiety during bed time? Thanks for reading, hope you are doing alright.",Normal,{'anxiety':'yes'}
kj7akq,suicidal vent,"I am 18, but I am so tired of life that it is unbearable. I have been struggling with depression and anxiety for over 5 years and it's just getting worse and worse.
 
 I can't bring myself to do anything productive, mainly because my illness and because... life is just too boring for me and I would like to end it. It's not like I am getting anywhere since the only thing I do all day is watch anime and game. Even if I want to learn, work out or practice guitar, I just can't. 
 
 If this continues I have no hopes for graduating, going to college, getting decent job or having a stable relationship. So basically I will have really no reason to keep struggling. I am just a big failure atm and I will probably stay like that.
 
 Lately I have been dreaming about suicide and writing my last words way too much. I even remember what I wanted to write there.
 
 Anyway thank you for reading my vent, I am going to cry myself to sleep now
 
 PS: please don't send me any ""Jesus loves you"" etc messages into DMs. I am atheist and it will just cause more harm than good","[1, 1]","{'depressive_disorder', 'anxiety_disorder'}","suicidal vent. I am 18, but I am so tired of life that it is unbearable. I have been struggling with depression and anxiety for over 5 years and its just getting worse and worse. I cant bring myself to do anything productive, mainly because my illness and because. life is just too boring for me and I would like to end it. Its not like I am getting anywhere since the only thing I do all day is watch anime and game. Even if I want to learn, work out or practice guitar, I just cant. If this continues I have no hopes for graduating, going to college, getting decent job or having a stable relationship. So basically I will have really no reason to keep struggling. I am just a big failure atm and I will probably stay like that. Lately I have been dreaming about suicide and writing my last words way too much. I even remember what I wanted to write there. Anyway thank you for reading my vent, I am going to cry myself to sleep now PS please dont send me any Jesus loves you etc messages into DMs. I am atheist and it will just cause more harm than good",Comorbid (Depression + Anxiety),"{""anxiety"": ""yes""}"
b5wdas,Debating trying the Fisher-Wallace machine,"I am 22 years old and was diagnosed with anxiety and depression when I was 10. I noticed that it has become more of an issue the older I have gotten. I am actually currently fighting a really bad bout of it. It comes in waves throughout the day. I will wake up incredibly anxious, but it will very slowly calm down throughout the day. The suicidal thoughts and depression will come in waves throughout the day, and it makes the days long and miserable. I know I am only 22 and have been fighting this a lot shorter of time than most of you, but I really cannot live like this every day. I currently take a pretty high dose of Venlafaxine, and I was put on this medicine after doing that cheek swab DNA test. It determined it would work best with my body. And I won't lie, it helped two years ago after a bad breakup and I've been okay for a while, but now my anxiety and depression are really starting to flare up bad. I am seeing a CBT therapist about once a week and will be starting group therapy here soon. The only issue with that is I feel like I don't respond well to CBT therapy. Like when I am so far past gone in a depressive episode, I cannot ""ground"" myself and try to find coping techniques.
 
 I am desperate for some form of relief. I have looked into buying the Fisher-Wallace machine. For those who have tried it, I was just wondering what some of your experiences have been with it.","[1, 1]","{'depressive_disorder', 'anxiety_disorder'}","Debating trying the FisherWallace machine. I am 22 years old and was diagnosed with anxiety and depression when I was 10. I noticed that it has become more of an issue the older I have gotten. I am actually currently fighting a really bad bout of it. It comes in waves throughout the day. I will wake up incredibly anxious, but it will very slowly calm down throughout the day. The suicidal thoughts and depression will come in waves throughout the day, and it makes the days long and miserable. I know I am only 22 and have been fighting this a lot shorter of time than most of you, but I really cannot live like this every day. I currently take a pretty high dose of Venlafaxine, and I was put on this medicine after doing that cheek swab DNA test. It determined it would work best with my body. And I wont lie, it helped two years ago after a bad breakup and Ive been okay for a while, but now my anxiety and depression are really starting to flare up bad. I am seeing a CBT therapist about once a week and will be starting group therapy here soon. The only issue with that is I feel like I dont respond well to CBT therapy. Like when I am so far past gone in a depressive episode, I cannot ground myself and try to find coping techniques. I am desperate for some form of relief. I have looked into buying the FisherWallace machine. For those who have tried it, I was just wondering what some of your experiences have been with it.",Comorbid (Depression + Anxiety),{'anxiety':'yes'}
99ftvp,Ever feel like you do way too much for people and when it comes to helping you they turn a shoulder?,"I am a single mom of 2 small boys. I work full time, take care of my kids and try to maintain a normal life even though I am miserable and screaming for help on the inside. Whenever my friends are in need of help I am always the first one there. Whether it comes to babysitting, dropping off a meal, or just being there I am always there for them. Not as a favor, but as a friend. I recently have been very sick and missed a lot of work and met with a surgeon today to schedule surgery for my gallbladder removal. Instead of being a typical outpatient procedure, I will be in the hospital for a few days as I react badly to anesthesia. This is causing a huge financial hardship as I am the only provider for my boys and do it all on my own and my job does not offer short term or long term disability. I will be out of work for about a week (the doctor said 2, but there is no way) ON TOP of the work I have already missed this and last week. None of my friends have come forward and asked me if I need help. It really hurts my feelings that I am always there for them but when it comes to myself they turn the other way. Maybe Im just self pitying but it hurts. None of them have even asked how I am feeling. Does anyone else feel they are always doing for other people but when it comes to themselves people look the other way? I feel so alone and Im very anxious. I wish this would go away.","[0, 0]",{'control_group'},"Ever feel like you do way too much for people and when it comes to helping you they turn a shoulder. I am a single mom of 2 small boys. I work full time, take care of my kids and try to maintain a normal life even though I am miserable and screaming for help on the inside. Whenever my friends are in need of help I am always the first one there. Whether it comes to babysitting, dropping off a meal, or just being there I am always there for them. Not as a favor, but as a friend. I recently have been very sick and missed a lot of work and met with a surgeon today to schedule surgery for my gallbladder removal. Instead of being a typical outpatient procedure, I will be in the hospital for a few days as I react badly to anesthesia. This is causing a huge financial hardship as I am the only provider for my boys and do it all on my own and my job does not offer short term or long term disability. I will be out of work for about a week the doctor said 2, but there is no way ON TOP of the work I have already missed this and last week. None of my friends have come forward and asked me if I need help. It really hurts my feelings that I am always there for them but when it comes to myself they turn the other way. Maybe Im just self pitying but it hurts. None of them have even asked how I am feeling. Does anyone else feel they are always doing for other people but when it comes to themselves people look the other way? I feel so alone and Im very anxious. I wish this would go away.",Normal,{'anxiety':'yes'}
5wxmg8,Mom told me to snap out of my depression before work and told me that other people have worse things to be sad about. I am at work at the moment and I want to break down.,"I am diagnosed with Major Chronic Depression, and I fell back into another phase where I constantly think about death and wanting to die. I've been plotting my death for a few days ago and this brings me comfort. 
 
 I even had a major mental breakdown at work where all my co-workers saw me cry and I was sent home, because I was plotting ways to ask for paper clips to cut myself without anyone knowing. I told my boss about this.
 
 I bring myself to therapy because my parents ignore my depression. They never say anything when I try to talk about it, they turn their nose at me. Then they only say things like, ""are we getting charged for those 'therapies you go to?' That seems to be their only concern.
 
 One time my dad even told me, ""You don't even have a reason to be depressed.""
 
 Few weeks ago I told my mom that I've been cutting my wrist for awhile. She just guilt tripped me and said that I make her feel ill.
 
 Since I work with her, she knew about my breakdown a few days ago. This morning I was telling her that I was feeling low, I've been trying to let her know. She told me to just snap out of it, because it's embarrassing that everyone is talking about us at work now.
 
 I almost broke down and I'm just trying to push through. This job makes me miserable, but I'm trying so hard in life. But it piles up so much and I am so overwhelmed and feel like I am drowning constantly, depression makes me feel like I am suffering. I want to die so much.","[1, 0]",{'depressive_disorder'},"Mom told me to snap out of my depression before work and told me that other people have worse things to be sad about. I am at work at the moment and I want to break down. I am diagnosed with Major Chronic Depression, and I fell back into another phase where I constantly think about death and wanting to die. Ive been plotting my death for a few days ago and this brings me comfort. I even had a major mental breakdown at work where all my coworkers saw me cry and I was sent home, because I was plotting ways to ask for paper clips to cut myself without anyone knowing. I told my boss about this. I bring myself to therapy because my parents ignore my depression. They never say anything when I try to talk about it, they turn their nose at me. Then they only say things like, are we getting charged for those therapies you go to? That seems to be their only concern. One time my dad even told me, You dont even have a reason to be depressed. Few weeks ago I told my mom that Ive been cutting my wrist for awhile. She just guilt tripped me and said that I make her feel ill. Since I work with her, she knew about my breakdown a few days ago. This morning I was telling her that I was feeling low, Ive been trying to let her know. She told me to just snap out of it, because its embarrassing that everyone is talking about us at work now. I almost broke down and Im just trying to push through. This job makes me miserable, but Im trying so hard in life. But it piles up so much and I am so overwhelmed and feel like I am drowning constantly, depression makes me feel like I am suffering. I want to die so much.",Depression,{'anxiety':'no'}
9nxon9,I thought I would be happy by this point in my life.,"I am not perfect. I am 46 years old with 2 kids and a husband. I hate myself and most people around me. I hate that my kids have had behavioral challenges that required therapy because it makes them feel different from other kids. I hate that other parents have distanced themselves and their kids from my family. 
 
 I hate seeing the posts of the families with the great family trips, great motivated athletic kids who are also super smart and have sleepovers and get togethers with friends. 
 
 I was diagnosed with depression in my 20s. I have had multiple therapists and medications. I work for the family and the husband has stayed home with the kids. I am tired of being tired. I have so much hate inside me - all for myself and choices I have made. 
 
 I am just tired and my kids are only 14 and 12. They are doing great now. But I seriously dont know if I can survive the parent clicks as we continue to high school. 
 
 Marriage is stressed. We dont leave the house. The house is a pit. I want to change and ask for help and husband agrees but when it comes down to it he is stubborn and tired too. We are at odds on how to fix our lives. 
 
 I thought life would be differently this stage. I thought I would be Happy","[0, 0]",{'control_group'},"I thought I would be happy by this point in my life. I am not perfect. I am 46 years old with 2 kids and a husband. I hate myself and most people around me. I hate that my kids have had behavioral challenges that required therapy because it makes them feel different from other kids. I hate that other parents have distanced themselves and their kids from my family. I hate seeing the posts of the families with the great family trips, great motivated athletic kids who are also super smart and have sleepovers and get togethers with friends. I was diagnosed with depression in my 20s. I have had multiple therapists and medications. I work for the family and the husband has stayed home with the kids. I am tired of being tired. I have so much hate inside me all for myself and choices I have made. I am just tired and my kids are only 14 and 12. They are doing great now. But I seriously dont know if I can survive the parent clicks as we continue to high school. Marriage is stressed. We dont leave the house. The house is a pit. I want to change and ask for help and husband agrees but when it comes down to it he is stubborn and tired too. We are at odds on how to fix our lives. I thought life would be differently this stage. I thought I would be Happy",Normal,"{""anxiety"":""no""}"
870he1,Cathartic Rant.,"I am so sorry, but I don't think happiness is achievable for me. Don't get me wrong life seems to have so much potential to be great, but it's not for people like me. I don't belong here. I don't want to live my life alone, but if I'm not alone I just get in the way of peoples happiness. No more I've seen what people like me do to others. I'm a leech. A ugly moron who can't not be offensive without pretending to be someone else. I look down on others who are far above me. I am everything I hate. A shallow self absorbed inconsiderate fuck. I'm sorry I'm such a child. I've done nothing but indulge in constant escapism my entire life. And now I've grown to be an adult who hasn't faced reality since he was a child. It's too late to grow. I lack what is necessary to be normal. I'm alone. I'm so sick of it. I don't have time to be depressed. I'm sorry I'm not enjoyable to be around. I'm sorry I'm not pleasant to look at. I'm sorry I'm stupid. I'm sorry all I've thrown away every opportunity I was blessed with. I must disgust you. I don't know why I'm like this. I'm just not like you guys. I just don't work. Non functioning human. Trash. Please, the least I could do is take out the trash.
 
 (please do not worry. I'm seeing my therapist again Monday. It's more of a cathartic rant to get some stuff off my chest until Monday)","[1, 0]",{'depressive_disorder'},"Cathartic Rant. I am so sorry, but I dont think happiness is achievable for me. Dont get me wrong life seems to have so much potential to be great, but its not for people like me. I dont belong here. I dont want to live my life alone, but if Im not alone I just get in the way of peoples happiness. No more Ive seen what people like me do to others. Im a leech. A ugly moron who cant not be offensive without pretending to be someone else. I look down on others who are far above me. I am everything I hate. A shallow self absorbed inconsiderate fuck. Im sorry Im such a child. Ive done nothing but indulge in constant escapism my entire life. And now Ive grown to be an adult who hasnt faced reality since he was a child. Its too late to grow. I lack what is necessary to be normal. Im alone. Im so sick of it. I dont have time to be depressed. Im sorry Im not enjoyable to be around. Im sorry Im not pleasant to look at. Im sorry Im stupid. Im sorry all Ive thrown away every opportunity I was blessed with. I must disgust you. I dont know why Im like this. Im just not like you guys. I just dont work. Non functioning human. Trash. Please, the least I could do is take out the trash. please do not worry. Im seeing my therapist again Monday. Its more of a cathartic rant to get some stuff off my chest until Monday",Depression,"{""anxiety"":""no""}"
b8okfi,"First time posting and really need a ""friend""","I am turning 22 on the 8th of April
 
 First time posting
 

 
  I have been diagnosed with severe depression for about two years now. At **first, it** was really bad and I struggled a lot. I got used to the fact later on and got a bit better, I quit using drugs to escape the crap feeling, The past few weeks have really been hard for me as I feel more and more worthless everyday. I HATE my job and I often struggle to find a reason to keep living. My parents are really kind most of the time and try to help as much as possible, but actually have no idea how bad I am struggling at the moment. I am in a relationship for the past 6 years with the kindest and most **loving** girl ever but still I feel like my life amounts to nothing.I often cry myself to sleep and had a failed suicide attempt last night.For some reason I am still here.I try to talk to her about the problems and how I feel and she tries her best to understand but I can't describe or put in words on how deep the hole is that I am currently in.I have no friends left and started using again just to feel a bit ""better"" for a small amount of time","[1, 0]",{'depressive_disorder'},"First time posting and really need a friend. I am turning 22 on the 8th of April First time posting I have been diagnosed with severe depression for about two years now. At first, it was really bad and I struggled a lot. I got used to the fact later on and got a bit better, I quit using drugs to escape the crap feeling, The past few weeks have really been hard for me as I feel more and more worthless everyday. I HATE my job and I often struggle to find a reason to keep living. My parents are really kind most of the time and try to help as much as possible, but actually have no idea how bad I am struggling at the moment. I am in a relationship for the past 6 years with the kindest and most loving girl ever but still I feel like my life amounts to nothing.I often cry myself to sleep and had a failed suicide attempt last night.For some reason I am still here.I try to talk to her about the problems and how I feel and she tries her best to understand but I cant describe or put in words on how deep the hole is that I am currently in.I have no friends left and started using again just to feel a bit better for a small amount of time",Depression,{'anxiety':'no'}
epsj91,Why i broke up with her even though i love her,"I broke up with my girlfriend today, not because i don't love her, but because she deserves someone not as broken as i am. I can't give her the love and care she needs even if i want to.
 
  So here's my story i got diagnosed with depression, scizophrenic tendencies and a social behavior disorder about 2 years ago. (Conditions are roughly translated) Was into drugs and stuff back then pretty heavily. After suicide attempt i went to rehab and stopped over 13 months ago, but the real problem was not the drugs, they were the symptom. I'm constantly caught between being overly excited, happy and full of love and being teribbly depressed and cursing the world in its entirety. I don't see a purpose nor meaning in my life, no matter what i do. After my first real relationship of a over 2 years ended 2 years ago i slept around, did drugs and so on. A few months ago i finally started a new relationship. The problem is she feels teribble because i'm depressed and she's unable to help me and it destroys her, so i ended it today while i'm still able to, but soon the regrets will hit. She deserves someone who hasn't given up on life and who can still function and love normally. I hope she gets back up and can be happy again soon.","[1, 0]",{'depressive_disorder'},"Why i broke up with her even though i love her. I broke up with my girlfriend today, not because i dont love her, but because she deserves someone not as broken as i am. I cant give her the love and care she needs even if i want to. So heres my story i got diagnosed with depression, scizophrenic tendencies and a social behavior disorder about 2 years ago. Conditions are roughly translated Was into drugs and stuff back then pretty heavily. After suicide attempt i went to rehab and stopped over 13 months ago, but the real problem was not the drugs, they were the symptom. Im constantly caught between being overly excited, happy and full of love and being teribbly depressed and cursing the world in its entirety. I dont see a purpose nor meaning in my life, no matter what i do. After my first real relationship of a over 2 years ended 2 years ago i slept around, did drugs and so on. A few months ago i finally started a new relationship. The problem is she feels teribble because im depressed and shes unable to help me and it destroys her, so i ended it today while im still able to, but soon the regrets will hit. She deserves someone who hasnt given up on life and who can still function and love normally. I hope she gets back up and can be happy again soon.",Depression,"{""anxiety"":""no""}"
8m3zbj,"Man, I'm pathetic","I can feel my mom becoming more and more fed up with me cutting. I guess she thinks that getting me another therapist should just solve the problem immediately, even though we've only had less than 5 meetings with the therapist and I've seen a lot of shit in my somewhat short but tiring life(I'll be 17 in under 2 months). Which of course makes me want to cut deeper and has made me cut deeper than I've ever gone before in the almost 4 years that I've been cutting. I tried asking my mom how deep a cut needs to be for stitches/staples and she basically just told me to stop cutting so deep. Not to stop cutting in general, just quit doing it so deep. Which makes me feel great. I know I'm not her perfect golden child who will exceed our kinda shitty family, but man it hurts. It's starting to be where my cutting and my cat are the only things that make me happy anymore. I'm so scared of infection because if the cuts really are deep enough for medical care, then infection is a high possiblity. Everyday I feel like more and more of a fuck up in my mom's eyes. Really the only thing keeping me here is my cat right about now. I don't want to abandon her. But it'd be so easy to just swallow a bunch of pills because the bathroom door locks and they're used to me staying in the bathroom for long periods of time(due to the cutting thing). I'm so tired.","[0, 0]",{'control_group'},"Man, Im pathetic. I can feel my mom becoming more and more fed up with me cutting. I guess she thinks that getting me another therapist should just solve the problem immediately, even though weve only had less than 5 meetings with the therapist and Ive seen a lot of shit in my somewhat short but tiring lifeIll be 17 in under 2 months. Which of course makes me want to cut deeper and has made me cut deeper than Ive ever gone before in the almost 4 years that Ive been cutting. I tried asking my mom how deep a cut needs to be for stitchesstaples and she basically just told me to stop cutting so deep. Not to stop cutting in general, just quit doing it so deep. Which makes me feel great. I know Im not her perfect golden child who will exceed our kinda shitty family, but man it hurts. Its starting to be where my cutting and my cat are the only things that make me happy anymore. Im so scared of infection because if the cuts really are deep enough for medical care, then infection is a high possiblity. Everyday I feel like more and more of a fuck up in my moms eyes. Really the only thing keeping me here is my cat right about now. I dont want to abandon her. But itd be so easy to just swallow a bunch of pills because the bathroom door locks and theyre used to me staying in the bathroom for long periods of timedue to the cutting thing. Im so tired.",Normal,{'anxiety':'no'}
6wg9g2,I hate myself more than anything or anyone on this planet,"I can't fucking understand why I should live, because my life is precious or something stupid. It's not precious. It's worthless, disappointing, and disgusting. I have no skills or talents, no redeeming qualities of any sort. I see no reason to try and make it in the adult world. No reason to try and make it into a college, because I know I won't get in. No reason to apply for a job, because I know I won't get it.
 
 And I've heard that I should get help, but I just can't. I can't make myself do it. And besides, nothing can change me. No amount of therapy can change how much I fucking loathe my own existence, how much I hate myself and who I am. No therapy is going to make my problems disappear. I have to change it myself. And I can't. I've tried for so fucking long, and I can't.
 
 Honestly, I should just die. I'm not worth enough to do anything different. My death won't change the world or anything. Everything will all stay the same, just like if I were alive. So what's the point in living?","[1, 0]",{'depressive_disorder'},"I hate myself more than anything or anyone on this planet. I cant fucking understand why I should live, because my life is precious or something stupid. Its not precious. Its worthless, disappointing, and disgusting. I have no skills or talents, no redeeming qualities of any sort. I see no reason to try and make it in the adult world. No reason to try and make it into a college, because I know I wont get in. No reason to apply for a job, because I know I wont get it. And Ive heard that I should get help, but I just cant. I cant make myself do it. And besides, nothing can change me. No amount of therapy can change how much I fucking loathe my own existence, how much I hate myself and who I am. No therapy is going to make my problems disappear. I have to change it myself. And I cant. Ive tried for so fucking long, and I cant. Honestly, I should just die. Im not worth enough to do anything different. My death wont change the world or anything. Everything will all stay the same, just like if I were alive. So whats the point in living?",Depression,{'anxiety':'no'}
9aibv6,I realized school is a major source of my depression.,"I cant do anything I really want to do cause I am so fucking busy with school. Literally just spent my whole day with my mom shopping when all I needed was a haircut (I hate shopping btw).
 Yeah school starts towmorrow and every school day I wake up feeling like shit. I cant avoid school cause I need to get a job in life. To be honest what is the point if I wont have anything I will enjoy. Even my therapist says, you need to do more things you enjoy. I cant cause of fucking school being in the way. On top of that, I have to find scholarships and do college applications cause it is senior year. I have no clue how I will be able to get any of those done and I have no clue how I will get to college cause of all the medical bills my brother and I have. My depression gets in the way of everything I do and then everything I do feeds my depression. TLDR I am not looking foreward to school as it causes depression and me not being able to do certain things makes it worse.","[1, 0]",{'depressive_disorder'},"I realized school is a major source of my depression. I cant do anything I really want to do cause I am so fucking busy with school. Literally just spent my whole day with my mom shopping when all I needed was a haircut I hate shopping btw. Yeah school starts towmorrow and every school day I wake up feeling like shit. I cant avoid school cause I need to get a job in life. To be honest what is the point if I wont have anything I will enjoy. Even my therapist says, you need to do more things you enjoy. I cant cause of fucking school being in the way. On top of that, I have to find scholarships and do college applications cause it is senior year. I have no clue how I will be able to get any of those done and I have no clue how I will get to college cause of all the medical bills my brother and I have. My depression gets in the way of everything I do and then everything I do feeds my depression. TLDR I am not looking foreward to school as it causes depression and me not being able to do certain things makes it worse.",Depression,"{""anxiety"":""no""}"
61osju,I just can't do this anymore. what is this??,"I cant seem to do anything, everything makes me soooo mad and disgusted. I get theses fleeting moments of happiness (that last like 1 minute ) and I feel like I can see such a cool future of me doing something in particular like reaching a goal or doing something cool, but then it goes away...and leaves me with an AWFUL feelings. just pure shit, i don't know how to explain it but its worse then before i had the good thought. what does this mean.....UGHHH i cant do this anymore. i feel like im wasting my life cause im not doing anything that great, im just in university and i dont have a job. ALSO i feel like once i get in the real world and have a job i will turn VERY depressed...im scared, cause right now i have a home and parents and tiem but i still cant do anything, so when i have to fend for my self im afraid i wont be able to and ill hate my life even more. im very scared to have a job...BUT sometimes i have good thoughts baout getting older, these nuggets of wisdom but theyre too good...so i get sooo high for a second that when i get back to reality i get even more depressed..idk....
 this is all over the place...but if anyone has some kind words of advice or whatever that would be much appriciated. thnaks for reading, i hope you're having a good day","[1, 1]","{'depressive_disorder', 'anxiety_disorder'}","I just cant do this anymore. what is this. I cant seem to do anything, everything makes me soooo mad and disgusted. I get theses fleeting moments of happiness that last like 1 minute and I feel like I can see such a cool future of me doing something in particular like reaching a goal or doing something cool, but then it goes away.and leaves me with an AWFUL feelings. just pure shit, i dont know how to explain it but its worse then before i had the good thought. what does this mean.UGHHH i cant do this anymore. i feel like im wasting my life cause im not doing anything that great, im just in university and i dont have a job. ALSO i feel like once i get in the real world and have a job i will turn VERY depressed.im scared, cause right now i have a home and parents and tiem but i still cant do anything, so when i have to fend for my self im afraid i wont be able to and ill hate my life even more. im very scared to have a job.BUT sometimes i have good thoughts baout getting older, these nuggets of wisdom but theyre too good.so i get sooo high for a second that when i get back to reality i get even more depressed.idk. this is all over the place.but if anyone has some kind words of advice or whatever that would be much appriciated. thnaks for reading, i hope youre having a good day",Comorbid (Depression + Anxiety),"{""anxiety"":""yes""}"
8onyj3,"Help. I just need a response, dont even know why.","I cant stop. Im barely 13, trans boy (maybe, really dont want to be). Today at lunch I went into the bathroom and did my daily 9, the amount my friend allows (it goes down by one each week). I just got new blades for my xacto, and I even came prepared with gauze and tape so I dont bleed through my shirt. I was bleeding and it was awful and honestly the last thing I wanted to do was cut, but a part of me forced myself to do it and I wasnt enough. Im so scared all the time and my parents dont know and I cant keep this up but I cant tell them. They know absolutely nothing and Im ashamed. Im spending money on gauze and I was late to class by like 10 min and I dont even care. My friend is bad but doesnt cut yet, and I feel bad because I can barely help myself, never mind him. I just want him to be happy. I cut even though I dont want to, and I feel like Im not really sad enough and I dont deserve to cut, so I make myself feel sad. I read this sub and r/ selfharmpics or whatever just for that. I get panic attacks and it feels like my life is falling apart and I hate everything and I wish I was dead and I feel like such a drama queen about everything.","[0, 0]",{'control_group'},"Help. I just need a response, dont even know why. I cant stop. Im barely 13, trans boy maybe, really dont want to be. Today at lunch I went into the bathroom and did my daily 9, the amount my friend allows it goes down by one each week. I just got new blades for my xacto, and I even came prepared with gauze and tape so I dont bleed through my shirt. I was bleeding and it was awful and honestly the last thing I wanted to do was cut, but a part of me forced myself to do it and I wasnt enough. Im so scared all the time and my parents dont know and I cant keep this up but I cant tell them. They know absolutely nothing and Im ashamed. Im spending money on gauze and I was late to class by like 10 min and I dont even care. My friend is bad but doesnt cut yet, and I feel bad because I can barely help myself, never mind him. I just want him to be happy. I cut even though I dont want to, and I feel like Im not really sad enough and I dont deserve to cut, so I make myself feel sad. I read this sub and r selfharmpics or whatever just for that. I get panic attacks and it feels like my life is falling apart and I hate everything and I wish I was dead and I feel like such a drama queen about everything.",Normal,{'anxiety':'yes'}
i6bzfs,What's the point in asking for help if no one actually cares?,"I did everything right today. I gathered my thoughts. I talked to my best friend. And then I finally went to my husband and told him everything. The suicidal thoughts that have gotten worse over the past two weeks, that I think I'm experiencing delusions and paranoia, that I'm genuinely scared for my safety.
 
 And all I really got was a ""we'll get through this"" and that was it. I mentioned possibly needing to go to the ER or look for an in-patient facility to get help because of how rapidly this was progressing and he told me ""but what if it financially ruins us? What then?"" And I just stopped. It's cheaper to bury me than it is to give a single fuck about me and help me get treatment. 
 
 I did everything right. I fucking begged for help. But it's not that serious until you actually kill yourself and by then it's too fucking late.
 
 *I have a therapist and psychiatrist. I've tried 20 plus meds with absolutely no benefit. I've been dismissed by every psych I've had because to them it's just depression and they won't listen regarding the delusions I'm having that are completely fucking up my life.","[1, 1]","{'depressive_disorder', 'anxiety_disorder'}","Whats the point in asking for help if no one actually cares. I did everything right today. I gathered my thoughts. I talked to my best friend. And then I finally went to my husband and told him everything. The suicidal thoughts that have gotten worse over the past two weeks, that I think Im experiencing delusions and paranoia, that Im genuinely scared for my safety. And all I really got was a well get through this and that was it. I mentioned possibly needing to go to the ER or look for an inpatient facility to get help because of how rapidly this was progressing and he told me but what if it financially ruins us? What then? And I just stopped. Its cheaper to bury me than it is to give a single fuck about me and help me get treatment. I did everything right. I fucking begged for help. But its not that serious until you actually kill yourself and by then its too fucking late. I have a therapist and psychiatrist. Ive tried 20 plus meds with absolutely no benefit. Ive been dismissed by every psych Ive had because to them its just depression and they wont listen regarding the delusions Im having that are completely fucking up my life.",Comorbid (Depression + Anxiety),{'anxiety':'no'}
3zilnq,"DAE not ""feel"" depressed, but still have all the symptoms of depression?","I didn't realize until awhile ago that the ""technical"" criteria for depression as a disorder involve a lot more than just feeling terrible. In fact, if I'm reading the DSM-V correctly, having a bad mood isn't even a necessary part of the diagnosis. (You can read the exact criteria [here](http://www.psnpaloalto.com/wp/wp-content/uploads/2010/12/Depression-Diagnostic-Criteria-and-Severity-Rating.pdf) if you'd like)
 
 About a year ago I had a breakthrough with some MDMA (for the curious, please see /r/MDMAtherapy). My mood lifted and I no longer feel ""depressed"" most of the time. However, my life is not better. Most of the things connected to the depression are still there. Namely: no concentration, no willpower, no interest in anything, no energy, oversleeping, sleeping weird hours, feeling flat/whatever. 
 
 Like I said I'm not feeling SAD or DEPRESSED. But I have all the other symptoms pretty much. I just feel very blank. I feel like a shell of the old me. The old me was incredibly passionate, driven, emotional, compassionate, moral. I was a really great person in a lot of ways. I was even very successful...Now I'm just this...blob that does nothing.
 
 I've trained myself not to feel sad because I recognize that feeling sad is useless. But I would love more than anything to get out of this sickness and back to the normal me. The normal me is awesome and kicks ass. The me now is pretty fuckin' lame. 
 
 Anyone with a similar story, or advice?
 
 If it helps, I also got diagnosed with PTSD and my depression has several definite causes I can pinpoint to, including two events. I'm not one of those ""depression that came out of the blue"" people, so maybe that's part of why my symptoms are the way they are.","[1, 0]",{'depressive_disorder'},"DAE not feel depressed, but still have all the symptoms of depression. I didnt realize until awhile ago that the technical criteria for depression as a disorder involve a lot more than just feeling terrible. In fact, if Im reading the DSMV correctly, having a bad mood isnt even a necessary part of the diagnosis. You can read the exact criteria here if youd like About a year ago I had a breakthrough with some MDMA for the curious, please see rMDMAtherapy. My mood lifted and I no longer feel depressed most of the time. However, my life is not better. Most of the things connected to the depression are still there. Namely no concentration, no willpower, no interest in anything, no energy, oversleeping, sleeping weird hours, feeling flatwhatever. Like I said Im not feeling SAD or DEPRESSED. But I have all the other symptoms pretty much. I just feel very blank. I feel like a shell of the old me. The old me was incredibly passionate, driven, emotional, compassionate, moral. I was a really great person in a lot of ways. I was even very successful.Now Im just this.blob that does nothing. Ive trained myself not to feel sad because I recognize that feeling sad is useless. But I would love more than anything to get out of this sickness and back to the normal me. The normal me is awesome and kicks ass. The me now is pretty fuckin lame. Anyone with a similar story, or advice? If it helps, I also got diagnosed with PTSD and my depression has several definite causes I can pinpoint to, including two events. Im not one of those depression that came out of the blue people, so maybe thats part of why my symptoms are the way they are.",Depression,{'anxiety':'no'}
j72hvu,Just kind of upset..,"I do not have a psychotic disorder. But in cases of extreme anxiety or extremely suicidal thoughts or distress I tend to hallucinate, usually visually and auditorily (is that a word??)
 
 I don't think I've been necessarily stressed about anything but now I'm nervous. Yesterday I was on zoom I heard one of my classmates house fire alarm. Not like alarm alarm, but chirping like when it's telling you it's low on power. The sound only happened when she was unmuted and speaking. No one said anything about it, she didn't say like ""oh sorry my alarms battery needs to be replaced"". I think we all just ignored it. So I figured I would just let it slide. 
 
 But today on the phone with my sister I swear I heard a similar nose. And she didn't. She did say tho that she was on the phone with my other sister and heard a strange noise from her phone but my other sis didn't. So I'm not sure what to do. Two weird back to back coincidences?? Subconsciously anxious??? I'm only as freaked out about this as I am because I can usually identify ""oh I'm hallucinating OK. I know what to do"" and the fire alarm is a very specific sound I tend to hear so that's another reason. UUUUUUGHHHHH I feel crazy! ðŸ˜­","[0, 0]",{'control_group'},"Just kind of upset. I do not have a psychotic disorder. But in cases of extreme anxiety or extremely suicidal thoughts or distress I tend to hallucinate, usually visually and auditorily is that a word? I dont think Ive been necessarily stressed about anything but now Im nervous. Yesterday I was on zoom I heard one of my classmates house fire alarm. Not like alarm alarm, but chirping like when its telling you its low on power. The sound only happened when she was unmuted and speaking. No one said anything about it, she didnt say like oh sorry my alarms battery needs to be replaced. I think we all just ignored it. So I figured I would just let it slide. But today on the phone with my sister I swear I heard a similar nose. And she didnt. She did say tho that she was on the phone with my other sister and heard a strange noise from her phone but my other sis didnt. So Im not sure what to do. Two weird back to back coincidences? Subconsciously anxious? Im only as freaked out about this as I am because I can usually identify oh Im hallucinating OK. I know what to do and the fire alarm is a very specific sound I tend to hear so thats another reason. UUUUUUGHHHHH I feel crazy!",Normal,{'anxiety':'yes'}
51c7co,Whats the point in anything,"I dont get what's wrong with me. I was doing fine and then a week ago depression knocked on my door and punched me in the gut. ""Oh, you wanna do really well in school this semester to make up for it the last two? Nope! How about NO MOTIVATION! Oh, you want to be able to get out of bed before noon? Ha! You're gonna be sleeping till 1 pm!""
 
 I feel like a waste of everything. I waste my parents' money by not doing homework, even more so by majoring in something that's nowhere near marketable (psychology), but its the only thing I'm good at. I just don't have any sort of motivation, hell, I can barely get out of bed whenever the hell I wake up.
 
 I don't see a point in anything anymore. Why should I bother trying in school? I'll end up with a shit degree that won't get me anywhere, and Im nowhere near smart enough for grad school. Why should I bother trying to make new friends? I barely talk to any of my other ones anyway. Why should I bother getting a psychiatrist or therapist to see? I'll always be this fucked up, there's no way to change my thinking.
 
 I don't see a point in trying anymore. I should just quit while I'm ahead and just give up at everything.","[1, 0]",{'depressive_disorder'},"Whats the point in anything. I dont get whats wrong with me. I was doing fine and then a week ago depression knocked on my door and punched me in the gut. Oh, you wanna do really well in school this semester to make up for it the last two? Nope! How about NO MOTIVATION! Oh, you want to be able to get out of bed before noon? Ha! Youre gonna be sleeping till 1 pm! I feel like a waste of everything. I waste my parents money by not doing homework, even more so by majoring in something thats nowhere near marketable psychology, but its the only thing Im good at. I just dont have any sort of motivation, hell, I can barely get out of bed whenever the hell I wake up. I dont see a point in anything anymore. Why should I bother trying in school? Ill end up with a shit degree that wont get me anywhere, and Im nowhere near smart enough for grad school. Why should I bother trying to make new friends? I barely talk to any of my other ones anyway. Why should I bother getting a psychiatrist or therapist to see? Ill always be this fucked up, theres no way to change my thinking. I dont see a point in trying anymore. I should just quit while Im ahead and just give up at everything.",Depression,"{""anxiety"": ""no""}"
c35vxz,Is it hopeless?,"I dont have much going for me in life, all my friends are too busy to make time for me and Im not much good at any of my passions. This has been fueling some anxiety I have for awhile about being a loser with no one to talk to and lagging behind in life while my friends do successful things. And I have a big anxiety about death and aging, that everything is pointless anyways because Im going to die someday. Thinking about these two things is pushing me into constant panic attacks, which give me this sense of doom and hopelessness. Sometimes I try to tell myself to keep living but I get anxiety because of those things and I then get a strong panic attack telling me I should kill my self but I dont want to die. Is there any hope of enjoying life and not being stuck in this endless loop of anxiety?","[0, 0]",{'control_group'},"Is it hopeless. I dont have much going for me in life, all my friends are too busy to make time for me and Im not much good at any of my passions. This has been fueling some anxiety I have for awhile about being a loser with no one to talk to and lagging behind in life while my friends do successful things. And I have a big anxiety about death and aging, that everything is pointless anyways because Im going to die someday. Thinking about these two things is pushing me into constant panic attacks, which give me this sense of doom and hopelessness. Sometimes I try to tell myself to keep living but I get anxiety because of those things and I then get a strong panic attack telling me I should kill my self but I dont want to die. Is there any hope of enjoying life and not being stuck in this endless loop of anxiety?",Normal,"{""anxiety"": ""yes""}"
lhdrcl,My mind is scattered,"I dont know if im just depressed, and that when I feel that way, my mind wanders directly to death... but I feel hurt. So bad. 
 
 I finally moved out of my parents, and I feel content, but I also have the feeling it gives me better opportunities to kill myself. 
 
 I dont know what will happen next. Will I kill myself? Or will I grow as a person?
 
 I know the second option is the best, but... I am really tempted to end my life. I am nothing but human garbage. 
 
 I should die.","[0, 0]",{'control_group'},"My mind is scattered. I dont know if im just depressed, and that when I feel that way, my mind wanders directly to death. but I feel hurt. So bad. I finally moved out of my parents, and I feel content, but I also have the feeling it gives me better opportunities to kill myself. I dont know what will happen next. Will I kill myself? Or will I grow as a person? I know the second option is the best, but. I am really tempted to end my life. I am nothing but human garbage. I should die.",Normal,{'anxiety':'no'}
8ufei7,Intense emotions and self harm,"I dont know if its like this for anyone else but I cant bear feeling strong emotions. I physically cant bear it and I feel like the link between my mind and my body has to be severed. Sometimes I dissociate and its exhausting but its better than feeling it all. Feelings like anger make me want to cut just because It feels like my body cant bear it, its just too much. Im a sober alcoholic. Alcohol helped, it gave be a break and I could just check out. I dont have that option anymore. Something happened recently and it triggered all my shit. All of it. I dont want to feel the anger and I dont want to cut. I dont know what to do.","[0, 0]",{'control_group'},"Intense emotions and self harm. I dont know if its like this for anyone else but I cant bear feeling strong emotions. I physically cant bear it and I feel like the link between my mind and my body has to be severed. Sometimes I dissociate and its exhausting but its better than feeling it all. Feelings like anger make me want to cut just because It feels like my body cant bear it, its just too much. Im a sober alcoholic. Alcohol helped, it gave be a break and I could just check out. I dont have that option anymore. Something happened recently and it triggered all my shit. All of it. I dont want to feel the anger and I dont want to cut. I dont know what to do.",Normal,{'anxiety':'no'}
do884k,I cannot do this two day hangover thing anymore!,I dont know if its that I am getting older or my body is less efficient or a mixture of both. But I cannot wait to just come out of this fog. The problem is (other than I love drinking WHILE I am drinking) after a day or two of not drinking I always decide to drink again. Its almost like I have TOO much energy and just feel so on edge and I dont know how to channel that feeling. I also know I am slowly killing myself and I am so sick of feeling like shit. I work so hard on my physical appearance (probably bc the inside is so damaged)! and then I totally fuck it up by drinking and then eating after I drink and then I feel gross and guilty for a few days and then boom... let the cycle repeat! I have told myself (and posted here) that I am doing No Drink November but I am so scared. I am listening to the Naked Mind so hoping that helps. GUess I am just venting or whatever but thank you guys for this community. I am going to need lots of support to get thru!,"[0, 0]",{'control_group'},I cannot do this two day hangover thing anymore. I dont know if its that I am getting older or my body is less efficient or a mixture of both. But I cannot wait to just come out of this fog. The problem is other than I love drinking WHILE I am drinking after a day or two of not drinking I always decide to drink again. Its almost like I have TOO much energy and just feel so on edge and I dont know how to channel that feeling. I also know I am slowly killing myself and I am so sick of feeling like shit. I work so hard on my physical appearance probably bc the inside is so damaged! and then I totally fuck it up by drinking and then eating after I drink and then I feel gross and guilty for a few days and then boom. let the cycle repeat! I have told myself and posted here that I am doing No Drink November but I am so scared. I am listening to the Naked Mind so hoping that helps. GUess I am just venting or whatever but thank you guys for this community. I am going to need lots of support to get thru!,Normal,{'anxiety':'no'}
hb24q2,Is it normal to not care if youre dead or alive?,"I dont really know if Im depressed or not, got it diagnosed 6 years ago, but I got cleared from it fairly quickly. Was fairly young at the time however and I think I mightve faked some of my recovery. These last couple of years Ive been having depressive episodes here and there, and Ive never actually given a fuck whether I was alive or would die tomorrow. 
 
 I dont really get happiness from a lot anymore, just feel neutral or empty about things, I like gaming and sports, but Im bad at those so they cant ever be anything other than a hobby no matter how much I wish I could be better at them. I just have no motivation to improve at anything. 
 
 I still think about self harm almost daily, rarely ever do it, but it just sits there at the back of my mind constantly. Havent had a job for 3 beginning months of my gap year between uni, and I still dont have my drivers license. 
 
 Theres just so much, and I just feel so unmotivated to move and do anything... anyone else feel like this? I feel so alone in my thoughts","[1, 0]",{'depressive_disorder'},"Is it normal to not care if youre dead or alive. I dont really know if Im depressed or not, got it diagnosed 6 years ago, but I got cleared from it fairly quickly. Was fairly young at the time however and I think I mightve faked some of my recovery. These last couple of years Ive been having depressive episodes here and there, and Ive never actually given a fuck whether I was alive or would die tomorrow. I dont really get happiness from a lot anymore, just feel neutral or empty about things, I like gaming and sports, but Im bad at those so they cant ever be anything other than a hobby no matter how much I wish I could be better at them. I just have no motivation to improve at anything. I still think about self harm almost daily, rarely ever do it, but it just sits there at the back of my mind constantly. Havent had a job for 3 beginning months of my gap year between uni, and I still dont have my drivers license. Theres just so much, and I just feel so unmotivated to move and do anything. anyone else feel like this? I feel so alone in my thoughts",Depression,{'anxiety':'no'}
jq7hmm,My best nights of sleep are the ones where I dream of dying,"I dont want to do this anymore. Im 26, working a dead-end job, in debt, no degree (real one) and I have nothing to look forward to.
 
 I dont get it, I just dont know how people do it. 
 
  But what kills me the most is having friends my age with so much to look forward to and be completion incapable to relate.
 
 They look to the future and have so much going for them, I look to the future and all I see is misery and disappointment awaiting me. 
 
 Im sinking under the weight of the pressure to overcome myself and my destiny. I feel like Im suffocating. 
 
 I dream about slitting my own throat just so I can breathe. My chest feels like its constantly caving in.
 
 But I cant, Im sinking into quicksand - Im doomed, Im trying to escape my own existence. I cant disassociate enough - I dont want to live. 
 
 Everyday I die a little bit more and more - Ive been something and someone ugly and bitter - life has turned me Into something that is too ugly to live.
 
 I look forward to the day where the sun rises and Im not here.","[1, 1]","{'depressive_disorder', 'anxiety_disorder'}","My best nights of sleep are the ones where I dream of dying. I dont want to do this anymore. Im 26, working a deadend job, in debt, no degree real one and I have nothing to look forward to. I dont get it, I just dont know how people do it. But what kills me the most is having friends my age with so much to look forward to and be completion incapable to relate. They look to the future and have so much going for them, I look to the future and all I see is misery and disappointment awaiting me. Im sinking under the weight of the pressure to overcome myself and my destiny. I feel like Im suffocating. I dream about slitting my own throat just so I can breathe. My chest feels like its constantly caving in. But I cant, Im sinking into quicksand Im doomed, Im trying to escape my own existence. I cant disassociate enough I dont want to live. Everyday I die a little bit more and more Ive been something and someone ugly and bitter life has turned me Into something that is too ugly to live. I look forward to the day where the sun rises and Im not here.",Comorbid (Depression + Anxiety),{'anxiety':'no'}
eejblc,Just existing gives me anxitey,"I feel like I can't do anything without being afraid of looking foolish. I can't talk to someone without the constant fear of being annoying. Opening up to people about my many mental health problems makes me feel unsafe, what if I get betrayed? It also makes me feel like an attention whore, there's other people out there who go through so much worse. Anxiety about doing the simplest things is taking over my life and I don't know what to do. Sometimes the anxiety gets so bad it causes physical pain, like my throat starts to close and breathing is hard and I get very sharp chest pains. I can't stop worrying about literally everything, my head won't shut up. I need a break from all of this","[0, 0]",{'control_group'},"Just existing gives me anxitey. I feel like I cant do anything without being afraid of looking foolish. I cant talk to someone without the constant fear of being annoying. Opening up to people about my many mental health problems makes me feel unsafe, what if I get betrayed? It also makes me feel like an attention whore, theres other people out there who go through so much worse. Anxiety about doing the simplest things is taking over my life and I dont know what to do. Sometimes the anxiety gets so bad it causes physical pain, like my throat starts to close and breathing is hard and I get very sharp chest pains. I cant stop worrying about literally everything, my head wont shut up. I need a break from all of this",Normal,"{""anxiety"": ""yes""}"
8hdiau,Meds are like a rock and a hard place and where you end up is decided by gambling,"I feel like my medications never seem to influence my moods or emotions in any sort of way, and I bring this up with my psychiatrist when hes put me on new medications. He always says thats pretty normal. Given hes the best psychiatrist Ive had with respect to listening to my symptoms and talking about them with me and trying out some meds that might help. That and he went to medical school for it.
 
 I feel stupid taking them, but there are instances where Ill forget to take them for maybe 2 or 3 days and by the last 5-6 hours of the actual day (ie, before midnight), my mood goes from content and being in the moment and actively participating with people Im in the room with to
 anxiety and overthinking things that happened hours ago while dissociating so bad that I dont remember anything about the entire day and I cannot feel my body whatsoever.
 
 I hate it because I hate paying so much for my meds and I have to take 4 different kinds of meds. I hate having to go to my psychiatrist and tell him I feel no change in recent moods or that Ive had note-worthy episodes of depression or anxiety or mania. Its humiliating and a general waste of time and money.
 
 My boyfriend lucked out. They put him on Prozac and thats all hes been taking for 4 years now and he misses days and he manages to function without it affecting what hes doing drastically.
 
 Ive gone through 5 psychiatrists and been on like 7 different meds and I miss two days of one particular medicine, and Im acting out in anger at work while were closing.","[0, 0]",{'control_group'},"Meds are like a rock and a hard place and where you end up is decided by gambling. I feel like my medications never seem to influence my moods or emotions in any sort of way, and I bring this up with my psychiatrist when hes put me on new medications. He always says thats pretty normal. Given hes the best psychiatrist Ive had with respect to listening to my symptoms and talking about them with me and trying out some meds that might help. That and he went to medical school for it. I feel stupid taking them, but there are instances where Ill forget to take them for maybe 2 or 3 days and by the last 56 hours of the actual day ie, before midnight, my mood goes from content and being in the moment and actively participating with people Im in the room with to anxiety and overthinking things that happened hours ago while dissociating so bad that I dont remember anything about the entire day and I cannot feel my body whatsoever. I hate it because I hate paying so much for my meds and I have to take 4 different kinds of meds. I hate having to go to my psychiatrist and tell him I feel no change in recent moods or that Ive had noteworthy episodes of depression or anxiety or mania. Its humiliating and a general waste of time and money. My boyfriend lucked out. They put him on Prozac and thats all hes been taking for 4 years now and he misses days and he manages to function without it affecting what hes doing drastically. Ive gone through 5 psychiatrists and been on like 7 different meds and I miss two days of one particular medicine, and Im acting out in anger at work while were closing.",Normal,"{""anxiety"":""yes""}"
azo6xz,I feel like I'm not in control,"I finally admitted to myself a little over a week ago that my anxiety levels aren't normal. They're probably severally clinical. It's wreaking havoc in my personal life. I don't know what to do. I went to a therapist for the first time near the end of last month, I have another appointment this week, and we started talking, but it was the first appointment, so not a lot of ground got covered. I just feel like there's this voice that's always there in my head, yelling horrible, evil, mean things at me. Things that are wildly irrational, but there's always some thread of truth in what it's saying, which is how it gains traction. And it's latched itself onto my PTSD, which makes it worse. And some days, my Rationality does a good job fending it off and I can talk myself out of the Anxiety episode, but I feel like it's gradually beating the rational side of me to a pull and talking over. I'm reacting to things without thinking rational, saying things and feeling things without thinking about it, which is hurting my partner, who is trying his best to help me. I'm not trying to be hurtful, and when the Rational Me regains some semblance of control, I feel terrible, but in the moment of whatever caused that reaction, the Anxiety just completely overrides that part of me and I feel like it takes away my will, my power.
 
 I feel so helpless. I feel alone. I'm exhausted. And being home alone is where I feel like it's gaining traction against me. I don't have anywhere to go to not be alone because my partner, understandably, doesn't want to see me right now.
 
 I can't do this.","[0, 0]",{'control_group'},"I feel like Im not in control. I finally admitted to myself a little over a week ago that my anxiety levels arent normal. Theyre probably severally clinical. Its wreaking havoc in my personal life. I dont know what to do. I went to a therapist for the first time near the end of last month, I have another appointment this week, and we started talking, but it was the first appointment, so not a lot of ground got covered. I just feel like theres this voice thats always there in my head, yelling horrible, evil, mean things at me. Things that are wildly irrational, but theres always some thread of truth in what its saying, which is how it gains traction. And its latched itself onto my PTSD, which makes it worse. And some days, my Rationality does a good job fending it off and I can talk myself out of the Anxiety episode, but I feel like its gradually beating the rational side of me to a pull and talking over. Im reacting to things without thinking rational, saying things and feeling things without thinking about it, which is hurting my partner, who is trying his best to help me. Im not trying to be hurtful, and when the Rational Me regains some semblance of control, I feel terrible, but in the moment of whatever caused that reaction, the Anxiety just completely overrides that part of me and I feel like it takes away my will, my power. I feel so helpless. I feel alone. Im exhausted. And being home alone is where I feel like its gaining traction against me. I dont have anywhere to go to not be alone because my partner, understandably, doesnt want to see me right now. I cant do this.",Normal,{'anxiety':'yes'}
6yopx2,"Depressed, sick, and getting worse....","I finally got diagnosed with depression last year. Started Wellbutrin which was the greatest thing to ever happen. It's like I went from being blind to seeing vivid color. But then I got sick. First it was my gallbladder, had it removed, got a little better. But then it came back and no one knows what's wrong with me.
 
 I've been getting progressively worse since then. My doctors thought I was crazy at first until my psychiatrist said I wasn't. But by that point, I'd been 4 months into this, I can't work anymore, I can barely leave my apartment, driving has become really dangerous. So now my doctors believe me but it'll be months until I can see a specialist that can help. In the meantime, my family and friends now think I'm faking it all which is causing me regular panic attacks and my depression is creeping back in. I haven't been suicidal in a long time but I'm starting to feel that way again. 
 
 Everything was so good for awhile and then everything fell apart at once. I'm trying to be optimistic and believe someone will figure this out, but I really don't know anymore. I just want to be happy and secure.","[1, 0]",{'depressive_disorder'},"Depressed, sick, and getting worse. I finally got diagnosed with depression last year. Started Wellbutrin which was the greatest thing to ever happen. Its like I went from being blind to seeing vivid color. But then I got sick. First it was my gallbladder, had it removed, got a little better. But then it came back and no one knows whats wrong with me. Ive been getting progressively worse since then. My doctors thought I was crazy at first until my psychiatrist said I wasnt. But by that point, Id been 4 months into this, I cant work anymore, I can barely leave my apartment, driving has become really dangerous. So now my doctors believe me but itll be months until I can see a specialist that can help. In the meantime, my family and friends now think Im faking it all which is causing me regular panic attacks and my depression is creeping back in. I havent been suicidal in a long time but Im starting to feel that way again. Everything was so good for awhile and then everything fell apart at once. Im trying to be optimistic and believe someone will figure this out, but I really dont know anymore. I just want to be happy and secure.",Depression,{'anxiety':'yes'}
aw9v6e,"I can't just keep saying ""I'm proud I at least got up today""","I get it. It's better than nothing. Normally I have enough energy to get up and clean up a bit around my room and then my energy ends there. I started getting used to this feeling of ""hey at least I did something today. I'm proud I got out of bed."" But I can't keep surviving off of living like that anymore. People have responsibilities and I sure do too and accommodations will only get me so far before I enter the real world and clients start picking more reliable workers over me. It's just an endless cycle of maybe getting better but in reality not enough to be a normal person. I look at my screen for several hours a day realizing I haven't done a single thing. I haven't even spent that time to watch youtube videos or anything fun. I just sit... and I stare. I don't have the energy to do anything fun, or do anything at all. I'm beginning to lose that feeling of security I once had that I'm allowed to feel a way because of my diagnosis. I feel so sad looking at how underachieved I am. One little thing has me sleeping in for hours. I get inconvenienced once and I'm suddenly afraid to leave my room. My body aches just a little bit one day, and suddenly I'm plastered to a bed.","[1, 0]",{'depressive_disorder'},"I cant just keep saying Im proud I at least got up today. I get it. Its better than nothing. Normally I have enough energy to get up and clean up a bit around my room and then my energy ends there. I started getting used to this feeling of hey at least I did something today. Im proud I got out of bed. But I cant keep surviving off of living like that anymore. People have responsibilities and I sure do too and accommodations will only get me so far before I enter the real world and clients start picking more reliable workers over me. Its just an endless cycle of maybe getting better but in reality not enough to be a normal person. I look at my screen for several hours a day realizing I havent done a single thing. I havent even spent that time to watch youtube videos or anything fun. I just sit. and I stare. I dont have the energy to do anything fun, or do anything at all. Im beginning to lose that feeling of security I once had that Im allowed to feel a way because of my diagnosis. I feel so sad looking at how underachieved I am. One little thing has me sleeping in for hours. I get inconvenienced once and Im suddenly afraid to leave my room. My body aches just a little bit one day, and suddenly Im plastered to a bed.",Depression,{'anxiety':'yes'}
8dqyo2,Accidentally put in 2-weeks BEFORE background check - super anxious something will come up,"I got a new job (hooray!) and signed their offer letter and settled on a start date. They said it's, of course, contingent on a background check, but they were excited to have me and wanted me to start ASAP. So we settled on a start date of May 7.
 
 Thinking nothing of it, I went ahead and put in my two-week's notice at my current job. But now, I'm afraid that something is going to show up on my background check that I wasn't aware of. I have zero criminal history, not one speeding ticket, good credit (in the 700s), and I didn't lie on my resume. But what if there is some clerical error on court records or something? What if one of those horror stories happens to me? Then I'll be without a job in two weeks! 
 
 The last time I was background checked was a year ago for my current job in the insurance industry, and it must have come up clean since they hired me/didn't say anything. I just did one of those personal background checks online (paid for it and all), and nothing came up. But what if it isn't accurate?
 
 I do have a tendency to think the worst possible thing is going to happen. I was just so excited about getting this job and the offer and was super confident that the background check would turn out fine. But now I'm afraid it won't and I'll be fucked. 
 
 Obviously, in the future, I'm only going to put in two-week's notice AFTER the background check. But any reassurance would be helpful now in this current panic of mine.","[0, 0]",{'control_group'},"Accidentally put in 2weeks BEFORE background check super anxious something will come up. I got a new job hooray! and signed their offer letter and settled on a start date. They said its, of course, contingent on a background check, but they were excited to have me and wanted me to start ASAP. So we settled on a start date of May 7. Thinking nothing of it, I went ahead and put in my twoweeks notice at my current job. But now, Im afraid that something is going to show up on my background check that I wasnt aware of. I have zero criminal history, not one speeding ticket, good credit in the 700s, and I didnt lie on my resume. But what if there is some clerical error on court records or something? What if one of those horror stories happens to me? Then Ill be without a job in two weeks! The last time I was background checked was a year ago for my current job in the insurance industry, and it must have come up clean since they hired medidnt say anything. I just did one of those personal background checks online paid for it and all, and nothing came up. But what if it isnt accurate? I do have a tendency to think the worst possible thing is going to happen. I was just so excited about getting this job and the offer and was super confident that the background check would turn out fine. But now Im afraid it wont and Ill be fucked. Obviously, in the future, Im only going to put in twoweeks notice AFTER the background check. But any reassurance would be helpful now in this current panic of mine.",Normal,{'anxiety':'yes'}
63uyhq,"I don't know if I'm putting this here to be read, or just to write so I have written it.","I got told it's good to write stuff and make a network. I don't know. I suck at this stuff
 
 
 finally got diagnosed with depression, it took a lot of breakdowns, near sleepless nights and eventually hacking away at myself. But now I finally stopped getting fobbed off. 
 
 
 I tell people about it. I dont know why. Maybe its a cry for help, maybe because I feel I need to defend my actions and reactions to everything. The problem there is that I feel like people are stopping seeing me for who I am¦ Or was. They stop making jokes with me or even at me, the banter has lessened. They tell me theyll see me soon, or that if I need anything, I just need to ask.
 
 
 Im not complaining about that, its nice to know people care.
 
 
 Im complaining because I feel like I will lose my identity to my mental health, I dont need sympathy, I dont need help. I need normality.
 
 
 As I write this, I have been lying in bed for 3 hours, I managed to go for a walk earlier, before that, I was in bed for several more hours. Enough time to watch Rick and Morty completely. I used to give anything to have that kind of day, where I could forget about pressure and just lie around and be lazy. But despite watching the show, and really enjoying it, I couldnt laugh. Even while I type this, I feel nothing. No happiness, No sadness. Just emptiness. I hate it.","[1, 0]",{'depressive_disorder'},"I dont know if Im putting this here to be read, or just to write so I have written it. I got told its good to write stuff and make a network. I dont know. I suck at this stuff finally got diagnosed with depression, it took a lot of breakdowns, near sleepless nights and eventually hacking away at myself. But now I finally stopped getting fobbed off. I tell people about it. I dont know why. Maybe its a cry for help, maybe because I feel I need to defend my actions and reactions to everything. The problem there is that I feel like people are stopping seeing me for who I am Or was. They stop making jokes with me or even at me, the banter has lessened. They tell me theyll see me soon, or that if I need anything, I just need to ask. Im not complaining about that, its nice to know people care. Im complaining because I feel like I will lose my identity to my mental health, I dont need sympathy, I dont need help. I need normality. As I write this, I have been lying in bed for 3 hours, I managed to go for a walk earlier, before that, I was in bed for several more hours. Enough time to watch Rick and Morty completely. I used to give anything to have that kind of day, where I could forget about pressure and just lie around and be lazy. But despite watching the show, and really enjoying it, I couldnt laugh. Even while I type this, I feel nothing. No happiness, No sadness. Just emptiness. I hate it.",Depression,{'anxiety':'no'}
9e5c6p,College,"I graduated highschool this year. My friends are in college, are taking a gap-year, or are traveling. 
 
 Yet here I am, depressed (kind of suicidal too), and about to start working at a factory part-time. 
 
 I really wish I could go to college, but I know I can't. I won't be able to keep up my grades or deal with the stress. The stress of school was something I already couldn't deal with senior year. To me, life is already stressful enough without all these assignments and essays to write and grades to get. Towards the middle of the school year, I seriously started thinking about suicide. I planned it. Set dates so I would miss tests or an essay I knew I was going to do bad on. The only reason I didn't was because I was in my school's theatre program, so I felt like I couldn't let them down. 
 
 The thoughts are still here, but they are not as bad. But the depression is always here. I feel nothing for days, and then I feel anger and sadness for the rest. I cannot remember a time I was genuinely happy, and wasn't just distracted from my overbearing nothingness. 
 
 I couldn't bring that to college with me. I was told I should go, but I had a pretty strong feeling I would either drop out or end it. 
 
 If I go to school, it'd be for veterinary medicine. I don't even think I like that though.","[1, 0]",{'depressive_disorder'},"College. I graduated highschool this year. My friends are in college, are taking a gapyear, or are traveling. Yet here I am, depressed kind of suicidal too, and about to start working at a factory parttime. I really wish I could go to college, but I know I cant. I wont be able to keep up my grades or deal with the stress. The stress of school was something I already couldnt deal with senior year. To me, life is already stressful enough without all these assignments and essays to write and grades to get. Towards the middle of the school year, I seriously started thinking about suicide. I planned it. Set dates so I would miss tests or an essay I knew I was going to do bad on. The only reason I didnt was because I was in my schools theatre program, so I felt like I couldnt let them down. The thoughts are still here, but they are not as bad. But the depression is always here. I feel nothing for days, and then I feel anger and sadness for the rest. I cannot remember a time I was genuinely happy, and wasnt just distracted from my overbearing nothingness. I couldnt bring that to college with me. I was told I should go, but I had a pretty strong feeling I would either drop out or end it. If I go to school, itd be for veterinary medicine. I dont even think I like that though.",Depression,{'anxiety':'no'}
fdog5m,I had my first panic attack at work,"I had held myself together for this whole month Ive been working at Little Caesars. Even last night when work was absolutely horrible and I was struggling as manager because I cant get one of the crew members to listen to me and we were extremely busy. Well tonight was the night it happened. 
 
 I was already stressed out because we were extremely busy, I had let one of the other shift leads take charge because I was still stressed from the night before and wanted an easier night. We could not keep up with the customers. We were so behind. Customers were mad. None of the cleaning was done. And to top it off one of the crew members asked me to take over the rest of her shift because she had a headache. I agreed, and then remembered I had to open the next morning as well. Well just as she was about to leave and it would just be me and the other shift lead, the panic attack happened. A crew member and a customer had to get me outside because I couldnt stand up anymore. I could barely talk. I was hyperventilating. It was awful. I felt like my heart might actually explode. I have never experienced a panic afraid this bad. Im still feeling it right now. 
 
 I still have to go in to open tomorrow but we managed to get someone to help close tonight. Im scared to go in tomorrow and worried people might not respect me as their manager anymore after they hear about this. This job is killing me and Im not sure how much more I can take.","[0, 0]",{'control_group'},"I had my first panic attack at work. I had held myself together for this whole month Ive been working at Little Caesars. Even last night when work was absolutely horrible and I was struggling as manager because I cant get one of the crew members to listen to me and we were extremely busy. Well tonight was the night it happened. I was already stressed out because we were extremely busy, I had let one of the other shift leads take charge because I was still stressed from the night before and wanted an easier night. We could not keep up with the customers. We were so behind. Customers were mad. None of the cleaning was done. And to top it off one of the crew members asked me to take over the rest of her shift because she had a headache. I agreed, and then remembered I had to open the next morning as well. Well just as she was about to leave and it would just be me and the other shift lead, the panic attack happened. A crew member and a customer had to get me outside because I couldnt stand up anymore. I could barely talk. I was hyperventilating. It was awful. I felt like my heart might actually explode. I have never experienced a panic afraid this bad. Im still feeling it right now. I still have to go in to open tomorrow but we managed to get someone to help close tonight. Im scared to go in tomorrow and worried people might not respect me as their manager anymore after they hear about this. This job is killing me and Im not sure how much more I can take.",Normal,{'anxiety':'yes'}
ignjaw,a little rant,"I hate how after you break up with someone everything reminds you of them. My mind will be like, ""oh you see that bathroom cleaner right there? yeah you talked to (ex boyfriend's name) while cleaning your bathroom with that"" Like you start to remember shit that you didn't remember while you were dating them. It seriously doesn't help with getting over them. The worst is when you see something that they liked. The guy I was dating LOVED soccer and played it all the time. I used to hype him up for all his games and shit like that and now when I see ANYTHING about soccer I just get sick to my stomach and want to cry. Breakups don't mix well with Depression. It makes everything worse.","[0, 0]",{'control_group'},"a little rant. I hate how after you break up with someone everything reminds you of them. My mind will be like, oh you see that bathroom cleaner right there? yeah you talked to ex boyfriends name while cleaning your bathroom with that Like you start to remember shit that you didnt remember while you were dating them. It seriously doesnt help with getting over them. The worst is when you see something that they liked. The guy I was dating LOVED soccer and played it all the time. I used to hype him up for all his games and shit like that and now when I see ANYTHING about soccer I just get sick to my stomach and want to cry. Breakups dont mix well with Depression. It makes everything worse.",Normal,{'anxiety':'no'}
4ky9ug,"Life's looking up, still feeling down","I hate that even though my life is finally improving, I still feel terrible. For the past 3 months or so I've been weightlifting and can honestly say I'm seeing results. I have gotten over my alcoholism somewhat, and now only drink on Friday/Saturday nights, instead of needing to drink every day of the week. I also recently got hired into a well paying job in the IT department of a local bank, and will have enough money soon to move back out of my parent's house (23 year old college dropout,had to move back in 2 years ago).
 
 
 I'm working hard and these good things are happening, but when I come home from work I still feel absolutely crushed. I just feel so alone, and haven't talked to any friends in over a week, let alone hang out with anyone. I feel like I'm finally on the brink of finally beating this, but now that I can see clearly, I'm realizing the massive number of people that my negativity has alienated over the last 3-4 years. And that just kills me. I feel more isolated than ever and am afraid of falling apart completely again. I wish I still had people around me to talk to, but they all ignore me due to how negative I used to be...","[0, 0]",{'control_group'},"Lifes looking up, still feeling down. I hate that even though my life is finally improving, I still feel terrible. For the past 3 months or so Ive been weightlifting and can honestly say Im seeing results. I have gotten over my alcoholism somewhat, and now only drink on FridaySaturday nights, instead of needing to drink every day of the week. I also recently got hired into a well paying job in the IT department of a local bank, and will have enough money soon to move back out of my parents house 23 year old college dropout,had to move back in 2 years ago. Im working hard and these good things are happening, but when I come home from work I still feel absolutely crushed. I just feel so alone, and havent talked to any friends in over a week, let alone hang out with anyone. I feel like Im finally on the brink of finally beating this, but now that I can see clearly, Im realizing the massive number of people that my negativity has alienated over the last 34 years. And that just kills me. I feel more isolated than ever and am afraid of falling apart completely again. I wish I still had people around me to talk to, but they all ignore me due to how negative I used to be.",Normal,{'anxiety':'no'}
8do777,Anyone adopt a dog and find it comforting to anxiety?,"I have been a dog owner most of my life but have not owned a dog since having my daughter five years ago. We currently live in a home and a nice old neighborhood with a big backyard and as I am the type to constantly need to be doing something activity and care for an animal would not be an issue. 
 I was diagnosed with severe anxiety in my teens and the intensity of the anxiety comes and goes but general anxiety is ever present and my doctor suggested adopting an adult dog with a calm disposition and registering it as an emotional support animal. Recently I have been experiencing separation anxiety from my partner when he works long shifts or goes to the gym at night. Some days I am unable to leave my house alone and at night I am often unable to leave my own bedroom out of fear and anxiety, I do have two kids and I end up keeping them in the bedroom with me until my husband can get home to walk with me across the house or from room to room to do my checking rituals (OCD tendencies). 
 We are all for getting a dog but of course I am having anxiety about adding to the family because anything and everything gives me anxiety. If any of you have added a fur baby to your life and would share experiences and opinions it would be much appreciated!","[0, 0]",{'control_group'},"Anyone adopt a dog and find it comforting to anxiety. I have been a dog owner most of my life but have not owned a dog since having my daughter five years ago. We currently live in a home and a nice old neighborhood with a big backyard and as I am the type to constantly need to be doing something activity and care for an animal would not be an issue. I was diagnosed with severe anxiety in my teens and the intensity of the anxiety comes and goes but general anxiety is ever present and my doctor suggested adopting an adult dog with a calm disposition and registering it as an emotional support animal. Recently I have been experiencing separation anxiety from my partner when he works long shifts or goes to the gym at night. Some days I am unable to leave my house alone and at night I am often unable to leave my own bedroom out of fear and anxiety, I do have two kids and I end up keeping them in the bedroom with me until my husband can get home to walk with me across the house or from room to room to do my checking rituals OCD tendencies. We are all for getting a dog but of course I am having anxiety about adding to the family because anything and everything gives me anxiety. If any of you have added a fur baby to your life and would share experiences and opinions it would be much appreciated!",Normal,"{""anxiety"":""yes""}"
ibw65r,I give up,"I have been diagnosed with clinical depression for sometime. I hate my life, and I hate the fact that I am going to work for the person I truly despise the most even though that person really does not deserve it, but I can't help it. It is my problem that I hate with such passion about one person, and it is the motivation I need to finally off myself. I was planning to hopefully cut ties, or even maybe keep small bridges, but I cannot. I couldn't finished myself off the last time, I was in my car that day. But tomorrow is the day where I can just stab myself in the heart. I will do it, and l am happy no one will be there to see it until it is too late. I rather not leave a note or hints irl because it is just too painful to. So I will just have it on the computer at the before the time of my death. I am just leaving this shit here cause it really feels good to rant, and that it is possible to trace what I have been up to on my computer. It would really be unfair for me to off myself because of what I have also put them into, but I believe that I will be in a better place with a better mind in the next life hopefully. P.S. I should've been honest about the pills. All it did was just give me pseudo energy in my brain which I thought would be able to pull myself up, and I ended up stop going to get checked up because that shit isn't working anymore","[1, 0]",{'depressive_disorder'},"I give up. I have been diagnosed with clinical depression for sometime. I hate my life, and I hate the fact that I am going to work for the person I truly despise the most even though that person really does not deserve it, but I cant help it. It is my problem that I hate with such passion about one person, and it is the motivation I need to finally off myself. I was planning to hopefully cut ties, or even maybe keep small bridges, but I cannot. I couldnt finished myself off the last time, I was in my car that day. But tomorrow is the day where I can just stab myself in the heart. I will do it, and l am happy no one will be there to see it until it is too late. I rather not leave a note or hints irl because it is just too painful to. So I will just have it on the computer at the before the time of my death. I am just leaving this shit here cause it really feels good to rant, and that it is possible to trace what I have been up to on my computer. It would really be unfair for me to off myself because of what I have also put them into, but I believe that I will be in a better place with a better mind in the next life hopefully. P.S. I shouldve been honest about the pills. All it did was just give me pseudo energy in my brain which I thought would be able to pull myself up, and I ended up stop going to get checked up because that shit isnt working anymore",Depression,{'anxiety':'no'}
gbsxp3,Seriously Contemplating Suicide,"I have been diagnosed with depression and anxiety, and take medication for it. Before I turned 18, I kept telling my parents that I dont feel like Im taking a high enough dose to actually assist me in getting better. I fucking hate myself, but I act peppy and shit because Ive been doing it for so long.
 
 Three weeks ago my car decided to shit itself and I now owe my mom $2,600 and $1,100 for my cats tail amputation. It was stressing me the fuck out so I changed my work schedule so that I work full time. Im also still in high school. 9:45 am to 12:00 pm I have school stuff, then I leave for work at 12:30 pm and work 1:00 - 9:30 pm on weekdays. I cant not work full time if I want to pay my mom back and pay for gas and other things I want in life. Im transgender, so surgery is already a shit ton and Im trying to save money for that too.
 
 Today, as I pulled into the parking lot of my job, my check engine light came on and started flashing. I cant afford another repair and/or a new car. I make 13/hour. How the fuck am I supposed to live. So for three hours now, Ive had a really bad stomach ache from my anxiety and I feel like Ive just been a passenger watching me go through work. I just want to die. I cant do it anymore.","[1, 1]","{'depressive_disorder', 'anxiety_disorder'}","Seriously Contemplating Suicide. I have been diagnosed with depression and anxiety, and take medication for it. Before I turned 18, I kept telling my parents that I dont feel like Im taking a high enough dose to actually assist me in getting better. I fucking hate myself, but I act peppy and shit because Ive been doing it for so long. Three weeks ago my car decided to shit itself and I now owe my mom CUR2,600 and CUR1,100 for my cats tail amputation. It was stressing me the fuck out so I changed my work schedule so that I work full time. Im also still in high school. 945 am to 1200 pm I have school stuff, then I leave for work at 1230 pm and work 100 930 pm on weekdays. I cant not work full time if I want to pay my mom back and pay for gas and other things I want in life. Im transgender, so surgery is already a shit ton and Im trying to save money for that too. Today, as I pulled into the parking lot of my job, my check engine light came on and started flashing. I cant afford another repair andor a new car. I make 13hour. How the fuck am I supposed to live. So for three hours now, Ive had a really bad stomach ache from my anxiety and I feel like Ive just been a passenger watching me go through work. I just want to die. I cant do it anymore.",Comorbid (Depression + Anxiety),"{""anxiety"":""yes""}"
fx9mn6,help,"i have been diagnosed with depression and social anxiety in 2018, but i think my doc changed it to social anxiety with depressed mood in 2020 but that isnt the main point.
 main point is, 
 these days i have been easily irritated especially when i play my game or when communicating with my family. i get so pissed, irritated and annoyed that i start biting myself as if i want to eat myself, one of the bites took almost 2 or maybe 3 days for the scar/redness to go off. i have been breaking down alot especially at night, even just a few minutes ago and i dont know why. maybe its because my mum is negatively shaming me but i know she doesnt mean it the way i interpreted it. anyways, i feel like im so close to relapse. everytime i get pissed and bite myself, i get this super big anger in me to just bang the wall with my fist which i actually did a few times within these 2 weeks and like as if im going to explode. i dont think i have any panic attacks too. and the suicidal thoughts are coming back, tho actions of suicidal thoughts are not.
 i just need some clarification because im just a few months away from 1 year of not having a FULL relapse. (im a girl, and my period just got done, so i can assure it isnt a pms problem)","[1, 1]","{'depressive_disorder', 'anxiety_disorder'}","help. i have been diagnosed with depression and social anxiety in 2018, but i think my doc changed it to social anxiety with depressed mood in 2020 but that isnt the main point. main point is, these days i have been easily irritated especially when i play my game or when communicating with my family. i get so pissed, irritated and annoyed that i start biting myself as if i want to eat myself, one of the bites took almost 2 or maybe 3 days for the scarredness to go off. i have been breaking down alot especially at night, even just a few minutes ago and i dont know why. maybe its because my mum is negatively shaming me but i know she doesnt mean it the way i interpreted it. anyways, i feel like im so close to relapse. everytime i get pissed and bite myself, i get this super big anger in me to just bang the wall with my fist which i actually did a few times within these 2 weeks and like as if im going to explode. i dont think i have any panic attacks too. and the suicidal thoughts are coming back, tho actions of suicidal thoughts are not. i just need some clarification because im just a few months away from 1 year of not having a FULL relapse. im a girl, and my period just got done, so i can assure it isnt a pms problem",Comorbid (Depression + Anxiety),{'anxiety':'yes'}
6ty64x,Can my health insurance spontaneously stop covering me?,"I have been stressed and anxious about this scenario in my head for days.
 
 Due to some unfortunate mental health incidents this year, I have had three hospital stays and several intensive programs to attempt to get things back on the up and up. Because of this, I have had multiple weekly appointments with two different therapists (different types of therapy) and one support group, as well as a psychiatrist monthly, to maintain wellness, or at least stay on the path to achieve wellness again. My insurance has covered these appointments thus far, with the exception of my support group (I just found out), but they said that I just need to prove medical necessity.
 
 The question I've been fretting over: Can my mental health insurance just stop covering me spontaneously? I'm afraid that they will realize I am going to ""too many"" appointments and decide to peace out.
 
 I've met my out of pocket max for the year, so I haven't had to pay anything for these visits, but it's just been making me nervous, like something is wrong.
 
 Keep in mind, I've had a fair share of mental health stuff this year, so I might just be anxious as F. But please - if anyone can share any wisdom, I'd really appreciate it.
 
 Additionally, I've been told by professionals in the past that my insurance is a pain in the ass to deal with, so I feel guilty about it as well. I just don't want to be a problem, and I want everyone to get paid.","[0, 0]",{'control_group'},"Can my health insurance spontaneously stop covering me. I have been stressed and anxious about this scenario in my head for days. Due to some unfortunate mental health incidents this year, I have had three hospital stays and several intensive programs to attempt to get things back on the up and up. Because of this, I have had multiple weekly appointments with two different therapists different types of therapy and one support group, as well as a psychiatrist monthly, to maintain wellness, or at least stay on the path to achieve wellness again. My insurance has covered these appointments thus far, with the exception of my support group I just found out, but they said that I just need to prove medical necessity. The question Ive been fretting over Can my mental health insurance just stop covering me spontaneously? Im afraid that they will realize I am going to too many appointments and decide to peace out. Ive met my out of pocket max for the year, so I havent had to pay anything for these visits, but its just been making me nervous, like something is wrong. Keep in mind, Ive had a fair share of mental health stuff this year, so I might just be anxious as F. But please if anyone can share any wisdom, Id really appreciate it. Additionally, Ive been told by professionals in the past that my insurance is a pain in the ass to deal with, so I feel guilty about it as well. I just dont want to be a problem, and I want everyone to get paid.",Normal,{'anxiety':'yes'}
elzurc,I'm misunderstood,"I have had diagnosed depression for 5 years and has been an on going battle. I have a very limited support system. Support only goes so far when your needs are being met. I have food, water, a bed to sleep In and few luxuries. But, that shit doesnt matter because I'm miserable with or without these things. Because psychologicaly my needs arent being met. I dont have like minded people in my regular life. I have to compensate parts of myself to fit someone elses description. 
 
 On the worst days it feels like my best isn't good enough. I reach out to people all the time and I try to be the friend I've always wanted. Someone like minded who takes an active Interest in the relationship. Because (for the most part) I'm always initiating. Feeling like you make no impact in peoples lives is heart breaking. Sure when you text first your the best of friends but when months pass and I dont hear anything from anyone. It makes me feel awful. Now in some cases I have been a toxic friend too be around I also play a part in my relationships. 
 
 But, even when I'm at my best I'm not important enough to remember but I always remember them and guide them through hard times. It's hard to be a kind and understanding person when no one shows you the same respect. It's worse is people are all talk they say the right things. But actions never match their words. And in the rare occasion they do it never lasts eventually they drift away. And I'm fucking tired of it","[1, 0]",{'depressive_disorder'},"Im misunderstood. I have had diagnosed depression for 5 years and has been an on going battle. I have a very limited support system. Support only goes so far when your needs are being met. I have food, water, a bed to sleep In and few luxuries. But, that shit doesnt matter because Im miserable with or without these things. Because psychologicaly my needs arent being met. I dont have like minded people in my regular life. I have to compensate parts of myself to fit someone elses description. On the worst days it feels like my best isnt good enough. I reach out to people all the time and I try to be the friend Ive always wanted. Someone like minded who takes an active Interest in the relationship. Because for the most part Im always initiating. Feeling like you make no impact in peoples lives is heart breaking. Sure when you text first your the best of friends but when months pass and I dont hear anything from anyone. It makes me feel awful. Now in some cases I have been a toxic friend too be around I also play a part in my relationships. But, even when Im at my best Im not important enough to remember but I always remember them and guide them through hard times. Its hard to be a kind and understanding person when no one shows you the same respect. Its worse is people are all talk they say the right things. But actions never match their words. And in the rare occasion they do it never lasts eventually they drift away. And Im fucking tired of it",Depression,{'anxiety':'no'}
40axvg,Question regarding lexapro,"I have had manic depression and bad anxiety for 5 years due to structural issues in my life that probaly can not be changed, I recently manned up and went to see a doc about it and got diagnosed with depression, ruminating worry anxiety, generalized anxiety as well.
 
 The doc started me on 10 mg of lexarpro daily and I am wondering if this stuff worked for you, i was told it takes a few weeks to work.
 
 I am wondering if any one can tell me when it will kick in, if lexapro is a good med with good feedback, and most importantly... what will it fix or help for me...
 
 I basically have been borderline seriously wanting to end it all, not for attention either, even got half of my affairs in order, every day i wake up feeling completely despondent, i have really bad anxiety around people and want to leave asap whether it be family, old friends, or strangers. I always feel on edge, i am very sensitive to loud or moderatly loud noises, I have this terrible pit in my gut 24/7, every night I have the same reoccuring dark night of the soul. Not taking care of myself, etc...
 
 Music does nothing for me, tv and films i have no patience for either, i can not do just one thing, i always have to have something else to stimulate me during work and it recently has been documentarys or lectures but that thrill is gone now. I do things out of habit and tell people what i think they want to hear.... So much more then this, but wondering if this is going to help and when....","[1, 1]","{'depressive_disorder', 'anxiety_disorder'}","Question regarding lexapro. I have had manic depression and bad anxiety for 5 years due to structural issues in my life that probaly can not be changed, I recently manned up and went to see a doc about it and got diagnosed with depression, ruminating worry anxiety, generalized anxiety as well. The doc started me on 10 mg of lexarpro daily and I am wondering if this stuff worked for you, i was told it takes a few weeks to work. I am wondering if any one can tell me when it will kick in, if lexapro is a good med with good feedback, and most importantly. what will it fix or help for me. I basically have been borderline seriously wanting to end it all, not for attention either, even got half of my affairs in order, every day i wake up feeling completely despondent, i have really bad anxiety around people and want to leave asap whether it be family, old friends, or strangers. I always feel on edge, i am very sensitive to loud or moderatly loud noises, I have this terrible pit in my gut 247, every night I have the same reoccuring dark night of the soul. Not taking care of myself, etc. Music does nothing for me, tv and films i have no patience for either, i can not do just one thing, i always have to have something else to stimulate me during work and it recently has been documentarys or lectures but that thrill is gone now. I do things out of habit and tell people what i think they want to hear. So much more then this, but wondering if this is going to help and when.",Comorbid (Depression + Anxiety),{'anxiety':'yes'}
40f9bq,my depression is ruining my relationship,"I have known my boyfriend about 4 years and we've been seriously dating for two. In the beginning everything was fine, I was confident in our relationship and we never really had any arguments. Then I tried nuvaring for birth control and everything went downhill from there. I would burst into tears randomly when we'd be out. I would pick fights over any little thing. I went off nuvaring and everything was fine for a short while, I was also working out at this time. A few months later I began feeling horrible about myself and behaving like a nightmare, I would yell at him to leave me because I felt that I was ruining his life. I was diagnosed with major depressive disorder about 5 months ago and have been on welbutrin generic buprion SR and Xl. During my honeymoon phase of welbutrin SR everything was perfect. We were laughing and having fun. Then i went back to my old self, and maybe even worse. Im on welbutrin Xl right now and feel fine. But I feel that I am sabotaging my relationship, I love my boyfriend but I feel like I've ruined his life. I feel like my behavior and depression has brought him down, and that he can do much better. Depression has ruined our relationship and I don't know if it can be salvaged. I don't know whether to seek out an individual therapist and stay in this relationship, or if I should ask my boyfriend for space, which I really don't want to do because I love him.","[1, 0]",{'depressive_disorder'},"my depression is ruining my relationship. I have known my boyfriend about 4 years and weve been seriously dating for two. In the beginning everything was fine, I was confident in our relationship and we never really had any arguments. Then I tried nuvaring for birth control and everything went downhill from there. I would burst into tears randomly when wed be out. I would pick fights over any little thing. I went off nuvaring and everything was fine for a short while, I was also working out at this time. A few months later I began feeling horrible about myself and behaving like a nightmare, I would yell at him to leave me because I felt that I was ruining his life. I was diagnosed with major depressive disorder about 5 months ago and have been on welbutrin generic buprion SR and Xl. During my honeymoon phase of welbutrin SR everything was perfect. We were laughing and having fun. Then i went back to my old self, and maybe even worse. Im on welbutrin Xl right now and feel fine. But I feel that I am sabotaging my relationship, I love my boyfriend but I feel like Ive ruined his life. I feel like my behavior and depression has brought him down, and that he can do much better. Depression has ruined our relationship and I dont know if it can be salvaged. I dont know whether to seek out an individual therapist and stay in this relationship, or if I should ask my boyfriend for space, which I really dont want to do because I love him.",Depression,{'anxiety':'no'}
cnvtl1,Does anyone suffocate themselves to feel better?,"I have never been one to self harm. I've been mentally unwell for a while but I've never really considered it an option. Recently, I've started to suffocate myself either with my hands or my pillow when I'm sick of not feeling anything. It's the closest to killing myself that I will get. 
 
 I like the small part of my body almost thinking that this is it. I feel a small bit of release when my body is asking for more air but it cannot get it. It distracts me from how miserable and alone I am in the moment. I know that people wouldn't miss me if I was gone. Maybe they'd not like the idea at first, but I know they'd be happier without me. 
 
 I feel weak for not having the courage to do the actual thing. It feels like it will never end. I'm using all the resources that I have and after a while of getting better, I'm completely crashing. I'm crashing and I'm so scared of how bad I might get. I want this to end so bad. 
 
 I already have a counselor and medication, so I don't know what else to do. I must be able to do more and I really do want to get better. I need help, and since I'm not getting it anywhere else, I turn to Reddit. Please help me. It's getting so bad. I don't know that to do.","[1, 1]","{'depressive_disorder', 'anxiety_disorder'}","Does anyone suffocate themselves to feel better. I have never been one to self harm. Ive been mentally unwell for a while but Ive never really considered it an option. Recently, Ive started to suffocate myself either with my hands or my pillow when Im sick of not feeling anything. Its the closest to killing myself that I will get. I like the small part of my body almost thinking that this is it. I feel a small bit of release when my body is asking for more air but it cannot get it. It distracts me from how miserable and alone I am in the moment. I know that people wouldnt miss me if I was gone. Maybe theyd not like the idea at first, but I know theyd be happier without me. I feel weak for not having the courage to do the actual thing. It feels like it will never end. Im using all the resources that I have and after a while of getting better, Im completely crashing. Im crashing and Im so scared of how bad I might get. I want this to end so bad. I already have a counselor and medication, so I dont know what else to do. I must be able to do more and I really do want to get better. I need help, and since Im not getting it anywhere else, I turn to Reddit. Please help me. Its getting so bad. I dont know that to do.",Comorbid (Depression + Anxiety),{'anxiety':'yes'}
np2tnn,What are your experiences with Skullcap?,"I have some skullcap powder here but have no clue how to use it. I originally bought it for having something for my depression and social anxiety because I just came off my antidepressant (which didnt do a thing for me). I wanted to try some supplements I never tried before instead. One of it: skullcap.
 
 To my questions:
 
 1. Can I use it one week after quitting my antidepressant (Amitriptyline)? Or will there be possible dangerous interactions still?
 
 2.1 What would you describe the effects of Skullcap like? Are they very subtle, near placebo or rather significant and psychoactively noticeable?
 
 2.2 What was your experience with Skullcap? What did the effects feel like?
 Regarding depression, mood, anhedonia, motivation, anxiety, ESPECIALLY social anxiety, sociability, talkativeness, not worrying or thinking too much what others might think about you etc.
 
 3. Also what was your dose?
 
 4. Is it something that works right away from first dose or rather something like antidepressants or St Johns Wort that needs to be taken daily regularly for a long time until effects start kicking in noticeably?
 
 5. Are there any other substances like supplements/nootropics that you found to be effective and more than subtle/placebo having a significant and noticeable psychoactive effect or helping immensely with depression or social anxiety?
 
 Thank you for every info!","[1, 1]","{'depressive_disorder', 'anxiety_disorder'}","What are your experiences with Skullcap. I have some skullcap powder here but have no clue how to use it. I originally bought it for having something for my depression and social anxiety because I just came off my antidepressant which didnt do a thing for me. I wanted to try some supplements I never tried before instead. One of it skullcap. To my questions 1. Can I use it one week after quitting my antidepressant Amitriptyline? Or will there be possible dangerous interactions still? 2.1 What would you describe the effects of Skullcap like? Are they very subtle, near placebo or rather significant and psychoactively noticeable? 2.2 What was your experience with Skullcap? What did the effects feel like? Regarding depression, mood, anhedonia, motivation, anxiety, ESPECIALLY social anxiety, sociability, talkativeness, not worrying or thinking too much what others might think about you etc. 3. Also what was your dose? 4. Is it something that works right away from first dose or rather something like antidepressants or St Johns Wort that needs to be taken daily regularly for a long time until effects start kicking in noticeably? 5. Are there any other substances like supplementsnootropics that you found to be effective and more than subtleplacebo having a significant and noticeable psychoactive effect or helping immensely with depression or social anxiety? Thank you for every info!",Comorbid (Depression + Anxiety),{'anxiety':'yes'}
7tazy9,"I could use some encouragement and someone to talk to. Please, only if it's not generic, force-feed responses.","I have struggled with multiple mental issues my entire life. Not only chemically, but situationally as well. My mom lost me to meth at a young age and I grew up in my dad's ""care"". He was an awful father and constantly that on me and made me feel like less than nothing because of my failures. I was kicked out at 14, jumped around from place to place, then went to job corps followed by the military. I got kicked out after a few years. I've tried so hard my entire life with very little results. Without trying to sound arrogant, I've got so much potential. In my opinion it's made it worse because I've felt like I've never come close to that potential. I just found out today that not only did my mom lose me to drugs, but she did them while she was pregnant with me. Every symptom fits perfectly. I feel even worse than I always have, not only because the only real love I've ever felt was from my mom and it's brought that into question, but more so the fact that my dad made me feel so worthless. All the while knowing I would was a drug baby. I've rambled on. I'll end it now.","[0, 0]",{'control_group'},"I could use some encouragement and someone to talk to. Please, only if its not generic, forcefeed responses. I have struggled with multiple mental issues my entire life. Not only chemically, but situationally as well. My mom lost me to meth at a young age and I grew up in my dads care. He was an awful father and constantly that on me and made me feel like less than nothing because of my failures. I was kicked out at 14, jumped around from place to place, then went to job corps followed by the military. I got kicked out after a few years. Ive tried so hard my entire life with very little results. Without trying to sound arrogant, Ive got so much potential. In my opinion its made it worse because Ive felt like Ive never come close to that potential. I just found out today that not only did my mom lose me to drugs, but she did them while she was pregnant with me. Every symptom fits perfectly. I feel even worse than I always have, not only because the only real love Ive ever felt was from my mom and its brought that into question, but more so the fact that my dad made me feel so worthless. All the while knowing I would was a drug baby. Ive rambled on. Ill end it now.",Normal,"{""anxiety"":""no""}"
fmkkx8,Im (15) very unhappy. I cant help but think of suicide every single day.,"I have the feeling that life was never made for me. I know life wasnt meant to be easy. But Im very unhappy and I feel like Im useless. I have pretty good grades but I feel like theyre useless because theres nothing that could make me happy. Nothing that I enjoy. Nothing I would love to do every day.
 
 I dont have any close friends that I could talk to and my family would never understand. They would flip out if I'd ask about visiting a therapist again. My parents made an exception for a therapist a few years ago. Ive been to a therapist when I was 10/11 for a few months because my older brother passed away due to suicide and I couldnt cope with that at all. I was diagnosed with ""beginning depression"" and social anxiety.
 
 But now Im just at my lowest again for no reason. I havent showered in 5 weeks, I barely eat, I dont have the energy to get up in the morning and brush my teeth/hair, I hate going out (i often postpone important appointments because I dont have the energy to get up) and I dont even want to start talking about the condition of my room. Im always tired and I feel like my only way out is suicide.","[1, 1]","{'depressive_disorder', 'anxiety_disorder'}","Im 15 very unhappy. I cant help but think of suicide every single day. I have the feeling that life was never made for me. I know life wasnt meant to be easy. But Im very unhappy and I feel like Im useless. I have pretty good grades but I feel like theyre useless because theres nothing that could make me happy. Nothing that I enjoy. Nothing I would love to do every day. I dont have any close friends that I could talk to and my family would never understand. They would flip out if Id ask about visiting a therapist again. My parents made an exception for a therapist a few years ago. Ive been to a therapist when I was 1011 for a few months because my older brother passed away due to suicide and I couldnt cope with that at all. I was diagnosed with beginning depression and social anxiety. But now Im just at my lowest again for no reason. I havent showered in 5 weeks, I barely eat, I dont have the energy to get up in the morning and brush my teethhair, I hate going out i often postpone important appointments because I dont have the energy to get up and I dont even want to start talking about the condition of my room. Im always tired and I feel like my only way out is suicide.",Comorbid (Depression + Anxiety),{'anxiety':'yes'}
7v2sry,"I'm broken, with no adhesive to fix","I have whatever I could need. I have all the happiness in the world. A girlfriend, parents, a home, food, water, ps4 for me to play, friends, the whole thing. But I'm broken. I'm scared to lose my girlfriend, i don't feel I deserve food, or water, friends, parents, anything. I wonder how long until I lose it all. I've been told I'm fragile, and I hate that. Not that they called me that, because I am that. I hate myself for being weak. I hate my looks, my personality, my smile, but at the same time, I can't hate anything. I just feel sad. I feel empty. I want to die. I want it to be over. But I'm still scared, that it will somehow hurt someone I hadn't foreseen, so guess I'm too F R A G I L E to do that. Weakness. I wish I could physically beat it out of myself, to beat myself senseless every single day, forever. I want to cause harm to myself, because I'm fragile. I'd be easy to break, over and over, into smaller and smaller pieces, and pieces smaller more. It feels awful, but I still want to do it.
 
 I want to end myself, not because of what I am not, because of what I am. That's the bests reason to do it that I've ever come up with.","[1, 0]",{'depressive_disorder'},"Im broken, with no adhesive to fix. I have whatever I could need. I have all the happiness in the world. A girlfriend, parents, a home, food, water, ps4 for me to play, friends, the whole thing. But Im broken. Im scared to lose my girlfriend, i dont feel I deserve food, or water, friends, parents, anything. I wonder how long until I lose it all. Ive been told Im fragile, and I hate that. Not that they called me that, because I am that. I hate myself for being weak. I hate my looks, my personality, my smile, but at the same time, I cant hate anything. I just feel sad. I feel empty. I want to die. I want it to be over. But Im still scared, that it will somehow hurt someone I hadnt foreseen, so guess Im too F R A G I L E to do that. Weakness. I wish I could physically beat it out of myself, to beat myself senseless every single day, forever. I want to cause harm to myself, because Im fragile. Id be easy to break, over and over, into smaller and smaller pieces, and pieces smaller more. It feels awful, but I still want to do it. I want to end myself, not because of what I am not, because of what I am. Thats the bests reason to do it that Ive ever come up with.",Depression,"{""anxiety"":""yes""}"
6a3e4r,I feel so weak.,"I haven't been through enough to be as fucked up as I am. I can't function, I've gotta change schools because I'm just not going to school ever currently, I have no motivation to do anything, I just lie in bed all day wasting away, and I'm only 16. I've covered my body in self harm cuts, burns and scars, I've attempted suicide, I feel so emotionally unstable all the time, one minute I'm extremely depressed then I'll get extremely angry at the smallest of things then I'll go manic without warning and that'll keep happening over and over again, I'm just a huge disappointment. My parents are still together, happy, my mum tries to support me as much as she can, my dad doesn't really understand how I work so he doesn't help me much, but I live in a house, I have food, we might not have all the money we could ever want but we have enough to get by. I've been physically, verbally, emotionally and sexually abused a fair bit in my past, my mum went through a very scary and deadly battle with cancer for a couple of years back beginning in 2013, I've had friends use me as an emotional and physical punching bag for whenever they're down, and I've always had a fuckton of pressure put on me at school, but it doesn't feel like enough. People go through much worse things, I feel so worthless for getting so beaten down by such minor things.","[0, 0]",{'control_group'},"I feel so weak. I havent been through enough to be as fucked up as I am. I cant function, Ive gotta change schools because Im just not going to school ever currently, I have no motivation to do anything, I just lie in bed all day wasting away, and Im only 16. Ive covered my body in self harm cuts, burns and scars, Ive attempted suicide, I feel so emotionally unstable all the time, one minute Im extremely depressed then Ill get extremely angry at the smallest of things then Ill go manic without warning and thatll keep happening over and over again, Im just a huge disappointment. My parents are still together, happy, my mum tries to support me as much as she can, my dad doesnt really understand how I work so he doesnt help me much, but I live in a house, I have food, we might not have all the money we could ever want but we have enough to get by. Ive been physically, verbally, emotionally and sexually abused a fair bit in my past, my mum went through a very scary and deadly battle with cancer for a couple of years back beginning in 2013, Ive had friends use me as an emotional and physical punching bag for whenever theyre down, and Ive always had a fuckton of pressure put on me at school, but it doesnt feel like enough. People go through much worse things, I feel so worthless for getting so beaten down by such minor things.",Normal,"{""anxiety"":""no""}"
755unn,i'm the dumbest person ever.,"i haven't even been diagnosed with depression by my therapist but she has recommended a psychiatrist and meds so hell, I figured this was a good place to write this down.
 
 today I was talking to my sister and my dad and my dad started to ask my sister about her career. She started talking about what she wants to do after she's done studying and about studying abroad and she explained her discipline in such a great way, like she's really into it and honestly it's great and I would have been so happy with the conversation... but my dad asked me about mine.
 
 I didn't know what to do or say and I just felt like such a fucking dumbass, like I don't even know what I'm doing in life and I'll never achieve anything because I'm stupid, I'm lazy, I'm disgusting and so many more things. I just tried to get off the topic as quickly as I could and now I'm here, alone in my bed holding in the tears (that probably won't even come off, lately I've been feeling like crying a TON but for some reason my body just won't do it), feeling like I am worth 0. Like why would somebody even like me? 
 
 idk.","[0, 0]",{'control_group'},"im the dumbest person ever. i havent even been diagnosed with depression by my therapist but she has recommended a psychiatrist and meds so hell, I figured this was a good place to write this down. today I was talking to my sister and my dad and my dad started to ask my sister about her career. She started talking about what she wants to do after shes done studying and about studying abroad and she explained her discipline in such a great way, like shes really into it and honestly its great and I would have been so happy with the conversation. but my dad asked me about mine. I didnt know what to do or say and I just felt like such a fucking dumbass, like I dont even know what Im doing in life and Ill never achieve anything because Im stupid, Im lazy, Im disgusting and so many more things. I just tried to get off the topic as quickly as I could and now Im here, alone in my bed holding in the tears that probably wont even come off, lately Ive been feeling like crying a TON but for some reason my body just wont do it, feeling like I am worth 0. Like why would somebody even like me? idk.",Normal,{'anxiety':'no'}
axec9e,This helped me so much,"I hope this philosophical quote will help you as well. It can be applied to any aspect of life like suicide, eating disorder, school etc. Worry less about the things that happened to you. If youre unable to find hope and dislike Standard uplifting quotes then this might helped you although it might seem cynical. 
 
 If you marry, you will regret it; if you do not marry, you will also regret it; if you marry or do not marry, you will regret both; Laugh at the worlds follies, you will regret it, weep over them, you will also regret that; laugh at the worlds follies or weep over them, you will regret both; whether you laugh at the worlds follies or weep over them, you will regret both. Believe a woman, you will regret it, believe her not, you will also regret that; believe a woman or believe her not, you will regret both; whether you believe a woman or believe her not, you will regret both. Hang yourself, you will regret it; do not hang yourself, and you will also regret that; hang yourself or do not hang yourself, you will regret both; whether you hang yourself or do not hang yourself, you will regret both. This, gentlemen, is the sum and substance of all philosophy.
 SÃ¸ren Kierkegaard, Either/Or: A Fragment of Life","[0, 0]",{'control_group'},"This helped me so much. I hope this philosophical quote will help you as well. It can be applied to any aspect of life like suicide, eating disorder, school etc. Worry less about the things that happened to you. If youre unable to find hope and dislike Standard uplifting quotes then this might helped you although it might seem cynical. If you marry, you will regret it if you do not marry, you will also regret it if you marry or do not marry, you will regret both Laugh at the worlds follies, you will regret it, weep over them, you will also regret that laugh at the worlds follies or weep over them, you will regret both whether you laugh at the worlds follies or weep over them, you will regret both. Believe a woman, you will regret it, believe her not, you will also regret that believe a woman or believe her not, you will regret both whether you believe a woman or believe her not, you will regret both. Hang yourself, you will regret it do not hang yourself, and you will also regret that hang yourself or do not hang yourself, you will regret both whether you hang yourself or do not hang yourself, you will regret both. This, gentlemen, is the sum and substance of all philosophy. Sren Kierkegaard, EitherOr A Fragment of Life",Normal,{'anxiety':'no'}
82vb72,"I'm a terrible person, I deserve this suffering and I deserve to die","I influence people in such a bad way, I am certain that those around me would at this time be much better off with me gone. 
 
 I am given opportunity after opportunity and I just fail and fail and fail.
 
 I know I could I just can't, there is this wall or block or chain or something holding me back and I want to get free but am unable to do so and it's killing me. It's killing the people around me. 
 
 It's like I'm fundamentally broken, rotten. It's like this is impossible to fix. 
 
 At the back of my mind I know these are the depressive episode and stress saying all this and repeating it in my head, but I can't stop it. I don't know when it will stop. I am at the mercy of this godawful illness and I'd do anything for it to stop. I'd do anything for a cure, for some way out of this hell that is created in my mind. I'm just selfishly writing this in the hope that some response will maybe make me feel better, I am so desperate I don't know what else to do. 
 
 It feels like life just cornered me and the only way out is dying, but fuck do I really really really wish there is another way, I really don't want to die, but it feels like I have to.","[1, 0]",{'depressive_disorder'},"Im a terrible person, I deserve this suffering and I deserve to die. I influence people in such a bad way, I am certain that those around me would at this time be much better off with me gone. I am given opportunity after opportunity and I just fail and fail and fail. I know I could I just cant, there is this wall or block or chain or something holding me back and I want to get free but am unable to do so and its killing me. Its killing the people around me. Its like Im fundamentally broken, rotten. Its like this is impossible to fix. At the back of my mind I know these are the depressive episode and stress saying all this and repeating it in my head, but I cant stop it. I dont know when it will stop. I am at the mercy of this godawful illness and Id do anything for it to stop. Id do anything for a cure, for some way out of this hell that is created in my mind. Im just selfishly writing this in the hope that some response will maybe make me feel better, I am so desperate I dont know what else to do. It feels like life just cornered me and the only way out is dying, but fuck do I really really really wish there is another way, I really dont want to die, but it feels like I have to.",Depression,{'anxiety':'no'}
bojtmd,The darkness is coming back | m42,"I just feel like I need to let this out now. So just dumping my thoughts here.
 
 About 5 years ago I got diagnosed with an acute case of depression and sent to a clinic for one month. Therapy after that went on for about 6 months. That helped, at least somewhat.
 
 2 years ago I was diagnosed with ADHD. That brought some light to as why the same shit happend again and again. Another 6 months of ADHD therapy.
 
 Got a new job, things look fine on the surface. I can do whatever I want basically. Which mostly leads to me doing nothing.
 
 But it does not make me happy. I don't know what does. I don't know if I ever knew.
 
 Lately everything feels pointless again.
 
 Climate change, general suffering in the world. I have Weltschmerz. That's about all I have. I don't have ambition to achieve anything like my friends or peer group does. That doesn't mean I haven't achieved anything.
 
 I got a masters degree in cs, am married for 14 years, got 2 kids. But I feel empty and everything that happened felt like I was just watching my life happening and in the rarest cases actively making it happen. All achievements mean nothing to me.
 
 I get by with doing the bare minimum at work and open and close the same 3 websites for hours in an endless loop without interacting with them. I always slacked so hard on all tasks it is not even funny. The worst thing is, that I'm really smart and disappointed in myself for not living up to my potential.
 
 I'm having dark thoughts for the last 2 weeks and my mood is getting worse.
 
 I made an appointment with my shrink for July.
 
 Thanks for listening.","[1, 0]",{'depressive_disorder'},"The darkness is coming back | m42. I just feel like I need to let this out now. So just dumping my thoughts here. About 5 years ago I got diagnosed with an acute case of depression and sent to a clinic for one month. Therapy after that went on for about 6 months. That helped, at least somewhat. 2 years ago I was diagnosed with ADHD. That brought some light to as why the same shit happend again and again. Another 6 months of ADHD therapy. Got a new job, things look fine on the surface. I can do whatever I want basically. Which mostly leads to me doing nothing. But it does not make me happy. I dont know what does. I dont know if I ever knew. Lately everything feels pointless again. Climate change, general suffering in the world. I have Weltschmerz. Thats about all I have. I dont have ambition to achieve anything like my friends or peer group does. That doesnt mean I havent achieved anything. I got a masters degree in cs, am married for 14 years, got 2 kids. But I feel empty and everything that happened felt like I was just watching my life happening and in the rarest cases actively making it happen. All achievements mean nothing to me. I get by with doing the bare minimum at work and open and close the same 3 websites for hours in an endless loop without interacting with them. I always slacked so hard on all tasks it is not even funny. The worst thing is, that Im really smart and disappointed in myself for not living up to my potential. Im having dark thoughts for the last 2 weeks and my mood is getting worse. I made an appointment with my shrink for July. Thanks for listening.",Depression,{'anxiety':'no'}
c69mj6,Losing sleep over my PTSD nightmares/night terrors,"I just recently discovered that I have PTSD. My psychologist diagnosed me in November, but never told me about it until June when my therapist brought it up. I first didn't understand because I originally only thought cops, soldiers, child abuse victims, etc could only get PSTD. I was told it was because of my father having a heart attack, finding him on the floor covered in puke, my grandmother dying of cancer in 2017, being kicked out of my house, and my family, and I being forced to live with my mentally abusive grandfather. 
 
 Every night I have the same damn nightmares. It's either me sitting in the room I had to stay in at my grandfather's with him standing in the room, and screaming at me for being so stupid, and worthless. Another dream is my father dying, I have to save him, but always fail. The last dream is my grandmother in her coffin, and she begins telling me that she is alive, and that I need to tell everyone before she is buried, it once again fails, and she is buried, screaming for me to help her. 
 
 These dreams always break my heart, and I've decided to stop going to sleep early, and I've been now going to sleep at like 2am, and 3am. Sleep just isn't enjoyable for me anymore. I don't know how to stop them.","[0, 0]",{'control_group'},"Losing sleep over my PTSD nightmaresnight terrors. I just recently discovered that I have PTSD. My psychologist diagnosed me in November, but never told me about it until June when my therapist brought it up. I first didnt understand because I originally only thought cops, soldiers, child abuse victims, etc could only get PSTD. I was told it was because of my father having a heart attack, finding him on the floor covered in puke, my grandmother dying of cancer in 2017, being kicked out of my house, and my family, and I being forced to live with my mentally abusive grandfather. Every night I have the same damn nightmares. Its either me sitting in the room I had to stay in at my grandfathers with him standing in the room, and screaming at me for being so stupid, and worthless. Another dream is my father dying, I have to save him, but always fail. The last dream is my grandmother in her coffin, and she begins telling me that she is alive, and that I need to tell everyone before she is buried, it once again fails, and she is buried, screaming for me to help her. These dreams always break my heart, and Ive decided to stop going to sleep early, and Ive been now going to sleep at like 2am, and 3am. Sleep just isnt enjoyable for me anymore. I dont know how to stop them.",Normal,"{""anxiety"":""no""}"
54qe8u,Leaving a masters program?,"I just started a masters program a few weeks ago.
 
 I have been miserable and have had moments of suicidal thoughts over the past few weeks. My anxiety, depression, and OCD are at some of their worst levels ever (I've suffered from all 3 for the past 15 or so years). I've had 3 panic attacks in the past 10 days after not having any for nearly 5 years. 
 
 It's not that the program is crazy hard, or that the people involved are bad, but I cannot handle it and I am just not interested. And the frustration from feeling so dumb and inferior to everyone, coupled with the pressure to succeed and present at conferences, and the fact that I do not want to be in the program but feel like I have to in order to move forward in my field .. sigh. I feel very trapped. I do not like having one subject be my entire world, 24/7. I feel claustrophobic.
 
 At this point if I drop, I cannot be reimbursed for any of the money I have spent thus far. I do wonder if a medical leave would allow for reimbursement? Either way ..
 
 Do I stay the course, or should I drop out? 
 
 I don't know what to do or where to turn .. I can't even talk to my fiance about it because I feel like such a burden. I feel like I have no one to talk to anymore. Please help.","[1, 1]","{'depressive_disorder', 'anxiety_disorder'}","Leaving a masters program. I just started a masters program a few weeks ago. I have been miserable and have had moments of suicidal thoughts over the past few weeks. My anxiety, depression, and OCD are at some of their worst levels ever Ive suffered from all 3 for the past 15 or so years. Ive had 3 panic attacks in the past 10 days after not having any for nearly 5 years. Its not that the program is crazy hard, or that the people involved are bad, but I cannot handle it and I am just not interested. And the frustration from feeling so dumb and inferior to everyone, coupled with the pressure to succeed and present at conferences, and the fact that I do not want to be in the program but feel like I have to in order to move forward in my field . sigh. I feel very trapped. I do not like having one subject be my entire world, 247. I feel claustrophobic. At this point if I drop, I cannot be reimbursed for any of the money I have spent thus far. I do wonder if a medical leave would allow for reimbursement? Either way . Do I stay the course, or should I drop out? I dont know what to do or where to turn . I cant even talk to my fiance about it because I feel like such a burden. I feel like I have no one to talk to anymore. Please help.",Comorbid (Depression + Anxiety),{'anxiety':'yes'}
ol78lq,Decide to finally look this community up,"I just want say I've been dealing with a lot of stuff from the past, I don't know if I can call it PTSD, but I've been doing EMDR for it. I just checked the posts here and I already relate a lot to so much you guys say.
 
 The feeling of not knowing whether my trauma (if I can even call it that) is relevant enough. The lack of justice and accountability. The wanting for karma to strike them, or for them to suffer for what they have done. I saw the term just world fallacy here, which is something I have been looking into a lot. I feel like a victim, but I feel inadequate. I feel that feeling like a victim is just me overreacting to things, I've been told that.
 
 I feel stupid. I feel it's all my fault. I should have known better. And maybe someday I'll tell my story. But not now. It's really hard to do anything now. I'm really triggered. If I even have the right to say I'm triggered.
 
 I just want to tell you all you're important. You matter. And I hope you can find relief someday. I can't even imagine what's it's like to you. But it's really beautiful you're all here trying your best to recover. It's beautiful that no matter what, you're here for each other. 
 
 Isn't it strange, yet comprehensible and beautiful, that people who have been through the worst things are the ones who are the most supportive? I'm proud of you all, for being so kind, even though we're the ones who need the most.","[0, 0]",{'control_group'},"Decide to finally look this community up. I just want say Ive been dealing with a lot of stuff from the past, I dont know if I can call it PTSD, but Ive been doing EMDR for it. I just checked the posts here and I already relate a lot to so much you guys say. The feeling of not knowing whether my trauma if I can even call it that is relevant enough. The lack of justice and accountability. The wanting for karma to strike them, or for them to suffer for what they have done. I saw the term just world fallacy here, which is something I have been looking into a lot. I feel like a victim, but I feel inadequate. I feel that feeling like a victim is just me overreacting to things, Ive been told that. I feel stupid. I feel its all my fault. I should have known better. And maybe someday Ill tell my story. But not now. Its really hard to do anything now. Im really triggered. If I even have the right to say Im triggered. I just want to tell you all youre important. You matter. And I hope you can find relief someday. I cant even imagine whats its like to you. But its really beautiful youre all here trying your best to recover. Its beautiful that no matter what, youre here for each other. Isnt it strange, yet comprehensible and beautiful, that people who have been through the worst things are the ones who are the most supportive? Im proud of you all, for being so kind, even though were the ones who need the most.",Normal,{'anxiety':'no'}
adr5ac,Anyone ever feel like their parents have never even tried to research about sh?(rant),"I just... I don't know. They take the advice of the last mental hospital I was in before my own thoughts and feelings(not like I'd actually know exactly what is going on but okay). I've told them specifically that the hospital did absolutely nothing as far as helping me with my self harm. The only reason I stayed clean the entire time I was there was because I knew that if I did it then they would more than likely hold me in there even longer. They encouraged me to start smoking more to help with the urges(my mom has told me that I wouldn't need to smoke forever, just until I ride this out like wtf). I asked my aunt about this, which by they way I'm way more comfortable asking about shit like this. And she said that in Alcoholics Anonymous(she's a recovering alcoholic) that you should never replace an addiction with another one. And I agree. They make me feel guilty for cutting, which could be a good thing for some, but I personally think that they are doing it all wrong. My aunt gets it, and I'm even comfortable walking around in short sleeves around her. Maybe my mom just doesn't want to reminded that her daughter does this. I may never feel comfortable even calmly talking to her about it, since it seems like the only time we ever talk about it is when it's an argument. I'm slowly losing my patience and the next argument we have I may snap and finally tell her all the things that I've been holding back in the fear that I'd hurt her feelings. I just don't know what to do anymore. On the bright side, I rarely smoke anymore, so that's good I guess.","[0, 0]",{'control_group'},"Anyone ever feel like their parents have never even tried to research about sh?rant. I just. I dont know. They take the advice of the last mental hospital I was in before my own thoughts and feelingsnot like Id actually know exactly what is going on but okay. Ive told them specifically that the hospital did absolutely nothing as far as helping me with my self harm. The only reason I stayed clean the entire time I was there was because I knew that if I did it then they would more than likely hold me in there even longer. They encouraged me to start smoking more to help with the urgesmy mom has told me that I wouldnt need to smoke forever, just until I ride this out like wtf. I asked my aunt about this, which by they way Im way more comfortable asking about shit like this. And she said that in Alcoholics Anonymousshes a recovering alcoholic that you should never replace an addiction with another one. And I agree. They make me feel guilty for cutting, which could be a good thing for some, but I personally think that they are doing it all wrong. My aunt gets it, and Im even comfortable walking around in short sleeves around her. Maybe my mom just doesnt want to reminded that her daughter does this. I may never feel comfortable even calmly talking to her about it, since it seems like the only time we ever talk about it is when its an argument. Im slowly losing my patience and the next argument we have I may snap and finally tell her all the things that Ive been holding back in the fear that Id hurt her feelings. I just dont know what to do anymore. On the bright side, I rarely smoke anymore, so thats good I guess.",Normal,{'anxiety':'no'}
5i1nh1,"Pain is relative to one's reality, not everyone's reality.","I keep reading a lot of post about people questioning if they have a right to be depressed because they feel like others have it worse or that others have more of a right to be depressed. I guess I just wanted to share my insight on this issue because I think its something that I struggled with for a very long time and rightfully so. I used to look at myself and belittle the sadness I felt inside because I felt, I knew, that although I have it bad, there are many people that have it worse and I think that demeaned my pain because for a really long time I felt that I had to hide the way I felt because the world and the people around me made me feel like I had no right to feel the way I did and I became angry, I'm still angry. Although my sadness might not be understood or justified by them, I've finally realized that its valid because despite the way that others feel I should react to my circumstances that doesn't change the way my circumstances make me feel. Realistically speaking, of course there are people around me and people in the world that have it worse, thats undeniable, but that shouldn't degrade my sadness. *Pain is relative to* **one's reality**, *not everyone's reality.* I think its really important for someone to mention that its okay to be sad no matter what anyone else feels about it.","[0, 0]",{'control_group'},"Pain is relative to ones reality, not everyones reality. I keep reading a lot of post about people questioning if they have a right to be depressed because they feel like others have it worse or that others have more of a right to be depressed. I guess I just wanted to share my insight on this issue because I think its something that I struggled with for a very long time and rightfully so. I used to look at myself and belittle the sadness I felt inside because I felt, I knew, that although I have it bad, there are many people that have it worse and I think that demeaned my pain because for a really long time I felt that I had to hide the way I felt because the world and the people around me made me feel like I had no right to feel the way I did and I became angry, Im still angry. Although my sadness might not be understood or justified by them, Ive finally realized that its valid because despite the way that others feel I should react to my circumstances that doesnt change the way my circumstances make me feel. Realistically speaking, of course there are people around me and people in the world that have it worse, thats undeniable, but that shouldnt degrade my sadness. Pain is relative to ones reality, not everyones reality. I think its really important for someone to mention that its okay to be sad no matter what anyone else feels about it.",Normal,{'anxiety':'no'}
7myec6,"Lying, relapse, psychosis and other things that are bringing me to my knees","I know I [posted](https://www.reddit.com/r/Anxiety/comments/7mvuky/i_lied_to_my_therapist_again_i_dont_think_i_can/) earlier today, so I'm sorry about posting twice in one day about similar things.
 
 I'm just having a really hard time with the fact that I ""relapsed"" and told my therapist a lie. I've been feeling so guilty about it all day and have cried numerous times. I'm not sure whether to tell him the truth or not, fearing that he will drop me as a client. I really like working with him, but I'm afraid this would be the final straw, though he hasn't really given me indication of that. I'm just so disappointed in myself. I was doing so good and not lying for several months. Even he acknowledged that I was making progress.
 
 I've just been having a terrible time lately. Not only did I relapse and lie, I've also been going through my first episode of psychosis (according the my psychiatrist), which has brought me to my knees. I feel like my life is out of my control. I don't have really anyone to talk to about it other than my therapist, and I might have ruined that relationship.
 
 I hate myself so much. I keep fucking up. My brain is a prison. I don't want to be here anymore, but I'm too much of a coward to do anything about it.
 
 I just want everything to go quiet.","[0, 0]",{'control_group'},"Lying, relapse, psychosis and other things that are bringing me to my knees. I know I posted earlier today, so Im sorry about posting twice in one day about similar things. Im just having a really hard time with the fact that I relapsed and told my therapist a lie. Ive been feeling so guilty about it all day and have cried numerous times. Im not sure whether to tell him the truth or not, fearing that he will drop me as a client. I really like working with him, but Im afraid this would be the final straw, though he hasnt really given me indication of that. Im just so disappointed in myself. I was doing so good and not lying for several months. Even he acknowledged that I was making progress. Ive just been having a terrible time lately. Not only did I relapse and lie, Ive also been going through my first episode of psychosis according the my psychiatrist, which has brought me to my knees. I feel like my life is out of my control. I dont have really anyone to talk to about it other than my therapist, and I might have ruined that relationship. I hate myself so much. I keep fucking up. My brain is a prison. I dont want to be here anymore, but Im too much of a coward to do anything about it. I just want everything to go quiet.",Normal,{'anxiety':'no'}
felo77,i want to leave this country as soon as i can but i dont think thats possible anymore.....,"I live in SUDAN its an ugly miserable corrupt shit hole that make other shit holes look like a garden of roses, there alot of stuff i can complain about but lets just say its a shit hole.
 
 i wanna leave this place and go a European country i can speak English very well (currently studying German) and i have a bachelor Degree in Civil Engineering, but i am pretty sure my degree is toilet paper by the European standards and i will end up washing dishes and cleaning toilets if ever managed to go there.
 
 so why am i depressed ? well getting the fuck outta here isnt simple at all, first you need at least 3000 eros and since our economy is at the rock bottom 3000 = unimaginably buttload of money and then there is unsupportive family members who barely know anything at all about other foreign countries and think the are ""EVIL"" cuz there are mostly not religious and they have Mafia and Yakuza and Kartel and the will kill me and chop up my body and sell me as dog food ""they actually think that"" so i am on my own.
 
 this is getting long, i hate this place i hate the food i hate the culture i hate the traditions i hate EVERYTHING about it i never bothered to get to know the neighborhood cuz i always thought i will leave this place soon, i will be 26 soon i am running out of time and i rather slit my throat other than spending the rest of my days here.","[0, 0]",{'control_group'},"i want to leave this country as soon as i can but i dont think thats possible anymore. I live in SUDAN its an ugly miserable corrupt shit hole that make other shit holes look like a garden of roses, there alot of stuff i can complain about but lets just say its a shit hole. i wanna leave this place and go a European country i can speak English very well currently studying German and i have a bachelor Degree in Civil Engineering, but i am pretty sure my degree is toilet paper by the European standards and i will end up washing dishes and cleaning toilets if ever managed to go there. so why am i depressed ? well getting the fuck outta here isnt simple at all, first you need at least 3000 eros and since our economy is at the rock bottom 3000 = unimaginably buttload of money and then there is unsupportive family members who barely know anything at all about other foreign countries and think the are EVIL cuz there are mostly not religious and they have Mafia and Yakuza and Kartel and the will kill me and chop up my body and sell me as dog food they actually think that so i am on my own. this is getting long, i hate this place i hate the food i hate the culture i hate the traditions i hate EVERYTHING about it i never bothered to get to know the neighborhood cuz i always thought i will leave this place soon, i will be 26 soon i am running out of time and i rather slit my throat other than spending the rest of my days here.",Normal,{'anxiety':'no'}
izw59l,Day 10 feels really sad right now,"I made it through day 10. I havent gone this long without alcohol in years! I feel mostly good and positive throughout the day, working 56 hours a week makes it easier. But about an hour ago the anxiety and sadness hit me hard. Going through a breakup, still living together although only see or speak to each other in passing (hes been leaving to see family and drink and not sleeping here basically all week). Nights when this chaotic household is quiet like this would usually be when wed have us time. Sobriety is lonely. I didnt know what to do with myself all evening after work. I walked a lot. Finished a book series with an epic ending but didnt feel the way I thought I should after reading it. All I can think about is missing our time together, everything I screwed up. I know I wouldnt have finally come to this decision to not drink, start working, get my shit together if things hadnt gone the way they did. It just sucks being in bed sobbing, alone, wanting the emotional pain to stop. But I will not drink. Next longest stretch in the last 8+ years will be when I hit 14 days. Gotta make it there. Thanks for reading","[0, 0]",{'control_group'},"Day 10 feels really sad right now. I made it through day 10. I havent gone this long without alcohol in years! I feel mostly good and positive throughout the day, working 56 hours a week makes it easier. But about an hour ago the anxiety and sadness hit me hard. Going through a breakup, still living together although only see or speak to each other in passing hes been leaving to see family and drink and not sleeping here basically all week. Nights when this chaotic household is quiet like this would usually be when wed have us time. Sobriety is lonely. I didnt know what to do with myself all evening after work. I walked a lot. Finished a book series with an epic ending but didnt feel the way I thought I should after reading it. All I can think about is missing our time together, everything I screwed up. I know I wouldnt have finally come to this decision to not drink, start working, get my shit together if things hadnt gone the way they did. It just sucks being in bed sobbing, alone, wanting the emotional pain to stop. But I will not drink. Next longest stretch in the last 8+ years will be when I hit 14 days. Gotta make it there. Thanks for reading",Normal,"{""anxiety"":""yes""}"
52i50a,Needing some help figuring out how to stay sober again,"I made it two months and then I got in an accident (my fault), and I lost it because I was so ashamed, and I caved and drank. I've been in a downward spiral since. I have maybe gone a day without drinking, and that was because I had surgery and was happily drugged out. 
 
 Now I have 2 more weeks off work and I don't know how to keep myself sober. I just want to get drunk because now that I have had the surgery, my chronic pain will hopefully be taken care of, and I don't have any more excuses to put off studying for the MCAT, or applying to whatever grad program. I should be almost done with med school by now but I'm floundering around trying to get over my mental illnesses instead.
 
 I made it for two months and now I can't even make it two days. It's like a switch flipped and I was able to make it that long, but now it's just like that switch has completely disappeared. I'm so ashamed of myself but at the same time I just want to drown out my failure of a life. 
 
 I know I need to accept my life for what it is now, but I just can't, I'm not good enough. I need to make something more of myself, but I don't think I can because all I do is fuck my life up.
 
 I don't know how to flip that switch again. I know, baby steps, but it's like when my mind decides to drink, there is no changing it.","[0, 0]",{'control_group'},"Needing some help figuring out how to stay sober again. I made it two months and then I got in an accident my fault, and I lost it because I was so ashamed, and I caved and drank. Ive been in a downward spiral since. I have maybe gone a day without drinking, and that was because I had surgery and was happily drugged out. Now I have 2 more weeks off work and I dont know how to keep myself sober. I just want to get drunk because now that I have had the surgery, my chronic pain will hopefully be taken care of, and I dont have any more excuses to put off studying for the MCAT, or applying to whatever grad program. I should be almost done with med school by now but Im floundering around trying to get over my mental illnesses instead. I made it for two months and now I cant even make it two days. Its like a switch flipped and I was able to make it that long, but now its just like that switch has completely disappeared. Im so ashamed of myself but at the same time I just want to drown out my failure of a life. I know I need to accept my life for what it is now, but I just cant, Im not good enough. I need to make something more of myself, but I dont think I can because all I do is fuck my life up. I dont know how to flip that switch again. I know, baby steps, but its like when my mind decides to drink, there is no changing it.",Normal,{'anxiety':'no'}
8gwifm,Two breakdowns in two days. Might have to leave a job I love.,"I moved back home with whats left of my family (stepdad and brother, both parents have passed) after my breakup to avoid killing myself and to try and be around my support system. Some parts have been good. Found a job, realized how much I missed all my friends. And now its falling apart. 
  
 Like the title says, Ive had major depression episodes the last two days. I just started a job that supposedly had good benefits, so as soon as those took effect, I called a therapist to set up an appointment, only to find out that my insurance wont help until I meet the deductible: over $6000 US. I cant even get a primary doctor to get new medicines because of the cost to see a doctor. I had the episode last night because I realized I cant afford trying to get healthier. Being with my mental illness support group helped, but it happened again today because I thought about how I dont make enough to afford treatment. The job is in my field and its my passion, and I may have to give it up because its costing me my mental health. 
  
 On top of which, Ive had close friends tell me that theyre scared and that I need to get help. Theyve given me links to low-income care, but Im scared that Ill need something more intensive (Ive had a psych hospital tell me that I would benefit from at least an outpatient program, but I dont have that kind of money). Im very worried about losing friends and my job, but Im terrified that Ill succumb to the depression because of money.
 
 Has anyone on this subreddit done or felt something like this?","[1, 1]","{'depressive_disorder', 'anxiety_disorder'}","Two breakdowns in two days. Might have to leave a job I love. I moved back home with whats left of my family stepdad and brother, both parents have passed after my breakup to avoid killing myself and to try and be around my support system. Some parts have been good. Found a job, realized how much I missed all my friends. And now its falling apart. Like the title says, Ive had major depression episodes the last two days. I just started a job that supposedly had good benefits, so as soon as those took effect, I called a therapist to set up an appointment, only to find out that my insurance wont help until I meet the deductible over CUR6000 US. I cant even get a primary doctor to get new medicines because of the cost to see a doctor. I had the episode last night because I realized I cant afford trying to get healthier. Being with my mental illness support group helped, but it happened again today because I thought about how I dont make enough to afford treatment. The job is in my field and its my passion, and I may have to give it up because its costing me my mental health. On top of which, Ive had close friends tell me that theyre scared and that I need to get help. Theyve given me links to lowincome care, but Im scared that Ill need something more intensive Ive had a psych hospital tell me that I would benefit from at least an outpatient program, but I dont have that kind of money. Im very worried about losing friends and my job, but Im terrified that Ill succumb to the depression because of money. Has anyone on this subreddit done or felt something like this?",Comorbid (Depression + Anxiety),{'anxiety':'yes'}
6zg25z,How can a depressed person help another depressed person?,"I need help, this last weekend my boyfriend and I had some LSD pappers. He had an O.D. and a hysterical collapse. He became something else and broke down our hole appartment, he took off his clothes and started to scream nonsense opened the door, ran through the hallway, and jumped the 3rd floor window... I thought it was over. But fortunately, he fell into the 2nd floor roof and only suffered a few bruises. He's ok now, as good as possible, but I find myself in a complicated situation, I am clinically depressed and bipolar, and we both had attempted to suicide before. He's unemployed since february, and very unhappy in college. At this point, I don't now what to say to him, we live alone here in Brasil, and there is no hope for us here. We're trying to move to Europe, but everything's so hard for him. Since his father died he has no strength to move on. And even doing everything that I can, I am unable to keep him up for long. We're in psychiatric treatment, but even so, it hasn't been enough.
  
  So I'm here to ask you guys, if you have any idea about what to do for now one, what habits can we adopt to get through it. 
 
  Thank you! :)","[0, 0]",{'control_group'},"How can a depressed person help another depressed person. I need help, this last weekend my boyfriend and I had some LSD pappers. He had an O.D. and a hysterical collapse. He became something else and broke down our hole appartment, he took off his clothes and started to scream nonsense opened the door, ran through the hallway, and jumped the 3rd floor window. I thought it was over. But fortunately, he fell into the 2nd floor roof and only suffered a few bruises. Hes ok now, as good as possible, but I find myself in a complicated situation, I am clinically depressed and bipolar, and we both had attempted to suicide before. Hes unemployed since february, and very unhappy in college. At this point, I dont now what to say to him, we live alone here in Brasil, and there is no hope for us here. Were trying to move to Europe, but everythings so hard for him. Since his father died he has no strength to move on. And even doing everything that I can, I am unable to keep him up for long. Were in psychiatric treatment, but even so, it hasnt been enough. So Im here to ask you guys, if you have any idea about what to do for now one, what habits can we adopt to get through it. Thank you!",Normal,{'anxiety':'no'}
6la8rh,No! Fuck this! How can we as a community help each other?!,"I posted for the first time here a week ago about how existing is exhausting and that it hurts. About how being alive is hard. Many have agreed and tried to help with kind words. Since then I've lurked and have seen similar if not worse post about dying, desiring to die or whatever the fuck. Are you all not sick of that? Aren't you all tired of feeling this way? Of being sad and not knowing why? Have any of you really assessed why you feel and think this way? Have you gone deeper? Seriously, what IS it? What could it possibly be? 
 
 I am hyper at this moment yet my mind is at peace. I do not know how or why but I DO have moments where my mind is not malfunctioning and making me question why I am alive. Right now I feel like fighting. Right now I do not want to complain about why I am hurting but more so why I haven't done enough to figure this bullshit out and then do something about it. I need to do something about it. Before the thoughts come back. Before I revert. God only knows when that will happen and then I'll start talking about dying again.
 
 There has got to be a way out of this. Besides death. Death should not be your first choice of relinquishing yourself from the devil or whatever putting these thoughts and feelings of hate in your mind and heart. Let us try to heal! Together!... PLEASE!","[0, 0]",{'control_group'},"No! Fuck this! How can we as a community help each other. I posted for the first time here a week ago about how existing is exhausting and that it hurts. About how being alive is hard. Many have agreed and tried to help with kind words. Since then Ive lurked and have seen similar if not worse post about dying, desiring to die or whatever the fuck. Are you all not sick of that? Arent you all tired of feeling this way? Of being sad and not knowing why? Have any of you really assessed why you feel and think this way? Have you gone deeper? Seriously, what IS it? What could it possibly be? I am hyper at this moment yet my mind is at peace. I do not know how or why but I DO have moments where my mind is not malfunctioning and making me question why I am alive. Right now I feel like fighting. Right now I do not want to complain about why I am hurting but more so why I havent done enough to figure this bullshit out and then do something about it. I need to do something about it. Before the thoughts come back. Before I revert. God only knows when that will happen and then Ill start talking about dying again. There has got to be a way out of this. Besides death. Death should not be your first choice of relinquishing yourself from the devil or whatever putting these thoughts and feelings of hate in your mind and heart. Let us try to heal! Together. PLEASE!",Normal,"{""anxiety"":""no""}"
en090a,A bad week turned worse with the suicide of a friend,"I posted here earlier this week when a customer at my retail job tried to take an overdose, and it hit me really hard because I have had friends and family members overdose before, and I myself did a couple of years ago. I was and am doing much better, but it brought it all back and I felt unable to help her although I tried talking her down for a long time. 
 
 Today I found out a friend died by suicide someone I went to school with for years but never really knew until about a couple of years ago when she messaged me on Facebook saying she related to my posts, and we fast became close talking about mental health and music, finding we had a lot in common. We hadn't spoke in a while, and her posts were getting increasingly dark, and I just wish I had messaged to speak to her more, I was just so used to seeing her posts like that that I could never have known when she was going to hurt herself. 
 
 It's another knock and it is crazy how both these things happened in the same week, and is making me feel helpless or useless. I know there's nothing more I could have done as I am not a mind reader but it's just sad that another family has to go through that. I want to get past it and continue being my best self but it's not going to be easy. My heart aches for her and her family and I wish I could have known and reached out. Anyway just wanted to vent, because I feel like I am going to burst.","[0, 0]",{'control_group'},"A bad week turned worse with the suicide of a friend. I posted here earlier this week when a customer at my retail job tried to take an overdose, and it hit me really hard because I have had friends and family members overdose before, and I myself did a couple of years ago. I was and am doing much better, but it brought it all back and I felt unable to help her although I tried talking her down for a long time. Today I found out a friend died by suicide someone I went to school with for years but never really knew until about a couple of years ago when she messaged me on Facebook saying she related to my posts, and we fast became close talking about mental health and music, finding we had a lot in common. We hadnt spoke in a while, and her posts were getting increasingly dark, and I just wish I had messaged to speak to her more, I was just so used to seeing her posts like that that I could never have known when she was going to hurt herself. Its another knock and it is crazy how both these things happened in the same week, and is making me feel helpless or useless. I know theres nothing more I could have done as I am not a mind reader but its just sad that another family has to go through that. I want to get past it and continue being my best self but its not going to be easy. My heart aches for her and her family and I wish I could have known and reached out. Anyway just wanted to vent, because I feel like I am going to burst.",Normal,{'anxiety':'no'}
4gsrpc,I like crying.,"I really like crying. Just letting it all out. Crying until tears literally just can't come out anymore. It feels relaxing when it's over. Gets rid of the head ache. 
 
 I have really bad anxiety, when I get stressed out I truly feel like I'm going to explode. I think myself into the darkest thoughts. I just wanna die, but I know I could never actually do anything. I've never told my boyfriend about my depression. And whenever I talk about my anxiety, he doesn't really take it seriously. And that's okay, bc I never want him to see me like this and I never want him to know how I am. I just wanna get better. I just wish I had someone to talk about it with. I've talked about it to someone before (my bestfriend whom I love more than anymore) and her reaction wasn't bad, it just felt empty like she couldn't relate or help or idk. And it just angered me, raised my anxiety idk. 
 
 Sorry this is all over the place.","[1, 1]","{'depressive_disorder', 'anxiety_disorder'}","I like crying. I really like crying. Just letting it all out. Crying until tears literally just cant come out anymore. It feels relaxing when its over. Gets rid of the head ache. I have really bad anxiety, when I get stressed out I truly feel like Im going to explode. I think myself into the darkest thoughts. I just wanna die, but I know I could never actually do anything. Ive never told my boyfriend about my depression. And whenever I talk about my anxiety, he doesnt really take it seriously. And thats okay, bc I never want him to see me like this and I never want him to know how I am. I just wanna get better. I just wish I had someone to talk about it with. Ive talked about it to someone before my bestfriend whom I love more than anymore and her reaction wasnt bad, it just felt empty like she couldnt relate or help or idk. And it just angered me, raised my anxiety idk. Sorry this is all over the place.",Comorbid (Depression + Anxiety),"{""anxiety"":""yes""}"
6thnu5,What if my therapist doesn't believe me?,"I recently came clean to my therapist about a story I fabricated with him. It was a pretty heavy story to lie about (I don't feel like going into detail), but after feeling extreme guilt about the lie and what I was doing to people (he wasn't the only one I lied to), I told the truth to everyone. I was evil and manipulative. The reason I told the lie was because I was extremely depressed, lonely and afraid of being abandoned. I hate myself for doing it. None of those are good excuses.
 
 My therapist said he saw my truth-telling as an opportunity to dig deeper, and I'm very thankful he didn't dump me as a client (which is what I was expecting). But now I'm going into what-if territory. 
 
 What if he doesn't believe that the hospital visits I went to over this past year were legit? What if he believes I was faking my illness for attention from hospital staff? What if he thinks I've just been faking my illness period?
 
 I plan to bring it up to him when I see him next, but what happens if he says ""yes"" to all those what-ifs? Do I leave him, or do I stay and try to regain his trust? I expect him to be skeptical of me. I really like him and want to work extra hard to combat my compulsive lying. I'm just afraid of the what-ifs.","[0, 0]",{'control_group'},"What if my therapist doesnt believe me. I recently came clean to my therapist about a story I fabricated with him. It was a pretty heavy story to lie about I dont feel like going into detail, but after feeling extreme guilt about the lie and what I was doing to people he wasnt the only one I lied to, I told the truth to everyone. I was evil and manipulative. The reason I told the lie was because I was extremely depressed, lonely and afraid of being abandoned. I hate myself for doing it. None of those are good excuses. My therapist said he saw my truthtelling as an opportunity to dig deeper, and Im very thankful he didnt dump me as a client which is what I was expecting. But now Im going into whatif territory. What if he doesnt believe that the hospital visits I went to over this past year were legit? What if he believes I was faking my illness for attention from hospital staff? What if he thinks Ive just been faking my illness period? I plan to bring it up to him when I see him next, but what happens if he says yes to all those whatifs? Do I leave him, or do I stay and try to regain his trust? I expect him to be skeptical of me. I really like him and want to work extra hard to combat my compulsive lying. Im just afraid of the whatifs.",Normal,{'anxiety':'yes'}
8jsnih,Easing the mental pain,"I recently had a therapist appointment.. if background knowledge is required I lived in an abusive home for 14 years, dependent on my parents and unable for anyone to help me. After that time I ran away to go live with my brother who used me to his own ends and kicked me out after I was suffering too many mental breakdowns and him stating on my 18th birthday ""We're sick and tired of you get out"". I suffer from all those experiences Major depressive disorder, General anxiety disorder, Post traumatic stress disorder, anhedonia and a few more things. I just cant seem to take away the pressure in my head anymore. Im taking medication which did help my cluster headaches but the memories keep flooding back to me, especially after mother's day. I need ways to help myself keep busy.. it seems like my whole existence is based upon efficiency and the proper utilization of my resources, which include friends, relationships, anything really. My therapist and I discussed that while I have anhedonia and I cannot feel much pleasure from things anymore that, while we try and work through it, if anything I need to access and make more resources so I dont end up collapsing for days on end waiting for my next appointments or hurting myself or those around me. Im just wondering if any of you guys have the same issue, or if you have any suggestions for hobbies or anything really. I just feel hopeless and I needed to reach out..","[1, 1]","{'depressive_disorder', 'anxiety_disorder'}","Easing the mental pain. I recently had a therapist appointment. if background knowledge is required I lived in an abusive home for 14 years, dependent on my parents and unable for anyone to help me. After that time I ran away to go live with my brother who used me to his own ends and kicked me out after I was suffering too many mental breakdowns and him stating on my 18th birthday Were sick and tired of you get out. I suffer from all those experiences Major depressive disorder, General anxiety disorder, Post traumatic stress disorder, anhedonia and a few more things. I just cant seem to take away the pressure in my head anymore. Im taking medication which did help my cluster headaches but the memories keep flooding back to me, especially after mothers day. I need ways to help myself keep busy. it seems like my whole existence is based upon efficiency and the proper utilization of my resources, which include friends, relationships, anything really. My therapist and I discussed that while I have anhedonia and I cannot feel much pleasure from things anymore that, while we try and work through it, if anything I need to access and make more resources so I dont end up collapsing for days on end waiting for my next appointments or hurting myself or those around me. Im just wondering if any of you guys have the same issue, or if you have any suggestions for hobbies or anything really. I just feel hopeless and I needed to reach out.",Comorbid (Depression + Anxiety),{'anxiety':'yes'}
csn61f,I want to quit therapy and kill myself,"I somehow can't open up to my therapist about how suicidal I feel. I just say how my week has been and he leads the conversation, when he asks me if I want to talk about something else I say no.
 
 He is trying to get me to find some meaning in my life to keep me going, and trying to put some logic in me because most of my actions are emotional.
 
 It is too hard to change, almost meaningless to me as I find no meaning to life. It will be so hard to change and it will be painful but I dont think anything is worth that pain.
 
 I broke up with my boyfriend hoping this would make the decision to suicide easier, but this morning I woke up and before heading off to work, I found my mom asking for a hug before I go, saying that she really feels like hugging me a big tight hug, I love her and I dont want to hurt her so I decided I'll let it go.
 
 Today in therapy I dissociated and felt like I was watching my therapist through a tv, and I was thinking that I should just end therapy here and kill myself. After therapy, I met my boyfriend (or ex) because he wanted to talk after I've taken a sudden erratic decision of breaking up, through our conversation I've zoned out, and thought that even if we got back together, I still want to die.
 
 I feel really bad. I know I'll have some phases where I feel good, I always feel this way with a new hobby, but it burns out after a few months and go back to good ol me.","[1, 0]",{'depressive_disorder'},"I want to quit therapy and kill myself. I somehow cant open up to my therapist about how suicidal I feel. I just say how my week has been and he leads the conversation, when he asks me if I want to talk about something else I say no. He is trying to get me to find some meaning in my life to keep me going, and trying to put some logic in me because most of my actions are emotional. It is too hard to change, almost meaningless to me as I find no meaning to life. It will be so hard to change and it will be painful but I dont think anything is worth that pain. I broke up with my boyfriend hoping this would make the decision to suicide easier, but this morning I woke up and before heading off to work, I found my mom asking for a hug before I go, saying that she really feels like hugging me a big tight hug, I love her and I dont want to hurt her so I decided Ill let it go. Today in therapy I dissociated and felt like I was watching my therapist through a tv, and I was thinking that I should just end therapy here and kill myself. After therapy, I met my boyfriend or ex because he wanted to talk after Ive taken a sudden erratic decision of breaking up, through our conversation Ive zoned out, and thought that even if we got back together, I still want to die. I feel really bad. I know Ill have some phases where I feel good, I always feel this way with a new hobby, but it burns out after a few months and go back to good ol me.",Depression,{'anxiety':'no'}
efziz0,Had another breakdown at work.,"I started seeing this red man standing behind me. He followed me everywhere, but he never seemed to move. 
  
 Big shadows kept rushing past me too, both in front of me and behind me. They were whispering my name and saying things like ""you're next"".
  
 It started to get really loud at work because more people were coming in, and I started to freak out. 
  
 My jaw felt like it was screwed shut, and I couldn't breathe too well. My throat felt like it was closing or something (I haven't had anything that I'm allergic to. I don't know what caused this.)
  
 I started to panic because I couldn't breathe much or anything, so I went to the bathroom and tried to force my jaw open somehow by hitting the side of my face on the faucet. 
  
 I chipped a piece of one of my back teeth off, and my jaw only opened because I was about to scream. I stuffed my hand in my mouth because the shadows told me not to scream though. 
  
 I'm still kind of nervous and a little shaky, and I feel like none of this will make sense. 
  
 I feel sick now from stressing myself like that. I hate that I'm at work right now. I really need to walk somewhere to clear my head. I'm still afraid that it could happen again. The red man still hasn't left, even though the shadows have.","[0, 0]",{'control_group'},"Had another breakdown at work. I started seeing this red man standing behind me. He followed me everywhere, but he never seemed to move. Big shadows kept rushing past me too, both in front of me and behind me. They were whispering my name and saying things like youre next. It started to get really loud at work because more people were coming in, and I started to freak out. My jaw felt like it was screwed shut, and I couldnt breathe too well. My throat felt like it was closing or something I havent had anything that Im allergic to. I dont know what caused this. I started to panic because I couldnt breathe much or anything, so I went to the bathroom and tried to force my jaw open somehow by hitting the side of my face on the faucet. I chipped a piece of one of my back teeth off, and my jaw only opened because I was about to scream. I stuffed my hand in my mouth because the shadows told me not to scream though. Im still kind of nervous and a little shaky, and I feel like none of this will make sense. I feel sick now from stressing myself like that. I hate that Im at work right now. I really need to walk somewhere to clear my head. Im still afraid that it could happen again. The red man still hasnt left, even though the shadows have.",Normal,{'anxiety':'no'}
jqg12s,How did/do you manage anhedonia & dysphoria?,"I suffer from depression and social anxiety since I was 15 years old. Now I'm 21. I abused alcohol for two years daily starting in the morning. One day I had to quit cold turkey because it fucked my life circumstances. Then I found phenibut. Life was amazing. One day I had to taper off phenibut too. I managed to but only with the help of kratom: the substance I use daily now for about 1 1/2 months. I know there will be withdrawals from this too but I have to function. I have to work and study. Kratom is very subtle but it helps me slightly esp. with negative thoughts and motivation. Now my biggest problems are anhedonia (lack of interest, nothing stimulates me, everything seems boring, senseless, worthless) and dysphoria (feels like the contrary of euphoria, heavy and hurting pain of negativity, sadness and unpleasantness). These symptoms start in the morning from the moment I open my eyes. Also lethargy of course.
 
 What can I do to finally get rid of these symptoms. What have been your biggest and most effective methods to handle and manage depression and especially anhedonia and dysphoria?
 
 I'm like this for almost 6 years (15-21), I always tried to get rid of it. Therapy and medications. Nothing helped. Substances like alcohol and phenibut helped for some time. Now the magic of them is over too. I'm still optimistic about trying any other medication from my doc but I also already used the main and most famous medications. My future anxiety is big. Dysphoria and anhedonia hit me hard. Everything seems so senseless and boring. I seem so worthless. My life, social life, personality and personal development suffer very much. How am I able to live a normal life ever?","[1, 1]","{'depressive_disorder', 'anxiety_disorder'}","How diddo you manage anhedonia dysphoria. I suffer from depression and social anxiety since I was 15 years old. Now Im 21. I abused alcohol for two years daily starting in the morning. One day I had to quit cold turkey because it fucked my life circumstances. Then I found phenibut. Life was amazing. One day I had to taper off phenibut too. I managed to but only with the help of kratom the substance I use daily now for about 1 12 months. I know there will be withdrawals from this too but I have to function. I have to work and study. Kratom is very subtle but it helps me slightly esp. with negative thoughts and motivation. Now my biggest problems are anhedonia lack of interest, nothing stimulates me, everything seems boring, senseless, worthless and dysphoria feels like the contrary of euphoria, heavy and hurting pain of negativity, sadness and unpleasantness. These symptoms start in the morning from the moment I open my eyes. Also lethargy of course. What can I do to finally get rid of these symptoms. What have been your biggest and most effective methods to handle and manage depression and especially anhedonia and dysphoria? Im like this for almost 6 years 1521, I always tried to get rid of it. Therapy and medications. Nothing helped. Substances like alcohol and phenibut helped for some time. Now the magic of them is over too. Im still optimistic about trying any other medication from my doc but I also already used the main and most famous medications. My future anxiety is big. Dysphoria and anhedonia hit me hard. Everything seems so senseless and boring. I seem so worthless. My life, social life, personality and personal development suffer very much. How am I able to live a normal life ever?",Comorbid (Depression + Anxiety),{'anxiety':'yes'}
jq9zri,How did you manage anhedonia and dysphoria?,"I suffer from depression and social anxiety since I was 15 years old. Now I'm 21. I abused alcohol for two years daily starting in the morning. One day I had to quit cold turkey because it fucked my life circumstances. Then I found phenibut. Life was amazing. One day I had to taper off phenibut too. I managed to but only with the help of kratom: the substance I use daily now for about 1 1/2 months. I know there will be withdrawals from this too but I have to function. I have to work and study. Kratom is very subtle but it helps me slightly. Now my biggest problems are anhedonia and dysphoria starting in the morning from the moment I open my eyes. Also lethargy of course.
 
 What can I do to finally get rid of these symptoms. What have been your biggest and most effective methods to handle and manage depression and especially anhedonia and dysphoria?
 
 I'm like this for almost 6 years (15-21), I always tried to get rid of it. Therapy and medications. Nothing helped. Substances like alcohol and phenibut helped for some time. Now the magic of them is over too. I'm still optimistic about trying any other medication from my doc but I also already used the main and most famous medications. My future anxiety is big. Dysphoria and anhedonia hit me hard. Everything seems so senseless and boring. I seem so worthless. My life, social life, personality and personal development suffer very much. How am I able to live a normal life ever?","[0, 0]",{'control_group'},"How did you manage anhedonia and dysphoria. I suffer from depression and social anxiety since I was 15 years old. Now Im 21. I abused alcohol for two years daily starting in the morning. One day I had to quit cold turkey because it fucked my life circumstances. Then I found phenibut. Life was amazing. One day I had to taper off phenibut too. I managed to but only with the help of kratom the substance I use daily now for about 1 12 months. I know there will be withdrawals from this too but I have to function. I have to work and study. Kratom is very subtle but it helps me slightly. Now my biggest problems are anhedonia and dysphoria starting in the morning from the moment I open my eyes. Also lethargy of course. What can I do to finally get rid of these symptoms. What have been your biggest and most effective methods to handle and manage depression and especially anhedonia and dysphoria? Im like this for almost 6 years 1521, I always tried to get rid of it. Therapy and medications. Nothing helped. Substances like alcohol and phenibut helped for some time. Now the magic of them is over too. Im still optimistic about trying any other medication from my doc but I also already used the main and most famous medications. My future anxiety is big. Dysphoria and anhedonia hit me hard. Everything seems so senseless and boring. I seem so worthless. My life, social life, personality and personal development suffer very much. How am I able to live a normal life ever?",Normal,{'anxiety':'yes'}
43o1fk,Each day is a success for me by virtue of being alive,"I suspended my studies last year after I was diagnosed with depression. Since the day I was diagnosed, I've been planning my suicide. I had a plan. It was just a matter of when I would carry it out. 
 
 Looking back, it's a miracle I'm even here. I've been holding back from doing it either out of fear or I had no motivation to do it. Then it was the festive season and hence it wasn't possible to carry it out then due to the nature of my plan. 
 
 As it stands now - I'm forcing myself to go back to college because I can't ruminate all day at home. At the same time, my depression is still there and I don't know how I'll be able to concentrate on my work. 
 
 What I do know is that I'm happy to be alive. Yes, I do get fleeting thoughts of suicide. But nothing so extreme that it makes me want to carry it out.
 
 I could very well have not been here and almost feel like I cheated death (that's how concrete my thoughts and plan was). I feel like I already attained success by being and staying alive, and anything positive that happens from here on is just a bonus that adds to that success. 
 
 I just wanted to convey that. It does seem to get better. Maybe not in the way we really want it to, but there's always a glimmer of hope. Hang on to that. I did, and it's the only reason I'm still here, as tough as this journey still is.","[1, 0]",{'depressive_disorder'},"Each day is a success for me by virtue of being alive. I suspended my studies last year after I was diagnosed with depression. Since the day I was diagnosed, Ive been planning my suicide. I had a plan. It was just a matter of when I would carry it out. Looking back, its a miracle Im even here. Ive been holding back from doing it either out of fear or I had no motivation to do it. Then it was the festive season and hence it wasnt possible to carry it out then due to the nature of my plan. As it stands now Im forcing myself to go back to college because I cant ruminate all day at home. At the same time, my depression is still there and I dont know how Ill be able to concentrate on my work. What I do know is that Im happy to be alive. Yes, I do get fleeting thoughts of suicide. But nothing so extreme that it makes me want to carry it out. I could very well have not been here and almost feel like I cheated death thats how concrete my thoughts and plan was. I feel like I already attained success by being and staying alive, and anything positive that happens from here on is just a bonus that adds to that success. I just wanted to convey that. It does seem to get better. Maybe not in the way we really want it to, but theres always a glimmer of hope. Hang on to that. I did, and its the only reason Im still here, as tough as this journey still is.",Depression,{'anxiety':'no'}
i16ski,Feeling no stimulation anymore,"I take 450mg moclobemide daily and I don˜t feel much of the effects except for being more stable and that I can˜t get stimulated anymore. I also take a lot of phenibut lately.
 
 I˜m at the most beautiful place in Southern France right now for holiday, wonderful beaches and pretty landscapes. All my people I˜m with really enjoy it all but for me everything seems kind of boring like nothing can stimulate me.
 
 I don˜t it also might be because I˜m a lot on my smartphone as social and digital media are very stimulating and give me something. My people here are the same, of course, the youth, they spend even more time on their phones but they talk about how much they enjoy it and how incredible it is here. I seem just so understimulated and nothing gives me drive, interest or stimulation. That˜s how I would describe it. Kind of emotional numbness but I can still cry if I focus on it, it˜s not real sadness, it˜s just a good feeling to cry and the only emotion I can kind of feel right now. Laughing is hard, being interested in people and conversations is hard, having passion and fun is hard. I don˜t know. Depression is less, social anxiety too, sure but where˜s the fun, interest, passion and stimulation that makes life enjoyable?
 
 Anyone experienced the same? Any tips for me? I use my phone less and less and I don˜t masturbate anymore even if that˜s very stimulating too, maybe too much, and it˜s better for my dopamine I guess. Even if from moclobemide I could have sex every 20 minutes.","[1, 1]","{'depressive_disorder', 'anxiety_disorder'}","Feeling no stimulation anymore. I take 450mg moclobemide daily and I dont feel much of the effects except for being more stable and that I cant get stimulated anymore. I also take a lot of phenibut lately. Im at the most beautiful place in Southern France right now for holiday, wonderful beaches and pretty landscapes. All my people Im with really enjoy it all but for me everything seems kind of boring like nothing can stimulate me. I dont it also might be because Im a lot on my smartphone as social and digital media are very stimulating and give me something. My people here are the same, of course, the youth, they spend even more time on their phones but they talk about how much they enjoy it and how incredible it is here. I seem just so understimulated and nothing gives me drive, interest or stimulation. Thats how I would describe it. Kind of emotional numbness but I can still cry if I focus on it, its not real sadness, its just a good feeling to cry and the only emotion I can kind of feel right now. Laughing is hard, being interested in people and conversations is hard, having passion and fun is hard. I dont know. Depression is less, social anxiety too, sure but wheres the fun, interest, passion and stimulation that makes life enjoyable? Anyone experienced the same? Any tips for me? I use my phone less and less and I dont masturbate anymore even if thats very stimulating too, maybe too much, and its better for my dopamine I guess. Even if from moclobemide I could have sex every 20 minutes.",Comorbid (Depression + Anxiety),{'anxiety':'no'}
6ns2mx,Relapse,"I think I'm sliding back into depression. I'm having trouble sleeping and going to the gym. Nothing seems appealing, except maybe to go to sleep and never wake up.
 My life is going okay, which is why I'm infuriated that I'm still feeling blue. Fuck. I'm so sick of this cycle. 
 I'm not suicidal, and I haven't self-harmed in quite a while, so I'm not as bad as I used to be. Still, to be caught in this cycle of up-down-up-down is exhausting. Battling yourself daily is exhausting.","[0, 0]",{'control_group'},"Relapse. I think Im sliding back into depression. Im having trouble sleeping and going to the gym. Nothing seems appealing, except maybe to go to sleep and never wake up. My life is going okay, which is why Im infuriated that Im still feeling blue. Fuck. Im so sick of this cycle. Im not suicidal, and I havent selfharmed in quite a while, so Im not as bad as I used to be. Still, to be caught in this cycle of updownupdown is exhausting. Battling yourself daily is exhausting.",Normal,{'anxiety':'no'}
hcrdmq,I think going back to work is going to break me,"I took a week off for mental health reasons. I'm going back tomorrow, and I don't want to. Not in a normal ""Oh, I can't be bothered with work today"" way, but I actually don't want to. I'm feeling anxious already.
 
 On Tuesday I am working with a supervisor who stresses everyone out by giving constant commands and demands when you're already busy .... I already know that is going to be a bad shift. I just don't want to. I don't want to face stupid customers and serve ice-cream. I don't want to make small talk about the weather. I don't want to stand there watching while they scan their own shopping, saying the same ""That doesn't have a barcode. I'll just have to add it on from my end"". I. Don't. Want . To. I don't want to work with employers who pretend they care about your mental health. I don't want to be the person who they shove on the till because I'm no good for anything else. I just want to run and never look back. I would if it wasn't for my dog ... I'd just get in the car and drive to the hills until I run out of petrol. Then I'll just stay there. Just stay in my car til someone comes looking for me ... I know they never will.
 
 The idea of going back to work is just filling me with a fight or flight response. But I can't do either. I have no fight left in me and I cannot run.","[0, 0]",{'control_group'},"I think going back to work is going to break me. I took a week off for mental health reasons. Im going back tomorrow, and I dont want to. Not in a normal Oh, I cant be bothered with work today way, but I actually dont want to. Im feeling anxious already. On Tuesday I am working with a supervisor who stresses everyone out by giving constant commands and demands when youre already busy . I already know that is going to be a bad shift. I just dont want to. I dont want to face stupid customers and serve icecream. I dont want to make small talk about the weather. I dont want to stand there watching while they scan their own shopping, saying the same That doesnt have a barcode. Ill just have to add it on from my end. I. Dont. Want . To. I dont want to work with employers who pretend they care about your mental health. I dont want to be the person who they shove on the till because Im no good for anything else. I just want to run and never look back. I would if it wasnt for my dog . Id just get in the car and drive to the hills until I run out of petrol. Then Ill just stay there. Just stay in my car til someone comes looking for me . I know they never will. The idea of going back to work is just filling me with a fight or flight response. But I cant do either. I have no fight left in me and I cannot run.",Normal,"{""anxiety"": ""yes""}"
a4tx9g,Is the fact that I am diagnosed with depression making me depressed?,"I tried googling it and can't seem to find anything related to my question, so now I'm on here. I am diagnosed with MDD (major depressive disorder) and was wondering if my lack of motivation has worsened because I got that label slapped onto me. Obviously, I've always been depressed, that is why I seeked a therapist, and then a psychiatrist who ended up diagnosing me. But can getting diagnosed take on a negative placebo effect? Am I playing the victim without even knowing? 
 
 I'm nineteen, turning twenty in three months; second year college student. I have no willpower behave like a student. I can't get myself to study, do assignments, or show up to class. I know this is terrible decision making but at the same time it doesn't matter to me, I don't care. I think I might be subconsciously using my depression as an excuse? Pitying myself? 
 
 It's okay that I missed class because oh you know, depressed me, couldn't get out of bed. Deadlines are something I can tamper with because I was having panic attacks, dealing with suicidal thoughts, whatever, I can talk to my professor about it for an extension. I mean, these statements are true, but they're also being used as excuses. Or are they?
 
 I've let my mental illness define me I guess, I don't know. I'm curious about whether anyone else diagnosed with clinical depression can relate. It's this weird tug of war.
 
 "" Am I depressed because I was told I'm depressed? No, that can't be it because the only reason you seeked out help in the first place was because you felt depressed.""
 
","[1, 0]",{'depressive_disorder'},"Is the fact that I am diagnosed with depression making me depressed. I tried googling it and cant seem to find anything related to my question, so now Im on here. I am diagnosed with MDD major depressive disorder and was wondering if my lack of motivation has worsened because I got that label slapped onto me. Obviously, Ive always been depressed, that is why I seeked a therapist, and then a psychiatrist who ended up diagnosing me. But can getting diagnosed take on a negative placebo effect? Am I playing the victim without even knowing? Im nineteen, turning twenty in three months second year college student. I have no willpower behave like a student. I cant get myself to study, do assignments, or show up to class. I know this is terrible decision making but at the same time it doesnt matter to me, I dont care. I think I might be subconsciously using my depression as an excuse? Pitying myself? Its okay that I missed class because oh you know, depressed me, couldnt get out of bed. Deadlines are something I can tamper with because I was having panic attacks, dealing with suicidal thoughts, whatever, I can talk to my professor about it for an extension. I mean, these statements are true, but theyre also being used as excuses. Or are they? Ive let my mental illness define me I guess, I dont know. Im curious about whether anyone else diagnosed with clinical depression can relate. Its this weird tug of war. Am I depressed because I was told Im depressed? No, that cant be it because the only reason you seeked out help in the first place was because you felt depressed.",Depression,{'anxiety':'no'}
ay8y50,The System is broken,"I want to start of saying that I am grateful to live were I live (Australia), It could be so much worse and I am grateful for ""mostly"" free access to mental health care. Today though, today i felt like there was no one who could help me. 
 
 I was diagnosed with depression at the age of 14 (10 years ago) over those 10 years i have seen 8 different therapists. 8! Recently I had been seeing a therapists that I really connect with and I had been seeing her for a long time, she really helped and had been with me through a number of bad times. I was told just a few months ago that I could see her any longer as I was no longer studying at that institution and she had no other practices I could see her at. So that is, I was drinking myself to sleep every night and calling suicide hotline and I could no longer see my therapists... great. Today I went to the doctors and got a new referral to a new therapists and I started the process again... I feel sick and sad and over it all. To top it all of, her next available appointment is 3 weeks away, I booked in to see her but 3 weeks. Really?","[1, 0]",{'depressive_disorder'},"The System is broken. I want to start of saying that I am grateful to live were I live Australia, It could be so much worse and I am grateful for mostly free access to mental health care. Today though, today i felt like there was no one who could help me. I was diagnosed with depression at the age of 14 10 years ago over those 10 years i have seen 8 different therapists. 8! Recently I had been seeing a therapists that I really connect with and I had been seeing her for a long time, she really helped and had been with me through a number of bad times. I was told just a few months ago that I could see her any longer as I was no longer studying at that institution and she had no other practices I could see her at. So that is, I was drinking myself to sleep every night and calling suicide hotline and I could no longer see my therapists. great. Today I went to the doctors and got a new referral to a new therapists and I started the process again. I feel sick and sad and over it all. To top it all of, her next available appointment is 3 weeks away, I booked in to see her but 3 weeks. Really?",Depression,{'anxiety':'no'}
6ejwtr,Depression,"I was (officially) diagnosed with MDD in February, which is when I started to experiment with antidepressants to try and find the right one for me. I have been feeing depressed for almost a whole year now, and it only seems to be getting worse with time. More recently though, my boyfriend of a year and a half broke up with me because he just isn't happy anymore, as my mental health issues have taken a huge toll on him as well. I have so many friends and family that are supportive in what i'm going through, and are all trying their very best to help me. I have the picture perfect life- loving friends and family, a roof over my head, two steady jobs, and i'm one semester away from obtaining a college degree. that being said, i know depression affects anyone and everyone, but its just so incredibly hard for me to understand why i'm feeling so low when i have everything going for me. this past week, i have done nothing but sleep and lay in bed, and then put a smile on my face and go into work and come home, and repeat day after day. each day goes by, and my depression gets worse and worse. with everything that's going on lately, i have had thoughts of self harm and even suicide. it scares me to death because i used to think life was so beautiful and that there was so much to live for. now, depression has me in a deep, dark place and nothing/no one can pull me up. i feel totally numb and just lifeless, and that i'm just 'here'. if there's anyone out there willing to talk or even help me, please let me know.","[1, 0]",{'depressive_disorder'},"Depression. I was officially diagnosed with MDD in February, which is when I started to experiment with antidepressants to try and find the right one for me. I have been feeing depressed for almost a whole year now, and it only seems to be getting worse with time. More recently though, my boyfriend of a year and a half broke up with me because he just isnt happy anymore, as my mental health issues have taken a huge toll on him as well. I have so many friends and family that are supportive in what im going through, and are all trying their very best to help me. I have the picture perfect life loving friends and family, a roof over my head, two steady jobs, and im one semester away from obtaining a college degree. that being said, i know depression affects anyone and everyone, but its just so incredibly hard for me to understand why im feeling so low when i have everything going for me. this past week, i have done nothing but sleep and lay in bed, and then put a smile on my face and go into work and come home, and repeat day after day. each day goes by, and my depression gets worse and worse. with everything thats going on lately, i have had thoughts of self harm and even suicide. it scares me to death because i used to think life was so beautiful and that there was so much to live for. now, depression has me in a deep, dark place and nothingno one can pull me up. i feel totally numb and just lifeless, and that im just here. if theres anyone out there willing to talk or even help me, please let me know.",Depression,"{""anxiety"": ""no""}"
7xs2u5,What do you do when your SO doesnt seem to fully understand your condition?,"I was diagnosed with Anxiety Depression 2 years ago. I have suffered my entire life, but things kicked into high gear after having kids. My kids are great and I in no way blame them for my condition.
 
 This morning my SO told me again at he thinks he also suffers from depression. I told him to make an appointment to be diagnosed. (I believe he is suffering stress from work, and not depression, but a doctor would be the one to tell him.). 
 
 Not only does he refuse to see a doctor, he told me he was no longer going to acknowledge my depression unless I got re-diagnosed (by going in to see my doc, a phone appointment wouldnt count he said). 
 
 I really dont feel like he understands my depression, causes, effects at all. I have tried to explain, sent articles, links to posts here...Im not sure how to make him understand that this isnt something that will go away. I have good days and I have bad days, everyday is a struggle. Some days I can just hide it better.
 
 I know he loves me, but when he doesnt know how to respond to my depression I fall deeper down the rabbit hole. Im at a loss as to what to do and am tired of feeling like Im causing him to be unhappy as a result of my condition.","[1, 1]","{'depressive_disorder', 'anxiety_disorder'}","What do you do when your SO doesnt seem to fully understand your condition. I was diagnosed with Anxiety Depression 2 years ago. I have suffered my entire life, but things kicked into high gear after having kids. My kids are great and I in no way blame them for my condition. This morning my SO told me again at he thinks he also suffers from depression. I told him to make an appointment to be diagnosed. I believe he is suffering stress from work, and not depression, but a doctor would be the one to tell him.. Not only does he refuse to see a doctor, he told me he was no longer going to acknowledge my depression unless I got rediagnosed by going in to see my doc, a phone appointment wouldnt count he said. I really dont feel like he understands my depression, causes, effects at all. I have tried to explain, sent articles, links to posts here.Im not sure how to make him understand that this isnt something that will go away. I have good days and I have bad days, everyday is a struggle. Some days I can just hide it better. I know he loves me, but when he doesnt know how to respond to my depression I fall deeper down the rabbit hole. Im at a loss as to what to do and am tired of feeling like Im causing him to be unhappy as a result of my condition.",Comorbid (Depression + Anxiety),"{""anxiety"":""yes""}"
cagbre,Am I just never going to finish anything?,"I was diagnosed with anxiety, depression and bipolar disorder when I was about 15 years old. On top of that, I had anorexia and now I seem to have a problem with overeating. 
 
 My most recent experience thats made me feel like absolute garbage/a failure is the fact that I just got two ferrets about a month ago and I cant cope . I love them and theyre adorable but theyre just too much work and they give me so much anxiety. 
 
 Ive had to decide to find them a new home and I feel absolutely horrible about it. I honestly just feel like they deserve a home where someone can take better care of them and pay more attention to them (I have a really busy schedule).
 
  The reason this is all hitting me even harder is because I couldve prevented this by just doing more research about having ferrets as pets, but I was in such a dark place and kind of just grasped at anything that could make me feel ˜normal again. It breaks my heart to think of them leaving and it makes me feel like a failure. 
 
 It seems to be a pattern with me, that I can never finish something. I suck at relationships, I always get bored and leave. Ive never stuck to a job for more than 6 months. Ive been overseas to work (Au pairing & TEFL) and only lasted a few months at each. I just feel like everything is kind of falling apart around me and that I keep messing everything up. I feel like I need to start getting my life in order since Im almost 22 and I still dont know what I want to do with my life.","[0, 0]",{'control_group'},"Am I just never going to finish anything. I was diagnosed with anxiety, depression and bipolar disorder when I was about 15 years old. On top of that, I had anorexia and now I seem to have a problem with overeating. My most recent experience thats made me feel like absolute garbagea failure is the fact that I just got two ferrets about a month ago and I cant cope . I love them and theyre adorable but theyre just too much work and they give me so much anxiety. Ive had to decide to find them a new home and I feel absolutely horrible about it. I honestly just feel like they deserve a home where someone can take better care of them and pay more attention to them I have a really busy schedule. The reason this is all hitting me even harder is because I couldve prevented this by just doing more research about having ferrets as pets, but I was in such a dark place and kind of just grasped at anything that could make me feel normal again. It breaks my heart to think of them leaving and it makes me feel like a failure. It seems to be a pattern with me, that I can never finish something. I suck at relationships, I always get bored and leave. Ive never stuck to a job for more than 6 months. Ive been overseas to work Au pairing TEFL and only lasted a few months at each. I just feel like everything is kind of falling apart around me and that I keep messing everything up. I feel like I need to start getting my life in order since Im almost 22 and I still dont know what I want to do with my life.",Normal,{'anxiety':'yes'}
beny5c,I am 20 years old. Heading no where in life.,"I was diagnosed with clinical depression and anxiety 6 years ago and I am on medication. Like anyone who has depression and anxiety you'll know that they both pull you down horribly. Recently, I've been having body issues and have lead to unhealthy eating habits.
  I've experienced alot through the 6 year time slot; 2 surgeries, crutches 2 times, family deaths, the pressure of academically doing well in high school to get to my dream university (which I didn't get on first try). Countless therapy sessions (I'm on my third psychologist) and broke up with my boyfriend of 3 years. I took a course because I THOUGHT I liked it. But in all honesty, I'm just getting by to make my parents proud. Get the diploma they want to see. 
 My parents are all for me changing to something I want to do, no matter what it may be. But, 
 I don't know what I want to do, I don't know what my interests are or what I want to work in, etc.
 I took a semester break off uni to take care of myself but i feel like I've dipped into a bigger hole. IM struggling to get up everyday, do something everyday or even try to find a job. At age 20, I feel like a bum. Worthless.
 I want to die, I have tried to kill myself. But I've passed those suicidal thoughts. It's now become, I want to die, but I don't. (If you understand what I mean).
 It's impossible for me to see the light at the end of the tunnel. But hopefully someday.","[1, 1]","{'depressive_disorder', 'anxiety_disorder'}","I am 20 years old. Heading no where in life. I was diagnosed with clinical depression and anxiety 6 years ago and I am on medication. Like anyone who has depression and anxiety youll know that they both pull you down horribly. Recently, Ive been having body issues and have lead to unhealthy eating habits. Ive experienced alot through the 6 year time slot 2 surgeries, crutches 2 times, family deaths, the pressure of academically doing well in high school to get to my dream university which I didnt get on first try. Countless therapy sessions Im on my third psychologist and broke up with my boyfriend of 3 years. I took a course because I THOUGHT I liked it. But in all honesty, Im just getting by to make my parents proud. Get the diploma they want to see. My parents are all for me changing to something I want to do, no matter what it may be. But, I dont know what I want to do, I dont know what my interests are or what I want to work in, etc. I took a semester break off uni to take care of myself but i feel like Ive dipped into a bigger hole. IM struggling to get up everyday, do something everyday or even try to find a job. At age 20, I feel like a bum. Worthless. I want to die, I have tried to kill myself. But Ive passed those suicidal thoughts. Its now become, I want to die, but I dont. If you understand what I mean. Its impossible for me to see the light at the end of the tunnel. But hopefully someday.",Comorbid (Depression + Anxiety),{'anxiety':'yes'}
d7g47y,Was called a douchebag today,"I was diagnosed with clinical depression when I was 12 and used to attend therapy sessions, however never really wanted to continue as I hate talking about my problems constantly. Well yesterday I was talking to a friend and asked if she just wanted to hang out or anything and I guess I was being crabby? What happened was everytime we would text, she would ask whats up and I would so oh nothing just bored so watching a movie or anything casual like that she would say ""Im sorry"" and yesterday I told her I was looking for a new job after she texted me asking whats up and then she said ""Im sorry"". So I kinda said ""You say I'm sorry a lot, you dont have to say that because its not your fault or anything"" Then she got mad at that and I was trying to explain myself in saying ""Maybe since its text you took the tone wrong?"" but just genuiely meant that she didnt have to say sorry because its not her fault or anything like that and she said ""No youre just a douchebag, I hope you die in hell with satan fucking you"" Im someone that socially awkward and its hard for me to make friends, and the fact that I was called this as I just geniuely meant what I said kinda just triggered the inner depression in me as I lost a friend just over this, so one more step to being alone. I know its stupid but yeaah, made me upset as in just saddness and just needed to vent. Thanks.","[1, 0]",{'depressive_disorder'},"Was called a douchebag today. I was diagnosed with clinical depression when I was 12 and used to attend therapy sessions, however never really wanted to continue as I hate talking about my problems constantly. Well yesterday I was talking to a friend and asked if she just wanted to hang out or anything and I guess I was being crabby? What happened was everytime we would text, she would ask whats up and I would so oh nothing just bored so watching a movie or anything casual like that she would say Im sorry and yesterday I told her I was looking for a new job after she texted me asking whats up and then she said Im sorry. So I kinda said You say Im sorry a lot, you dont have to say that because its not your fault or anything Then she got mad at that and I was trying to explain myself in saying Maybe since its text you took the tone wrong? but just genuiely meant that she didnt have to say sorry because its not her fault or anything like that and she said No youre just a douchebag, I hope you die in hell with satan fucking you Im someone that socially awkward and its hard for me to make friends, and the fact that I was called this as I just geniuely meant what I said kinda just triggered the inner depression in me as I lost a friend just over this, so one more step to being alone. I know its stupid but yeaah, made me upset as in just saddness and just needed to vent. Thanks.",Depression,"{""anxiety"": ""no""}"
duge2i,Sinking again,"I was diagnosed with depression about 9 months ago and I had a real rough time with it. It was a hole combined of a few things that would mess me up to the point where all I had eaten for two weeks could fit on a single small plate. I couldn't sleep, had no motivation for anything and I was miserable every day. The suicidal thoughts were almost an everyday companion too and my friends couldn't, or as I felt many times, wouldn't do anything to help me. Who knows which is true, I really don't know anymore. It feels like most of my friends just pretend to care. 
 Anyway, I went to my doctor, started therapy and medication and in a few months I was a new person. My confidence grew to extents I had never imagined possible, I felt good and all. I was stupid enough to stop taking my medication after my therapy ended and I was feeling well. I haven't taken them for about two months and now I have started experiencing flashbacks to moments when I felt depressed. Whether it's friends doing something in particular that would throw me into a mood before or seeing or reading something.. I feel lost. I don't want to be depressed again and want to kill myself. I know people here will be supportive, so thank you.","[1, 0]",{'depressive_disorder'},"Sinking again. I was diagnosed with depression about 9 months ago and I had a real rough time with it. It was a hole combined of a few things that would mess me up to the point where all I had eaten for two weeks could fit on a single small plate. I couldnt sleep, had no motivation for anything and I was miserable every day. The suicidal thoughts were almost an everyday companion too and my friends couldnt, or as I felt many times, wouldnt do anything to help me. Who knows which is true, I really dont know anymore. It feels like most of my friends just pretend to care. Anyway, I went to my doctor, started therapy and medication and in a few months I was a new person. My confidence grew to extents I had never imagined possible, I felt good and all. I was stupid enough to stop taking my medication after my therapy ended and I was feeling well. I havent taken them for about two months and now I have started experiencing flashbacks to moments when I felt depressed. Whether its friends doing something in particular that would throw me into a mood before or seeing or reading something. I feel lost. I dont want to be depressed again and want to kill myself. I know people here will be supportive, so thank you.",Depression,{'anxiety':'no'}
63vh2v,"I do ""all the right things"" and still feel like shit.","I was diagnosed with depression and GAD 7 years ago (holy shit) and I feel like I'm pretty high-functioning. I managed to graduate college four years after high school, I'm in a master's program and getting a 4.0 currently, I've had relationships, I eat decent, exercise, etc.
 
 Lately I've been in a pretty bad depressive swing after going off meds a few months ago (back on them again, now...ha) and I feel like I've tried everything. light therapy, meds, therapy, different meds, more different meds, meditation, exercise, forcing myself to socialize, therapy, more meds, pursuing hobbies...and I still feel like shit a lot of the time.
 
 I know a lot of this has to do with a breakup I went through recently, and I'm trying to let go of wanting a relationship (eventually) so badly, but the happiest times of my life were when I was in love. it's hard not to want that when being in love works better than like any other option.
 
 not sure what this post is for...just ranting that I'm ""well enough"" to do all the things they tell depressed people to do, but I'm still fucking depressed and having suicidal ideation. the idea of having treatment resistant depression scares the shit out of me...I don't want to be miserable for life. but I definitely have ups and downs, particularly when dating someone.","[1, 1]","{'depressive_disorder', 'anxiety_disorder'}","I do all the right things and still feel like shit. I was diagnosed with depression and GAD 7 years ago holy shit and I feel like Im pretty highfunctioning. I managed to graduate college four years after high school, Im in a masters program and getting a 4.0 currently, Ive had relationships, I eat decent, exercise, etc. Lately Ive been in a pretty bad depressive swing after going off meds a few months ago back on them again, now.ha and I feel like Ive tried everything. light therapy, meds, therapy, different meds, more different meds, meditation, exercise, forcing myself to socialize, therapy, more meds, pursuing hobbies.and I still feel like shit a lot of the time. I know a lot of this has to do with a breakup I went through recently, and Im trying to let go of wanting a relationship eventually so badly, but the happiest times of my life were when I was in love. its hard not to want that when being in love works better than like any other option. not sure what this post is for.just ranting that Im well enough to do all the things they tell depressed people to do, but Im still fucking depressed and having suicidal ideation. the idea of having treatment resistant depression scares the shit out of me.I dont want to be miserable for life. but I definitely have ups and downs, particularly when dating someone.",Comorbid (Depression + Anxiety),"{""anxiety"":""yes""}"
47afya,Father does not believe in antidepressants,"I was diagnosed with depression and generalized anxiety disorder about 4 years ago, but I didn't start taking medication until it got bad (about 2 years ago)
 
 My father has always been a member of my support system. That is, until I started taking medications. He always argues that ""he has problems and doesn't need to take medication"" and ""I had it bad too, I never had to take medication for it."" He doesn't understand why I need therapy. He and my mother make me feel guilty for spending money every week for my therapist's copay.
 
 It's not that my father would stop me from taking my meds; it's knowing that he doesn't approve and thinks that I am not a strong person because I take medication. That is what is bothering me the most.
 
 I feel terrible doing something that disappoints my father. I look up to him and love him very much. I just don't know what to do to convince him that I need my medication.","[1, 1]","{'depressive_disorder', 'anxiety_disorder'}","Father does not believe in antidepressants. I was diagnosed with depression and generalized anxiety disorder about 4 years ago, but I didnt start taking medication until it got bad about 2 years ago My father has always been a member of my support system. That is, until I started taking medications. He always argues that he has problems and doesnt need to take medication and I had it bad too, I never had to take medication for it. He doesnt understand why I need therapy. He and my mother make me feel guilty for spending money every week for my therapists copay. Its not that my father would stop me from taking my meds its knowing that he doesnt approve and thinks that I am not a strong person because I take medication. That is what is bothering me the most. I feel terrible doing something that disappoints my father. I look up to him and love him very much. I just dont know what to do to convince him that I need my medication.",Comorbid (Depression + Anxiety),{'anxiety':'yes'}
8ml82k,How do you deal with this feeling?,"I was diagnosed with depression in November of 2017. I know that I have been dealing with it since 2006. Since then I have gotten help and medication and I am better. I have made no attempts on taking own my life but have come close and I think about it almost every day. I work a lot at a few different jobs and even though I don't work out, I am on my feet and on the go a lot. I teach music in the Nashville area and I know that even though I don't get paid enough to live with just teaching, it's what I enjoy most and I'll work whatever other jobs I have to to be able to teach.
 
 That being said, I get this terrible feeling almost every week. I feel like there isn't anything I've thing that I would really dive so deep that I could become an expert and do great things. I do love teaching music but I when I have down time I don't want to study theory or practice my own music or write something or anything like that. I also really like cooking but I don't find myself ever really wanting to cook.
 
 There are plenty of other things that I feel the same way about.
 
 My question to you all is what can I do? I went from ""Wanting to die every day"" to ""Wanting to die every day but making an effort to find a reason to stay"". How do I make it to ""Wanting to make an effort towards something at least enough to forget that I still want to die every day""?
 
 Thank you for your time
 
 TL;DR How do you find meaning in singing enough to want to be better at that something?","[0, 0]",{'control_group'},"How do you deal with this feeling. I was diagnosed with depression in November of 2017. I know that I have been dealing with it since 2006. Since then I have gotten help and medication and I am better. I have made no attempts on taking own my life but have come close and I think about it almost every day. I work a lot at a few different jobs and even though I dont work out, I am on my feet and on the go a lot. I teach music in the Nashville area and I know that even though I dont get paid enough to live with just teaching, its what I enjoy most and Ill work whatever other jobs I have to to be able to teach. That being said, I get this terrible feeling almost every week. I feel like there isnt anything Ive thing that I would really dive so deep that I could become an expert and do great things. I do love teaching music but I when I have down time I dont want to study theory or practice my own music or write something or anything like that. I also really like cooking but I dont find myself ever really wanting to cook. There are plenty of other things that I feel the same way about. My question to you all is what can I do? I went from Wanting to die every day to Wanting to die every day but making an effort to find a reason to stay. How do I make it to Wanting to make an effort towards something at least enough to forget that I still want to die every day? Thank you for your time TLDR How do you find meaning in singing enough to want to be better at that something?",Normal,{'anxiety':'no'}
9n0v7r,Everything is overwhelming. My depression has returned. HARD,"I was diagnosed with depression several years ago. I managed to overcome it at the time but it has returned with a vengeance. I feel hopeless, everything feels empty and pointless. I have lost all motivation and drive to do well, even though I was a top student at my high school. I thought I would enjoy where I am attending, but it turns out I hate it. It's in NYC and the building is tiny and feels so cramped. I've lived in NYC my whole life but I've realized I can't stand being in Manhattan(Where my school is located). Even though I live in NYC, I went to high school in Port Washington, Long Island and it's pretty difficult getting used to the city again after going to a town where I could actually breathe fresh air. Many of the things that I found enjoyable now feel completely vapid and uninteresting. Every morning I just want to stay in bed and every night I cry myself to sleep. Last time I felt like this was 3-4 years ago. At times the pressure and workload feels so overwhelming I have seriously considered ending it all, the only thing keeping me from doing it is my family and knowing how horribly my death would affect them. 
 Should I drop out?
 Should I take a gap year to get my bearings straight and then return? 
 Should I transfer to a school not located in Manhattan?
 Am I just being a whiny little bitch?","[1, 0]",{'depressive_disorder'},"Everything is overwhelming. My depression has returned. HARD. I was diagnosed with depression several years ago. I managed to overcome it at the time but it has returned with a vengeance. I feel hopeless, everything feels empty and pointless. I have lost all motivation and drive to do well, even though I was a top student at my high school. I thought I would enjoy where I am attending, but it turns out I hate it. Its in NYC and the building is tiny and feels so cramped. Ive lived in NYC my whole life but Ive realized I cant stand being in ManhattanWhere my school is located. Even though I live in NYC, I went to high school in Port Washington, Long Island and its pretty difficult getting used to the city again after going to a town where I could actually breathe fresh air. Many of the things that I found enjoyable now feel completely vapid and uninteresting. Every morning I just want to stay in bed and every night I cry myself to sleep. Last time I felt like this was 34 years ago. At times the pressure and workload feels so overwhelming I have seriously considered ending it all, the only thing keeping me from doing it is my family and knowing how horribly my death would affect them. Should I drop out? Should I take a gap year to get my bearings straight and then return? Should I transfer to a school not located in Manhattan? Am I just being a whiny little bitch?",Depression,{'anxiety':'no'}
8tl0wi,I'll never be normal again.,"I was diagnosed with depression when I was 16 (9 years ago) and I'm pretty sure I've had it for longer. It's always there. 
  
 Sometimes it barely affects me, and I can live normally and have a laugh and good time with friends. Other times it hits me like a brick wall. 
  
 My current and most recent ""episode"" has left me with zero emotions besides anger. I either feel nothing or am angry. Friends at work will make jokes and they just fall flat with me. I do not care about anything anyone could say to me. 
  
 A thought is in my mind constantly: my depression will never truly go away. 
  
 This thought haunts my every waking hour. How am I ever supposed to live a normal life with this plaguing me non-stop? My life can never be normal. 
  
 It's ""funny"", people could get a physical illness and be off sick from a job for a couple days or maybe even months and people would be wishing them a speedy recovery. I have depression and most people don't understand and I have to work with it, or risk losing my job and income. I didn't ask for this, I wouldn't wish it upon anybody. Yet no one takes it seriously. 
  
 That's the problem. If I broke my arm, I'd be out of work for a few weeks, then back to normal, like nothing ever happened. 
  
 It feels like black tar on the inside of my head, clouding my thoughts and dampening my emotional response to everything. Like I've been handed a heavy load to carry and cannot let go when I get tired. 
  
 Like I'm never going to be normal again.","[1, 0]",{'depressive_disorder'},"Ill never be normal again. I was diagnosed with depression when I was 16 9 years ago and Im pretty sure Ive had it for longer. Its always there. Sometimes it barely affects me, and I can live normally and have a laugh and good time with friends. Other times it hits me like a brick wall. My current and most recent episode has left me with zero emotions besides anger. I either feel nothing or am angry. Friends at work will make jokes and they just fall flat with me. I do not care about anything anyone could say to me. A thought is in my mind constantly my depression will never truly go away. This thought haunts my every waking hour. How am I ever supposed to live a normal life with this plaguing me nonstop? My life can never be normal. Its funny, people could get a physical illness and be off sick from a job for a couple days or maybe even months and people would be wishing them a speedy recovery. I have depression and most people dont understand and I have to work with it, or risk losing my job and income. I didnt ask for this, I wouldnt wish it upon anybody. Yet no one takes it seriously. Thats the problem. If I broke my arm, Id be out of work for a few weeks, then back to normal, like nothing ever happened. It feels like black tar on the inside of my head, clouding my thoughts and dampening my emotional response to everything. Like Ive been handed a heavy load to carry and cannot let go when I get tired. Like Im never going to be normal again.",Depression,{'anxiety':'no'}
icvrcz,"I don't feel happiness ever,but I also don't feel sadness all the time","I was diagnosed with depression.but since last year I don't really feel sadness just nothing(maybe some angst.,I do have ocd ).
 
 I feel negative,but I don't feel any grief constantely.sometimes I do cry because of the grief.I've had a very hard life with alot of pain.but I think i have just become emotionally numb.I don't feel like killing myself anymore.just numbness.the only time I feel happiness is when I smoke weed with a high chemical content that leads to such(not most weed)or when I did mushrooms and peyote back when it worked for me(it was legal in my country the netherlands).
 

 
 Have I effectively buried my emotions?Do I even have depression if I cannot feel any joy?I do feel grief and I cry sometimes,but its not something I feel strongly everyday.
 

 
 most importantely,is it possible for me to live a good life?is it possible to ever feel joy without chemicals?how?Talk therapy?or is there something wrong with me that I cant feel Joy ever?I know what joy feels like because even when I first did peyote or mushrooms I remember thinking,''this is how I felt like as a kid''.can an adult feel like a kid in terms of joy without chemicals?do adults feel joy?maybe my numbness is normal?
 

 
 also,sometimes i like the feeling of feeling grief and crying sometimes.maybe because I was so used to it before I became numb.","[1, 0]",{'depressive_disorder'},"I dont feel happiness ever,but I also dont feel sadness all the time. I was diagnosed with depression.but since last year I dont really feel sadness just nothingmaybe some angst.,I do have ocd . I feel negative,but I dont feel any grief constantely.sometimes I do cry because of the grief.Ive had a very hard life with alot of pain.but I think i have just become emotionally numb.I dont feel like killing myself anymore.just numbness.the only time I feel happiness is when I smoke weed with a high chemical content that leads to suchnot most weedor when I did mushrooms and peyote back when it worked for meit was legal in my country the netherlands. Have I effectively buried my emotions?Do I even have depression if I cannot feel any joy?I do feel grief and I cry sometimes,but its not something I feel strongly everyday. most importantely,is it possible for me to live a good life?is it possible to ever feel joy without chemicals?how?Talk therapy?or is there something wrong with me that I cant feel Joy ever?I know what joy feels like because even when I first did peyote or mushrooms I remember thinking,this is how I felt like as a kid.can an adult feel like a kid in terms of joy without chemicals?do adults feel joy?maybe my numbness is normal? also,sometimes i like the feeling of feeling grief and crying sometimes.maybe because I was so used to it before I became numb.",Depression,{'anxiety':'no'}
cv7yd2,I feel like killing myself,"I was diagnosed with dysthymia (high-functioning depression) recently and it's horrible. You're expected to function normally in society but inside you have this thing rotting you away. And it's not even like normal depression. When you're depressed, the social expectation is for you to struggle to get out of bed, to not go outside and socialize. But when you have high-functioning depression, no one knows about it. You're expected to get out of bed, shower every day, join in fun activities, socialize and generally be happy when inside you're dying.
 
 No one knows about it. Not even my parents and I cannot even consider telling them about it. My mum will just overreact and get angry and my dad will say that there's nothing wrong me and that I need to grow a pair, as they have done in the past whenever I approached them about something. 
 
 Today my dad got angry at me for something I said that he misunderstood the tone of. It's impossible to try and talk to him because he'll just threaten me. My mother took his side as always. I've got nothing to look forward to in life. I'm a loner, always have been, always will be. I'm an atheist so I can't turn to some imaginary friend for comfort. I haven't killed myself yet because I don't want my younger siblings and my parents to go through something like that. But inside I feel dead and I have to act and smile in order to get through life. I can't keep living like this.","[1, 0]",{'depressive_disorder'},"I feel like killing myself. I was diagnosed with dysthymia highfunctioning depression recently and its horrible. Youre expected to function normally in society but inside you have this thing rotting you away. And its not even like normal depression. When youre depressed, the social expectation is for you to struggle to get out of bed, to not go outside and socialize. But when you have highfunctioning depression, no one knows about it. Youre expected to get out of bed, shower every day, join in fun activities, socialize and generally be happy when inside youre dying. No one knows about it. Not even my parents and I cannot even consider telling them about it. My mum will just overreact and get angry and my dad will say that theres nothing wrong me and that I need to grow a pair, as they have done in the past whenever I approached them about something. Today my dad got angry at me for something I said that he misunderstood the tone of. Its impossible to try and talk to him because hell just threaten me. My mother took his side as always. Ive got nothing to look forward to in life. Im a loner, always have been, always will be. Im an atheist so I cant turn to some imaginary friend for comfort. I havent killed myself yet because I dont want my younger siblings and my parents to go through something like that. But inside I feel dead and I have to act and smile in order to get through life. I cant keep living like this.",Depression,{'anxiety':'no'}
djg9ga,That time of year,"I was diagnosed with high anxiety and mild depression when I was 15. Being 22 currently, I mostly get seasonal depression during the fall and winter. 
 
 These last couple days have been making me reflect on what I'm doing with my life. I graduated college in May but it's been so hard to find a job that I can make a decent living off of, even a regular day job. I've been working a cleaning job that pays .50 above minimum wage and get taken advantage of (not sexually) by the supervisors who basically have me do most of their job for them. And it's been like this for almost half a year.
 
 A lot of my friends are still in college or live too far away and it just hit me how lonely things are when I'm not seeing my friends everyday in class, in the library, lunch or dinner. When I do visit, I let people know weeks ahead of time but hardly anyone seems to be interested in seeing me. 
 
 I'm doing grad school online and though I'm doing fine in the classes themselves, I can't find any motivation to keep going. The work isn't even that ""hard"" I'm just mentally checked out and exhausted from even thinking about it. 
 
  I know I had to grow up eventually, but it's been hard to find anything that makes me feel happy in the slightest. I just needed to put this out there to vent.","[1, 1]","{'depressive_disorder', 'anxiety_disorder'}","That time of year. I was diagnosed with high anxiety and mild depression when I was 15. Being 22 currently, I mostly get seasonal depression during the fall and winter. These last couple days have been making me reflect on what Im doing with my life. I graduated college in May but its been so hard to find a job that I can make a decent living off of, even a regular day job. Ive been working a cleaning job that pays .50 above minimum wage and get taken advantage of not sexually by the supervisors who basically have me do most of their job for them. And its been like this for almost half a year. A lot of my friends are still in college or live too far away and it just hit me how lonely things are when Im not seeing my friends everyday in class, in the library, lunch or dinner. When I do visit, I let people know weeks ahead of time but hardly anyone seems to be interested in seeing me. Im doing grad school online and though Im doing fine in the classes themselves, I cant find any motivation to keep going. The work isnt even that hard Im just mentally checked out and exhausted from even thinking about it. I know I had to grow up eventually, but its been hard to find anything that makes me feel happy in the slightest. I just needed to put this out there to vent.",Comorbid (Depression + Anxiety),{'anxiety':'yes'}
cauluo,Why is it sometimes so hard to care?,"I was diagnosed with major depression when I was 15. Generalized anxiety disorder a few years later. For the last year and a half Ive been off antidepressants and doing alright - better than I can say I ever have in my entire adult life. Today, I called out of work for an honestly bullshit reason. I love my job, and the people I work with, but all of it was just *too much* for whatever reason. Ive avoided social media and ignored texts and messages, partially because of missing work and being close with coworkers, but also partially because I just cant find it in me to go through the motions of pretending to care today. 
 
 I notice often when people message me - especially frivolous garbage or dumb anecdotes about something special their kids do that is in no way special or unique - I am just annoyed. I dont *care* and I hate that feeling. I hate that I feel like a terrible person for it. Im also afraid that somehow, this is the start of my depression coming back. Why is it so hard to care sometimes? Am I alone in this?","[0, 0]",{'control_group'},"Why is it sometimes so hard to care. I was diagnosed with major depression when I was 15. Generalized anxiety disorder a few years later. For the last year and a half Ive been off antidepressants and doing alright better than I can say I ever have in my entire adult life. Today, I called out of work for an honestly bullshit reason. I love my job, and the people I work with, but all of it was just too much for whatever reason. Ive avoided social media and ignored texts and messages, partially because of missing work and being close with coworkers, but also partially because I just cant find it in me to go through the motions of pretending to care today. I notice often when people message me especially frivolous garbage or dumb anecdotes about something special their kids do that is in no way special or unique I am just annoyed. I dont care and I hate that feeling. I hate that I feel like a terrible person for it. Im also afraid that somehow, this is the start of my depression coming back. Why is it so hard to care sometimes? Am I alone in this?",Normal,{'anxiety':'yes'}
dy98cz,Almost had it.,"I was so close to happiness, to a normal life and it was all taken from me. I was diagnosed with depression when i was 13, and suffered from it until i got into highschool. 
 
 I made lots of friends, i started working out, i had a job and moved out at 18 to live with my now ex. I was cured. Everything was good for the first time in years. For a moment, I had everything, friends, money and love.
 
 Then an alcoholic tackled me in a non-contact sport. I was 19. I couldnt walk for two years. I got fat, my ex didnt want me anymore. I couldnt go to school, i couldnt work, i couldnt do anything of the things i wanted. I was so ashamed of what i had turned into. Everything fell apart. After two years of suffering i was finally put forward for surgery, and even then had to sue my insurance company, bc they didnt want to pay...
 
 Now im 23. Ive lost 40kg but i still feel disgusting. Unloveable. My leg is fixed but i fear any sports now. Even walking on uneven ground gives me anxiety. Ive seen all my friends go places, get jobs, get into schools. I got into a university but i just cant do it. After a failed year in uni, im in debt, living back at my parents house, working at a fast food restaurant to keep myself busy. Everyone thinks im going back to university but im probably going to kms. I dont know how to live anymore.","[0, 0]",{'control_group'},"Almost had it. I was so close to happiness, to a normal life and it was all taken from me. I was diagnosed with depression when i was 13, and suffered from it until i got into highschool. I made lots of friends, i started working out, i had a job and moved out at 18 to live with my now ex. I was cured. Everything was good for the first time in years. For a moment, I had everything, friends, money and love. Then an alcoholic tackled me in a noncontact sport. I was 19. I couldnt walk for two years. I got fat, my ex didnt want me anymore. I couldnt go to school, i couldnt work, i couldnt do anything of the things i wanted. I was so ashamed of what i had turned into. Everything fell apart. After two years of suffering i was finally put forward for surgery, and even then had to sue my insurance company, bc they didnt want to pay. Now im 23. Ive lost 40kg but i still feel disgusting. Unloveable. My leg is fixed but i fear any sports now. Even walking on uneven ground gives me anxiety. Ive seen all my friends go places, get jobs, get into schools. I got into a university but i just cant do it. After a failed year in uni, im in debt, living back at my parents house, working at a fast food restaurant to keep myself busy. Everyone thinks im going back to university but im probably going to kms. I dont know how to live anymore.",Normal,{'anxiety':'yes'}
44qlo0,I'm really scared,"I was struck with depression 4 months back. I was doing better. I felt great for the first time in months. 
 
 Got back to campus and I saw my professor from afar. She was part of the reason I was depressed due to idealisation and transference on my part. I saw her as a mother figure and it just got really out of hand and unhealthy last year. 
 
 I'm really scared to see her and have a proper conversation with her regarding how I feel about her being my research adviser. I don't think it's going to work out or there would have to be absolute boundaries, over and above what there are already. I'm scared to have that conversation because I don't know how she'll feel about seeing me or whether she'll even welcome such a conversation. 
 
 I'm especially scared because I'm worried I'll relapse and won't be able to complete my coursework again. I guess I just needed to air my fears because it's stressing me out and I feel like I'm relapsing already.","[0, 0]",{'control_group'},"Im really scared. I was struck with depression 4 months back. I was doing better. I felt great for the first time in months. Got back to campus and I saw my professor from afar. She was part of the reason I was depressed due to idealisation and transference on my part. I saw her as a mother figure and it just got really out of hand and unhealthy last year. Im really scared to see her and have a proper conversation with her regarding how I feel about her being my research adviser. I dont think its going to work out or there would have to be absolute boundaries, over and above what there are already. Im scared to have that conversation because I dont know how shell feel about seeing me or whether shell even welcome such a conversation. Im especially scared because Im worried Ill relapse and wont be able to complete my coursework again. I guess I just needed to air my fears because its stressing me out and I feel like Im relapsing already.",Normal,{'anxiety':'yes'}
5tlsmx,"It seems that every school has that one kid who's just covered in scars, and I'm that kid","I was talking to one of my friends the other week and he mentioned a girl in his year at his school who is just covered with self harm scars, all over both her wrists, both her forearms, upper arms, thighs, legs, ankles, stomach, just completely covered in them. This got me thinking that every school statistically will have at least one kid covered in self harm, and I realised I'm that kid. I'm not completely covered in scars, but my ankles are scarred pretty badly, my arm, which is probably where most people look, is covered in cuts, scars and burns, I don't even hide it anymore because it's so hot (I'm talking like 42„ƒ, where I physically cannot wear long sleeves without passing out), and I'm that kid who people will stare at when he's walking to class, they might whisper to their friends about my arm, the teachers will see my arm and just assume that I'm just another emo, I don't even do anything in class because I'm so depressed that I just don't have the energy to work so I must just look like a massive poser. I'm always on the lookout for others with scars like mine, but there's nobody with them. A school of 16, 17 and 18 year olds, with about 1000 students, and I'm the only one with bad scarring. I mean, they could do it in more hidden areas, like most of my scars are on my thigh, but it still saddens me to know that nobody else has to deal with being stared at whenever they walk past someone, I never wanted to be that guy who everyone knows is depressed and broken but I guess I'm that guy now.","[1, 0]",{'depressive_disorder'},"It seems that every school has that one kid whos just covered in scars, and Im that kid. I was talking to one of my friends the other week and he mentioned a girl in his year at his school who is just covered with self harm scars, all over both her wrists, both her forearms, upper arms, thighs, legs, ankles, stomach, just completely covered in them. This got me thinking that every school statistically will have at least one kid covered in self harm, and I realised Im that kid. Im not completely covered in scars, but my ankles are scarred pretty badly, my arm, which is probably where most people look, is covered in cuts, scars and burns, I dont even hide it anymore because its so hot Im talking like 42, where I physically cannot wear long sleeves without passing out, and Im that kid who people will stare at when hes walking to class, they might whisper to their friends about my arm, the teachers will see my arm and just assume that Im just another emo, I dont even do anything in class because Im so depressed that I just dont have the energy to work so I must just look like a massive poser. Im always on the lookout for others with scars like mine, but theres nobody with them. A school of 16, 17 and 18 year olds, with about 1000 students, and Im the only one with bad scarring. I mean, they could do it in more hidden areas, like most of my scars are on my thigh, but it still saddens me to know that nobody else has to deal with being stared at whenever they walk past someone, I never wanted to be that guy who everyone knows is depressed and broken but I guess Im that guy now.",Depression,{'anxiety':'no'}
9jl0cs,There really is no hope is there?,"I was talking with a friend of mine today going through a particularly hard time. I can't get too into the specifics, but it had to do with custody, and a former girlfriend with a drug problem that gets to keep their kid. It started me down the rabbit hole of watching a bunch of men's rights videos. Stupid mistake, I know. We are so fucked aren't we. I could go down the list of issues, but there's no fucking point, no one even believes we have problems. I've been a victim of domestic violence myself at the hands of a woman. Not to mention multiple instances of abuse from female supervisors at my previous job which thank god I quit. I'm just another fucking joke too I guess. I've mentioned in previous posts my own battles with clinical depression. I know for certain I'm losing now. I can't do another year. I just can't. I'm drinking more. I don't care if it kills me anymore. I'm ready to go. I just hope it's over fast, and comes soon.","[0, 0]",{'control_group'},"There really is no hope is there. I was talking with a friend of mine today going through a particularly hard time. I cant get too into the specifics, but it had to do with custody, and a former girlfriend with a drug problem that gets to keep their kid. It started me down the rabbit hole of watching a bunch of mens rights videos. Stupid mistake, I know. We are so fucked arent we. I could go down the list of issues, but theres no fucking point, no one even believes we have problems. Ive been a victim of domestic violence myself at the hands of a woman. Not to mention multiple instances of abuse from female supervisors at my previous job which thank god I quit. Im just another fucking joke too I guess. Ive mentioned in previous posts my own battles with clinical depression. I know for certain Im losing now. I cant do another year. I just cant. Im drinking more. I dont care if it kills me anymore. Im ready to go. I just hope its over fast, and comes soon.",Normal,{'anxiety':'no'}
e7otbt,Normal to not remember feelings?,"I was talking with my therapist of an event that happened. We were talking about the shame I feel about having mental health issues and where it might come from. When I was 17, my mother found out I was on medication. She freaked out and started to punch me and scream at me. She then left the house for about a week. I can remember the event, where we were but not the feelings. I can remember the feelings from other events, but not that one. My body reacted when I was talking about it though. I had these familiar spasms in my neck, I get those when I get anxious. My question is; is it normal to not remember thr feelings? My therapist asked how I felt at that moment and I honestly dont remember. 
 
 Another question, might be a dumb one but is the freeze response associated with ptsd specifically or is it common in other anxiety disorders like panic disorder?","[0, 0]",{'control_group'},"Normal to not remember feelings. I was talking with my therapist of an event that happened. We were talking about the shame I feel about having mental health issues and where it might come from. When I was 17, my mother found out I was on medication. She freaked out and started to punch me and scream at me. She then left the house for about a week. I can remember the event, where we were but not the feelings. I can remember the feelings from other events, but not that one. My body reacted when I was talking about it though. I had these familiar spasms in my neck, I get those when I get anxious. My question is is it normal to not remember thr feelings? My therapist asked how I felt at that moment and I honestly dont remember. Another question, might be a dumb one but is the freeze response associated with ptsd specifically or is it common in other anxiety disorders like panic disorder?",Normal,{'anxiety':'yes'}
f2epfc,Now I feel guilty,"I was watching a video of someone explaining the chronic pain they feel of living with cerebral palsy. I understand that cerebral palsy is a very individualistic condition but I don't experience chronic pain like that. Many people with CP actually don't, but I'm sure there's those who do. I had recently watched a different video about CP (every person had CP) and they all generally agreed. We don't suffer from CP we can be happy and have good lives even though it's hard sometimes. That's where I had personally gotten to recently. I'm OK with being disabled. But now I don't want to leave those behind who hate being disabled. I don't want to invalidate their feelings by saying ""You don't suffer"" when clearly some people do. And generally the people with CP who have service dogs are more severe than I am either physically or cognitively. So now I'm like ""Well shit."" 
 
 Idk how any of you feel about being disabled? Like I said I've generally come to terms with it.","[0, 0]",{'control_group'},"Now I feel guilty. I was watching a video of someone explaining the chronic pain they feel of living with cerebral palsy. I understand that cerebral palsy is a very individualistic condition but I dont experience chronic pain like that. Many people with CP actually dont, but Im sure theres those who do. I had recently watched a different video about CP every person had CP and they all generally agreed. We dont suffer from CP we can be happy and have good lives even though its hard sometimes. Thats where I had personally gotten to recently. Im OK with being disabled. But now I dont want to leave those behind who hate being disabled. I dont want to invalidate their feelings by saying You dont suffer when clearly some people do. And generally the people with CP who have service dogs are more severe than I am either physically or cognitively. So now Im like Well shit. Idk how any of you feel about being disabled? Like I said Ive generally come to terms with it.",Normal,"{""anxiety"": ""no""}"
fbcauo,"Subvocalization, Visualization and Memory.","I was wondering if anyone else experiences trouble with memory and thinking. Hopefully, this post doesn't break any of the rules.
 
 Whenever I try to explain this to people, they don't understand and look at me sideways. Ever since my depression reached a stage where it convinced my brain as suicide as a viable option, it's like the only thought that is ever produced. It's the final thought that has been created. For the past four years, I have had issues visualizing, which is a tremendous way, I think unless it's imagining a suicide. This make's it difficult to do schoolwork such as math as I can't trace the steps in my head. I can't subvocalize either, which is essentially thinking or talking to yourself in your head.
 
 Below is a theory about why this is.
 
 I had spoken to my psychology professor at college after learning about rumination in her class. I told her that I had a theory that the reason memory and thinking issues may have transpired from the depression was because of rumination. Rumination is when you focus on negative events and go over and over it in your head. So I thought my brain must have ""protected"" itself against this by shrinking my hippocampus, making it more difficult to recall these negative memories, but this also made it more difficult to recall all other memories as well. I had almost eidetic memory before this illness got me, and it frustrates me to hell that I'm unable to think the way I used to. She said that this was incorrect, though, which put me down a little bit because I thought I was coming closer to the root cause of my trigger for this illness.","[1, 0]",{'depressive_disorder'},"Subvocalization, Visualization and Memory. I was wondering if anyone else experiences trouble with memory and thinking. Hopefully, this post doesnt break any of the rules. Whenever I try to explain this to people, they dont understand and look at me sideways. Ever since my depression reached a stage where it convinced my brain as suicide as a viable option, its like the only thought that is ever produced. Its the final thought that has been created. For the past four years, I have had issues visualizing, which is a tremendous way, I think unless its imagining a suicide. This makes it difficult to do schoolwork such as math as I cant trace the steps in my head. I cant subvocalize either, which is essentially thinking or talking to yourself in your head. Below is a theory about why this is. I had spoken to my psychology professor at college after learning about rumination in her class. I told her that I had a theory that the reason memory and thinking issues may have transpired from the depression was because of rumination. Rumination is when you focus on negative events and go over and over it in your head. So I thought my brain must have protected itself against this by shrinking my hippocampus, making it more difficult to recall these negative memories, but this also made it more difficult to recall all other memories as well. I had almost eidetic memory before this illness got me, and it frustrates me to hell that Im unable to think the way I used to. She said that this was incorrect, though, which put me down a little bit because I thought I was coming closer to the root cause of my trigger for this illness.",Depression,{'anxiety':'no'}
e1epmz,How many of you grew up with no father?,"I was wondering: How many of you grew up without a father or a rather shitty substitute?
 
 
 I am a 26 year old male and have been suffering from anxiety and depression almost my entire life to the point where I have been suicidal the last 12 months.
 
 I had a pretty harsh upbringing.
 
 My father is from the US, went to my country for work, met my mother and there I was.
 
 He left and they got divorced when I was 5 years old and basically left me with a very unhappy mother, a narcissistic, notoriously lying stepfather and just a very toxic environment in general.
 
 The first few years my father called for some of my birthdays, but it got gradually less until we basically had no contact the last few years.","[1, 1]","{'depressive_disorder', 'anxiety_disorder'}","How many of you grew up with no father. I was wondering How many of you grew up without a father or a rather shitty substitute? I am a 26 year old male and have been suffering from anxiety and depression almost my entire life to the point where I have been suicidal the last 12 months. I had a pretty harsh upbringing. My father is from the US, went to my country for work, met my mother and there I was. He left and they got divorced when I was 5 years old and basically left me with a very unhappy mother, a narcissistic, notoriously lying stepfather and just a very toxic environment in general. The first few years my father called for some of my birthdays, but it got gradually less until we basically had no contact the last few years.",Comorbid (Depression + Anxiety),"{""anxiety"":""yes""}"
77ksq5,First date in a long time. I think he didn't like me. Now I feel like shit.,"I went out on a date with this great guy. He's everything I like in a man, so I was very excited. We ate, talked about many things, and it didn't go bad at all. The thing is, he kept checking other people out, he made a couple of comments that made me think he was trying to lower my expectations, and at some point, he decided it would be fun if we opened this dating app, to check who was around. We were talking about some ridiculous profiles, but then, he started saying hi to people he liked, and that's when I started to feel really bad. He was looking for other people, right in my face. 
 
 It's 3 am now, and I can't sleep. I'm just a big pile of anxiety. I feel very sad. I'm blaming myself for letting that happen, and for setting myself for dissapointment. 
 
 I even cried a little before going to bed. I haven't cried in a while. And I felt the need of hurting myself again. I haven't used a razor or a cigarette on my skin for about 3 years, and now I feel like I want to stab myself. I was doing fine, going to therapy and taking my medications, but damn, I just can't help it right now. And I feel like I'm overreacting, and that makes me feel even more guilty for everything that's going on in my head right now. I just want it to go away.
 
 Edit: Haha, everybody assumed I was a girl, but I'm a guy. A 27 y/o guy, to make it even more pathetic. Anyway, thans for the replies. I've got a lot to think, I guess.","[0, 0]",{'control_group'},"First date in a long time. I think he didnt like me. Now I feel like shit. I went out on a date with this great guy. Hes everything I like in a man, so I was very excited. We ate, talked about many things, and it didnt go bad at all. The thing is, he kept checking other people out, he made a couple of comments that made me think he was trying to lower my expectations, and at some point, he decided it would be fun if we opened this dating app, to check who was around. We were talking about some ridiculous profiles, but then, he started saying hi to people he liked, and thats when I started to feel really bad. He was looking for other people, right in my face. Its 3 am now, and I cant sleep. Im just a big pile of anxiety. I feel very sad. Im blaming myself for letting that happen, and for setting myself for dissapointment. I even cried a little before going to bed. I havent cried in a while. And I felt the need of hurting myself again. I havent used a razor or a cigarette on my skin for about 3 years, and now I feel like I want to stab myself. I was doing fine, going to therapy and taking my medications, but damn, I just cant help it right now. And I feel like Im overreacting, and that makes me feel even more guilty for everything thats going on in my head right now. I just want it to go away. Edit Haha, everybody assumed I was a girl, but Im a guy. A 27 yo guy, to make it even more pathetic. Anyway, thans for the replies. Ive got a lot to think, I guess.",Normal,{'anxiety':'yes'}
86atpp,I almost drank last weekend (a bit of a rant),"I'd been ignoring my own needs and hadn't been listening to myself. I had all the HALTS symptoms. I tried to go exercise while I was a) having flu symptoms and b) sleep-deprived. That just fuelled the symptoms. I nearly went to a local bar on Saturday because I went out for snacks and the shop was closed. Basically, I had slowly adopted the mindset of ""why not drink once, because everything is so terrible and I hate myself and everything"". You know, the addict brain's desperate voice I thought wasn't there anymore.
 
 Well, it is still there. I may not have cravings for alcohol that much anymore, but I sure do have other cravings. Sugar. Games. Sex. Distractions. Euphoria from exercise. Anything to avoud the present moment. 
 
 Having been ill for this week I realized that I need to change my behaviour. My body basically shut down from all the stress and is only now starting to recover, along with my mind. I'm glad I didn't drink. I'm thankful for this place, even though I tend to forget to say it. Even at almost 8 months, it is still one day at a time. Otherwise I'll lose my focus. I will not drink with you today, SD.","[0, 0]",{'control_group'},"I almost drank last weekend a bit of a rant. Id been ignoring my own needs and hadnt been listening to myself. I had all the HALTS symptoms. I tried to go exercise while I was a having flu symptoms and b sleepdeprived. That just fuelled the symptoms. I nearly went to a local bar on Saturday because I went out for snacks and the shop was closed. Basically, I had slowly adopted the mindset of why not drink once, because everything is so terrible and I hate myself and everything. You know, the addict brains desperate voice I thought wasnt there anymore. Well, it is still there. I may not have cravings for alcohol that much anymore, but I sure do have other cravings. Sugar. Games. Sex. Distractions. Euphoria from exercise. Anything to avoud the present moment. Having been ill for this week I realized that I need to change my behaviour. My body basically shut down from all the stress and is only now starting to recover, along with my mind. Im glad I didnt drink. Im thankful for this place, even though I tend to forget to say it. Even at almost 8 months, it is still one day at a time. Otherwise Ill lose my focus. I will not drink with you today, SD.",Normal,{'anxiety':'no'}
de0i3c,Is it bad I want a girlfriend?,"I'll try to keep this as succinct as possible.
 
 I'm a 20 year old male. I was diagnosed with depression about 7 months ago but I feel like I've had it for longer. 
 
 I'm deeply insecure beyond normal levels of basic functioning. I don't like myself. I have recurring rumination on negative things.
 
 Anyway I don't have a lot of friends and I'm looking for a caretaker. More specifically a lover.
 
 Now I know that it is irresponsible to want a gf given my current mental state. It wouldn't be fair to her or me and if we end up separating for whatever reason I think it'd make me feel worse. At least for a while. For her I think it'd be annoying to essentially ""babysit.""
 
 I know I'm idealizing it and that being a relationship isn't all that. I know that having a lover isn't that different from having a friend, but I can't help romanticize the idea of having a cute girl that I can express my love to openly and physically. I want to share love. 
 
 I'm aware of these things but regardless I can't help it. I want someone to love me and tell me that I matter to them. That I'm something they desire. I want to feel special. I know co-dependency is a bad thing but I can't help feeling this way.
 
 
 And please. Don't give me the ""love yourself"" and ""find a hobby."" I've never understood that advice, it's cringy to hear, and I've never found utility in it. 
 
 I love you for reading thank you. I said I'd keep it short so I apologize :/
 
 
 TLDR; I want a girlfriend as a caretaker even though I'm not emotionally prepared for a relationship. What can I do to be happy by myself?","[1, 0]",{'depressive_disorder'},"Is it bad I want a girlfriend. Ill try to keep this as succinct as possible. Im a 20 year old male. I was diagnosed with depression about 7 months ago but I feel like Ive had it for longer. Im deeply insecure beyond normal levels of basic functioning. I dont like myself. I have recurring rumination on negative things. Anyway I dont have a lot of friends and Im looking for a caretaker. More specifically a lover. Now I know that it is irresponsible to want a gf given my current mental state. It wouldnt be fair to her or me and if we end up separating for whatever reason I think itd make me feel worse. At least for a while. For her I think itd be annoying to essentially babysit. I know Im idealizing it and that being a relationship isnt all that. I know that having a lover isnt that different from having a friend, but I cant help romanticize the idea of having a cute girl that I can express my love to openly and physically. I want to share love. Im aware of these things but regardless I cant help it. I want someone to love me and tell me that I matter to them. That Im something they desire. I want to feel special. I know codependency is a bad thing but I cant help feeling this way. And please. Dont give me the love yourself and find a hobby. Ive never understood that advice, its cringy to hear, and Ive never found utility in it. I love you for reading thank you. I said Id keep it short so I apologize TLDR I want a girlfriend as a caretaker even though Im not emotionally prepared for a relationship. What can I do to be happy by myself?",Depression,{'anxiety':'no'}
dtc2an,Well than.,"I'm 14 and angsty so don't read if you don't like annoying rants.
 
 I've been diagnosed with depression so I went to therapy yesterday and was honest that I've been feeling like shit and have planned two ways to die but haven't acted on them yet and we spent most of the time planning on an emergency plan for if i do it and who he can call and blah blah and he recommended i go to a psychologist to get antidepressants because he didn't know I was feeling depressed enough to want to die until now but anyway he printed a paper with all this info on it and a reminder for the date I'm going to the psychologist and him again. (He talked to my mom and made sure she's okay with going to a psychologist.) My therapist said that I'm supposed to be able to choose if i take pills or not and keep therapy information to myself but i accidentally left the paper in the car. My mom read it. Shes anti drugs and apparently thinks she absolutely needs to get involved somehow and now apparently wants to help by bringing up a dead animal we saw on the side of the road a week ago! :) And apparently reading the paper that i was allowed to have confidentiality with was love or something. the last time i told her i was feeling all she said was ""well thats stupid."" She didn't care to help than so why does she want to now? How would she? She's literally just reminding me of a gruesomely smashed animal and asking me ""hOw DoEs ThAt MaKe YoU fEeL?"" Jesus Christ. End of spoiled teenager rant thanks for listening~","[1, 0]",{'depressive_disorder'},Well than. Im 14 and angsty so dont read if you dont like annoying rants. Ive been diagnosed with depression so I went to therapy yesterday and was honest that Ive been feeling like shit and have planned two ways to die but havent acted on them yet and we spent most of the time planning on an emergency plan for if i do it and who he can call and blah blah and he recommended i go to a psychologist to get antidepressants because he didnt know I was feeling depressed enough to want to die until now but anyway he printed a paper with all this info on it and a reminder for the date Im going to the psychologist and him again. He talked to my mom and made sure shes okay with going to a psychologist. My therapist said that Im supposed to be able to choose if i take pills or not and keep therapy information to myself but i accidentally left the paper in the car. My mom read it. Shes anti drugs and apparently thinks she absolutely needs to get involved somehow and now apparently wants to help by bringing up a dead animal we saw on the side of the road a week ago! And apparently reading the paper that i was allowed to have confidentiality with was love or something. the last time i told her i was feeling all she said was well thats stupid. She didnt care to help than so why does she want to now? How would she? Shes literally just reminding me of a gruesomely smashed animal and asking me hOw DoEs ThAt MaKe YoU fEeL? Jesus Christ. End of spoiled teenager rant thanks for listening,Depression,{'anxiety':'no'}
blbip9,I can't get the help I need.,"I'm 17 and it's been a struggle every single day. Wanting to die has been on repeat on my mind everytime I wake up, like a mantra ever since I was a kid. I've had enough sometimes and wanted to get the help, but the problem is that my parents refused to acknowledge what I've always been feeling and claiming that I'm only ""overreacting and being dramatic teenage- ass"". Funny thing is, I've tried to convince myself this, that i'd get out of this feeling and get better, only to end up feeling more miserable and the cycle repeats. They also said that I don't need to see a therapist because those are only for ""crazies"", which made me angry. I've had attempts and self- harmed, I wanted to stop but I couldn't. I'm losing faith in God and doubted everything, heck, even praying became a chore for me now. Everything's just a chore for me now. Whenever they're around, I become hostile and irritable towards them. I don't know what else to do, I can't get help, I don't have anyone to turn to. I just wanna get it out of my head, but then again the closest thing possible to solve this is to shoot myself in the head. What should I do?","[1, 0]",{'depressive_disorder'},"I cant get the help I need. Im 17 and its been a struggle every single day. Wanting to die has been on repeat on my mind everytime I wake up, like a mantra ever since I was a kid. Ive had enough sometimes and wanted to get the help, but the problem is that my parents refused to acknowledge what Ive always been feeling and claiming that Im only overreacting and being dramatic teenage ass. Funny thing is, Ive tried to convince myself this, that id get out of this feeling and get better, only to end up feeling more miserable and the cycle repeats. They also said that I dont need to see a therapist because those are only for crazies, which made me angry. Ive had attempts and self harmed, I wanted to stop but I couldnt. Im losing faith in God and doubted everything, heck, even praying became a chore for me now. Everythings just a chore for me now. Whenever theyre around, I become hostile and irritable towards them. I dont know what else to do, I cant get help, I dont have anyone to turn to. I just wanna get it out of my head, but then again the closest thing possible to solve this is to shoot myself in the head. What should I do?",Depression,"{""anxiety"":""no""}"
7lrz5y,"i'm losing it again, HELP.","I'm 20.
 
 i don't feel like I have an identity at all, I feel fake, I feel like a copy of everybody else. I'm impulsive, I have huge brain fog, I hurt people that I love without noticing it, I love them I love them I LOVE THEM. I love by boyfriend, my mother and my sister and I'm tiring them. 
 
 Today my boyfriend told me that he was trying to talk to me about something and that I wouldn't listen.. I am **deeply sorry** and I don't want him to leave me, I'm scared that he'll get bored of my nothingness and break up with me and leave me alone. People call me histrionic because I try and find myself and am painting my nails and posting pictures with my boyfriend on my facebook page (we're gay), I feel betrayed, rejected, I don't want to be hurt and I feel like I'm hurting others without noticing it. 
 
 I'm thinking about suicide again, I don't want to think about it. Help me. I took my anxiety pills as my doctor prescribed and it helped a couple of hours ago but the feeling is back and it's worse. I feel like such a shitty person.
 
 it's like i'm borderline or something, what is wrong with me??? I'm hurting but I can't feel it, I know I'm hurting. I don't feel any emotions anymore, I'm scared. I saw my boyfriend the other day and almost cried because I saw the most beautiful boy in the world, I don't want him to leave me.
 
 help me.
 
 EDIT: please help me, i feel lost.","[0, 0]",{'control_group'},"im losing it again, HELP. Im 20. i dont feel like I have an identity at all, I feel fake, I feel like a copy of everybody else. Im impulsive, I have huge brain fog, I hurt people that I love without noticing it, I love them I love them I LOVE THEM. I love by boyfriend, my mother and my sister and Im tiring them. Today my boyfriend told me that he was trying to talk to me about something and that I wouldnt listen. I am deeply sorry and I dont want him to leave me, Im scared that hell get bored of my nothingness and break up with me and leave me alone. People call me histrionic because I try and find myself and am painting my nails and posting pictures with my boyfriend on my facebook page were gay, I feel betrayed, rejected, I dont want to be hurt and I feel like Im hurting others without noticing it. Im thinking about suicide again, I dont want to think about it. Help me. I took my anxiety pills as my doctor prescribed and it helped a couple of hours ago but the feeling is back and its worse. I feel like such a shitty person. its like im borderline or something, what is wrong with me? Im hurting but I cant feel it, I know Im hurting. I dont feel any emotions anymore, Im scared. I saw my boyfriend the other day and almost cried because I saw the most beautiful boy in the world, I dont want him to leave me. help me. EDIT please help me, i feel lost.",Normal,{'anxiety':'yes'}
6zsykl,Don't know what to do...,"I'm 22 years old and I'm feeling like I'm in limbo. I struggle with depression and anxiety a lot. I currently don't work and don't know how to drive (driving gives me bad anxiety) so I mainly stay inside my mom and step dads house.
 A normal day for me is a lot of sleeping and just in general watching YouTube videos or random shows on TV. I know staying in the house all the time isn't the best option but I literally don't have anyone I can talk to or go hang out with.
 My mom has been frustrated at me because of my overall attitude and unwillingness to learn to drive or get a job. I recently got done with a 3 week program where I learned coping skills to try and help with my anxiety and depression and negative thinking but when I try to use them at home they don't work.
 I had a job earlier in the year but I quit a few months ago because I called in a lot and they ended up not giving me a lot of hours towards the end.
 I have no real drive or ambition to get another job or do any college classes because I was never that good at school and being somewhere different freaks me out.
 I have been taking medication for a long time as well as therapy but I have no desire to help myself since I'm used to how I'm feeling.
 Any ideas?","[1, 1]","{'depressive_disorder', 'anxiety_disorder'}",Dont know what to do. Im 22 years old and Im feeling like Im in limbo. I struggle with depression and anxiety a lot. I currently dont work and dont know how to drive driving gives me bad anxiety so I mainly stay inside my mom and step dads house. A normal day for me is a lot of sleeping and just in general watching YouTube videos or random shows on TV. I know staying in the house all the time isnt the best option but I literally dont have anyone I can talk to or go hang out with. My mom has been frustrated at me because of my overall attitude and unwillingness to learn to drive or get a job. I recently got done with a 3 week program where I learned coping skills to try and help with my anxiety and depression and negative thinking but when I try to use them at home they dont work. I had a job earlier in the year but I quit a few months ago because I called in a lot and they ended up not giving me a lot of hours towards the end. I have no real drive or ambition to get another job or do any college classes because I was never that good at school and being somewhere different freaks me out. I have been taking medication for a long time as well as therapy but I have no desire to help myself since Im used to how Im feeling. Any ideas?,Comorbid (Depression + Anxiety),"{""anxiety"": ""yes""}"
a015s7,I feel really fucking horrible and need advice!,"I'm 24 and have been diagonosed with anxiety and depression. I was put on antidepressants ever since I was 12.
 
 Currently, I am raking risperidone 2mg, and mirtazapine 15mg. I got off of cymbalta about 7 months ago.
 
 About a month or two ago, the depression started to get worse and worse. And now, today, it is just unbearable.
 
 I feel horrible. Nothing feels good. Things that used to make me happy, don't make me happy anymore. I think about suicide everyday. I feel a deep, deep sense of sadness and despair. I feel a pain in my chest that is constant through out the day which is anxiety. I feel flushes and waves of sadness. It's so painful. I just don't want to do ANYTHING but stay home and do nothing. I just don't want to do a single thing. I just feel exhausted and don't have any energy.
 
 I just sort of want to die.
 
 I started taking Zoloft today. But it's going to take a while to kick in. I don't even know if Zoloft is the answer, but my therapist recommended it to me a few months ago.
 
 Last night, I COULD not sleep. Even though I took mirtazapine, I woke up constantly through out the night feeling extreme depression. I just woke up feeling despair and uncomfortable.
 
 I just want to die so badly. I feel horrible.
 
 Please someone give me advice. I feel like I will be medicated forever..","[1, 1]","{'depressive_disorder', 'anxiety_disorder'}","I feel really fucking horrible and need advice. Im 24 and have been diagonosed with anxiety and depression. I was put on antidepressants ever since I was 12. Currently, I am raking risperidone 2mg, and mirtazapine 15mg. I got off of cymbalta about 7 months ago. About a month or two ago, the depression started to get worse and worse. And now, today, it is just unbearable. I feel horrible. Nothing feels good. Things that used to make me happy, dont make me happy anymore. I think about suicide everyday. I feel a deep, deep sense of sadness and despair. I feel a pain in my chest that is constant through out the day which is anxiety. I feel flushes and waves of sadness. Its so painful. I just dont want to do ANYTHING but stay home and do nothing. I just dont want to do a single thing. I just feel exhausted and dont have any energy. I just sort of want to die. I started taking Zoloft today. But its going to take a while to kick in. I dont even know if Zoloft is the answer, but my therapist recommended it to me a few months ago. Last night, I COULD not sleep. Even though I took mirtazapine, I woke up constantly through out the night feeling extreme depression. I just woke up feeling despair and uncomfortable. I just want to die so badly. I feel horrible. Please someone give me advice. I feel like I will be medicated forever.",Comorbid (Depression + Anxiety),{'anxiety':'yes'}
9j8w6b,Stopped Caring,"I'm 30 years old, and I have no friends, I haven't had a friend in a LONG time. I'm currently a student, and I only have 3 more classes before I get my degree. I just finished up a great summer internship, and I work for a professor now. I am going to have a ton of great recommendations once I graduate. A good job is pretty much guaranteed.. if I don't kill myself before I graduate. I get home from school/work, and I sit on my couch and do nothing. Every one has told me that it gets better, but when? Once I finish school, get a decent job, a place bigger than my current one bedroom apartment, i'll still be sitting alone on my couch once I get back from work. Sitting alone on my couch thinking about killing myself. The truth is, I don't even think I want friends at this point. The anxiety of trying to impress new people doesn't seem worth it. My depression has worsened significantly in the past couple of months. I don't care about anyone, I don't care about my belongings, I don't care about my professor, I just don't have anything holding me back at this point. I have had depression and wanted to kill myself for as long as I can remember. I take medication, but it doesn't get rid of the pressure in my chest that is sadness. I am positive that I am going to kill myself soon..","[1, 1]","{'depressive_disorder', 'anxiety_disorder'}","Stopped Caring. Im 30 years old, and I have no friends, I havent had a friend in a LONG time. Im currently a student, and I only have 3 more classes before I get my degree. I just finished up a great summer internship, and I work for a professor now. I am going to have a ton of great recommendations once I graduate. A good job is pretty much guaranteed. if I dont kill myself before I graduate. I get home from schoolwork, and I sit on my couch and do nothing. Every one has told me that it gets better, but when? Once I finish school, get a decent job, a place bigger than my current one bedroom apartment, ill still be sitting alone on my couch once I get back from work. Sitting alone on my couch thinking about killing myself. The truth is, I dont even think I want friends at this point. The anxiety of trying to impress new people doesnt seem worth it. My depression has worsened significantly in the past couple of months. I dont care about anyone, I dont care about my belongings, I dont care about my professor, I just dont have anything holding me back at this point. I have had depression and wanted to kill myself for as long as I can remember. I take medication, but it doesnt get rid of the pressure in my chest that is sadness. I am positive that I am going to kill myself soon.",Comorbid (Depression + Anxiety),{'anxiety':'yes'}
65h66l,Family friends coming to stay for Easter and I'm breaking down.,"I'm a 16 year old male and this is my first post in this sub, but I'm quite active in r/selfharm and r/depression, so I'm no stranger to sharing my life experiences. Basically, I've got a pretty bad anxiety disorder, it usually lays dormant since I began challenging it after the nightmare that was year 9, but today it's returned. I've got my mums friend coming to stay for Easter, and her husband and two children, who are 1 and 2 years younger than me. I'm freaking out, my anxiety is in the sky right now, it doesn't help that I've got scars all over that I've gotta hide now, but I can't deal with visitors and I'm so scared, I know my parents will want me to be talking to them and even though they know I've got psychotic depression and anxiety they don't seem to care sometimes. Anyone got any tips on how to cope?","[0, 0]",{'control_group'},"Family friends coming to stay for Easter and Im breaking down. Im a 16 year old male and this is my first post in this sub, but Im quite active in rselfharm and rdepression, so Im no stranger to sharing my life experiences. Basically, Ive got a pretty bad anxiety disorder, it usually lays dormant since I began challenging it after the nightmare that was year 9, but today its returned. Ive got my mums friend coming to stay for Easter, and her husband and two children, who are 1 and 2 years younger than me. Im freaking out, my anxiety is in the sky right now, it doesnt help that Ive got scars all over that Ive gotta hide now, but I cant deal with visitors and Im so scared, I know my parents will want me to be talking to them and even though they know Ive got psychotic depression and anxiety they dont seem to care sometimes. Anyone got any tips on how to cope?",Normal,"{""anxiety"": ""yes""}"
dvmn5q,I am experiencing an extreme emotional reaction to criticism I received today at work,"I'm a teacher. A lady at work today reprimanded me for not being strict enough with a student about his noise level. She said that teachers have to support each other, implying that I was not supporting her disciplining efforts. There is more to the story but I have already begun to disassociate and I can't go there. 
 
 I am sitting on my bathroom floor at home and I just want to disappear. I can't even type right now. When the lady ""yelled"" at me, I just sunk inside. I disassociated. I felt numb. I feel like I want to cry but I can't. I feel like I can't talk. After it happened I just sat in the bathroom at work and my legs felt numb. My insides feel numb. I felt like I couldn't walk. I just am feeling so much self-hate right now. 
 
 It is things like this that make me want to pull the old self-sabotage act of quitting my job and running away somewhere. I used to do that, but now I can't. This is a good job. I am 29, too old to do that in my opinion.
 
 All my insecurities are gushing out of my heart. I have internalized all the bad energy from today and now I'm afraid of the world. I'm afraid of myself.
 
 Has anyone else experienced this kind of extreme emotional reaction to being criticized (at work or otherwise)?","[0, 0]",{'control_group'},"I am experiencing an extreme emotional reaction to criticism I received today at work. Im a teacher. A lady at work today reprimanded me for not being strict enough with a student about his noise level. She said that teachers have to support each other, implying that I was not supporting her disciplining efforts. There is more to the story but I have already begun to disassociate and I cant go there. I am sitting on my bathroom floor at home and I just want to disappear. I cant even type right now. When the lady yelled at me, I just sunk inside. I disassociated. I felt numb. I feel like I want to cry but I cant. I feel like I cant talk. After it happened I just sat in the bathroom at work and my legs felt numb. My insides feel numb. I felt like I couldnt walk. I just am feeling so much selfhate right now. It is things like this that make me want to pull the old selfsabotage act of quitting my job and running away somewhere. I used to do that, but now I cant. This is a good job. I am 29, too old to do that in my opinion. All my insecurities are gushing out of my heart. I have internalized all the bad energy from today and now Im afraid of the world. Im afraid of myself. Has anyone else experienced this kind of extreme emotional reaction to being criticized at work or otherwise?",Normal,"{""anxiety"":""yes""}"
4nu1ay,Does anyone ever feel like their life is over before it ever really begins?,"I'm currently 20 years old, and I was diagnosed with depression at 14, but in all honestly, I felt like shit about myself years before that. It's very difficult for me to remember the last time I felt happiness with no weight. Ive been on several different medications over the years, and I have been happy, but the feeling is always mixed with something else. Fear, regret, hopelessness, you name it. 
 
 I'm past the point of trying to make sense of my depression. It's just a part of me that will never die and on some level, I accept that. But more often than not I feel trapped and lost, like there's no meaning behind anything. I'm about to start my third year of college and I can't help but think I'm a failure who has no dreams, no aspirations. Everything I do feels scripted and wrong, but I don't know what else to do with my life. So many good things are happening, but I just feel scared and useless.
 
 I'm not quite sure where I was going with this, but these feelings have been rattling in my head for weeks now, and I have no one to talk to. Or at least, no one who understands. I feel like I'm just going through the motions, waiting for the day where I'll just wake up and be happy. I don't even feel like a person anymore, just a program trying to complete it's function.","[1, 0]",{'depressive_disorder'},"Does anyone ever feel like their life is over before it ever really begins. Im currently 20 years old, and I was diagnosed with depression at 14, but in all honestly, I felt like shit about myself years before that. Its very difficult for me to remember the last time I felt happiness with no weight. Ive been on several different medications over the years, and I have been happy, but the feeling is always mixed with something else. Fear, regret, hopelessness, you name it. Im past the point of trying to make sense of my depression. Its just a part of me that will never die and on some level, I accept that. But more often than not I feel trapped and lost, like theres no meaning behind anything. Im about to start my third year of college and I cant help but think Im a failure who has no dreams, no aspirations. Everything I do feels scripted and wrong, but I dont know what else to do with my life. So many good things are happening, but I just feel scared and useless. Im not quite sure where I was going with this, but these feelings have been rattling in my head for weeks now, and I have no one to talk to. Or at least, no one who understands. I feel like Im just going through the motions, waiting for the day where Ill just wake up and be happy. I dont even feel like a person anymore, just a program trying to complete its function.",Depression,{'anxiety':'no'}
75shjo,I want this to stop,"I'm getting really sick of constantly having a feeling of guilt, sadness, anger, and fear in the back of my head 24/7 every day. It never end. It's not like I'm looking for any sympathy towards anyone but it's more of me just getting it out in the open so even I can understand it better. I have been diagnosed with bipolar depression and other things. I haven't been on pills in the past three years because the pills I have been on haven't done anything good. But I'm getting to the point to where I'm just fed up with it. I could be doing something completely fun and something I've always wanted to do and there's still that feeling in the back of my head where there's something wrong. I have never tried to commit suicide. But I'm more of a person who is self-destructive over it . I'm trying to remember that there is always a struggle in life before you reach success. But I'm getting sick of waiting for this stuff to go away. I want to find my happiness I'm sick of waiting.","[0, 0]",{'control_group'},"I want this to stop. Im getting really sick of constantly having a feeling of guilt, sadness, anger, and fear in the back of my head 247 every day. It never end. Its not like Im looking for any sympathy towards anyone but its more of me just getting it out in the open so even I can understand it better. I have been diagnosed with bipolar depression and other things. I havent been on pills in the past three years because the pills I have been on havent done anything good. But Im getting to the point to where Im just fed up with it. I could be doing something completely fun and something Ive always wanted to do and theres still that feeling in the back of my head where theres something wrong. I have never tried to commit suicide. But Im more of a person who is selfdestructive over it . Im trying to remember that there is always a struggle in life before you reach success. But Im getting sick of waiting for this stuff to go away. I want to find my happiness Im sick of waiting.",Normal,{'anxiety':'no'}
b6y7x2,I have depression. My wife has anxiety. Life is fucking hard.,"I'm in the depths of a depression state right now. I've been pushing through the last 4-5months by getting high on weed everyday. It's been nice, I guess, but it's not sustainable. I'm failing at my business. I'm going into debt. Shit isn't working. At home i have two young kids, which cause me a lot of stress, and an anxious wife. Not anxious like she's a little worried from time to time - no, I mean anxious like she won't take her prescribed medications because she thinks she'll become addicted to them and/or they'll do something harmful to her body, which starts the spiral of anxiety all over again. Ultimately she is afraid of death, which is where a lot of this anxiety stems from. She has been diagnosed with General Anxiety Disorder.
 
 For me, I was diagnosed with Dysthymia, which is chronic mild depression. I had an abusive childhood, then moved out and did great for about 10-15 years before getting married and having kids. The stress of children, running a business and being married to someone with anxiety has left me feeling like an empty shell of my former self. I don't want to kill myself but I often feel like things would be better if I just didn't exist anymore. Going to my office is hard and unrewarding. Going home is hard and stressful. Life just feels overwhelming, pointless and like what's the fucking point? I've tried so hard to make a good life for myself but it doesn't fucking matter. It's still fucking hard and depressing and fuck. I dunno where I'm going with this. I guess I just needed someplace to vent, to talk to let it out. I feel so lonely, isolated and sad. Ugg","[1, 0]",{'depressive_disorder'},"I have depression. My wife has anxiety. Life is fucking hard. Im in the depths of a depression state right now. Ive been pushing through the last 45months by getting high on weed everyday. Its been nice, I guess, but its not sustainable. Im failing at my business. Im going into debt. Shit isnt working. At home i have two young kids, which cause me a lot of stress, and an anxious wife. Not anxious like shes a little worried from time to time no, I mean anxious like she wont take her prescribed medications because she thinks shell become addicted to them andor theyll do something harmful to her body, which starts the spiral of anxiety all over again. Ultimately she is afraid of death, which is where a lot of this anxiety stems from. She has been diagnosed with General Anxiety Disorder. For me, I was diagnosed with Dysthymia, which is chronic mild depression. I had an abusive childhood, then moved out and did great for about 1015 years before getting married and having kids. The stress of children, running a business and being married to someone with anxiety has left me feeling like an empty shell of my former self. I dont want to kill myself but I often feel like things would be better if I just didnt exist anymore. Going to my office is hard and unrewarding. Going home is hard and stressful. Life just feels overwhelming, pointless and like whats the fucking point? Ive tried so hard to make a good life for myself but it doesnt fucking matter. Its still fucking hard and depressing and fuck. I dunno where Im going with this. I guess I just needed someplace to vent, to talk to let it out. I feel so lonely, isolated and sad. Ugg",Depression,"{""anxiety"": ""no""}"
eag0ec,I should be feeling happy!!! WTF IS WRONG WITH ME!!,"I'm like seriously about to cry. I know I have 3 depressive disorders but I don't understand. I just got out for winter break, and I've started doing some hobbies again. I've been drawing, making videos and insta edits. Reading is still difficult but I've been remembering my shower schedule and trying not to forget it. But I just don't feel happy or satisfied!! WTF. Every time someone tells me my drawings are really good I'm like ""No it's not. It's shit. Look at x,y and z"" and I know they're actually pretty good I just can't see them that way. 
 
 Maybe it's my PMDD Idk. I have been more ..irritable lately..which is another thing that pisses me off. I can't always noticed when I'm sounding rude or angry. (But sometimes I can catch myself) and my parents are like ""Why do you have to be so rude!?"" Or ""She's PMSing again"" BITCH. THIS IS BEYOND PMSING. 
 
 I just want to know what it's like to feel normal. But I'm scared to talk to my psychiatrist about getting a service dog because my he may not see it as debilitating. I know there are people out there who feel worse than me but I feel like
 
 ""What's happening?"" 
 ""Why don't I feel better? I'm doing the things they tell me to do!"" 
 ""Why isn't it working?"" 
 ""Why am I like this?"" 
 
 I also don't like when people think I'm ungrateful. I'm not. I just...don't know how to express that emotion very well. My family gets mad when I say ""Thank you"" because it's not ""OMFG NDNDJD THIS IS THE BEST THANK YOU SO MUCH I LOVE IT."" So Christmas is going to kill my soul. 
 
 Also I've been having bouts of insomnia and waking insomnia, so fun.","[1, 0]",{'depressive_disorder'},"I should be feeling happy! WTF IS WRONG WITH ME. Im like seriously about to cry. I know I have 3 depressive disorders but I dont understand. I just got out for winter break, and Ive started doing some hobbies again. Ive been drawing, making videos and insta edits. Reading is still difficult but Ive been remembering my shower schedule and trying not to forget it. But I just dont feel happy or satisfied! WTF. Every time someone tells me my drawings are really good Im like No its not. Its shit. Look at x,y and z and I know theyre actually pretty good I just cant see them that way. Maybe its my PMDD Idk. I have been more .irritable lately.which is another thing that pisses me off. I cant always noticed when Im sounding rude or angry. But sometimes I can catch myself and my parents are like Why do you have to be so rude? Or Shes PMSing again BITCH. THIS IS BEYOND PMSING. I just want to know what its like to feel normal. But Im scared to talk to my psychiatrist about getting a service dog because my he may not see it as debilitating. I know there are people out there who feel worse than me but I feel like Whats happening? Why dont I feel better? Im doing the things they tell me to do! Why isnt it working? Why am I like this? I also dont like when people think Im ungrateful. Im not. I just.dont know how to express that emotion very well. My family gets mad when I say Thank you because its not OMFG NDNDJD THIS IS THE BEST THANK YOU SO MUCH I LOVE IT. So Christmas is going to kill my soul. Also Ive been having bouts of insomnia and waking insomnia, so fun.",Depression,{'anxiety':'no'}
6vw1lf,I'm tired of living day to day miserable at everything.,"I'm miserable every day because of my depression. I'm miserable every day because of how I feel about myself. I'm miserable every day because I don't see why I bother trying to do things like fucking live.
 
 My depression makes it so hard to be happy. I can't do anything ""fun"" for more than 1-5 minutes; everything I do is just to waste time. I can't go out with the little friends I have because all I want to do is stay in my bed and cry. I barely eat because I have no appetite. I can't concentrate on anything, even a conversation..
 
 I hate how I feel about myself. I'm fat, I'm ugly, I'm not smart, I'm not funny, I'm not good at socializing, I'm boring and no one wants to talk to me, I'm not an original person and anyone could replace me in a conversation. I'm not worth the air I breathe. I'm not worth anyone's time. I'm not worth anything.
 
 I don't see myself having a future. I don't see myself living past maybe 25, if that. I don't see myself being old because I'll probably end up offing myself at some point in my late 20s. I don't see myself landing my ""dream job"" and being successful. I don't see myself being happy in the future. I'm still gonna be fat and ugly and a waste of time and have no friends.
 
 I'm tired of living like this every day.
 
 But at the same time, I don't know how else to live.","[1, 0]",{'depressive_disorder'},"Im tired of living day to day miserable at everything. Im miserable every day because of my depression. Im miserable every day because of how I feel about myself. Im miserable every day because I dont see why I bother trying to do things like fucking live. My depression makes it so hard to be happy. I cant do anything fun for more than 15 minutes everything I do is just to waste time. I cant go out with the little friends I have because all I want to do is stay in my bed and cry. I barely eat because I have no appetite. I cant concentrate on anything, even a conversation. I hate how I feel about myself. Im fat, Im ugly, Im not smart, Im not funny, Im not good at socializing, Im boring and no one wants to talk to me, Im not an original person and anyone could replace me in a conversation. Im not worth the air I breathe. Im not worth anyones time. Im not worth anything. I dont see myself having a future. I dont see myself living past maybe 25, if that. I dont see myself being old because Ill probably end up offing myself at some point in my late 20s. I dont see myself landing my dream job and being successful. I dont see myself being happy in the future. Im still gonna be fat and ugly and a waste of time and have no friends. Im tired of living like this every day. But at the same time, I dont know how else to live.",Depression,{'anxiety':'no'}
noumb2,I would have to loved to have a family,"I'm one of the unfortunate ones who men doesn't want a serious committed relationship with. Resulting in me not having a family nor a proper home. I also don't have any family nor anyone close. I recently signed the contract for a temporary job, and I was embarrassed I had no one to put as an emergency contact. So, if I die or get injured, nobody will be notified.
 
 I'm finding it increasingly hard to find motivation to live from one day to the next. The future is just an empty black hole of loneliness and meaninglessness.
 
 I feel like quitting the job before I even start. I would have liked to travel, go on vacation, whatever. But not alone. It would only make me feel even more sad and lonely and like the eternal outsider.
 
 I would have loved to have a family of my own. I get sad when I see all those fat, ugly, rude, unintelligent people getting married and raising families. Why can they when I'm forever excluded? My most recent partner told me flat out after 15 months he didn't want a committed relationship. I just want to feel like I belong, to be included, but that's apparently not possible.Like I commented on someone else's post, I feel like the eternal observer who never gets to actually participate in life.
 
 Anyone else can relate? Did anyone ever be in this situation and manage to turn it around?","[0, 0]",{'control_group'},"I would have to loved to have a family. Im one of the unfortunate ones who men doesnt want a serious committed relationship with. Resulting in me not having a family nor a proper home. I also dont have any family nor anyone close. I recently signed the contract for a temporary job, and I was embarrassed I had no one to put as an emergency contact. So, if I die or get injured, nobody will be notified. Im finding it increasingly hard to find motivation to live from one day to the next. The future is just an empty black hole of loneliness and meaninglessness. I feel like quitting the job before I even start. I would have liked to travel, go on vacation, whatever. But not alone. It would only make me feel even more sad and lonely and like the eternal outsider. I would have loved to have a family of my own. I get sad when I see all those fat, ugly, rude, unintelligent people getting married and raising families. Why can they when Im forever excluded? My most recent partner told me flat out after 15 months he didnt want a committed relationship. I just want to feel like I belong, to be included, but thats apparently not possible.Like I commented on someone elses post, I feel like the eternal observer who never gets to actually participate in life. Anyone else can relate? Did anyone ever be in this situation and manage to turn it around?",Normal,"{""anxiety"":""no""}"
450pkr,Have been awfully depressed for the past 7 monthes.,"I'm out of places to turn to. I've lost all drive to do anything. Back story. I was diagnosed with Depression about two years ago. Although as time has gone on it has gotten worse and worse, to the point of attempted suicide. My mother is a bad alcoholic, my father doesn't care about me at all, and what really put it over the edge was my girlfriend of two years and that I had feeling for her since the 3rd grade, left me for another guy. I miss her dearly and she was the only thing keeping me grounded. I'm just sick of missing her all the time and feeling like a piece of shit. The only thing that made it stop was Vicodin, Weed and hard liquor. I'm just getting tired of it. But it never stops. I'm close to losing all hope. If I try to talk about it with anyone I just get the same thing. ""It's just a girl. Get over it."" But it's not that easy. I can't just turn it off. If I could I would have a long fucking time ago.I'm just tired and sick of it. I'm just looking for help or advice from someone who feels how I do. PM's would be welcome if someone could just make me feel just a bit better.","[1, 0]",{'depressive_disorder'},"Have been awfully depressed for the past 7 monthes. Im out of places to turn to. Ive lost all drive to do anything. Back story. I was diagnosed with Depression about two years ago. Although as time has gone on it has gotten worse and worse, to the point of attempted suicide. My mother is a bad alcoholic, my father doesnt care about me at all, and what really put it over the edge was my girlfriend of two years and that I had feeling for her since the 3rd grade, left me for another guy. I miss her dearly and she was the only thing keeping me grounded. Im just sick of missing her all the time and feeling like a piece of shit. The only thing that made it stop was Vicodin, Weed and hard liquor. Im just getting tired of it. But it never stops. Im close to losing all hope. If I try to talk about it with anyone I just get the same thing. Its just a girl. Get over it. But its not that easy. I cant just turn it off. If I could I would have a long fucking time ago.Im just tired and sick of it. Im just looking for help or advice from someone who feels how I do. PMs would be welcome if someone could just make me feel just a bit better.",Depression,{'anxiety':'no'}
6avamr,What is it like in a psychiatric unit?,"I'm twenty, but I was diagnosed with depression and anxiety when I was fourteen. I'm in college and my mentality is getting worse. I didn't used to get many panic attacks, and now I get them a lot. I now have great dread of leaving my room. I failed all my classes this semester except my online one because I didn't go to class after spring break. It physically pained me to even think of going to class and I have no idea why. I managed to go to my night job because I have school payments, but I had panic attacks sometimes even there. I don't really understand who I am. I compartmentalize my personality by drawing characters and giving them names, like DID lite. I cringe in social interactions and I feel so lonely. I get irritated‹ for no reason. I used to be so smart and now I can't focus on anything.
 Last night was the first time I really wanted to hurt myself. I never have self harmed or attempted suicide, but I'm getting closer to the brink. I want to admit myself to a short-term psychiatric unit but I'm scared because I've heard some people say they don't like it. I don't know. I just don't know what to do anymore and I want to just stop feeling this way because it hurts.","[1, 1]","{'depressive_disorder', 'anxiety_disorder'}","What is it like in a psychiatric unit. Im twenty, but I was diagnosed with depression and anxiety when I was fourteen. Im in college and my mentality is getting worse. I didnt used to get many panic attacks, and now I get them a lot. I now have great dread of leaving my room. I failed all my classes this semester except my online one because I didnt go to class after spring break. It physically pained me to even think of going to class and I have no idea why. I managed to go to my night job because I have school payments, but I had panic attacks sometimes even there. I dont really understand who I am. I compartmentalize my personality by drawing characters and giving them names, like DID lite. I cringe in social interactions and I feel so lonely. I get irritated for no reason. I used to be so smart and now I cant focus on anything. Last night was the first time I really wanted to hurt myself. I never have self harmed or attempted suicide, but Im getting closer to the brink. I want to admit myself to a shortterm psychiatric unit but Im scared because Ive heard some people say they dont like it. I dont know. I just dont know what to do anymore and I want to just stop feeling this way because it hurts.",Comorbid (Depression + Anxiety),"{""anxiety"": ""yes""}"
818o6y,I'm so lost and I can't even see a future.,"I've (22F) had depression for almost 7 years now. Due to a sexual assault, I have been diagnosed with PTSD. I have anxiety tendency. Last October I was so suicidal I started to react irrationally at work (RETAIL, so yeah...) and before I could get fired I split with my work and moved back to my parents place hours away to get medical help. It's been months now and I still can't see any options in my future. All I see is repeating the same patterns, the same paths, the same spirals. I literally have nothing to live for and nothing to live one other than what my parents (lovely, very understanding & supportive) give to me. I am so lost and am trying so hard not to give up completely on everything. I'm barely hanging on as is.","[1, 0]",{'depressive_disorder'},"Im so lost and I cant even see a future. Ive 22F had depression for almost 7 years now. Due to a sexual assault, I have been diagnosed with PTSD. I have anxiety tendency. Last October I was so suicidal I started to react irrationally at work RETAIL, so yeah. and before I could get fired I split with my work and moved back to my parents place hours away to get medical help. Its been months now and I still cant see any options in my future. All I see is repeating the same patterns, the same paths, the same spirals. I literally have nothing to live for and nothing to live one other than what my parents lovely, very understanding supportive give to me. I am so lost and am trying so hard not to give up completely on everything. Im barely hanging on as is.",Depression,"{""anxiety"":""yes""}"
8o7ek5,I'm just dumb...,"I've always had trouble with many things in life, I struggled in school, I can't concentrate on anything for long periods of time, I have short term memory and things that I can't cope with are usually blocked out of my brain because I can't understand what happened. I've always struggled with keeping and maintaining friendships and relationships. It's hard to keep up a conversation most of the time but I've gotten better by using very generic responses as a sad attempt to keep it going, or I'm bouncing around subjects because I lose my train of thought fairly quickly. I can hardly ever relate to people and I've grown very nonchalant when it comes to matters about myself but I'm always eager to try and help others. I deal with depression and it really kicks my butt sometimes but I've suffered with it for so long that I can usually ignore it and come to terms that I am, in fact, a shitty stupid person. Maybe my brain is wired wrong and I'm defective but its been this way for as long as I can remember. It's to the point now where I'd rather have someone else think and make decisions for me\(possibly a reason why I am a submissive\) so I won't have to think for myself because I usually make bad choices. Dealing with this along with a chronic skin condition, a narcissistic and verbal abusive mother, and lack of eating because of financial reasons is all starting to get very, very, heavy on my brain.","[1, 0]",{'depressive_disorder'},"Im just dumb. Ive always had trouble with many things in life, I struggled in school, I cant concentrate on anything for long periods of time, I have short term memory and things that I cant cope with are usually blocked out of my brain because I cant understand what happened. Ive always struggled with keeping and maintaining friendships and relationships. Its hard to keep up a conversation most of the time but Ive gotten better by using very generic responses as a sad attempt to keep it going, or Im bouncing around subjects because I lose my train of thought fairly quickly. I can hardly ever relate to people and Ive grown very nonchalant when it comes to matters about myself but Im always eager to try and help others. I deal with depression and it really kicks my butt sometimes but Ive suffered with it for so long that I can usually ignore it and come to terms that I am, in fact, a shitty stupid person. Maybe my brain is wired wrong and Im defective but its been this way for as long as I can remember. Its to the point now where Id rather have someone else think and make decisions for mepossibly a reason why I am a submissive so I wont have to think for myself because I usually make bad choices. Dealing with this along with a chronic skin condition, a narcissistic and verbal abusive mother, and lack of eating because of financial reasons is all starting to get very, very, heavy on my brain.",Depression,{'anxiety':'no'}
44n52b,DAOE feel guilty when you feel good?,"I've been crippled by severe depression off and on my whole life. Over the last year I've been dependent on my girlfriend and help from her family. Now, every time I don't feel completely floored by depression I feel guilty. I always feel worthless and ashamed for not being self sufficient, but the guilt that I feel when I'm not depressed is different. I feel like I should be at work. It's almost like I forget exactly how crippled I have been up until I get this break from it. It's absurd, and kind of hard to describe. Maybe it's just me.","[1, 0]",{'depressive_disorder'},"DAOE feel guilty when you feel good. Ive been crippled by severe depression off and on my whole life. Over the last year Ive been dependent on my girlfriend and help from her family. Now, every time I dont feel completely floored by depression I feel guilty. I always feel worthless and ashamed for not being self sufficient, but the guilt that I feel when Im not depressed is different. I feel like I should be at work. Its almost like I forget exactly how crippled I have been up until I get this break from it. Its absurd, and kind of hard to describe. Maybe its just me.",Depression,{'anxiety':'no'}
9mr2da,Do you experience withdrawal from getting off Risperidone?,"I've been on Risperidone for years. I went from 2MG down to 1MG and have felt pretty fucking bad ever since. It's only been a week of pure hell.
 
 I called my psychiatrist and asked her if it was withdrawal. And she said that she didn't think it was but rather the depression coming back. And she recommended going back up to 2MG.
 
 I feel like doctors are over-prescribing medication. I feel like she just wants me to be medicated because the medication is always the answer to life's problems.
 
 I was reading about Risperidone and they say the withdrawals are horrible and painful. And yet here is my psychiatrist saying that there really isn't any withdrawal symptoms from taking Risperidone unless you were at a high dose.
 
 She actually recommended lifelong medication. Saying if it helps, why not stay medicated forever. Which I think is just insane.
 
 Is it possible I am going through withdrawal? Or is that just the depression coming back? I have trouble sleeping every night and experience tingly sensations and vibrations throughout my body. Things just really suck right now.
 
 I don't want to go back to 2MG. I'm fucking tired of being medicated when I don't think I need to be medicated. I was put on antidepressants ever since I was 14. I'm now 24 and just have had enough.
 
 All my friends and family want me to get off this shit. And ever since I started to get off it, I've been feeling really bad. I just think it's my brain trying to rewire itself back to normal after so many years of these powerful drugs. 
 
 I just want to be drug free. My parents regret putting me on this medication in the first place.","[0, 0]",{'control_group'},"Do you experience withdrawal from getting off Risperidone. Ive been on Risperidone for years. I went from 2MG down to 1MG and have felt pretty fucking bad ever since. Its only been a week of pure hell. I called my psychiatrist and asked her if it was withdrawal. And she said that she didnt think it was but rather the depression coming back. And she recommended going back up to 2MG. I feel like doctors are overprescribing medication. I feel like she just wants me to be medicated because the medication is always the answer to lifes problems. I was reading about Risperidone and they say the withdrawals are horrible and painful. And yet here is my psychiatrist saying that there really isnt any withdrawal symptoms from taking Risperidone unless you were at a high dose. She actually recommended lifelong medication. Saying if it helps, why not stay medicated forever. Which I think is just insane. Is it possible I am going through withdrawal? Or is that just the depression coming back? I have trouble sleeping every night and experience tingly sensations and vibrations throughout my body. Things just really suck right now. I dont want to go back to 2MG. Im fucking tired of being medicated when I dont think I need to be medicated. I was put on antidepressants ever since I was 14. Im now 24 and just have had enough. All my friends and family want me to get off this shit. And ever since I started to get off it, Ive been feeling really bad. I just think its my brain trying to rewire itself back to normal after so many years of these powerful drugs. I just want to be drug free. My parents regret putting me on this medication in the first place.",Normal,{'anxiety':'no'}
bbbuef,When will I fully give in to my depression and just end it all? I'm honestly sick of living.,"I've completely disregarded myself. I don't take care of my health, I only shower and wear clean clothes. That's the most I've been doing for myself for the past year (I don't bother on days when I'm not working tho). My depression has never been as bad as it is now (I've been diagnosed with Clinical Depression a while ago and some other irrelevant, for me, stuff). Today was the worst day I've had in a while. My parents might lose my sister to the social workers or w/e they're called, cuz my mother is an alcoholic and they constantly fight with my father. My little sister (12yo) shared this during an exam with a doctor at her school and my parents were reported. I might have to become her guardian if things escalate further. I can't even take care for myself...How am I gonna be a good example for her and manage to let her live a fulfilling life. I'm such a failure. I don't want her to suffer or not have everything she needs. The pressure is too much for my fucked up brain to handle. I'm consciously stopping myself from self harming and that's taking all of my energy away. 
 
 Sorry for the spam, guys. I really needed to get this out.","[1, 0]",{'depressive_disorder'},"When will I fully give in to my depression and just end it all? Im honestly sick of living. Ive completely disregarded myself. I dont take care of my health, I only shower and wear clean clothes. Thats the most Ive been doing for myself for the past year I dont bother on days when Im not working tho. My depression has never been as bad as it is now Ive been diagnosed with Clinical Depression a while ago and some other irrelevant, for me, stuff. Today was the worst day Ive had in a while. My parents might lose my sister to the social workers or we theyre called, cuz my mother is an alcoholic and they constantly fight with my father. My little sister 12yo shared this during an exam with a doctor at her school and my parents were reported. I might have to become her guardian if things escalate further. I cant even take care for myself.How am I gonna be a good example for her and manage to let her live a fulfilling life. Im such a failure. I dont want her to suffer or not have everything she needs. The pressure is too much for my fucked up brain to handle. Im consciously stopping myself from self harming and thats taking all of my energy away. Sorry for the spam, guys. I really needed to get this out.",Depression,{'anxiety':'no'}
5114sj,Lonely and suicidal,"I've had suicidal thoughts since I was in primary school and I'm 17 now. They've gotten worse over the years and I've given up on thinking I'll get better. I literally have no friends, they have all left me and the only person I talk to is my mum. I have severe anxiety and have been diagnosed with clinical depression. I hardly get out of bed and rarely go out in public. My anxiety makes things hard for me. I'm on meds, I've seen a therapist but things aren't looking any better. I feel numb everyday, I don't know what it's like to feel happy, I don't know what my real smile looks like. I'm just so tired of faking everything when I see other people. I like my solitude but I would like some human interaction. I just want my pain to go away. Please help me.","[1, 1]","{'depressive_disorder', 'anxiety_disorder'}","Lonely and suicidal. Ive had suicidal thoughts since I was in primary school and Im 17 now. Theyve gotten worse over the years and Ive given up on thinking Ill get better. I literally have no friends, they have all left me and the only person I talk to is my mum. I have severe anxiety and have been diagnosed with clinical depression. I hardly get out of bed and rarely go out in public. My anxiety makes things hard for me. Im on meds, Ive seen a therapist but things arent looking any better. I feel numb everyday, I dont know what its like to feel happy, I dont know what my real smile looks like. Im just so tired of faking everything when I see other people. I like my solitude but I would like some human interaction. I just want my pain to go away. Please help me.",Comorbid (Depression + Anxiety),"{""anxiety"":""yes""}"
ff7470,I might have to stop talking to my oldest (and only) friend.,"I've had this friend (let's call her Ava) for nearly a decade. She's okay, but she's also really mean sometimes. We get into bad arguments (she usually starts them), she sometime insults things that I like or believe, and sometimes, when she's in a bad mood, she takes it out on me. She's also never really accepted my mental illness (depression, anxiety, schizophrenia, aquaphobia), and sometimes accuses me of lying or making things up. I've never lied to her about my symptoms or anything like that. She's got no reason not to believe me. 
  
  
 I've known her for so long, though, and at this point, I'm too socially inept to try making a new friend. I worry that if I cut her out of my life, I'll be completely alone (the only other people that I have healthy conversations with are my significant other and sometimes my dad).
  
  
 Still, it doesn't feel right to continue talking to someone that leaves me frustrated, sad, and mentally exhausted after almost every conversation. 
  
  
 I have no idea how to handle this.","[1, 1]","{'depressive_disorder', 'anxiety_disorder'}","I might have to stop talking to my oldest and only friend. Ive had this friend lets call her Ava for nearly a decade. Shes okay, but shes also really mean sometimes. We get into bad arguments she usually starts them, she sometime insults things that I like or believe, and sometimes, when shes in a bad mood, she takes it out on me. Shes also never really accepted my mental illness depression, anxiety, schizophrenia, aquaphobia, and sometimes accuses me of lying or making things up. Ive never lied to her about my symptoms or anything like that. Shes got no reason not to believe me. Ive known her for so long, though, and at this point, Im too socially inept to try making a new friend. I worry that if I cut her out of my life, Ill be completely alone the only other people that I have healthy conversations with are my significant other and sometimes my dad. Still, it doesnt feel right to continue talking to someone that leaves me frustrated, sad, and mentally exhausted after almost every conversation. I have no idea how to handle this.",Comorbid (Depression + Anxiety),"{""anxiety"":""no""}"
clgcp0,As soon as the disability becomes physical people start to actually care.,"I've held a schizophrenia diagnosis for over a year now, with my first psychosis being diagnosed almost 3 years ago. Since then, the people who know, namely my family, expect me to function exactly the same as if I was healthy, even if I'm in the middle of an extremely intense episode. Now, a week ago I injured my knee, my kneecap dislodged, basically dislocated, out of the blue, quickly popped back in, went to see my gp the next day and it happened again, I'm on crutches now since I can't walk on it, and I'm getting scans done, it's likely that the recovery period will be a number of months, with surgery playing a part. Since then, everyone seems to be much more worried, nobody expects me to be up and out of the house constantly, nobody expects me to be fully functional and operating perfectly normally, even though this knee is bothering me much less than my schizophrenia does on any given day, and any psychotic episode is miles worse than not being able to walk, and it's really quite depressing how little people care about anything mental health related. Schizophrenia is a nightmare to deal with, the truth is that I can't do the things people expect of me, most days getting out of bed before 5pm is a genuinely difficult challenge, let alone functioning to the best people expect of me because it's what they can do. Now since I have a physical disability it's okay for me to relax and take it easy? It's complete bullshit and it's started to properly disgust me over the last week. Just something I've been thinking about.","[0, 0]",{'control_group'},"As soon as the disability becomes physical people start to actually care. Ive held a schizophrenia diagnosis for over a year now, with my first psychosis being diagnosed almost 3 years ago. Since then, the people who know, namely my family, expect me to function exactly the same as if I was healthy, even if Im in the middle of an extremely intense episode. Now, a week ago I injured my knee, my kneecap dislodged, basically dislocated, out of the blue, quickly popped back in, went to see my gp the next day and it happened again, Im on crutches now since I cant walk on it, and Im getting scans done, its likely that the recovery period will be a number of months, with surgery playing a part. Since then, everyone seems to be much more worried, nobody expects me to be up and out of the house constantly, nobody expects me to be fully functional and operating perfectly normally, even though this knee is bothering me much less than my schizophrenia does on any given day, and any psychotic episode is miles worse than not being able to walk, and its really quite depressing how little people care about anything mental health related. Schizophrenia is a nightmare to deal with, the truth is that I cant do the things people expect of me, most days getting out of bed before 5pm is a genuinely difficult challenge, let alone functioning to the best people expect of me because its what they can do. Now since I have a physical disability its okay for me to relax and take it easy? Its complete bullshit and its started to properly disgust me over the last week. Just something Ive been thinking about.",Normal,{'anxiety':'no'}
b57gzg,I'm spilling my mind about my own responsibilities and diagnoses in my relationship.,"I've lately been thinking deeper into that I am responsable for my actions even though I can't always see what I am doing, or no matter if people are mean. It's somewhat a revelation for me, not to forget that I am diagnosed with ADHD(Filterless and extreme, atleast in my mind), BPD(Every emotion like sadness becomes depression, happiness becomes a state of high, tiredness makes me burntout etc) and Autism(Makes my mind shut down, or work like a very hard puzzle in some areas, mostly social situations, feelings for an example). I have functional disabilities in my mind and I am aware of it even if it has taken ages for me to realize it, it's truly a fulltime job. I most of the times feel emotionally stuck because I know things can be better, it's just a puzzle because my partner is a former alcoholic and I don't know what is what anymore after all the lies and destructive behaviour towards me and, probably? me towards my partner even if I don't know it. I feel very conflicted and I just discovered that I am actually expressing coldness and of course it is a trigger, when someone doesn't speak their minds to me when I struggle with social cues how do they even think? They must be very busy with theirselves, probably because, I can't provide? There is endless of ways for a single mind to work so imagine two none functional minds working together *awkward laughing* seriously? Life is truly a puzzle for us to go through, solve and grow from.","[0, 0]",{'control_group'},"Im spilling my mind about my own responsibilities and diagnoses in my relationship. Ive lately been thinking deeper into that I am responsable for my actions even though I cant always see what I am doing, or no matter if people are mean. Its somewhat a revelation for me, not to forget that I am diagnosed with ADHDFilterless and extreme, atleast in my mind, BPDEvery emotion like sadness becomes depression, happiness becomes a state of high, tiredness makes me burntout etc and AutismMakes my mind shut down, or work like a very hard puzzle in some areas, mostly social situations, feelings for an example. I have functional disabilities in my mind and I am aware of it even if it has taken ages for me to realize it, its truly a fulltime job. I most of the times feel emotionally stuck because I know things can be better, its just a puzzle because my partner is a former alcoholic and I dont know what is what anymore after all the lies and destructive behaviour towards me and, probably? me towards my partner even if I dont know it. I feel very conflicted and I just discovered that I am actually expressing coldness and of course it is a trigger, when someone doesnt speak their minds to me when I struggle with social cues how do they even think? They must be very busy with theirselves, probably because, I cant provide? There is endless of ways for a single mind to work so imagine two none functional minds working together awkward laughing seriously? Life is truly a puzzle for us to go through, solve and grow from.",Normal,{'anxiety':'no'}
a0kihb,I'm not good at anything,"I've realised lately that I suck at pretty much everything. I used to be okay, academically, got decent enough grades and got into University, but I chose to do a creative course, and I'm not much of a creative person. Ideas don't come naturally to me and my artwork has a lot to be desired. Nowadays I'm trying to do more colouring and drawing, and filling up sketchbooks and scrapbooks, but I'm just not creative enough, and it hurts. My writing isn't up to professional standard so I couldn't take that further if I wanted to, and my designing isn't as good as it should be for designers, which is another career choice down the drain. 
 
 As for other things, like Science and Maths, I'm not good enough to carry those on. For a while I've thought of getting fit enough to maybe join the police or the army, but I've suffered with depression and anxiety most of my life, as well as dealt with substance abuse/addiction, self-harm problems, and been admitted to hospital on two separate occasions for suicide attempts, so I doubt I'll ever be allowed to do something in a professional capacity within the army or police. 
 
 What else is there? I'm in retail right now but I hate it with a passion. I hate talking to customers who do everything to avoid me, trying to get along with staff who talk behind my back, and feeling anxious every night before I sleep and when I wake up again. I just feel lost, like I have no talents. I'm 99% sure I'll be stuck in a dead end job for most of my life, which for my sake and everybody elses- I hope doesn't last very long.","[0, 1]",{'anxiety_disorder'},"Im not good at anything. Ive realised lately that I suck at pretty much everything. I used to be okay, academically, got decent enough grades and got into University, but I chose to do a creative course, and Im not much of a creative person. Ideas dont come naturally to me and my artwork has a lot to be desired. Nowadays Im trying to do more colouring and drawing, and filling up sketchbooks and scrapbooks, but Im just not creative enough, and it hurts. My writing isnt up to professional standard so I couldnt take that further if I wanted to, and my designing isnt as good as it should be for designers, which is another career choice down the drain. As for other things, like Science and Maths, Im not good enough to carry those on. For a while Ive thought of getting fit enough to maybe join the police or the army, but Ive suffered with depression and anxiety most of my life, as well as dealt with substance abuseaddiction, selfharm problems, and been admitted to hospital on two separate occasions for suicide attempts, so I doubt Ill ever be allowed to do something in a professional capacity within the army or police. What else is there? Im in retail right now but I hate it with a passion. I hate talking to customers who do everything to avoid me, trying to get along with staff who talk behind my back, and feeling anxious every night before I sleep and when I wake up again. I just feel lost, like I have no talents. Im 99 sure Ill be stuck in a dead end job for most of my life, which for my sake and everybody elses I hope doesnt last very long.",Anxiety,{'anxiety':'yes'}
5m5en9,I hate the fact that I have so much to say but literally no one in my life to talk to about it.,I've recently have found myself having reoccurring anxiety attacks. They've been daily for the past week and a half. Its gotten so bad that I'm unable to sleep and when I do find myself able to sleep I try to stay asleep as long as possible so I won't have to deal with my feelings. I'm always there for everyone in my life no matter how minute the problem is. The issue I'm having rn is that I so desperately want to talk to someone that knows me about the personal issues I'm having because they're making me even more depressed than usual but I don't have anyone to do so with to be quite honest. When I try I'm usually cut off and the conversation is redirected by the person I'm speaking to about a topic concerning themselves. Its so hard bottling everything up inside and its even harder to have to engrave other people's problems in my mind when I already have all of mine to deal with and can't even sort them out by talking to someone. I feel like I'm going to explode to be quite honest. I have this constant feeling of suffocation in my chest.,"[0, 0]",{'control_group'},I hate the fact that I have so much to say but literally no one in my life to talk to about it. Ive recently have found myself having reoccurring anxiety attacks. Theyve been daily for the past week and a half. Its gotten so bad that Im unable to sleep and when I do find myself able to sleep I try to stay asleep as long as possible so I wont have to deal with my feelings. Im always there for everyone in my life no matter how minute the problem is. The issue Im having rn is that I so desperately want to talk to someone that knows me about the personal issues Im having because theyre making me even more depressed than usual but I dont have anyone to do so with to be quite honest. When I try Im usually cut off and the conversation is redirected by the person Im speaking to about a topic concerning themselves. Its so hard bottling everything up inside and its even harder to have to engrave other peoples problems in my mind when I already have all of mine to deal with and cant even sort them out by talking to someone. I feel like Im going to explode to be quite honest. I have this constant feeling of suffocation in my chest.,Normal,"{""anxiety"":""yes""}"
9t4fjb,How do I talk to my employers,"I've struggled with depression for pretty much as long as I can remember and I have just recently started my first full-time job since my most recent meltdown. At this point, they're on me about my hours pretty much every week and I've already used up my sick and personal time for the year. I've dropped out of school twice because the depression became unmanageable, and I had to take short term disability from my last job around this time last year. I don't usually mark the box for depression on the disability sheet for employment paperwork, even though I was diagnosed several years ago as having major depressive disorder, but I think it's time I had a talk with HR about why just working a normal 9-5, 5 days a week is so hard for me. I just don't know how to ask them to go easy on me and please let me have more unpaid time off if I need it without them saying they'll just find someone else who can do my job and be reliable.","[1, 0]",{'depressive_disorder'},"How do I talk to my employers. Ive struggled with depression for pretty much as long as I can remember and I have just recently started my first fulltime job since my most recent meltdown. At this point, theyre on me about my hours pretty much every week and Ive already used up my sick and personal time for the year. Ive dropped out of school twice because the depression became unmanageable, and I had to take short term disability from my last job around this time last year. I dont usually mark the box for depression on the disability sheet for employment paperwork, even though I was diagnosed several years ago as having major depressive disorder, but I think its time I had a talk with HR about why just working a normal 95, 5 days a week is so hard for me. I just dont know how to ask them to go easy on me and please let me have more unpaid time off if I need it without them saying theyll just find someone else who can do my job and be reliable.",Depression,{'anxiety':'no'}
d9rnt9,Feeling like you're losing everything to depression,"I've struggled with depression my entire life. It got worse about 7 years ago, when I stopped functioning for a while. Eventually, I dropped out of medical school. I still don't think that was the right career choice for me, but I was left without a different option. I could not figure out anything, and I still don't know. 
 
 About a month ago, I was diagnosed with a chronic condition due to poor choices I made trying to deal with depression. Basically, I'm a self destructive person, and that led me to acquire this thing that makes me hate myself even more. 
 
 This situation made my depression even worse these last weeks. The guilt is unbearable, and existance itself is draining all my energy. I'm tired and a bit suicidal. I've missed work, so there's another thing. 
 
 I started thinking about how I've felt, and I tried opening up to a couple of friends in a group chat. They've been extremely supportive during the recent circumstances. When I told them I was not able to get up, he just got a little mad, saying that I was thowing away the important things I have, like my job. I know that, and I was feeling guilty already, but I couldn't help it. At that point I realized I was making people mad, and I'm kind of a toxic person, and very exhausting to be around. I just can't do that to people I love. 
 
 So yeah. I feel like I'm losing everything. I've tried hard to overcome this, but I keep sabotaging myself. I feel like I've already tried every available option, so there's nothing else for me here. 
 
 I don't know if anybody will read this, but I guess I needed to vent.","[1, 0]",{'depressive_disorder'},"Feeling like youre losing everything to depression. Ive struggled with depression my entire life. It got worse about 7 years ago, when I stopped functioning for a while. Eventually, I dropped out of medical school. I still dont think that was the right career choice for me, but I was left without a different option. I could not figure out anything, and I still dont know. About a month ago, I was diagnosed with a chronic condition due to poor choices I made trying to deal with depression. Basically, Im a self destructive person, and that led me to acquire this thing that makes me hate myself even more. This situation made my depression even worse these last weeks. The guilt is unbearable, and existance itself is draining all my energy. Im tired and a bit suicidal. Ive missed work, so theres another thing. I started thinking about how Ive felt, and I tried opening up to a couple of friends in a group chat. Theyve been extremely supportive during the recent circumstances. When I told them I was not able to get up, he just got a little mad, saying that I was thowing away the important things I have, like my job. I know that, and I was feeling guilty already, but I couldnt help it. At that point I realized I was making people mad, and Im kind of a toxic person, and very exhausting to be around. I just cant do that to people I love. So yeah. I feel like Im losing everything. Ive tried hard to overcome this, but I keep sabotaging myself. I feel like Ive already tried every available option, so theres nothing else for me here. I dont know if anybody will read this, but I guess I needed to vent.",Depression,{'anxiety':'no'}
nmjt2k,Bacopa for Depression & Social Anxiety - Your Experiences?,"I˜m very sick of no medication working for me. I˜m suffering from depression and social anxiety since I was 15 (today 21). My quality and will of life and self esteem sink always more and more. I tried all the SSRIs and SNRIs available in my country as well as moclobemide (MAOI), amitriptyline (tricyclic), promethazine, quetiapine (seroquel), wellbutrin, opipramol etc in high doses for many months. I tried 2 depth psychological therapies and one behavioral therapy (I˜m still doing). None of these ever did a thing for me, not even a tiny bit, only sexual side effects.
 
 I also tried many many supplements already but maybe there are some I could still give a try.
 
 I tried Kratom (tried countless strains, vendors, batches) does sadly have no big effect on me. Phenibut is cool but too addicting and I abused it too often so its magic is lost already years ago...
 
 I didn˜t give bacopa a try yet and I have it here to use. I read its acting on GABA so big potential as GABAergics were my only key to success and symptom reduction. How should I start with it?
 
 What was your experience with bacopa?
 Regarding what were the effects like, what did they feel like, effects on depression, mood, anhedonia, motivation, anxiety, ESPECIALLY social anxiety, sociability, talkativeness, not worrying or thinking too much what others might think about you etc. 
 
 What was your dose and the time it took until the effects started kicking in. 
 
 Much love from a young man down on the bottom...!","[1, 1]","{'depressive_disorder', 'anxiety_disorder'}","Bacopa for Depression Social Anxiety Your Experiences. Im very sick of no medication working for me. Im suffering from depression and social anxiety since I was 15 today 21. My quality and will of life and self esteem sink always more and more. I tried all the SSRIs and SNRIs available in my country as well as moclobemide MAOI, amitriptyline tricyclic, promethazine, quetiapine seroquel, wellbutrin, opipramol etc in high doses for many months. I tried 2 depth psychological therapies and one behavioral therapy Im still doing. None of these ever did a thing for me, not even a tiny bit, only sexual side effects. I also tried many many supplements already but maybe there are some I could still give a try. I tried Kratom tried countless strains, vendors, batches does sadly have no big effect on me. Phenibut is cool but too addicting and I abused it too often so its magic is lost already years ago. I didnt give bacopa a try yet and I have it here to use. I read its acting on GABA so big potential as GABAergics were my only key to success and symptom reduction. How should I start with it? What was your experience with bacopa? Regarding what were the effects like, what did they feel like, effects on depression, mood, anhedonia, motivation, anxiety, ESPECIALLY social anxiety, sociability, talkativeness, not worrying or thinking too much what others might think about you etc. What was your dose and the time it took until the effects started kicking in. Much love from a young man down on the bottom!",Comorbid (Depression + Anxiety),{'anxiety':'yes'}
njkend,Most significantly effective supplements for Depression (and Social Anxiety),"I˜m very sick of no medication working for me. I˜m suffering from depression and social anxiety since I was 15 (today 21). My quality and will of life and self esteem sink always more and more. I tried all the SSRIs and SNRIs available in my country as well as moclobemide (MAOI), amitriptyline (tricyclic), promethazine, quetiapine (seroquel), wellbutrin, opipramol etc in high doses for many months. I tried 2 depth psychological therapies and one behavioral therapy (I˜m still doing). None of these ever did a thing for me, not even a tiny bit, only sexual side effects.
 
 I also tried many many supplements already but maybe there are some I could still give a try. Maybe you could mention some supplements that were most significantly effective for you regarding depression and social anxiety (the biggest source of my depression and self esteem issues).
 
 I didnt try Silexan, lemon balm, SAMe, Kanns for example. Kratom (tried countless strains, vendors, batches) does sadly have no effect on me. Phenibut is cool but too addicting and I abused it too often so its magic is lost already years ago...
 
 I would be very very thankful for any advice, suggestions or assumptions!
 
 Please share the name of the substance, your experience (regarding what were the effects like, what did they feel like, effects on depression, mood, anhedonia, motivation, anxiety, sociability, talkativeness), your dose and the time it took until the effects started kicking in. 
 
 What could I still do or try out? I know ketamine and ECT or rTMS but those are very expensive and I would rather try out some cheaper alternatives before. Anything you could think about? Psychedelics?
 
 Much love from a young man down on the bottom...!","[0, 0]",{'control_group'},"Most significantly effective supplements for Depression and Social Anxiety. Im very sick of no medication working for me. Im suffering from depression and social anxiety since I was 15 today 21. My quality and will of life and self esteem sink always more and more. I tried all the SSRIs and SNRIs available in my country as well as moclobemide MAOI, amitriptyline tricyclic, promethazine, quetiapine seroquel, wellbutrin, opipramol etc in high doses for many months. I tried 2 depth psychological therapies and one behavioral therapy Im still doing. None of these ever did a thing for me, not even a tiny bit, only sexual side effects. I also tried many many supplements already but maybe there are some I could still give a try. Maybe you could mention some supplements that were most significantly effective for you regarding depression and social anxiety the biggest source of my depression and self esteem issues. I didnt try Silexan, lemon balm, SAMe, Kanns for example. Kratom tried countless strains, vendors, batches does sadly have no effect on me. Phenibut is cool but too addicting and I abused it too often so its magic is lost already years ago. I would be very very thankful for any advice, suggestions or assumptions! Please share the name of the substance, your experience regarding what were the effects like, what did they feel like, effects on depression, mood, anhedonia, motivation, anxiety, sociability, talkativeness, your dose and the time it took until the effects started kicking in. What could I still do or try out? I know ketamine and ECT or rTMS but those are very expensive and I would rather try out some cheaper alternatives before. Anything you could think about? Psychedelics? Much love from a young man down on the bottom!",Normal,"{""anxiety"": ""yes""}"
ey7ili,"I can't be the only one pissed off about people nonchalantly using the word ""triggered"" right?","Idk why but this word somehow came back into being a thing to mean ""that's so annoying!"" Or ""that makes me so mad!"" Even though I don't have PTSD I have trauma of sorts. And I had a really bad experience trying to tell my friends ""That was really triggering for me"" back in high school (Idk what it was about but I definitely wasn't 100%). And they started laughing at me and calling me 'triggered' when I got upset and annoyed. 
 
 I can only imagine what it's like for people with trauma disorders who have flashbacks to hear this being used so wrongly. 
 
 I understand that trigger has other meanings like ""pull the trigger"" of a gun or something. I'm not pissed about that. I'm pissed that the word to explain my situation or my feelings has been taken away from and made into a joke. So I just tell my friends the meaning of the word and how it's properly used and why it upsets me and we're usually good from there. 
 
 But I can't be the only one upset about this right??","[0, 0]",{'control_group'},I cant be the only one pissed off about people nonchalantly using the word triggered right. Idk why but this word somehow came back into being a thing to mean thats so annoying! Or that makes me so mad! Even though I dont have PTSD I have trauma of sorts. And I had a really bad experience trying to tell my friends That was really triggering for me back in high school Idk what it was about but I definitely wasnt 100. And they started laughing at me and calling me triggered when I got upset and annoyed. I can only imagine what its like for people with trauma disorders who have flashbacks to hear this being used so wrongly. I understand that trigger has other meanings like pull the trigger of a gun or something. Im not pissed about that. Im pissed that the word to explain my situation or my feelings has been taken away from and made into a joke. So I just tell my friends the meaning of the word and how its properly used and why it upsets me and were usually good from there. But I cant be the only one upset about this right?,Normal,{'anxiety':'no'}
hjtwdo,I al so agitated,"Idk, Idk whether this will ever pass. I feel so anxious and it doesnt go away, I am paralyzed, I tried working on my computer but OCD makes me do compulsions and I couldnt even press the freakin link cause it made me do compulsions and caused severe stress so I closed the computer. I tried convincing myself that the thoughts are not real but what if they are. Their power was so strong to totally paralyze my body until I fled. Then I decided to journal. But OCD came as well and I dont know. When I held that pen, I was so afraid to make the mistake in my new scratch book. What if I write something incorrectly. It had to be perfect. I first need to think through everything before I write it down. I need to plan every letter I write. 
 And I have to do it with pretty much every activity of my life. I am very exhausted. I cant study because I just need to get it right. Whag if I didnt learn it correctly? What if I didnt memorize it? When in fact I did. Or did I? 
 I actually didnt know it was OCD I thought I was just getting dumb. 
 
 I feel like my days are final and the end is near and I know this is irrational but like I have this feeling or premonition that I wasnt supposed to be here for long. Whenever I imagine my future I think it would be cool but there is still this feeling inside of me that the end might come very soon and unexpectedly. Idk what to do anymore. Feel like I have no one to talk to.
 I am just so scared.","[0, 0]",{'control_group'},"I al so agitated. Idk, Idk whether this will ever pass. I feel so anxious and it doesnt go away, I am paralyzed, I tried working on my computer but OCD makes me do compulsions and I couldnt even press the freakin link cause it made me do compulsions and caused severe stress so I closed the computer. I tried convincing myself that the thoughts are not real but what if they are. Their power was so strong to totally paralyze my body until I fled. Then I decided to journal. But OCD came as well and I dont know. When I held that pen, I was so afraid to make the mistake in my new scratch book. What if I write something incorrectly. It had to be perfect. I first need to think through everything before I write it down. I need to plan every letter I write. And I have to do it with pretty much every activity of my life. I am very exhausted. I cant study because I just need to get it right. Whag if I didnt learn it correctly? What if I didnt memorize it? When in fact I did. Or did I? I actually didnt know it was OCD I thought I was just getting dumb. I feel like my days are final and the end is near and I know this is irrational but like I have this feeling or premonition that I wasnt supposed to be here for long. Whenever I imagine my future I think it would be cool but there is still this feeling inside of me that the end might come very soon and unexpectedly. Idk what to do anymore. Feel like I have no one to talk to. I am just so scared.",Normal,{'anxiety':'yes'}
c77kbg,Life falling apart,"Im 20 years old with my 21st birthday being in less than a month. I was diagnosed with epilepsy 4 years ago, depression and anxiety 6 years ago. They all took over my life. I have a job taking care of disabled individuals, and I love what I actually do at my job, but I cant stand being around my coworkers. 90 percent of them hate me and wont stop being rude to me (this isnt just the anxiety talking, they really cant stand me) and every day I walk into my job and get the biggest sense of dread. I do have to call in more than most because of my epilepsy, and I just want to quit. Its feeding into my depression so much. But I still live with my parents, and they need me to have a job, and I need money either way. I genuinely dont know what to do. Im trying to get on disability but thats a very long process, and I just want to cry every day. I never imagined my life would be like this.","[1, 1]","{'depressive_disorder', 'anxiety_disorder'}","Life falling apart. Im 20 years old with my 21st birthday being in less than a month. I was diagnosed with epilepsy 4 years ago, depression and anxiety 6 years ago. They all took over my life. I have a job taking care of disabled individuals, and I love what I actually do at my job, but I cant stand being around my coworkers. 90 percent of them hate me and wont stop being rude to me this isnt just the anxiety talking, they really cant stand me and every day I walk into my job and get the biggest sense of dread. I do have to call in more than most because of my epilepsy, and I just want to quit. Its feeding into my depression so much. But I still live with my parents, and they need me to have a job, and I need money either way. I genuinely dont know what to do. Im trying to get on disability but thats a very long process, and I just want to cry every day. I never imagined my life would be like this.",Comorbid (Depression + Anxiety),"{""anxiety"":""yes""}"
dn40xx,Any suggestions?,"Im a college student & my job recently disbanded my department without any formal notice. (They did provide notices when dissolving the same department of a sister branch a year earlierðŸ¤¨. Seems unfair...)
 
 So, with my financial standing, it seemed reasonable to switch positions within the company, but I realized later that I would be taking a pay deduction- my prior raises didnt even roll over (it did with other associates though...my current beau had his raises transferðŸ˜•) Im so frustrated because Ive been with this company for about 15 years (I, ashamedly, held seniority in my department) & received nothing in return for my service. 
 I dont know how to feel, but I want to feel numb right now. I feel trapped because I need the money for school. I want to cut myself again, potentially injure people, scream into the void, and cry at the same time- but logically that does nothing to solve this problem.
 I have a history of depression & I fear that Im relapsing. Does anyone have advice on how to deal with this? 
 (It may also be because of multiple school projects, but Im sure its unhealthy to debate whether to hurt myself, or others I think deserve it.) 
 Sorry, but this has been festering for a while, but nobody (co-workers & friends) have been able to give me any answers- just vague acknowledgments. I get that its awkward, but any kind of suggestion would be welcomed. I just dont want to feel like this anymore.
 
 (Thank you for any suggestions in advanceðŸ¤)","[0, 0]",{'control_group'},"Any suggestions. Im a college student my job recently disbanded my department without any formal notice. They did provide notices when dissolving the same department of a sister branch a year earlier. Seems unfair. So, with my financial standing, it seemed reasonable to switch positions within the company, but I realized later that I would be taking a pay deduction my prior raises didnt even roll over it did with other associates though.my current beau had his raises transfer Im so frustrated because Ive been with this company for about 15 years I, ashamedly, held seniority in my department received nothing in return for my service. I dont know how to feel, but I want to feel numb right now. I feel trapped because I need the money for school. I want to cut myself again, potentially injure people, scream into the void, and cry at the same time but logically that does nothing to solve this problem. I have a history of depression I fear that Im relapsing. Does anyone have advice on how to deal with this? It may also be because of multiple school projects, but Im sure its unhealthy to debate whether to hurt myself, or others I think deserve it. Sorry, but this has been festering for a while, but nobody coworkers friends have been able to give me any answers just vague acknowledgments. I get that its awkward, but any kind of suggestion would be welcomed. I just dont want to feel like this anymore. Thank you for any suggestions in advance",Normal,{'anxiety':'no'}
dpjvhq,"Im turning 26 soon, and I dont want to live to see it.","Im in a place right now where I dont want to live to my birthday (coming up). I feel like the more I live the more I die. Everyday I lose another piece of my self to this life. Im broke at at a on-call union job, unable to find a descent paying full time job, with a degree (bachelors in psychology) that cant help me. Im in debt that I cant seem to get out of for at least another 2 years. 
 
 All I can think is this is me, this is what I am, a fuck up. Sometimes I dream of dying, and thats usually when I get my best sleep. I look at people now, like how are they happy? This life just takes and takes little pieces of our souls, how do people do it? All the things I used to want are empty and meaningless to me now. I cant paint, money pays the bills, but after that much else. I dont want to date, I dont want a big house or fancy car. Nothing feels real or worthwhile. Its like the best option in this sick game is to stop playing. The only reason I havent done it is because my family would probably lose it, but thats it, just guilt and shame. Not a real reason for me. 
 
 
 How do you do it? How do you just swallow it and let you destroy yourself without caving in and killing you self. Im 25, I dont want to live to 26. I know who I am, I have limitations. Im ready for my real life to begin. I dream about being a star in space dying, and it feels good.","[1, 0]",{'depressive_disorder'},"Im turning 26 soon, and I dont want to live to see it. Im in a place right now where I dont want to live to my birthday coming up. I feel like the more I live the more I die. Everyday I lose another piece of my self to this life. Im broke at at a oncall union job, unable to find a descent paying full time job, with a degree bachelors in psychology that cant help me. Im in debt that I cant seem to get out of for at least another 2 years. All I can think is this is me, this is what I am, a fuck up. Sometimes I dream of dying, and thats usually when I get my best sleep. I look at people now, like how are they happy? This life just takes and takes little pieces of our souls, how do people do it? All the things I used to want are empty and meaningless to me now. I cant paint, money pays the bills, but after that much else. I dont want to date, I dont want a big house or fancy car. Nothing feels real or worthwhile. Its like the best option in this sick game is to stop playing. The only reason I havent done it is because my family would probably lose it, but thats it, just guilt and shame. Not a real reason for me. How do you do it? How do you just swallow it and let you destroy yourself without caving in and killing you self. Im 25, I dont want to live to 26. I know who I am, I have limitations. Im ready for my real life to begin. I dream about being a star in space dying, and it feels good.",Depression,{'anxiety':'no'}
i768on,My 18F friend is most likely going to be admitted to a psych ward,"Im posting here because I dont know where else to seek advice; I dont know who to talk to about this, and her family doesnt know about the whole situation. 
 
 My friend has been through several traumatic experiences, and has been suffering from depression and suicidal thoughts for about 5 years. I convinced her to go to therapy a few months ago, telling her about how much it helped me and some success stories, but the therapist she was seeing did little to no help. She stopped going after a few months, but her depression got worse. I convinced her to go see her GP again, and ask for a formal diagnosis and specific therapy because just regular CBT wasnt working for her. 
 
 She told me her GP advised her to move into a mental health facility because she has become a danger to herself. Ive known about how she feels for a while now, but I never really considered her to be a threat to herself. I feel like a bad friend because I feel like I havent seen her pain for what it really is. 
 
 Ive been trying to be as supportive as I can, giving her advice from my experiences with mental illness (I was diagnosed with major depressive disorder and PTSD a little over a year ago). Im worried Im still not doing enough, and I really dont know what to do now. Is there anything you recommend would work in this situation?","[0, 0]",{'control_group'},"My 18F friend is most likely going to be admitted to a psych ward. Im posting here because I dont know where else to seek advice I dont know who to talk to about this, and her family doesnt know about the whole situation. My friend has been through several traumatic experiences, and has been suffering from depression and suicidal thoughts for about 5 years. I convinced her to go to therapy a few months ago, telling her about how much it helped me and some success stories, but the therapist she was seeing did little to no help. She stopped going after a few months, but her depression got worse. I convinced her to go see her GP again, and ask for a formal diagnosis and specific therapy because just regular CBT wasnt working for her. She told me her GP advised her to move into a mental health facility because she has become a danger to herself. Ive known about how she feels for a while now, but I never really considered her to be a threat to herself. I feel like a bad friend because I feel like I havent seen her pain for what it really is. Ive been trying to be as supportive as I can, giving her advice from my experiences with mental illness I was diagnosed with major depressive disorder and PTSD a little over a year ago. Im worried Im still not doing enough, and I really dont know what to do now. Is there anything you recommend would work in this situation?",Normal,{'anxiety':'no'}
iimdhw,School is starting,Im worried about starting school. It always makes me have even more anxiety. And when depression kicks in I just get nothing done and end up in the darkest mental state. Does anyone have any tips to manage this when I have so much work to do? Last year I almost failed exams because of my depression. Just looking for some advice. I love what Im studying its just a lot of work and Im always worried Im going to fail anyways because thats just how I am. But my anxiety makes things impossible. Idk. if anyone has any advice let me know. I guess I just wanted to tell someone Im scared my depression is going to ruin my education.,"[1, 1]","{'depressive_disorder', 'anxiety_disorder'}",School is starting. Im worried about starting school. It always makes me have even more anxiety. And when depression kicks in I just get nothing done and end up in the darkest mental state. Does anyone have any tips to manage this when I have so much work to do? Last year I almost failed exams because of my depression. Just looking for some advice. I love what Im studying its just a lot of work and Im always worried Im going to fail anyways because thats just how I am. But my anxiety makes things impossible. Idk. if anyone has any advice let me know. I guess I just wanted to tell someone Im scared my depression is going to ruin my education.,Comorbid (Depression + Anxiety),{'anxiety':'yes'}
a3af4u,Pushing people away?,"In the past six months I have attempted suicide four times. Two of which were serious and that my family and friends know of, including my ex who plays a part in due to a break-up.
 
 Lately I have been getting the feeling that people don't care anymore. They simply ignore me or get pissed at me for being depressed and suicidal. Only my brother still seems to genuinely care.
 
 My ex, who left me but wanted to stay friends, has blocked me. She said she cares and hopes I get better, but that she can't stick around. Of all people, I need her the most. I need to just talk to her. She won't. I have already sent her a farewell letter, but even to that she did not reply...
 
 I am surrounded by people, but I feel alone in every way except physically.
 
 I don't see any other way than to do a fifth attempt...","[1, 0]",{'depressive_disorder'},"Pushing people away. In the past six months I have attempted suicide four times. Two of which were serious and that my family and friends know of, including my ex who plays a part in due to a breakup. Lately I have been getting the feeling that people dont care anymore. They simply ignore me or get pissed at me for being depressed and suicidal. Only my brother still seems to genuinely care. My ex, who left me but wanted to stay friends, has blocked me. She said she cares and hopes I get better, but that she cant stick around. Of all people, I need her the most. I need to just talk to her. She wont. I have already sent her a farewell letter, but even to that she did not reply. I am surrounded by people, but I feel alone in every way except physically. I dont see any other way than to do a fifth attempt.",Depression,{'anxiety':'no'}
okg1tx,It's s shitty being borderline,"It just is. Add to that my mother who guilts my every bad trait everytime I complain about anything. Im not denying I was rude and I was wrong about all the ways I screamed and shouted at her and made her upset before I turned 20, but thats all behind me and she still says things like ""we're scared of you"" and that I make them miserable. I just really was impulsive and I still am but I reallly didnt know better when I hurt these people. She still goes out of her way to make me feel jealous of my sister and I try to be a grown up and ignore it.
  She absolutely loves my sister and her friends but never seems to be giving me the same love. 
  
 I just cant stop crying because I really didnt know any better back then and all I want is someone to hug me and tell me they believe that I really didnt know I was being abnormal, that even when I was crazy or rude I just had no idea about regulating my reactions and I didnt know when I was being unreasonable. Im just so so so sad and I feel like they have this permanent impression of me and they will never actually see me as anything else but who I was years ago and what hurts more is that she is telling me all these things today on my birthday just because I complained abut my sister screaming at me","[0, 0]",{'control_group'},"Its s shitty being borderline. It just is. Add to that my mother who guilts my every bad trait everytime I complain about anything. Im not denying I was rude and I was wrong about all the ways I screamed and shouted at her and made her upset before I turned 20, but thats all behind me and she still says things like were scared of you and that I make them miserable. I just really was impulsive and I still am but I reallly didnt know better when I hurt these people. She still goes out of her way to make me feel jealous of my sister and I try to be a grown up and ignore it. She absolutely loves my sister and her friends but never seems to be giving me the same love. I just cant stop crying because I really didnt know any better back then and all I want is someone to hug me and tell me they believe that I really didnt know I was being abnormal, that even when I was crazy or rude I just had no idea about regulating my reactions and I didnt know when I was being unreasonable. Im just so so so sad and I feel like they have this permanent impression of me and they will never actually see me as anything else but who I was years ago and what hurts more is that she is telling me all these things today on my birthday just because I complained abut my sister screaming at me",Normal,"{""anxiety"":""no""}"
9443um,Told my parents about my depression. Went about as well as you'd expect.,"It started with me telling them I got a D in history. ""Seriously? We can't afford no D's!"" I've been doing pretty well up to that point, but depression really hit hard, and my grades declined. So I pretty much told them that. 
 
 I got the responses I thought I'd get. ""What are you so bummed out about?"" ""Pressure is all throughout life, you just gotta handle it"" ""You're just not eating enough"" ""Come to us so we can help you study"" ""I bought you those herbs from the store, they should help"" ""Why are you thinking all these negative thoughts? Where are they coming from? "" ""See you need to stop thinking negative thoughts"" ""How could you think your family hates you?"" ""Don't get down on yourself, never do that"" ""When you crash you gotta get up"" ""Start thinking more positive"" ""Your sister struggled, she got through it"" "" You think I don't get down?"" ""Don't kill yourself over a bad grade *giggles*""
 
 No, I haven't self-diagnosed. I got diagnosed with depression in middle school, but as my dad says ""You need to forget about that"". What's funny is that they act like they know what depression is, when Kate Spade died, my mom said, ""It doesn't matter what you have, if you're unhappy, you're unhappy"", but she tells me, ""You have a loving family!""
 
 Neddless to say I regret opening up. I just don't know what to do at this point.","[1, 0]",{'depressive_disorder'},"Told my parents about my depression. Went about as well as youd expect. It started with me telling them I got a D in history. Seriously? We cant afford no Ds! Ive been doing pretty well up to that point, but depression really hit hard, and my grades declined. So I pretty much told them that. I got the responses I thought Id get. What are you so bummed out about? Pressure is all throughout life, you just gotta handle it Youre just not eating enough Come to us so we can help you study I bought you those herbs from the store, they should help Why are you thinking all these negative thoughts? Where are they coming from? See you need to stop thinking negative thoughts How could you think your family hates you? Dont get down on yourself, never do that When you crash you gotta get up Start thinking more positive Your sister struggled, she got through it You think I dont get down? Dont kill yourself over a bad grade giggles No, I havent selfdiagnosed. I got diagnosed with depression in middle school, but as my dad says You need to forget about that. Whats funny is that they act like they know what depression is, when Kate Spade died, my mom said, It doesnt matter what you have, if youre unhappy, youre unhappy, but she tells me, You have a loving family! Neddless to say I regret opening up. I just dont know what to do at this point.",Depression,{'anxiety':'no'}
bwlyyk,Seeing my therapist in the afternoon,"It's been a bit but I think I need it. Just moved and have everything I could want for my music production, gaming, got into building an arcade cabinet. I feel I should be happy...I try to socialize after work a few times a week and meet new people, as I live in a downtown area. I'll try to do music and then go out last min at 12am to just meet people on my nights off. But I'm still just depleted and depressed a lot after work. I don't really talk about it on here, because some people know my Reddit user name...but I'm not proud of the way I use prescribed drugs to feel relieved I guess. I'm always feeling uncomfortable. It's probably not healthy, and I feel more and more I'm building up a protective layer about it. I'm usually very open about my issues, but more and more I feel others will judge, or I'll freak people close to me out. 
 
 I just feel old and sometimes have thoughts about leaving myself in time before I get older. I don't know if that makes sense. I just can't relate to anyone anymore, and feel guilty about a lot of things. I try...but no amount of money or accomplishments will fix my issues. I need to take a leap and try something new before I hedge my bets. I had a future planned out and it's all changed and really hard to adjust. 
 
 You ever just stare at walls and feel an overwhelming emptiness no matter what? That's me. I feel I'm sinking a lot, and cope with it in unhealthy ways.
 
 I just wanted to speak out, and get it off my chest.
 
 Thanks for listening","[1, 0]",{'depressive_disorder'},"Seeing my therapist in the afternoon. Its been a bit but I think I need it. Just moved and have everything I could want for my music production, gaming, got into building an arcade cabinet. I feel I should be happy.I try to socialize after work a few times a week and meet new people, as I live in a downtown area. Ill try to do music and then go out last min at 12am to just meet people on my nights off. But Im still just depleted and depressed a lot after work. I dont really talk about it on here, because some people know my Reddit user name.but Im not proud of the way I use prescribed drugs to feel relieved I guess. Im always feeling uncomfortable. Its probably not healthy, and I feel more and more Im building up a protective layer about it. Im usually very open about my issues, but more and more I feel others will judge, or Ill freak people close to me out. I just feel old and sometimes have thoughts about leaving myself in time before I get older. I dont know if that makes sense. I just cant relate to anyone anymore, and feel guilty about a lot of things. I try.but no amount of money or accomplishments will fix my issues. I need to take a leap and try something new before I hedge my bets. I had a future planned out and its all changed and really hard to adjust. You ever just stare at walls and feel an overwhelming emptiness no matter what? Thats me. I feel Im sinking a lot, and cope with it in unhealthy ways. I just wanted to speak out, and get it off my chest. Thanks for listening",Depression,"{""anxiety"":""no""}"
dhetat,I want to die.,"It's intense. It's honestly all I think about. How much I don't want to be here. How much I don't want to exist anymore and want to just cease. 
 
 Everything is too much. Too loud, too close, too quiet, too overwhelming. 
 
 I can't do it anymore. Most of the time I can shut off my emotions but some days they are so strong they take keep control. 
 
 I avoid knives, razors, anything sharp really. The constant thought of just cutting into myself is obsessive and almost compulsive. I've restored to scratching myself without breaking my skin, pulling my hair, snapping a hair tie or rubberband on my wrist. 
 
 The depression is one of two emotions that are taking control of me. The rage has come back. I get so angry I begin to shake, urges to seriously hurt someone make my hands hurt with the amount of self control I have to use. 
 
 I scheduled an appointment with my psychiatrist but it isn't until next month. I am diagnosed patient with borderline personality disorder, OCD, manic depression and panic disorder. I take medicine, a lot of medicine. 
 
 I don't know how I'm going to make it for a month.","[0, 1]",{'anxiety_disorder'},"I want to die. Its intense. Its honestly all I think about. How much I dont want to be here. How much I dont want to exist anymore and want to just cease. Everything is too much. Too loud, too close, too quiet, too overwhelming. I cant do it anymore. Most of the time I can shut off my emotions but some days they are so strong they take keep control. I avoid knives, razors, anything sharp really. The constant thought of just cutting into myself is obsessive and almost compulsive. Ive restored to scratching myself without breaking my skin, pulling my hair, snapping a hair tie or rubberband on my wrist. The depression is one of two emotions that are taking control of me. The rage has come back. I get so angry I begin to shake, urges to seriously hurt someone make my hands hurt with the amount of self control I have to use. I scheduled an appointment with my psychiatrist but it isnt until next month. I am diagnosed patient with borderline personality disorder, OCD, manic depression and panic disorder. I take medicine, a lot of medicine. I dont know how Im going to make it for a month.",Anxiety,{'anxiety':'no'}
7ei4y5,seeing happy people,"it's so frustrating and i feel jealous and angry at them for being happy. Why does this happen to me? I'm very anxious atm and I feel so shitty and sad and it's hurting me so badly to just exist. I want to be home but I can't go home for another couple of hours and I have to pretend to feel okay while in my mind all I wanna do is take a bunch of sleeping pills or anxiolytics or whatsoever. Fuck life honestly.
 
 EDIT: WHY DO PEOPLE EXPECT ME TO DO SO MUCH SHIT. I can't even concentrate on my studies like I've been asked to look for papers for a work for college but I can't fucking do it I'm useless.","[0, 0]",{'control_group'},seeing happy people. its so frustrating and i feel jealous and angry at them for being happy. Why does this happen to me? Im very anxious atm and I feel so shitty and sad and its hurting me so badly to just exist. I want to be home but I cant go home for another couple of hours and I have to pretend to feel okay while in my mind all I wanna do is take a bunch of sleeping pills or anxiolytics or whatsoever. Fuck life honestly. EDIT WHY DO PEOPLE EXPECT ME TO DO SO MUCH SHIT. I cant even concentrate on my studies like Ive been asked to look for papers for a work for college but I cant fucking do it Im useless.,Normal,"{""anxiety"": ""yes""}"
9vuzvi,Can your thoughts make your SO ugly?,"It's so fucking difficult. I'm diagnosed with an anxiety and a depressive disorder. I'm waiting for my therapy to begin... 
 
 This whole year has been so awful. I'm in my first relationship and I never cried so much in my entire life. The thing is: I already said before we were together that he's actually not my type, whatever my type is, I don't know. :( 
 
 Now I sometimes think I love him but maybe more in a platonic way? I don't know. Maybe he's just my best male friend? I don't know. It's just that my thoughts tend to get worse... I feel like I've completely lost all my positive thoughts/feelings towards him and that I only see his physical flaws. :( I obsess about his hairstyle, his eyebrows, his skin, whatever... And then my mind thinks I'm not attracted to him, that I'm leading him on and that I'm wasting his time. :( I guess a lot of it has to do with my very low self-esteem. 
 
 Can you ""think someone ugly""? :( I don't know what to do. I feel so guilty everytime I look at him. He treats me very well and he's such a good person, but my thoughts are getting worse by the hour... Like I'm not able to see the positive sides of him... :( 
 
 **tldr; Wondering if my thoughts make my SO ugly or if I'm just not attracted to him (anymore) and in denial the whole time**","[1, 1]","{'depressive_disorder', 'anxiety_disorder'}","Can your thoughts make your SO ugly. Its so fucking difficult. Im diagnosed with an anxiety and a depressive disorder. Im waiting for my therapy to begin. This whole year has been so awful. Im in my first relationship and I never cried so much in my entire life. The thing is I already said before we were together that hes actually not my type, whatever my type is, I dont know. Now I sometimes think I love him but maybe more in a platonic way? I dont know. Maybe hes just my best male friend? I dont know. Its just that my thoughts tend to get worse. I feel like Ive completely lost all my positive thoughtsfeelings towards him and that I only see his physical flaws. I obsess about his hairstyle, his eyebrows, his skin, whatever. And then my mind thinks Im not attracted to him, that Im leading him on and that Im wasting his time. I guess a lot of it has to do with my very low selfesteem. Can you think someone ugly? I dont know what to do. I feel so guilty everytime I look at him. He treats me very well and hes such a good person, but my thoughts are getting worse by the hour. Like Im not able to see the positive sides of him. tldr Wondering if my thoughts make my SO ugly or if Im just not attracted to him anymore and in denial the whole time",Comorbid (Depression + Anxiety),{'anxiety':'yes'}
c1igyw,I feel so trapped... I CANT kill myself,"Its like its built in to just be fucked either way. Theres no easy way out... if it wasnt for my family and girlfriend I would pretty much without question opt to kill myself, I believe. Probably right now.
 
 But I couldnt bear doing that to my family. I know it would fuck with them forever. I have to stay here for them. But I want to go so bad. Why do I have to care so much? ...Id be dead. But just knowing that that would be their future.
 
 No one ever understands my mindset. They dont want to see the world, and life, the way I see it. It is in fact a boring dystopia that we live in. I dont think I could be convinced otherwise.
 
 I know its hurting you, but its killing me.","[0, 0]",{'control_group'},"I feel so trapped. I CANT kill myself. Its like its built in to just be fucked either way. Theres no easy way out. if it wasnt for my family and girlfriend I would pretty much without question opt to kill myself, I believe. Probably right now. But I couldnt bear doing that to my family. I know it would fuck with them forever. I have to stay here for them. But I want to go so bad. Why do I have to care so much? .Id be dead. But just knowing that that would be their future. No one ever understands my mindset. They dont want to see the world, and life, the way I see it. It is in fact a boring dystopia that we live in. I dont think I could be convinced otherwise. I know its hurting you, but its killing me.",Normal,{'anxiety':'no'}
f3gavi,Catch 22,"Ive been chronically ill with a pain codition causing severe nerve pain in the centre of my abdomin (ACNES). Its been going on for over two years and I had two failed surgeries last year. The second surgery failing caused my mental health to degrade quite severely including strong suicidal urges. This November I was diagnosed with depression and not coping with trauma. 
 
 In December I moved cities as my girlfriend got a new job. I figured Id find a new job soon enough but no luck so far. Until about midway through January I managed to keep my motivation up, applying for jobs, getting up on time, getting out of the flat etc. Ive found this has become nearly impossible over the past month. I get up with my girlfriend to have breakfast, patter around for about an hour and then get back into bed. Im constantly freaking out about finding work but also seem completely unable to motivate myself to finish more then one application a week since two weeks ago. 
 Even doing the most mundane things like hoing to the shop are beginning to feel like to much of a challenge. 
 
 I worked a shitty job last year (cashier in a betting shop) but I got quite a lot of pride out of working despite feeling like crap physically and mentally. Im getting more and more worried that Im getting caught in a negative loop where not having work and being stuck at home will wreck my ability to find work. 
 
 I genuinely dont know how to cope with this and its driving me up the wall. Sorry for the rant but needed to vent!","[1, 0]",{'depressive_disorder'},"Catch 22. Ive been chronically ill with a pain codition causing severe nerve pain in the centre of my abdomin ACNES. Its been going on for over two years and I had two failed surgeries last year. The second surgery failing caused my mental health to degrade quite severely including strong suicidal urges. This November I was diagnosed with depression and not coping with trauma. In December I moved cities as my girlfriend got a new job. I figured Id find a new job soon enough but no luck so far. Until about midway through January I managed to keep my motivation up, applying for jobs, getting up on time, getting out of the flat etc. Ive found this has become nearly impossible over the past month. I get up with my girlfriend to have breakfast, patter around for about an hour and then get back into bed. Im constantly freaking out about finding work but also seem completely unable to motivate myself to finish more then one application a week since two weeks ago. Even doing the most mundane things like hoing to the shop are beginning to feel like to much of a challenge. I worked a shitty job last year cashier in a betting shop but I got quite a lot of pride out of working despite feeling like crap physically and mentally. Im getting more and more worried that Im getting caught in a negative loop where not having work and being stuck at home will wreck my ability to find work. I genuinely dont know how to cope with this and its driving me up the wall. Sorry for the rant but needed to vent!",Depression,"{""anxiety"":""yes""}"
e4he0w,Itll never get better.,"Ive been depressed for too long that Im honestly scared of getting better at this point. I dont want to stay depressed but I dont want to get better either. I just want to die. Of course everytime I tell anybody this they usually react with, wow you dont even want to get better you attention seeker have fun with your pity party GeT hElP, even though Ive been getting help for years now. I get more depressed when Im depressed obviously. And if I dont feel as shitty then Ill feel a bit better. But feeling better freaks me out then I get more depressed and I feel better and worse that I am depressed. Then the cycle repeats forever. 
 
 
 Im honestly starting to believe that I am an attention seeking trash bag even though Ive been diagnosed by multiple psychiatrists for years. Im too scared to kill my self. I guess Im just going to suffer here meaninglessly for the next 50-70 years or so.
 
 Thank you for reading my dumb post. Its 6am so I should probably sleep. Have a nice day or night!","[1, 0]",{'depressive_disorder'},"Itll never get better. Ive been depressed for too long that Im honestly scared of getting better at this point. I dont want to stay depressed but I dont want to get better either. I just want to die. Of course everytime I tell anybody this they usually react with, wow you dont even want to get better you attention seeker have fun with your pity party GeT hElP, even though Ive been getting help for years now. I get more depressed when Im depressed obviously. And if I dont feel as shitty then Ill feel a bit better. But feeling better freaks me out then I get more depressed and I feel better and worse that I am depressed. Then the cycle repeats forever. Im honestly starting to believe that I am an attention seeking trash bag even though Ive been diagnosed by multiple psychiatrists for years. Im too scared to kill my self. I guess Im just going to suffer here meaninglessly for the next 5070 years or so. Thank you for reading my dumb post. Its 6am so I should probably sleep. Have a nice day or night!",Depression,"{""anxiety"":""no""}"
a6atoo,Finally on the Upswing,"Ive been depressed since April. I thought it would never get better. Thats the trap of depression though isnt it. When you cant see the end of so much pain and loneliness you think there never will be. Except I know now thats not the case. 
 
 Just because I couldnt see it getting better anytime soon didnt mean it wasnt going too. The worst part about feeling so hopeless and depressed is how lonely you feel. Theres something standing in your way of seeing all the people who are there to love you and support you because they are simply willing too. And that thing is you. I was standing in my own way for so long. I was the only thing blinding me from realizing just how lucky I was to have as many people caring for me as I did. It takes so much strength to look past your own depression but anyone whos going through depression right now, try to see past your own negative self views. Know that nothing in this life lasts forever. Everything has to end at some point, and depression is no exception. Try to maintain your belief in people, theres always someone waiting to support you, reaching out to you. Sometimes all it takes is you reaching out back to them.","[0, 0]",{'control_group'},"Finally on the Upswing. Ive been depressed since April. I thought it would never get better. Thats the trap of depression though isnt it. When you cant see the end of so much pain and loneliness you think there never will be. Except I know now thats not the case. Just because I couldnt see it getting better anytime soon didnt mean it wasnt going too. The worst part about feeling so hopeless and depressed is how lonely you feel. Theres something standing in your way of seeing all the people who are there to love you and support you because they are simply willing too. And that thing is you. I was standing in my own way for so long. I was the only thing blinding me from realizing just how lucky I was to have as many people caring for me as I did. It takes so much strength to look past your own depression but anyone whos going through depression right now, try to see past your own negative self views. Know that nothing in this life lasts forever. Everything has to end at some point, and depression is no exception. Try to maintain your belief in people, theres always someone waiting to support you, reaching out to you. Sometimes all it takes is you reaching out back to them.",Normal,{'anxiety':'no'}
f4l4yq,What should I do?,"Ive been in a relationship for a year now with a wonderful woman. Shes got her quirks and faults, but somehow I took them for granted and treated her like shit. I was so addicted to porn in the moment and send money to cosplayers, traps, etc. Just being overall disgusted with myself and ever since shes found out about it wed argue and argue until a point where she threatened to kick me out (I live with her family). I just feel so fucked in the head, that I dont know what I want with myself. I just drink and smoke the pain away a lot of the time. I dont have the money to drop on a therapist/doc to even get my shit checked out, but I have been diagnosed with severe depression in the past. Past childhood trauma, abuse, addiction. Am I broken? Am I doomed? I just need someones opinion on what I should do....","[0, 0]",{'control_group'},"What should I do. Ive been in a relationship for a year now with a wonderful woman. Shes got her quirks and faults, but somehow I took them for granted and treated her like shit. I was so addicted to porn in the moment and send money to cosplayers, traps, etc. Just being overall disgusted with myself and ever since shes found out about it wed argue and argue until a point where she threatened to kick me out I live with her family. I just feel so fucked in the head, that I dont know what I want with myself. I just drink and smoke the pain away a lot of the time. I dont have the money to drop on a therapistdoc to even get my shit checked out, but I have been diagnosed with severe depression in the past. Past childhood trauma, abuse, addiction. Am I broken? Am I doomed? I just need someones opinion on what I should do.",Normal,"{""anxiety"":""no""}"
dviafo,"I knew depression could have physical symptoms, but I wasnt prepared to have them","Ive been struggling on and off with anxiety and depression for a while. So I am familiar with stress pains, like muscles in my back tensing up etc. and also chest pains that can come with anxiety. I have experienced these kinds of pain while having anxiety attacks before. 
 
 Two weeks ago I was diagnosed with moderate depression. Before when I have had depressive episodes I have been quite functional, but this time around I feel like my body is kind of giving up on me. My muscles ache all the time, my shoulders and back are so tense and no amount of stretching seem to help. However, the chest pains Im having are the worst. I feel this tension in the middle of my chest, which makes it hard to breathe sometimes. And Im also having like stabbing pain above my heart. 
 I have talked to my therapist about it and she says these are normal symptoms of depression, and that they will come and go. 
 
 Honestly Im just so tired. It was enough to get out of bed each morning before. But now as my body physically aches, its getting almost impossible. 
 
 I dont know, I just needed a place to vent I guess. Heres to hoping things will get better sooner than later.","[1, 1]","{'depressive_disorder', 'anxiety_disorder'}","I knew depression could have physical symptoms, but I wasnt prepared to have them. Ive been struggling on and off with anxiety and depression for a while. So I am familiar with stress pains, like muscles in my back tensing up etc. and also chest pains that can come with anxiety. I have experienced these kinds of pain while having anxiety attacks before. Two weeks ago I was diagnosed with moderate depression. Before when I have had depressive episodes I have been quite functional, but this time around I feel like my body is kind of giving up on me. My muscles ache all the time, my shoulders and back are so tense and no amount of stretching seem to help. However, the chest pains Im having are the worst. I feel this tension in the middle of my chest, which makes it hard to breathe sometimes. And Im also having like stabbing pain above my heart. I have talked to my therapist about it and she says these are normal symptoms of depression, and that they will come and go. Honestly Im just so tired. It was enough to get out of bed each morning before. But now as my body physically aches, its getting almost impossible. I dont know, I just needed a place to vent I guess. Heres to hoping things will get better sooner than later.",Comorbid (Depression + Anxiety),"{""anxiety"":""yes""}"
ih9h5z,My depression is getting physical,"Ive had mental breakdowns before where I would usually just cry for a few hours. 
 But today I had a physical breakdown( if that makes sense). I wasnt feeling too good the whole day but it really started when I wanted to go to bed. First I got really dizzy, but I thought Im just tired. Then I felt like I was going to puke but I didnt. Then when I wanted to lay down I had trouble breathing, but I didnt even try to breath faster or sth. Even if I tried I wouldnt have had the energy to breathe faster. I laid there and it felt like my throat was closing, so I went and got my asthma spray (I never have asthma attacks tho I just need it when I do sports). So that helped a little with the breathing but as soon as that got better I couldnt swallow right anymore. It just felt like my whole throat was swollen and I couldnt even swallow my spit(yeah I know gross). Lastly I started shaking on my whole body and I guess I just waited until it got a little better. 
  
 I dont know if anyone really reads through this (probably not) but I just had to write that whole thing down somewhere. 
  
 Is that still normal for a regular depression? 
  
 I dont even know anymore. I still feel like I cant cry even tho I really want to, but it just doesnt work. I just cant.
 
 Edit: Also my heart was beating really fast the whole time. forgot to write that down. lol. 
 
  My chest still feels kinda weird tho","[0, 0]",{'control_group'},"My depression is getting physical. Ive had mental breakdowns before where I would usually just cry for a few hours. But today I had a physical breakdown if that makes sense. I wasnt feeling too good the whole day but it really started when I wanted to go to bed. First I got really dizzy, but I thought Im just tired. Then I felt like I was going to puke but I didnt. Then when I wanted to lay down I had trouble breathing, but I didnt even try to breath faster or sth. Even if I tried I wouldnt have had the energy to breathe faster. I laid there and it felt like my throat was closing, so I went and got my asthma spray I never have asthma attacks tho I just need it when I do sports. So that helped a little with the breathing but as soon as that got better I couldnt swallow right anymore. It just felt like my whole throat was swollen and I couldnt even swallow my spityeah I know gross. Lastly I started shaking on my whole body and I guess I just waited until it got a little better. I dont know if anyone really reads through this probably not but I just had to write that whole thing down somewhere. Is that still normal for a regular depression? I dont even know anymore. I still feel like I cant cry even tho I really want to, but it just doesnt work. I just cant. Edit Also my heart was beating really fast the whole time. forgot to write that down. lol. My chest still feels kinda weird tho",Normal,"{""anxiety"":""no""}"
esm95r,I feel like I ruined my life trying to save it.,"Just a little background Im 25F and was diagnosed when I was 8 with depression. 
 
 I had weight loss surgery a week ago today. The combination of not being able to eat, not wanting to fuck it up, and having been off my meds for a week really messed with me. I feel like I made the biggest mistake of my life by having this. And I felt it from the second I woke up, which Im told is experienced by pretty much everyone who has the surgery. But on top of the normal buyers remorse of having surgery, I am fighting myself with eating. And the more I try to explain it, the less people understand. I am hungry. Not for steak or chicken nuggets, but just for literally anything. But every time I try to put food into my body, my brain spirals and creates a psychological effect of blocking off the hunger. So I take a sip, my brain tells me Im full, but my stomach is still screaming in hunger. This misery made me give up. So Ive just been drinking water as I can. Which isnt much. 
 
 This lack of nutrients has my body extra exhausted, and my brain is too. Ive thought of thousands of ways to die already. Im not suicidal, but I dont want to live anymore. Im tired. And it just feels like my body is confirming that I fucked up and I did the wrong thing. 
 
 On top of that, I work for my dad. But Ive been so exhausted I cant go back to work and he is mad. I know hes not actually mad, but I feel the silent unavoidable anger he feels but doesnt show. Its just all making me spiral hard.","[0, 0]",{'control_group'},"I feel like I ruined my life trying to save it. Just a little background Im 25F and was diagnosed when I was 8 with depression. I had weight loss surgery a week ago today. The combination of not being able to eat, not wanting to fuck it up, and having been off my meds for a week really messed with me. I feel like I made the biggest mistake of my life by having this. And I felt it from the second I woke up, which Im told is experienced by pretty much everyone who has the surgery. But on top of the normal buyers remorse of having surgery, I am fighting myself with eating. And the more I try to explain it, the less people understand. I am hungry. Not for steak or chicken nuggets, but just for literally anything. But every time I try to put food into my body, my brain spirals and creates a psychological effect of blocking off the hunger. So I take a sip, my brain tells me Im full, but my stomach is still screaming in hunger. This misery made me give up. So Ive just been drinking water as I can. Which isnt much. This lack of nutrients has my body extra exhausted, and my brain is too. Ive thought of thousands of ways to die already. Im not suicidal, but I dont want to live anymore. Im tired. And it just feels like my body is confirming that I fucked up and I did the wrong thing. On top of that, I work for my dad. But Ive been so exhausted I cant go back to work and he is mad. I know hes not actually mad, but I feel the silent unavoidable anger he feels but doesnt show. Its just all making me spiral hard.",Normal,{'anxiety':'no'}
emicaf,How do I come to terms with finally being happy?,"Kinda weird I know. I'm not sure if this is a reprieve from my mental illnesses or if maybe finally it's all over. For the past 4-5 days I've been feeling happy. It's great to be alive kinda feeling. But my brains like ""Oh no- this wrong-"" or just having intrusive thoughts of suicide or self harm and I'm like ""but why?? I feel really happy right now??"" I'm afraid of being happy but I'm also afraid of falling back into a really hard depression. 
 
 I'm not sure if it's because of the holidays and we got to do a lot of happy things. Which is weird because at my aunts house I had a complete and utter melt down and I'm so happy I'm home now. I'm just trying to ride this serotonin wave for as long as possible and hoping a PMDD/MDD or PDD Tsunami won't come along and just BAM all over again. I have no idea what my brain is doing and why.","[1, 0]",{'depressive_disorder'},How do I come to terms with finally being happy. Kinda weird I know. Im not sure if this is a reprieve from my mental illnesses or if maybe finally its all over. For the past 45 days Ive been feeling happy. Its great to be alive kinda feeling. But my brains like Oh no this wrong or just having intrusive thoughts of suicide or self harm and Im like but why? I feel really happy right now? Im afraid of being happy but Im also afraid of falling back into a really hard depression. Im not sure if its because of the holidays and we got to do a lot of happy things. Which is weird because at my aunts house I had a complete and utter melt down and Im so happy Im home now. Im just trying to ride this serotonin wave for as long as possible and hoping a PMDDMDD or PDD Tsunami wont come along and just BAM all over again. I have no idea what my brain is doing and why.,Depression,{'anxiety':'no'}
bx73fz,Day 1..kind of,"Last night I drank a fifth of vodka to myself. Woke up still drunk. Sobered up a few hours ago. This has been going on too long. I turn 29 in a few days and this has been going on since I was 17. Of course I wasn't as bad then. I drank every time I went out but I was young and everyone around me did the same. I drank and drove like nobody's business because everyone around me did. I never thought twice about it until I got my DUI shortly after I turned 21. I have severe anxiety and depression. I've been on a couple different meds over the past couple years..doesn't help too much. The past couple years I've also started self-harming whenever I'm drunk which is fairly often. I showed up to work still drunk a couple months ago. I could tell my manager knew but she didnt say anything. I recently broke my foot and can't work for at least a couple more weeks. All this time alone I think is making it worse. I just dont know how to function at this point unless I'm either at work or sick. Sorry for the story book, I just could really use some support and advice.","[1, 1]","{'depressive_disorder', 'anxiety_disorder'}","Day 1.kind of. Last night I drank a fifth of vodka to myself. Woke up still drunk. Sobered up a few hours ago. This has been going on too long. I turn 29 in a few days and this has been going on since I was 17. Of course I wasnt as bad then. I drank every time I went out but I was young and everyone around me did the same. I drank and drove like nobodys business because everyone around me did. I never thought twice about it until I got my DUI shortly after I turned 21. I have severe anxiety and depression. Ive been on a couple different meds over the past couple years.doesnt help too much. The past couple years Ive also started selfharming whenever Im drunk which is fairly often. I showed up to work still drunk a couple months ago. I could tell my manager knew but she didnt say anything. I recently broke my foot and cant work for at least a couple more weeks. All this time alone I think is making it worse. I just dont know how to function at this point unless Im either at work or sick. Sorry for the story book, I just could really use some support and advice.",Comorbid (Depression + Anxiety),"{""anxiety"":""yes""}"
8mm7b9,I've always wanted to donate blood,"Last year I was diagnosed with depression and since then I've been on psychological and psychiatric treatment and taking meds.
 
  I turned 18 last december and I always said that as soon as I turned 18 I would donate blood and keep doing it as often as I could. 
 
 This semester, there was always a blood donating point in front of my University almost everyday so I decided I would do it... But they told me I can't do it because of the meds I take. I was so disappointed and sad, and it haunted me every time I passed in front of my University and they were there, and no one was donating and I WANTED and I COULDN'T. 
 
 Now, tho this has made me real sad, it has encouraged me to beat depression in the ass so I can stop taking meds and finally donate blood. My goal used to be to donate blood when I turned eighteen, but now it is to donate blood when I beat depression, and I hope you all can find a reason that motivates you enough to fight for it.
 
 That was really all I wanted to say.","[1, 0]",{'depressive_disorder'},"Ive always wanted to donate blood. Last year I was diagnosed with depression and since then Ive been on psychological and psychiatric treatment and taking meds. I turned 18 last december and I always said that as soon as I turned 18 I would donate blood and keep doing it as often as I could. This semester, there was always a blood donating point in front of my University almost everyday so I decided I would do it. But they told me I cant do it because of the meds I take. I was so disappointed and sad, and it haunted me every time I passed in front of my University and they were there, and no one was donating and I WANTED and I COULDNT. Now, tho this has made me real sad, it has encouraged me to beat depression in the ass so I can stop taking meds and finally donate blood. My goal used to be to donate blood when I turned eighteen, but now it is to donate blood when I beat depression, and I hope you all can find a reason that motivates you enough to fight for it. That was really all I wanted to say.",Depression,{'anxiety':'no'}
ez1iz9,I hate being this way,"Lately, I've been having suicidal ideas again.
 
 As the days go by, the ideas are getting worse. It always starts by ideas, the sweet sweet release of death. But as time passes... the ideas become more and more intense. 
 
 I've been thinking about dying, I did try by the past, but now...
 
 *I really feel like giving up.*
 
 But I don't want the ones I love to feel bad because of my death. Like... *I don't want anyone to feel guilty because they weren't there to help me.*
 
 The other day, I saw one of those trucks when I was driving with those tree logs... I followed it hoping a log would fall and crash me, the impact being violent enough for me to die on impact. There was also a car with a trailer filled with heavy stuff, and the same thing went through my mind. When I went through a bridge today I had the urge to jump. 
 
 I am currently on antidepressants and I am having ideas again about chugging the whole bottle... or use anything sharp... The thought of hiring a hitman on myself crossed my mind as well, haha. But, i'm too broke...
 
 And when it happens, I have to think about my daily routine, my job, my studies... to give myself a purpose to keep going on. But **BOY** do I want to give up and I feel myself failing more everyday.
 
 *I don't know if I can hold on much longer...*
 
 When will I go back to normal thoughts? Video games, friends, studies, sports, job...?
 
 *I can't do it anymore...*","[1, 0]",{'depressive_disorder'},"I hate being this way. Lately, Ive been having suicidal ideas again. As the days go by, the ideas are getting worse. It always starts by ideas, the sweet sweet release of death. But as time passes. the ideas become more and more intense. Ive been thinking about dying, I did try by the past, but now. I really feel like giving up. But I dont want the ones I love to feel bad because of my death. Like. I dont want anyone to feel guilty because they werent there to help me. The other day, I saw one of those trucks when I was driving with those tree logs. I followed it hoping a log would fall and crash me, the impact being violent enough for me to die on impact. There was also a car with a trailer filled with heavy stuff, and the same thing went through my mind. When I went through a bridge today I had the urge to jump. I am currently on antidepressants and I am having ideas again about chugging the whole bottle. or use anything sharp. The thought of hiring a hitman on myself crossed my mind as well, haha. But, im too broke. And when it happens, I have to think about my daily routine, my job, my studies. to give myself a purpose to keep going on. But BOY do I want to give up and I feel myself failing more everyday. I dont know if I can hold on much longer. When will I go back to normal thoughts? Video games, friends, studies, sports, job? I cant do it anymore.",Depression,{'anxiety':'no'}
amflb8,I'm not okay..but in this world I have to pretend to be..,"Let me start with how awful this morning was. I was suppose to be in at work at 8am. I work at a casino in the call center. I was late which gave me a tardy. First one atm (others have fallen off if that makes sense) I just had to call in last week due to the weather which was severe but this job doesn't care.. (I'm in Michigan)
 
 I just had a mental breakdown and I have to put my ""happy face/voice"" on. I feel like Im kind to others even when I don't want to be. When I'm feeling angry/sad/mad/emotional.. I constantly think about wanting to end my life.. but I also think about what I'd be leaving behind and how unfair it would be to my children. So I push on. I just feel stuck on auto-pilot most of the time. I feel as if I get no break from it all. I am probably working more than I should and am gonna try taking more days off.
 
 I just feel like a rollercoaster. I feel bad for myself and feel others have it much worse than me. I feel everything around me and it drives me crazy sometimes.. I also deal with ADHD, OCD, BED & Misophonia as well as health issues too.
 
 I'm usually the one trying to give advice but today is just not my day..although today was rough I feel I have been stuck in this..
 
 Any advice?","[0, 0]",{'control_group'},"Im not okay.but in this world I have to pretend to be. Let me start with how awful this morning was. I was suppose to be in at work at 8am. I work at a casino in the call center. I was late which gave me a tardy. First one atm others have fallen off if that makes sense I just had to call in last week due to the weather which was severe but this job doesnt care. Im in Michigan I just had a mental breakdown and I have to put my happy facevoice on. I feel like Im kind to others even when I dont want to be. When Im feeling angrysadmademotional. I constantly think about wanting to end my life. but I also think about what Id be leaving behind and how unfair it would be to my children. So I push on. I just feel stuck on autopilot most of the time. I feel as if I get no break from it all. I am probably working more than I should and am gonna try taking more days off. I just feel like a rollercoaster. I feel bad for myself and feel others have it much worse than me. I feel everything around me and it drives me crazy sometimes. I also deal with ADHD, OCD, BED Misophonia as well as health issues too. Im usually the one trying to give advice but today is just not my day.although today was rough I feel I have been stuck in this. Any advice?",Normal,"{""anxiety"":""yes""}"
4vtv73,Why can't I just be happy,"Life is fine. Perfect grades, job I don't hate, friends. But I'm miserable. I'm so functional, so nobody knows or cares except my therapist. My mom thinks I use mental health as an excuse to be lazy. Fuck. I don't know. I'm not dying but I can't feel emotions for weeks, then I have a breakdown in the wrong place and people look at me. I just keep hating myself for having it better than a lot of people I know and STILL being miserable. A lot of outside factors are contributing right now..breakup, parent health, etc. But I was diagnosed when I was ten. It's been a decade and only seems to get worse. And I have no sympathy or slack because I'm doing well and smart and have things going for me but I just hate everything. It's getting harder and harder to pretend to be okay all the time. I took a year off to take care of my sick dad and it took so much out of me and made everything worse. I don't really know what to do to be happy, after ten years nothing seems to work.","[0, 0]",{'control_group'},"Why cant I just be happy. Life is fine. Perfect grades, job I dont hate, friends. But Im miserable. Im so functional, so nobody knows or cares except my therapist. My mom thinks I use mental health as an excuse to be lazy. Fuck. I dont know. Im not dying but I cant feel emotions for weeks, then I have a breakdown in the wrong place and people look at me. I just keep hating myself for having it better than a lot of people I know and STILL being miserable. A lot of outside factors are contributing right now.breakup, parent health, etc. But I was diagnosed when I was ten. Its been a decade and only seems to get worse. And I have no sympathy or slack because Im doing well and smart and have things going for me but I just hate everything. Its getting harder and harder to pretend to be okay all the time. I took a year off to take care of my sick dad and it took so much out of me and made everything worse. I dont really know what to do to be happy, after ten years nothing seems to work.",Normal,"{""anxiety"": ""yes""}"
65e80k,my depression is hurting my family,"long story short i started getting depressed after my girlfriend dumped me. Back then i was a struggling college sophomore with no motivation, while she was a premed 4th year who just got accepted into stanford for grad school. Then she cheats on me during finals week and everything goes to shit.
 fastforward a few months after we break up, I give us the no contact rule but for me everything just seems dull and gray and pointless, and at one point i just broke down at home when my parents yelled at me for forgetting to do chores when i came home during spring break. thats when i realized how fragile i was. then i let off that i was diagnosed with depression during my time at college, and now my parents are so fucking stressed about me being back on campus again and my sister texted me saying how they might actually die from the stress since everything's going to shit. i want to get better. i hate feeling like this. i don't want my parents getting hurt just because I'm hurting. is there anything i can do? at times i've thought it'd be better to just disappear than putting everyone through so much trouble. i don't have hopes for the future since im failing college and have no motivation. i whine about not doing well when i didn't put in effort to better myself. and i really fucking hate how i'm hurting good people just because I'm incompetent","[1, 0]",{'depressive_disorder'},"my depression is hurting my family. long story short i started getting depressed after my girlfriend dumped me. Back then i was a struggling college sophomore with no motivation, while she was a premed 4th year who just got accepted into stanford for grad school. Then she cheats on me during finals week and everything goes to shit. fastforward a few months after we break up, I give us the no contact rule but for me everything just seems dull and gray and pointless, and at one point i just broke down at home when my parents yelled at me for forgetting to do chores when i came home during spring break. thats when i realized how fragile i was. then i let off that i was diagnosed with depression during my time at college, and now my parents are so fucking stressed about me being back on campus again and my sister texted me saying how they might actually die from the stress since everythings going to shit. i want to get better. i hate feeling like this. i dont want my parents getting hurt just because Im hurting. is there anything i can do? at times ive thought itd be better to just disappear than putting everyone through so much trouble. i dont have hopes for the future since im failing college and have no motivation. i whine about not doing well when i didnt put in effort to better myself. and i really fucking hate how im hurting good people just because Im incompetent",Depression,"{""anxiety"": ""no""}"
fzk6pa,I'm about ready to give up,"M(21) stuck living in a house with my nuclear family because of the coronavirus. My BPD symptoms have gotten so bad that I can't speak to my brother, sister, father, or mother without splitting and turning into a person I'm disgusted by. I have $200 to my name and don't start uni again until Fall 2020 (hopefully). No one is hiring right now so I'm financially supported by the same family that I treat so poorly. I struggle with self-hatred and guilt because of how poor of a brother/son I've been.
 
 But talking to my family is extremely difficult for me. Growing up I was told that men aren't suppose to cry or talk about their feelings. But I feel everything so much all the time. I've been so chronically depressed these past few days I don't know how much more I can take. Am I suppose to hold all this in and let it slowly kill me? Obviously not. But trying to remain calm and ""stable"" while dealing with a disorder that has ""dysregulation"" in its fucking name is next to impossible.
 
 I'm speaking with an online counselor via video call every other week but the reality is, nothing is going to change if I keep drinking every day and hiding my suffering from my family. Maybe this damn pandemic sent me into a tailspin. I'm just trying to keep moving forward. Running on fumes.","[0, 0]",{'control_group'},"Im about ready to give up. M21 stuck living in a house with my nuclear family because of the coronavirus. My BPD symptoms have gotten so bad that I cant speak to my brother, sister, father, or mother without splitting and turning into a person Im disgusted by. I have CUR200 to my name and dont start uni again until Fall 2020 hopefully. No one is hiring right now so Im financially supported by the same family that I treat so poorly. I struggle with selfhatred and guilt because of how poor of a brotherson Ive been. But talking to my family is extremely difficult for me. Growing up I was told that men arent suppose to cry or talk about their feelings. But I feel everything so much all the time. Ive been so chronically depressed these past few days I dont know how much more I can take. Am I suppose to hold all this in and let it slowly kill me? Obviously not. But trying to remain calm and stable while dealing with a disorder that has dysregulation in its fucking name is next to impossible. Im speaking with an online counselor via video call every other week but the reality is, nothing is going to change if I keep drinking every day and hiding my suffering from my family. Maybe this damn pandemic sent me into a tailspin. Im just trying to keep moving forward. Running on fumes.",Normal,{'anxiety':'no'}
7ztytl,all my friends are depressed,"Maybe this is the wrong subreddit, but I need somewhere to put this.
 
 Im in college and all of my close friends (3 of which are roommates) have been diagnosed with depression. As Ive gotten closer to them, Ive learned more of the full extent of how bad they feel and so it can be a lot to handle sometimes. 
 
 Some have been struggling for a long time, but others, specifically my best friend have been affected more recently. They even recently were on suicide watch and when I found it I panicked. I couldnt sleep the night I found out and couldnt help but think office I were to wake up one morning and they would be gone. I never knew they were struggling this much and it was such a shock and I didnt know what to do.
 
 Other of my friends have dealt with heavy suicidal thoughts and feel open to talk about it, but I cant handle hearing it but dont know how to bring it up. I know they all need places to be open but its so hard to be surrounded by it sometimes. 
 
 I think Ive been distancing myself lately because I dont know what else to do and I think Im so scared to lose one of them so I think I find it easier to lose them if its by my choice and not theirs.
 
 I know its awful, but I dont know how to help them. I want to be there, but its recently been so much to handle and its taken a hit on my own mental health","[0, 0]",{'control_group'},"all my friends are depressed. Maybe this is the wrong subreddit, but I need somewhere to put this. Im in college and all of my close friends 3 of which are roommates have been diagnosed with depression. As Ive gotten closer to them, Ive learned more of the full extent of how bad they feel and so it can be a lot to handle sometimes. Some have been struggling for a long time, but others, specifically my best friend have been affected more recently. They even recently were on suicide watch and when I found it I panicked. I couldnt sleep the night I found out and couldnt help but think office I were to wake up one morning and they would be gone. I never knew they were struggling this much and it was such a shock and I didnt know what to do. Other of my friends have dealt with heavy suicidal thoughts and feel open to talk about it, but I cant handle hearing it but dont know how to bring it up. I know they all need places to be open but its so hard to be surrounded by it sometimes. I think Ive been distancing myself lately because I dont know what else to do and I think Im so scared to lose one of them so I think I find it easier to lose them if its by my choice and not theirs. I know its awful, but I dont know how to help them. I want to be there, but its recently been so much to handle and its taken a hit on my own mental health",Normal,{'anxiety':'no'}
id3oxs,"One of my best friends has suffered her whole life with depression, and its getting to a point that I don't know how to help her anymore.","My best friend and I have suffered through a lot of depressive episodes together, its one of the reasons we bonded to begin with, but she has always been resistant to aids and supports. She often doesn't take her prescribed medications, she learns coping skills but never applies them, she has sought therapy but then lied to them, and so on. 
 
 We have come to a point now where it's do or die. I keep telling her that her two options are to go to the hospital and be admitted, or take Lithium (which she has been resistant to for years). 
 
 I say these are her only options because, Lithium is a powerful drug and it has personaly helped me a lot, but there have also been many positive cases in general. And the hospital would provide her with safe lodgings, a regulated schedule, 24 hour surveillance, and proper medication changes and distributions. 
 
 Im asking for help, how do I convince her that we are truly at the point of no return here? How can I approach her with the solutions that could ease her pain without making her upset or hate me? I'm genuinely afraid that she has given up on life all together and no matter what I or anyone else does there is no hope left for her future. 
 
 Please help me, I want to see her in a bridemaids dress for my wedding, and I want her to be able to feel the joy of all of the little moments in life again. I miss her, I just want her to be happy.","[0, 0]",{'control_group'},"One of my best friends has suffered her whole life with depression, and its getting to a point that I dont know how to help her anymore. My best friend and I have suffered through a lot of depressive episodes together, its one of the reasons we bonded to begin with, but she has always been resistant to aids and supports. She often doesnt take her prescribed medications, she learns coping skills but never applies them, she has sought therapy but then lied to them, and so on. We have come to a point now where its do or die. I keep telling her that her two options are to go to the hospital and be admitted, or take Lithium which she has been resistant to for years. I say these are her only options because, Lithium is a powerful drug and it has personaly helped me a lot, but there have also been many positive cases in general. And the hospital would provide her with safe lodgings, a regulated schedule, 24 hour surveillance, and proper medication changes and distributions. Im asking for help, how do I convince her that we are truly at the point of no return here? How can I approach her with the solutions that could ease her pain without making her upset or hate me? Im genuinely afraid that she has given up on life all together and no matter what I or anyone else does there is no hope left for her future. Please help me, I want to see her in a bridemaids dress for my wedding, and I want her to be able to feel the joy of all of the little moments in life again. I miss her, I just want her to be happy.",Normal,{'anxiety':'no'}
du6hol,Its 100% over,"My boyfriend of a year and 3 months broke up with me 2 months ago. Its been about 2 months with no contact from either party and because he has me blocked on all social media its kinda hard for me to reach out and see if theres a way of getting back together ( besides he reported me for harassment a week after the break up ) 
 
 So its been 2 months and I guess its truly over. 
 
 I started dating again and I met this guy really genuinely nice guy and we slept together only it wasnt that great and I started having suspicions. Ive now found out that I was his first 
 
 I dont know how to feel about this because 
 1. I told him I wasnt ready for a relationship after having my heart broken and he was fine with that 
 2. He never told me prior to it that he was virgin
 3. I feel like Ive snatched it from him instead of if I knew then couldve waited till we were both ready. 
 4. I really only slept with him because I wanted to get over my ex I thought if I slept with someone else itd help me to get over my ex and the feelings for him would disappear but they havent 
 And now things have just got complicated with a really nice guy 
 
 Ughghhhhhghhhh I feel like such a horrible person right now but at the same time sort of betrayed
 
 Sorry about terrible grammar and spelling its very very late at night here","[0, 0]",{'control_group'},Its 100 over. My boyfriend of a year and 3 months broke up with me 2 months ago. Its been about 2 months with no contact from either party and because he has me blocked on all social media its kinda hard for me to reach out and see if theres a way of getting back together besides he reported me for harassment a week after the break up So its been 2 months and I guess its truly over. I started dating again and I met this guy really genuinely nice guy and we slept together only it wasnt that great and I started having suspicions. Ive now found out that I was his first I dont know how to feel about this because 1. I told him I wasnt ready for a relationship after having my heart broken and he was fine with that 2. He never told me prior to it that he was virgin 3. I feel like Ive snatched it from him instead of if I knew then couldve waited till we were both ready. 4. I really only slept with him because I wanted to get over my ex I thought if I slept with someone else itd help me to get over my ex and the feelings for him would disappear but they havent And now things have just got complicated with a really nice guy Ughghhhhhghhhh I feel like such a horrible person right now but at the same time sort of betrayed Sorry about terrible grammar and spelling its very very late at night here,Normal,"{""anxiety"":""no""}"
6jbkth,My final is in a few days and I can't keep my focus steady. I'm constantly tired.,"My boyfriend of almost a year broke up with me a month ago. Last weekend he said he missed me, still loved me, and wanted to take it slow but work on getting back together. After a few days, I completely stopped hearing from him and anytime I call it's ""Let's talk to tomorrow"" but he's always too busy or ""forgets"" to call or text. 
 
 I feel pathetic. I'm angry throughout the day but depressed come evening. I tell myself I'm never going to talk to him again and then I end up calling him impulsively.
 
 I was diagnosed with GAD and MDD and I've gone through two antidepressants that just make me more tired (Lexapro and Wellbutrin). I drink caffeine throughout the day and electrolytes because that's what /r/keto recommends for energy (I'm on the keto diet). But my brain is just constantly in a fog. I just want to sleep, all the time. I find myself staring off into space for 10-15 minutes, just feeling.. nothing. Just overwhelming depression and sadness. 
 
 I got off the antidepressants because I'm in law school and my tax final is coming up. I can't take something that is just going to make me more tired than I already am. I literally don't have the time for that kind of experimentation.
 
 Does anyone recommend an antidepressant that will boost my energy and not make me so tired? My psychiatrist said that's what Wellbutrin would do, but it had the opposite effect on me.","[1, 0]",{'depressive_disorder'},"My final is in a few days and I cant keep my focus steady. Im constantly tired. My boyfriend of almost a year broke up with me a month ago. Last weekend he said he missed me, still loved me, and wanted to take it slow but work on getting back together. After a few days, I completely stopped hearing from him and anytime I call its Lets talk to tomorrow but hes always too busy or forgets to call or text. I feel pathetic. Im angry throughout the day but depressed come evening. I tell myself Im never going to talk to him again and then I end up calling him impulsively. I was diagnosed with GAD and MDD and Ive gone through two antidepressants that just make me more tired Lexapro and Wellbutrin. I drink caffeine throughout the day and electrolytes because thats what rketo recommends for energy Im on the keto diet. But my brain is just constantly in a fog. I just want to sleep, all the time. I find myself staring off into space for 1015 minutes, just feeling. nothing. Just overwhelming depression and sadness. I got off the antidepressants because Im in law school and my tax final is coming up. I cant take something that is just going to make me more tired than I already am. I literally dont have the time for that kind of experimentation. Does anyone recommend an antidepressant that will boost my energy and not make me so tired? My psychiatrist said thats what Wellbutrin would do, but it had the opposite effect on me.",Depression,{'anxiety':'yes'}
e46ds6,Domestic violence,"My dad always was abusive. He usually didn't hit me to the point of bruising, but he hit my brother and I a lot, especially when we were kids and weak. We have grown older now and we fight back, since our mother is a little scared of him. I still however never thought I was in an immediate danger, I didn't feel happy around him but I wasn't threatened, at least when he was in a good mood. What I've noticed tho is that he gets carried away by his thoughts often, takes one thing and blows it way out of proportion, he keeps making conspiracy theories in his mind about how we don't love him and we will leave him he actually turns more and more violent and paranoid. I don't know if he has bpd and I've tried so many times to convince him to go see a therapist or have my mom convince him to do that,ive tried to help him so many times, to forgive him even tho he never apologized for anything he's ever done, I've taken all the blame for the things he has done because I was trying to be supportive and understanding but I've just had it. I'm hurt and I feel rejected and I know I just don't deserve to be treated like this by anyone. I know I should be supporting him and I wish I could help him see that none of what he says is true but if he doesn't want to change then is it worth it for me to still try? And how can I ever stop waiting for him to love me back?","[0, 0]",{'control_group'},"Domestic violence. My dad always was abusive. He usually didnt hit me to the point of bruising, but he hit my brother and I a lot, especially when we were kids and weak. We have grown older now and we fight back, since our mother is a little scared of him. I still however never thought I was in an immediate danger, I didnt feel happy around him but I wasnt threatened, at least when he was in a good mood. What Ive noticed tho is that he gets carried away by his thoughts often, takes one thing and blows it way out of proportion, he keeps making conspiracy theories in his mind about how we dont love him and we will leave him he actually turns more and more violent and paranoid. I dont know if he has bpd and Ive tried so many times to convince him to go see a therapist or have my mom convince him to do that,ive tried to help him so many times, to forgive him even tho he never apologized for anything hes ever done, Ive taken all the blame for the things he has done because I was trying to be supportive and understanding but Ive just had it. Im hurt and I feel rejected and I know I just dont deserve to be treated like this by anyone. I know I should be supporting him and I wish I could help him see that none of what he says is true but if he doesnt want to change then is it worth it for me to still try? And how can I ever stop waiting for him to love me back?",Normal,{'anxiety':'no'}
54ekdj,It's getting to the point where I have no motivation to take care of myself and other thoughts,"My eating has always been off, but it's gotten worse. I only eat like at the most 3/4 of a full meal a day, with maybe a little snack. 
 My family thinks my eating is doing alright, but they don't know how little I eat, they think I eat at College. I have lost some weight, but they have noticed my jeans are getting baggy.
 I don't want to shower or get dressed or wash or brush my teeth. 
 My sleeping isn't that good, but that could also be part of my PTSD. I also have BPD but I thought this was more suitable here. I can't concentrate enough in College. 
 I don't socialize that much, but I do have people that let me when I want to. 
 I'm thinking of suicide every day, it can vary in how intense it is. 
 Luckily I know how to act so no-one gets worried. 
 I don't actually get depressed that often, I more get frustrated or upset, but there are times where I cant reconigze or know what I'm feeling, or if I feel at all. Times where I feel numb, or nothing feels weird.
 I'm meant to get my ID sorted so I can start drinking, so it can help. But I can't even get that sorted. 
 I'm not normal, I don't do anything right, I don't really have any actual friends. People would do so much better without me. 
 I have no purpose, and it would be better if I wasn't here, but I'm too fearful to go through with it just yet. Hopefully soon. 
 I can't take this again, I hate myself so much.","[0, 0]",{'control_group'},"Its getting to the point where I have no motivation to take care of myself and other thoughts. My eating has always been off, but its gotten worse. I only eat like at the most 34 of a full meal a day, with maybe a little snack. My family thinks my eating is doing alright, but they dont know how little I eat, they think I eat at College. I have lost some weight, but they have noticed my jeans are getting baggy. I dont want to shower or get dressed or wash or brush my teeth. My sleeping isnt that good, but that could also be part of my PTSD. I also have BPD but I thought this was more suitable here. I cant concentrate enough in College. I dont socialize that much, but I do have people that let me when I want to. Im thinking of suicide every day, it can vary in how intense it is. Luckily I know how to act so noone gets worried. I dont actually get depressed that often, I more get frustrated or upset, but there are times where I cant reconigze or know what Im feeling, or if I feel at all. Times where I feel numb, or nothing feels weird. Im meant to get my ID sorted so I can start drinking, so it can help. But I cant even get that sorted. Im not normal, I dont do anything right, I dont really have any actual friends. People would do so much better without me. I have no purpose, and it would be better if I wasnt here, but Im too fearful to go through with it just yet. Hopefully soon. I cant take this again, I hate myself so much.",Normal,{'anxiety':'no'}
buziwc,I can barely eat and it's starting to worry me,"My life used to revolve around food. Don't get me wrong, life not revolving around food is certainly better for my weight, but it's the opposite to how I'm used to being. Lately I've not felt like myself at all. I'm usually a super empathetic person, but the past month I've felt nothing, I've had to fake feeling sorry for people when they tell me they're feeling down, even my own family. For me, that's a big deal. Just like not wanting to eat.
 

 
 I fancied a sandwich today, which I think was the first time in two weeks I've eaten bread. But that soon changed when dinner came and I ate about three forkfulls (half fork fulls, if that). I chewed each fork-full for a couple minutes and that was about all I could manage. It's been this way for weeks now, and I've tried my favourite foods but I've just not been hungry. Even my bing-ing sessions have been halted. I'm usually obsessed with sweets and chocolates and I always turn to them when I'm feeling down which is why I've always struggled with my weight since a kid. But it's like the joy has been stripped away. Food was the one thing in life I enjoyed, and as much as I hated how much I relied on food to make me happy, at least it made me happy. 
 

 
 Now what?","[0, 0]",{'control_group'},"I can barely eat and its starting to worry me. My life used to revolve around food. Dont get me wrong, life not revolving around food is certainly better for my weight, but its the opposite to how Im used to being. Lately Ive not felt like myself at all. Im usually a super empathetic person, but the past month Ive felt nothing, Ive had to fake feeling sorry for people when they tell me theyre feeling down, even my own family. For me, thats a big deal. Just like not wanting to eat. I fancied a sandwich today, which I think was the first time in two weeks Ive eaten bread. But that soon changed when dinner came and I ate about three forkfulls half fork fulls, if that. I chewed each forkfull for a couple minutes and that was about all I could manage. Its been this way for weeks now, and Ive tried my favourite foods but Ive just not been hungry. Even my binging sessions have been halted. Im usually obsessed with sweets and chocolates and I always turn to them when Im feeling down which is why Ive always struggled with my weight since a kid. But its like the joy has been stripped away. Food was the one thing in life I enjoyed, and as much as I hated how much I relied on food to make me happy, at least it made me happy. Now what?",Normal,{'anxiety':'no'}
6w39g4,it won't get off my mind.,"my mother is traveling to Italy tomorrow and I can't stop obsessing over catastrophic ideas about her dying or something in the airplane or anything else and I'm so so scared, I can't really think straight right now because it's so confusing and scary and it induces so much anxiety. I checked the whole kitchen so many times and no matter how many times I checked that everything was okay, I needed to keep checking and checking until I managed to force myself to not do it. 
 
 Catastrophic thoughts overrule my mind and they're so intrusive, I can't get a hold of them and it's making me feel like crying my ass off, yet I can't cry because I've accustomed myself to not do it (plus, my whole life I've had trouble identifying my feelings and I'm just now getting to understand them a little bit better and it's very difficult). 
 
 I can't stop thinking about shit like that, I'm just so stressed out and I believe that because of these obsessive, catastrophic thoughts my hair is thinning and drying and ughhhh....
 
 I can't concentrate con studying anymore, I can't read, I can't do anything without becoming unfocused and it's making me want to just drop out and do nothing, stay in bed and just not think about anything, yet I'd still check everything and I'd still feel like shit and I'd still have catastrophic thoughts and I'd still try and pretend like nothing is happening and so I'd still be having this self-destructive behavior where I'll just sit there and have my mind destroy me while I pretend that I'm okay and not opening up to anybody","[0, 0]",{'control_group'},"it wont get off my mind. my mother is traveling to Italy tomorrow and I cant stop obsessing over catastrophic ideas about her dying or something in the airplane or anything else and Im so so scared, I cant really think straight right now because its so confusing and scary and it induces so much anxiety. I checked the whole kitchen so many times and no matter how many times I checked that everything was okay, I needed to keep checking and checking until I managed to force myself to not do it. Catastrophic thoughts overrule my mind and theyre so intrusive, I cant get a hold of them and its making me feel like crying my ass off, yet I cant cry because Ive accustomed myself to not do it plus, my whole life Ive had trouble identifying my feelings and Im just now getting to understand them a little bit better and its very difficult. I cant stop thinking about shit like that, Im just so stressed out and I believe that because of these obsessive, catastrophic thoughts my hair is thinning and drying and ughhhh. I cant concentrate con studying anymore, I cant read, I cant do anything without becoming unfocused and its making me want to just drop out and do nothing, stay in bed and just not think about anything, yet Id still check everything and Id still feel like shit and Id still have catastrophic thoughts and Id still try and pretend like nothing is happening and so Id still be having this selfdestructive behavior where Ill just sit there and have my mind destroy me while I pretend that Im okay and not opening up to anybody",Normal,"{""anxiety"":""yes""}"
bas4sw,My social anxiety is coming back I think (vent),"My social anxiety used to be really bad when I was a little kid. So much so, that I would hide underneath my mom's shirt as much as I could to avoid people. It went away for a while once I hit fifth grade for some reason, maybe because depression and PTSD (from what was going on in my life at that point) crept in to fill the slot. I got to a point where I could ask store employees where things were, didn't really freak out at new people. etc. My heart still raced whenever I had to do a presentation (I'm 17), but somehow, I could ignore it. Nowadays, I can't meet a cashier in the eye in fear that they are secretly judging me for my purchases, even if they are the most mundane thing ever. I can ask an employee where something is still, but I can only do that one or two times in a trip because if i try for more then I get really emotionally drained. I do try for more though if needed because my mom is the type of person who expects someone to grow out of this. And while I don't believe in growing out of it, I thought I had at least gotten past it. It's only really started showing up again within the past year though.","[0, 0]",{'control_group'},"My social anxiety is coming back I think vent. My social anxiety used to be really bad when I was a little kid. So much so, that I would hide underneath my moms shirt as much as I could to avoid people. It went away for a while once I hit fifth grade for some reason, maybe because depression and PTSD from what was going on in my life at that point crept in to fill the slot. I got to a point where I could ask store employees where things were, didnt really freak out at new people. etc. My heart still raced whenever I had to do a presentation Im 17, but somehow, I could ignore it. Nowadays, I cant meet a cashier in the eye in fear that they are secretly judging me for my purchases, even if they are the most mundane thing ever. I can ask an employee where something is still, but I can only do that one or two times in a trip because if i try for more then I get really emotionally drained. I do try for more though if needed because my mom is the type of person who expects someone to grow out of this. And while I dont believe in growing out of it, I thought I had at least gotten past it. Its only really started showing up again within the past year though.",Normal,"{""anxiety"":""yes""}"
6ps78d,"I feel a lot of irritation over my life, can't tell which part of it is genuinely me being an irritable person and which part is depression.","My younger brother is criminal scum that goes improperly punished. Diagnosed sociopath, feels little guilt or remorse over his actions. Mugged someone he knew, shoplifts, goes around being a cunt. Irks me to high hell, no punishment ever given, breaks all rules of our house yet mom won't kick him out for good cause she cares too much to just abandon him. He has been jailed and is on parole but it means nothing to him, he admits to ENJOYING the assholery he performs and to enjoy hurting people. He doesn't help around the house and is utterly selfish.
 
 How do I either accept the things I cannot change or let go? Cause so far its been years and the irritation has built up quite a bit. I used to be fairly calm, stable, non aggressive. But over the last 8 months my stoicism has gone from true stoicism to just a surface thing while underneath I'm pretty fucking aggravated over it all. 
 
 So I ask you, what do? As an aside, my depression was never the gloom and doom type, it was more of a lack of hope with irritability; A lack of meaning or purpose rather than lying in bed for hours doing nothing.","[0, 0]",{'control_group'},"I feel a lot of irritation over my life, cant tell which part of it is genuinely me being an irritable person and which part is depression. My younger brother is criminal scum that goes improperly punished. Diagnosed sociopath, feels little guilt or remorse over his actions. Mugged someone he knew, shoplifts, goes around being a cunt. Irks me to high hell, no punishment ever given, breaks all rules of our house yet mom wont kick him out for good cause she cares too much to just abandon him. He has been jailed and is on parole but it means nothing to him, he admits to ENJOYING the assholery he performs and to enjoy hurting people. He doesnt help around the house and is utterly selfish. How do I either accept the things I cannot change or let go? Cause so far its been years and the irritation has built up quite a bit. I used to be fairly calm, stable, non aggressive. But over the last 8 months my stoicism has gone from true stoicism to just a surface thing while underneath Im pretty fucking aggravated over it all. So I ask you, what do? As an aside, my depression was never the gloom and doom type, it was more of a lack of hope with irritability A lack of meaning or purpose rather than lying in bed for hours doing nothing.",Normal,{'anxiety':'no'}
g5idb6,"At dusk, I feel bad because of the day I've had. At dawn, I feel bad for the day I'm going to have.","Night time used to be a nice thing for me because I was alone, and there was nobody awake to judge me. Every summer for a while, I would become pretty much nocturnal so I could have more hours to myself. 
  
  
 Now, I'm an adult with younger siblings, and a small family business that I'm expected to help with. All of my hopes and desires (if I have any) are secondary. Perhaps even tertiary. Family and their nonsense come first, my real job at a local grocery store comes second, and then my future comes third. I didn't pick this. 
  
  
 It all feels silly. I exhaust myself during the day for these guys, and I still stay awake for almost the full night, but instead of working on personal things, I just lie in bed, drowning myself in pain killers, energy drinks, and whatever flavorless rubbish the TV plays on repeat. I don't even have the desire to play video games most of the time, and I only do it because it's a thoughtless task that I can give my hands while my mind restlessly wanders. 
  
  
 I'm barely into my twenties, and I'm already burnt out. 
  
  
 I would probably be suicidal if I weren't so freaking lazy. I've spent years thinking of different crazy ways to do it, but rarely acting on those urges. I can't even off myself properly. 
  
  
 I pretty much spend the whole day being miserable, and then I spend the whole night thinking about how miserable each day has been. And then I get up the next day and do it all again with all the enthusiasm of a dead raccoon. 
  
  
 Living is the hardest challenge I've faced so far, and it's a thankless task. I'm so tired of faking a smile.","[0, 0]",{'control_group'},"At dusk, I feel bad because of the day Ive had. At dawn, I feel bad for the day Im going to have. Night time used to be a nice thing for me because I was alone, and there was nobody awake to judge me. Every summer for a while, I would become pretty much nocturnal so I could have more hours to myself. Now, Im an adult with younger siblings, and a small family business that Im expected to help with. All of my hopes and desires if I have any are secondary. Perhaps even tertiary. Family and their nonsense come first, my real job at a local grocery store comes second, and then my future comes third. I didnt pick this. It all feels silly. I exhaust myself during the day for these guys, and I still stay awake for almost the full night, but instead of working on personal things, I just lie in bed, drowning myself in pain killers, energy drinks, and whatever flavorless rubbish the TV plays on repeat. I dont even have the desire to play video games most of the time, and I only do it because its a thoughtless task that I can give my hands while my mind restlessly wanders. Im barely into my twenties, and Im already burnt out. I would probably be suicidal if I werent so freaking lazy. Ive spent years thinking of different crazy ways to do it, but rarely acting on those urges. I cant even off myself properly. I pretty much spend the whole day being miserable, and then I spend the whole night thinking about how miserable each day has been. And then I get up the next day and do it all again with all the enthusiasm of a dead raccoon. Living is the hardest challenge Ive faced so far, and its a thankless task. Im so tired of faking a smile.",Normal,"{""anxiety"":""yes""}"
fxw01e,what was first - my ADHD or my Anxiety?,"not looking for a diagnosis, dear mods!
 
 I have been officially diagnosed with depression, anxiety, ptsd and adhd.
 
 I am a 27 year old male and have had a variety of issues my entire life. 
 
 while being smart I had a really hard time in school and I was emotionally abused at home ever since I can remember.
 
 looking back social isolation, anxiety and depression have always somehow been there.
 
 at age 18 I got help for the first time and had been treated for depression and anxiety for years (psychotherapy and mental health hospitals + antidepressants).
 
 I did better and I did worse but I feel it was never really ""good"". my life is a mess and I constantly feel like falling apart.
 
 now 10 months ago I finally got my ADHD diagnosis and EVERYTHING seemed to make sense all of a sudden. I really do see myself a lot in all of the symptoms 
 
 BUT: anxiety, depression and adhd have very similar symptoms.
 
 how do I know which was first? I know you don't ""get"" ADHD, but you are born with it.
 
 yet again untreated ADHD might lead to anxiety and depression.
 
 childhood abuse might lead to anxiety and depression, which might look like ADHD.
 
 and so on and so forth.
 
 yes, I have talkes to COUNTLESS doctors. but every single one tells me that you can never really be sure about a diagnosis, since you can't just do a brainscan and know for sure what is going on.
 
 also I feel most doctors just know these things from books and not how it really is.
 
 has anybody had similiar issues and perhaps knows a way to tell these conditions apart?","[1, 1]","{'depressive_disorder', 'anxiety_disorder'}","what was first my ADHD or my Anxiety. not looking for a diagnosis, dear mods! I have been officially diagnosed with depression, anxiety, ptsd and adhd. I am a 27 year old male and have had a variety of issues my entire life. while being smart I had a really hard time in school and I was emotionally abused at home ever since I can remember. looking back social isolation, anxiety and depression have always somehow been there. at age 18 I got help for the first time and had been treated for depression and anxiety for years psychotherapy and mental health hospitals + antidepressants. I did better and I did worse but I feel it was never really good. my life is a mess and I constantly feel like falling apart. now 10 months ago I finally got my ADHD diagnosis and EVERYTHING seemed to make sense all of a sudden. I really do see myself a lot in all of the symptoms BUT anxiety, depression and adhd have very similar symptoms. how do I know which was first? I know you dont get ADHD, but you are born with it. yet again untreated ADHD might lead to anxiety and depression. childhood abuse might lead to anxiety and depression, which might look like ADHD. and so on and so forth. yes, I have talkes to COUNTLESS doctors. but every single one tells me that you can never really be sure about a diagnosis, since you cant just do a brainscan and know for sure what is going on. also I feel most doctors just know these things from books and not how it really is. has anybody had similiar issues and perhaps knows a way to tell these conditions apart?",Comorbid (Depression + Anxiety),"{""anxiety"":""yes""}"
5uvu4g,anxiety turning into sadness?,"ok so, hi! 
 
 I've been dealing with anxiety and overthinking a lot for the past 7 years or so, but I noticed that recently I'm not having as many anxiety attacks as I've had sadness filled days. Can anxiety turn into emptiness?
 
 It's a weird feeling because I know that I'm a good person, I know that I'm worth it but I feel so weird, like there's nothing inside me, which is very new because before I just used to feel useless and scared and anxious.
 
 I don't know what else to say apart that the other day I just suddenly turned into sadness and I've turned to sleeping pills again because I feel like I won't sleep if I don't take them, even if I actually can fall asleep without taking them. 
 
 2016 was a **VERY** stressful year for me, my sister went through a horrible mental health crisis, she had recurrent suicidal thoughts and talked to me about it every now and then (she does go to therapy and takes meds). College was incredibly stressful and the social environment in there was too much for me, which is why I generally turned into talking to my school friends and a few friends I made in college). I suffered from several anxiety attacks and saw my mother go through all of this being extremely strong, which is one more reason of why I **admire** her. 
 
 I've been in vacations for 3 weeks now (I live in the southern hemisphere) and I feel like I just shut down from all of this and I don't know what to do. I posted something on r/Rant a couple of months ago where I explained the shit hole that college was this year for me. 
 
 Anything helps, seriously.","[0, 1]",{'anxiety_disorder'},"anxiety turning into sadness. ok so, hi! Ive been dealing with anxiety and overthinking a lot for the past 7 years or so, but I noticed that recently Im not having as many anxiety attacks as Ive had sadness filled days. Can anxiety turn into emptiness? Its a weird feeling because I know that Im a good person, I know that Im worth it but I feel so weird, like theres nothing inside me, which is very new because before I just used to feel useless and scared and anxious. I dont know what else to say apart that the other day I just suddenly turned into sadness and Ive turned to sleeping pills again because I feel like I wont sleep if I dont take them, even if I actually can fall asleep without taking them. 2016 was a VERY stressful year for me, my sister went through a horrible mental health crisis, she had recurrent suicidal thoughts and talked to me about it every now and then she does go to therapy and takes meds. College was incredibly stressful and the social environment in there was too much for me, which is why I generally turned into talking to my school friends and a few friends I made in college. I suffered from several anxiety attacks and saw my mother go through all of this being extremely strong, which is one more reason of why I admire her. Ive been in vacations for 3 weeks now I live in the southern hemisphere and I feel like I just shut down from all of this and I dont know what to do. I posted something on rRant a couple of months ago where I explained the shit hole that college was this year for me. Anything helps, seriously.",Anxiety,{'anxiety':'yes'}
ngpoty,How do I move on? I understand that grief takes along time but it just feels so silly and frustrating.,Ok to explain the tittle nobody died. Ive been doing therapy stuff for a while now and I recently started going to some more intensive care options which first started with an IOP then I went to residential which was fucking great. Literally was the happiest I had ever been when I was at residential but I think it was for the wrong reasons. Its not a typical guy thing but because of childhood trauma I am an extremely codependent person and I got really unhealthily close with a few people at residential and Im just struggling to move on. We live in different states and we occasionally do the hey hows it going text but other than that they just kind of vanished out of my life. Literally some of the best people I think I have ever had in my life were there and now they are gone. What do I do. There is this crippling loneliness that constantly sits on my heart and it hurts so fucking bad. It makes me wanna go back to self harming (Im not going to Im strong I got this). But for real it just hurts so fucking bad like I just need them with me. I need people that arent my dogshit family in my life. Im going crazy being alone. Its happening again I feel like where I become super alone then I isolate then I contemplate suicide. Someone tell me how to move on because I genuinely loved these people and it actually hurts so badly.,"[0, 0]",{'control_group'},How do I move on? I understand that grief takes along time but it just feels so silly and frustrating. Ok to explain the tittle nobody died. Ive been doing therapy stuff for a while now and I recently started going to some more intensive care options which first started with an IOP then I went to residential which was fucking great. Literally was the happiest I had ever been when I was at residential but I think it was for the wrong reasons. Its not a typical guy thing but because of childhood trauma I am an extremely codependent person and I got really unhealthily close with a few people at residential and Im just struggling to move on. We live in different states and we occasionally do the hey hows it going text but other than that they just kind of vanished out of my life. Literally some of the best people I think I have ever had in my life were there and now they are gone. What do I do. There is this crippling loneliness that constantly sits on my heart and it hurts so fucking bad. It makes me wanna go back to self harming Im not going to Im strong I got this. But for real it just hurts so fucking bad like I just need them with me. I need people that arent my dogshit family in my life. Im going crazy being alone. Its happening again I feel like where I become super alone then I isolate then I contemplate suicide. Someone tell me how to move on because I genuinely loved these people and it actually hurts so badly.,Normal,"{""anxiety"":""no""}"
aqj9xw,How to deal with an SO who's depressed when you're also depressed?,"Okay so to give a general background, both I (f/20) and my boyfriend (m/22) have been diagnosed with depression since a long time ago. It's not so severe these past few years but both of us have the occasional relapse and that gets really bad.
 
 About a week ago, a family matter really triggered my bf's depression, and to add to that he feels that I've been getting distant lately (I still don't know what made him think that way). So every time his depression relapsed, he's constantly angry, pushing people away and shutting himself in. He would barely talk to me, and would leave me not knowing how he's doing, where he is and stuff like that.
 
 Now unfortunately, his relapse coincides with mine, although mine started since about a month ago. So, when he kind of confronted me with this fact, I immediately go hard on the ""we should get you help right now, why won't you talk to me about this, stop shutting people out"" thing out of panic, and he fucking hates that and doesn't want to accept any help. Fortunately I get to calm down a bit but now he's still not responding to my messages.
 
 TL;DR, I'm asking you guys what do you think I should do now? How do I properly help and care for a spouse who is dealing with depression without it worsening my depression? How do I get him to open up to me more easily?
 
 Sorry if it's super long and wordy, I'm just at a loss and really need your help.","[1, 0]",{'depressive_disorder'},"How to deal with an SO whos depressed when youre also depressed. Okay so to give a general background, both I f20 and my boyfriend m22 have been diagnosed with depression since a long time ago. Its not so severe these past few years but both of us have the occasional relapse and that gets really bad. About a week ago, a family matter really triggered my bfs depression, and to add to that he feels that Ive been getting distant lately I still dont know what made him think that way. So every time his depression relapsed, hes constantly angry, pushing people away and shutting himself in. He would barely talk to me, and would leave me not knowing how hes doing, where he is and stuff like that. Now unfortunately, his relapse coincides with mine, although mine started since about a month ago. So, when he kind of confronted me with this fact, I immediately go hard on the we should get you help right now, why wont you talk to me about this, stop shutting people out thing out of panic, and he fucking hates that and doesnt want to accept any help. Fortunately I get to calm down a bit but now hes still not responding to my messages. TLDR, Im asking you guys what do you think I should do now? How do I properly help and care for a spouse who is dealing with depression without it worsening my depression? How do I get him to open up to me more easily? Sorry if its super long and wordy, Im just at a loss and really need your help.",Depression,"{""anxiety"": ""no""}"
4vlh5i,We are more then our sexlessness,"Once we realize we are already worthy human-beings, because we are..then things start to fall into place. Despite what everyone trys to tell us.
 
  It's hard to feel worthy when you often compare yourself to others or others compare you to someone else. it's easy to feel like giving up. What's not easy is trying to become a confident and secure version of ourselves. I've gone through so much in life that everything just weighed my confidence way down. My mindset has really took a beating and I'm sure yours has as well.
 
 How do we recover from the things that life has taken away from us? All the stolen moments and relationships? I don't really know exactly. But, i do feel like it's never too late to regain all those things. All it takes is one little spark to ignite new opportunities and circumstances into our lives. The first step should always be to believe in and imagine that things will go our way. I remember when i was fat, i would always envision all the time of me today and it helped me to keep going.
 
 I know life really sucks. I honestly truly do and it does hurt alot and it can feel unbearable. But we all must choose to be strong instead of weak and filter out all the negativity that's directed our way.","[0, 0]",{'control_group'},"We are more then our sexlessness. Once we realize we are already worthy humanbeings, because we are.then things start to fall into place. Despite what everyone trys to tell us. Its hard to feel worthy when you often compare yourself to others or others compare you to someone else. its easy to feel like giving up. Whats not easy is trying to become a confident and secure version of ourselves. Ive gone through so much in life that everything just weighed my confidence way down. My mindset has really took a beating and Im sure yours has as well. How do we recover from the things that life has taken away from us? All the stolen moments and relationships? I dont really know exactly. But, i do feel like its never too late to regain all those things. All it takes is one little spark to ignite new opportunities and circumstances into our lives. The first step should always be to believe in and imagine that things will go our way. I remember when i was fat, i would always envision all the time of me today and it helped me to keep going. I know life really sucks. I honestly truly do and it does hurt alot and it can feel unbearable. But we all must choose to be strong instead of weak and filter out all the negativity thats directed our way.",Normal,{'anxiety':'no'}
flggo3,Having a naturally high tolerance sucks,"Opiates are my DOC and I've been using them for the last 3-4 years. I've not a daily user anymore because of how expensive pharmaceuticals like oxy are and I'm too worried about getting a bad batch if I move on to H again. 
 
 I used to be a heavy user of oxy, methadone, heroin etc, benzos/alcohol and stimulants. I quit the stronger opiates and I only use Meth and coke on occassion, I'm still addicted to benzos and alcohol. To deal with the constant opiate cravings I still use Codeine, Oxys, DHC or tramadol 4-5 times a month.
 
 The problem with using the weaker opiates (except oxys) is I have a naturally high tolerance so I have to spend so much more money on the weaker ones just to get a good buzz going. When you consider how much I spend on alcohol/benzos and opiates plus supplements to potentiate opiates it can get really expensive.
 
 
 I'm jealous of people that can take 120mg of codeine or 20mg of oxy to get high because it takes me about 350-500mg of codeine or 40-60mg of oxy for the same effects.
 
 I remember the early days when I started using because I could take 60-80mg of oxy and feel high but not even be nodding out. Maybe it's a blessing in disguise because I feel like I would be using for the rest of my life if the habit wasn't so expensive. I would use Kratom and Phenibut as replacements because they're cheaper but Australia has made both of those illegal which is an absolute joke.
 
 It's a shame because benzos and opiates improve my quality of life significantly but their expensiveness makes my money situation much harder.","[0, 0]",{'control_group'},"Having a naturally high tolerance sucks. Opiates are my DOC and Ive been using them for the last 34 years. Ive not a daily user anymore because of how expensive pharmaceuticals like oxy are and Im too worried about getting a bad batch if I move on to H again. I used to be a heavy user of oxy, methadone, heroin etc, benzosalcohol and stimulants. I quit the stronger opiates and I only use Meth and coke on occassion, Im still addicted to benzos and alcohol. To deal with the constant opiate cravings I still use Codeine, Oxys, DHC or tramadol 45 times a month. The problem with using the weaker opiates except oxys is I have a naturally high tolerance so I have to spend so much more money on the weaker ones just to get a good buzz going. When you consider how much I spend on alcoholbenzos and opiates plus supplements to potentiate opiates it can get really expensive. Im jealous of people that can take 120mg of codeine or 20mg of oxy to get high because it takes me about 350500mg of codeine or 4060mg of oxy for the same effects. I remember the early days when I started using because I could take 6080mg of oxy and feel high but not even be nodding out. Maybe its a blessing in disguise because I feel like I would be using for the rest of my life if the habit wasnt so expensive. I would use Kratom and Phenibut as replacements because theyre cheaper but Australia has made both of those illegal which is an absolute joke. Its a shame because benzos and opiates improve my quality of life significantly but their expensiveness makes my money situation much harder.",Normal,{'anxiety':'no'}
bejzlc,Struggling with paranoia and taking driving me insane,"Partner and I have been together 10 months 
 
 I woke up early today to see that he was active on Facebook 8am which he isn't usually on st that time 
 
 I asked why he was up early and he said postman woke him up and he was going to go back to sleep so I said ok and he viewed and ignored it 
 
 Later I went back on Facebook and he was still active when I messaged him he viewed it instantly and didn't reply I messaged him again 
 
 He's still constantly active and viewing my messages instantly and I've escalated and started acting crazy ( I'm meant to be seeing him today) asking why he's constantly on 
 
 Because I'm convinced he's messaging someone else but when I look over his shoulder at his phone it's just me and his family group chat on the messages but that makes me think he's up to something like he deletes messages etc etc 
 I feel sick and I can't breathe and I can't focus and I keep crying 
 
 Why does bpd have to fuck me over like this and why is my brain not seeing any logical explanation right now why is it just paranoia 
 
 He doesn't know I have bpd but Its getting worse I'm scared it's going to ruin this relationship like it's done in the past and I've tried so hard not to be crazy but it's all blurted out to him 
 
 He didn't even answer me he just changed the subject to let me know when you're leaving at 2 
 
 I've got no one to speak to about how I'm feeling that can reassure me that everything's ok and give me logical explanation behind it","[0, 0]",{'control_group'},Struggling with paranoia and taking driving me insane. Partner and I have been together 10 months I woke up early today to see that he was active on Facebook 8am which he isnt usually on st that time I asked why he was up early and he said postman woke him up and he was going to go back to sleep so I said ok and he viewed and ignored it Later I went back on Facebook and he was still active when I messaged him he viewed it instantly and didnt reply I messaged him again Hes still constantly active and viewing my messages instantly and Ive escalated and started acting crazy Im meant to be seeing him today asking why hes constantly on Because Im convinced hes messaging someone else but when I look over his shoulder at his phone its just me and his family group chat on the messages but that makes me think hes up to something like he deletes messages etc etc I feel sick and I cant breathe and I cant focus and I keep crying Why does bpd have to fuck me over like this and why is my brain not seeing any logical explanation right now why is it just paranoia He doesnt know I have bpd but Its getting worse Im scared its going to ruin this relationship like its done in the past and Ive tried so hard not to be crazy but its all blurted out to him He didnt even answer me he just changed the subject to let me know when youre leaving at 2 Ive got no one to speak to about how Im feeling that can reassure me that everythings ok and give me logical explanation behind it,Normal,{'anxiety':'no'}
51t4aq,nihilism,"People sometimes ask me for my meaning in life, I just don't have one. Not only on my depressive in the shitter time, but when I am more positive and energetic as well. I think this world will eventually be wiped out by our Sun and all of the things I did will just end up becoming meaningless. The universe is too wast for me to have any meaning anyways. 
 
 Now, this can have 2 effects. One is that when I am depressed it sends me into super suicide mode, pretty much just looking for a way to end my useless burden of a life. The other one is when I am not depressed, it allows me to say ''ah fuck it, doesn't even matter'' and let's me focus more on my personal happiness, or some goal, or some stupid thing that makes me feel better. 
 
 So I end up having this binary mood, either I'm trying to fend off the drive to kill myself, or I'm just being me and doing me and living life like I want to (though sometimes shooting myself in the foot while doing so).
 
 TL;DR When I'm good I'm great when I'm not I'm killing myself. 
 
 Responses are greatly appreciated (I am diagnosed with generic depression, am 19 [M] and take serotonin supplements 150mg every night).","[1, 0]",{'depressive_disorder'},"nihilism. People sometimes ask me for my meaning in life, I just dont have one. Not only on my depressive in the shitter time, but when I am more positive and energetic as well. I think this world will eventually be wiped out by our Sun and all of the things I did will just end up becoming meaningless. The universe is too wast for me to have any meaning anyways. Now, this can have 2 effects. One is that when I am depressed it sends me into super suicide mode, pretty much just looking for a way to end my useless burden of a life. The other one is when I am not depressed, it allows me to say ah fuck it, doesnt even matter and lets me focus more on my personal happiness, or some goal, or some stupid thing that makes me feel better. So I end up having this binary mood, either Im trying to fend off the drive to kill myself, or Im just being me and doing me and living life like I want to though sometimes shooting myself in the foot while doing so. TLDR When Im good Im great when Im not Im killing myself. Responses are greatly appreciated I am diagnosed with generic depression, am 19 M and take serotonin supplements 150mg every night.",Depression,{'anxiety':'no'}
4801wr,Slowly losing the plot,"Posting this on here because I don't know where else to put this.
 
 Yesterday was a rough day, I just woke up feeling low and I couldn't shake myself out of it, and now today it feels like I'm gonna snap. A conversation I had with someone from church has left me feeling drained, and I'm in this broody, down state of mind.
 I have loving parents but I somehow make them very riled up just for being sad (I'm 18), and my boyfriend of almost a year is a super loving dork, but doesn't know how to handle me in this state and it frustrates him - mind you it frustrates my parents too. As a matter of fact I frustrate me.. I feel like a burden because of how people react to me being this way, which makes me feel even more depressed plus guilty and it's an endless loop.
 
 I just want to feel better again and not like no one wants to bother with me anymore. I am really getting sick of being in this state and either on the verge of tears or feeling tired mentally and physically.
 
 None of this probably makes any sense. Maybe I'm just being stupid. So if anyone reads this, sorry for being confusing. This is mostly just me venting.
 
 (Some history though; I was diagnosed with depression at 11, and it's been an on and off, ongoing thing)","[1, 0]",{'depressive_disorder'},"Slowly losing the plot. Posting this on here because I dont know where else to put this. Yesterday was a rough day, I just woke up feeling low and I couldnt shake myself out of it, and now today it feels like Im gonna snap. A conversation I had with someone from church has left me feeling drained, and Im in this broody, down state of mind. I have loving parents but I somehow make them very riled up just for being sad Im 18, and my boyfriend of almost a year is a super loving dork, but doesnt know how to handle me in this state and it frustrates him mind you it frustrates my parents too. As a matter of fact I frustrate me. I feel like a burden because of how people react to me being this way, which makes me feel even more depressed plus guilty and its an endless loop. I just want to feel better again and not like no one wants to bother with me anymore. I am really getting sick of being in this state and either on the verge of tears or feeling tired mentally and physically. None of this probably makes any sense. Maybe Im just being stupid. So if anyone reads this, sorry for being confusing. This is mostly just me venting. Some history though I was diagnosed with depression at 11, and its been an on and off, ongoing thing",Depression,"{""anxiety"":""no""}"
6c13ag,I am too poor to get a job and don't know what to do,"Preface:25 M, East coast USA. I was diagnosed with depression and anxiety disorder when I was 10 and have had them essentially untreated since. Supressed with pills but not gone.
 
 I need to get a job because I still live with my parents (pathetic I know) and I'm on my dad's work's health insurance which runs out this year when I turn 26. Christmas eve, ironically. 
 
 However there are complications. Firstly every job in my area that I could theoretically get requires being on my feet all day. I have extremely flat feet and standing for more than an hour becomes excruciatingly painful. Don't bother trying to suggest a fix because I know about it and have tried it.
 
 I would love to go to school. I could get a degree in something that doesn't involve me standing all day. In fact, I went to a local college for one semester before dropping out due to massive anxiety and just general apathy. Worst decision of my life. No school will ever take me in, not that I could afford it anyway. I will not ask my parents to fund another school because it almost drained them plus my mom lost the job she had for 20 yrs and has been a temp worker since so they can't afford it anyway.
 
 so tldr, i'm literally too poor to get a job that i can do
 
 If I haven't gotten a job by Christmas I'll either kill myself or just leave and find and unemployment office or homeless shelter. I gave up hope for a successful life on 5th grade and haven't had it since.
 
 So, any advice?","[1, 1]","{'depressive_disorder', 'anxiety_disorder'}","I am too poor to get a job and dont know what to do. Preface25 M, East coast USA. I was diagnosed with depression and anxiety disorder when I was 10 and have had them essentially untreated since. Supressed with pills but not gone. I need to get a job because I still live with my parents pathetic I know and Im on my dads works health insurance which runs out this year when I turn 26. Christmas eve, ironically. However there are complications. Firstly every job in my area that I could theoretically get requires being on my feet all day. I have extremely flat feet and standing for more than an hour becomes excruciatingly painful. Dont bother trying to suggest a fix because I know about it and have tried it. I would love to go to school. I could get a degree in something that doesnt involve me standing all day. In fact, I went to a local college for one semester before dropping out due to massive anxiety and just general apathy. Worst decision of my life. No school will ever take me in, not that I could afford it anyway. I will not ask my parents to fund another school because it almost drained them plus my mom lost the job she had for 20 yrs and has been a temp worker since so they cant afford it anyway. so tldr, im literally too poor to get a job that i can do If I havent gotten a job by Christmas Ill either kill myself or just leave and find and unemployment office or homeless shelter. I gave up hope for a successful life on 5th grade and havent had it since. So, any advice?",Comorbid (Depression + Anxiety),{'anxiety':'yes'}
9fhk16,Opening up to a close friend about depression & regret ...,"Recently I opened up to a close friend that I had been diagnosed with depression and have been seeking treatment and been going through some stuff. I didn't tell her that about 3 months ago I was admitted into a psych ward due to an attempted overdose and that I was also recovering from my time in hospital. Due to not replying really to the group chat/being away and missing one or two parties and being like ""seriously where have you been"" and for a while I just left it at ""I have been unwell recently"". 
 
 So, about 2 days ago she randomly texted me asking how I was doing, she hardly ever does not/no one has really ever randomly texted me and asked how I was doing, texts also start with ""hey, hi"" etc. However, now I feel like I regret telling her...I mean, she kinda said ""damn that sounds rough"" but then she kinda left it at that and took ages to reply. I know it might of been uncomfortable for her and she might of not known what to say given to situation, idk... I just felt disappointed that she kinda brushed it aside. I wasn't looking for sympathy -- idk, I just wish I kept it to myself because now she knows and idk, once people know that about you I feel like it kinda changes their perspective on you -- like it is just a different dynamic or something... 
 
 TDLR: Told close friend that I had been diagnosed with depression after a while of her asking what I was up to, where I was, didn't really say much/brushed it aside...feeling slightly disappointed and wished that I didn't open up about it.","[1, 0]",{'depressive_disorder'},"Opening up to a close friend about depression regret . Recently I opened up to a close friend that I had been diagnosed with depression and have been seeking treatment and been going through some stuff. I didnt tell her that about 3 months ago I was admitted into a psych ward due to an attempted overdose and that I was also recovering from my time in hospital. Due to not replying really to the group chatbeing away and missing one or two parties and being like seriously where have you been and for a while I just left it at I have been unwell recently. So, about 2 days ago she randomly texted me asking how I was doing, she hardly ever does notno one has really ever randomly texted me and asked how I was doing, texts also start with hey, hi etc. However, now I feel like I regret telling her.I mean, she kinda said damn that sounds rough but then she kinda left it at that and took ages to reply. I know it might of been uncomfortable for her and she might of not known what to say given to situation, idk. I just felt disappointed that she kinda brushed it aside. I wasnt looking for sympathy idk, I just wish I kept it to myself because now she knows and idk, once people know that about you I feel like it kinda changes their perspective on you like it is just a different dynamic or something. TDLR Told close friend that I had been diagnosed with depression after a while of her asking what I was up to, where I was, didnt really say muchbrushed it aside.feeling slightly disappointed and wished that I didnt open up about it.",Depression,{'anxiety':'no'}
4ed3mb,I need help...,"Recently, it's been very tough for me to just feel normal, or find pleasure in little things, like music, food and a good company. Instead, I've been hiding myself from the outside world. Sometimes the depression is so severe that I will quickly finish my daily tasks just so that I can go home and cry. 
 
 I used to reach out to my friends when I felt upset or sad, which helped lighten my mood. However, with my depression becoming more severe, I can't even explain to myself why I am sad, let alone talking to others. No matter what I do or where I am (walking on a street, in a class meeting, etc.), I oftentimes feel the urge to just break down in tears. 
 
 Has anyone ever been through this? And is there anything I, myself, can do to alleviate the situation or should I just seek professional help? 
 
 PS I was diagnosed with Major Depressive Disorder. But my symptoms weren't as pronounced until I started my ADD prescription (Adderall). My speculation is that the drug might have triggered my underlying mental issues, not necessarily caused them.","[1, 0]",{'depressive_disorder'},"I need help. Recently, its been very tough for me to just feel normal, or find pleasure in little things, like music, food and a good company. Instead, Ive been hiding myself from the outside world. Sometimes the depression is so severe that I will quickly finish my daily tasks just so that I can go home and cry. I used to reach out to my friends when I felt upset or sad, which helped lighten my mood. However, with my depression becoming more severe, I cant even explain to myself why I am sad, let alone talking to others. No matter what I do or where I am walking on a street, in a class meeting, etc., I oftentimes feel the urge to just break down in tears. Has anyone ever been through this? And is there anything I, myself, can do to alleviate the situation or should I just seek professional help? PS I was diagnosed with Major Depressive Disorder. But my symptoms werent as pronounced until I started my ADD prescription Adderall. My speculation is that the drug might have triggered my underlying mental issues, not necessarily caused them.",Depression,{'anxiety':'no'}
byz3om,Got rejected by 2 companies in one day. The bad times just don't seem to end.,"Self-explanatory I guess. I'm just venting here, dunno what else to do. Graduated from a top-20 university last year, thought it'll finally get better. Quite the opposite, in fact. Had a pretty messy breakup with a girl who I thought I'd spend the rest of my life with, worked in a startup for a bit but absolutely hated it, so left and came back home to London. Living with parents is so much worse than I initially thought. Ended up going to therapy but that didn't help either.
 
 And lo and behold, when things were finally starting to look up, woke up today to find two reject mails. One of them from a company which gave me a fucking 6-hour long coding test to complete and then THIS.
 
 Football used to be the only thing I looked forward to, but Man United too has very disappointing for a while now.
 

 
 Sorry if this doesn't follow the sub rules or something, needed to get it off my chest. Alcohol seems the only way to numb the pain of every damn thing, but it's looking more and more bleak everyday. Eating at whatever self-belief I had left.
 
 Guess I just want somebody, anybody to listen.","[0, 0]",{'control_group'},"Got rejected by 2 companies in one day. The bad times just dont seem to end. Selfexplanatory I guess. Im just venting here, dunno what else to do. Graduated from a top20 university last year, thought itll finally get better. Quite the opposite, in fact. Had a pretty messy breakup with a girl who I thought Id spend the rest of my life with, worked in a startup for a bit but absolutely hated it, so left and came back home to London. Living with parents is so much worse than I initially thought. Ended up going to therapy but that didnt help either. And lo and behold, when things were finally starting to look up, woke up today to find two reject mails. One of them from a company which gave me a fucking 6hour long coding test to complete and then THIS. Football used to be the only thing I looked forward to, but Man United too has very disappointing for a while now. Sorry if this doesnt follow the sub rules or something, needed to get it off my chest. Alcohol seems the only way to numb the pain of every damn thing, but its looking more and more bleak everyday. Eating at whatever selfbelief I had left. Guess I just want somebody, anybody to listen.",Normal,"{""anxiety"":""no""}"
fkg8i2,Tomorrow Ill have an appointment at a psychologist my mom made.,"She actually did this because of markable behavior (I sometimes do some random moves as though I had some kind of weak Tourette). However there is obviously another thing I mean wtf I am posting in this sub. I am genuinely scared because I dont want my mom to know that I actually have it. 
 
 My sister just recently got diagnosed with heavy depression or whatsoever it is called in english yet I think she must have had it since at least 4 years. I have quite some similarities with the behavior my sister have showed back in my age (15 bruh). So my mom probably already figured that I might have it since we lately often had some conversations that were kind of you are throwing your life away.
 
 I am quite convinced that it would break her if I got diagnosed with heavy depression too. I mean she would probably think she straight up sucks which just isnt true. 
 
 I am 99.9% sure I have depression but still kinda want to know whether or not I have depression but I dont think it will get my anywhere anyways. I mean it doesnt really matter because even if I know that I got it I wont change my behavior anyways so... The realization that I am a looser too weak to control my own fucking mind did I have already too. And if I dont got it I am just confused as hell. But this wont happen anyways.
 
 Do you have any recommendations at what to do at this appointment. Because as said I kinda want to know whether I have it or nah (so probably yes) But dont want my parents to know (must be no) it so what am I supposed to do","[0, 0]",{'control_group'},Tomorrow Ill have an appointment at a psychologist my mom made. She actually did this because of markable behavior I sometimes do some random moves as though I had some kind of weak Tourette. However there is obviously another thing I mean wtf I am posting in this sub. I am genuinely scared because I dont want my mom to know that I actually have it. My sister just recently got diagnosed with heavy depression or whatsoever it is called in english yet I think she must have had it since at least 4 years. I have quite some similarities with the behavior my sister have showed back in my age 15 bruh. So my mom probably already figured that I might have it since we lately often had some conversations that were kind of you are throwing your life away. I am quite convinced that it would break her if I got diagnosed with heavy depression too. I mean she would probably think she straight up sucks which just isnt true. I am 99.9 sure I have depression but still kinda want to know whether or not I have depression but I dont think it will get my anywhere anyways. I mean it doesnt really matter because even if I know that I got it I wont change my behavior anyways so. The realization that I am a looser too weak to control my own fucking mind did I have already too. And if I dont got it I am just confused as hell. But this wont happen anyways. Do you have any recommendations at what to do at this appointment. Because as said I kinda want to know whether I have it or nah so probably yes But dont want my parents to know must be no it so what am I supposed to do,Normal,{'anxiety':'no'}
63397z,This seriously is just bullshit..,"Slowly fading away
 You're lost and so afraid
 Where is the hope in a world so cold?
 Looking for a distant light
 Someone who could save a life
 You're living in fear that no one will hear your cries
 Can you save me now?
 
 I am with you
 I will carry you through it all
 I won't leave you, I will catch you
 When you feel like letting go
 'Cause you're not, you're not alone
 
 Your heart is full of broken dreams
 Just a fading memory
 And everything's gone but the pain carries on
 Lost in the rain again
 When will it ever end?
 The arms of relief seem so out of reach
 But I, I am here
 
 I am with you
 I will carry you through it all
 I won't leave you, I will catch you
 When you feel like letting go
 'Cause you're not, you're not alone
 
 And I'll be your hope when you feel like it's over
 And I will pick you up when your whole world shatters
 And when you're finally in my arms
 Look up and see love has a face
 
 I am with you
 I will carry you through it all
 I won't leave you, I will catch you
 When you feel like letting go
 'Cause you're not, you're not alone
 
 And I will be your hope
 You're not alone
 And I will pick you up
 And I will be your hope
 And I will be your hope
 
 Slowly fading away
 You're lost and so afraid
 Where is the hope in a world so cold","[0, 0]",{'control_group'},"This seriously is just bullshit. Slowly fading away Youre lost and so afraid Where is the hope in a world so cold? Looking for a distant light Someone who could save a life Youre living in fear that no one will hear your cries Can you save me now? I am with you I will carry you through it all I wont leave you, I will catch you When you feel like letting go Cause youre not, youre not alone Your heart is full of broken dreams Just a fading memory And everythings gone but the pain carries on Lost in the rain again When will it ever end? The arms of relief seem so out of reach But I, I am here I am with you I will carry you through it all I wont leave you, I will catch you When you feel like letting go Cause youre not, youre not alone And Ill be your hope when you feel like its over And I will pick you up when your whole world shatters And when youre finally in my arms Look up and see love has a face I am with you I will carry you through it all I wont leave you, I will catch you When you feel like letting go Cause youre not, youre not alone And I will be your hope Youre not alone And I will pick you up And I will be your hope And I will be your hope Slowly fading away Youre lost and so afraid Where is the hope in a world so cold",Normal,{'anxiety':'no'}
85ujz8,Looking for some advice on helping a friend,"So a couple of months ago i got in touch with someone who my mom works with and gets along with asking for some advice and asking for some tips on dealing with depression and stuff, as i'd just been diagnosed with depression an she's had her own issues with mental illness. Since then we've both been giving each other advice on each others troubles and have supported one another and we really seem to get along. Well the last couple of weeks things haven't been going well for her. She seems to be isolating herself from people, she's told me this and why she's feeling worse right now. My mom asked me how she was as she's been really quiet at work and has gotten upset at work too. I've tried to message her to talk to her and ask her how she's doing, to see if i can help in any small way, but she doesn't really want to talk to anyone right now. Tbh i'm a little concerned because i know she's not feeling well mentally and she's isolating herself, and i don't want that to get worse. She's an incredibly nice person and doesn't deserve what she's going through, and i really want to help in anyway i can but if she doesn't wanna talk to me i'm not sure what else i can do. Should i leave some distance? I've been doing that the past few days as i don't wanna pester her and when i do message her its not usually just to ask how she is but to just generally have a conversation as friends. But i am getting concerned but i don't know what else i can do. Has anyone got any advice?","[1, 0]",{'depressive_disorder'},"Looking for some advice on helping a friend. So a couple of months ago i got in touch with someone who my mom works with and gets along with asking for some advice and asking for some tips on dealing with depression and stuff, as id just been diagnosed with depression an shes had her own issues with mental illness. Since then weve both been giving each other advice on each others troubles and have supported one another and we really seem to get along. Well the last couple of weeks things havent been going well for her. She seems to be isolating herself from people, shes told me this and why shes feeling worse right now. My mom asked me how she was as shes been really quiet at work and has gotten upset at work too. Ive tried to message her to talk to her and ask her how shes doing, to see if i can help in any small way, but she doesnt really want to talk to anyone right now. Tbh im a little concerned because i know shes not feeling well mentally and shes isolating herself, and i dont want that to get worse. Shes an incredibly nice person and doesnt deserve what shes going through, and i really want to help in anyway i can but if she doesnt wanna talk to me im not sure what else i can do. Should i leave some distance? Ive been doing that the past few days as i dont wanna pester her and when i do message her its not usually just to ask how she is but to just generally have a conversation as friends. But i am getting concerned but i dont know what else i can do. Has anyone got any advice?",Depression,{'anxiety':'no'}
50ws18,Does anyone else think it's unfair that we're born into this world and are forced to work and whatnot?,"So basically I'm 17 and at my last year of high school. I have been diagnosed with depression a couple of weeks ago but I've always felt down. Anyway, i cannot get out of bed everyday, i have no energy or motivation to live or do anything. My parents come into my room and try to talk to me but i get angry at them and tell them to leave me alone. They try and tell me to get up and get a job and things like that. The thing is, i don't care. I didnt fucking ask to be born. Why should i care about getting a job or cleaning the house?
 I can't get out of bed, i can't get a job. I have no interests and nothing makes me happy. Sometimes I think I'm just acting or being lazy but this happens pretty much daily.
 
 So yeah just thought i would share. I am aware that I am a piece of shit but I just don't care. I sometimes feel guilt for being like this but like i said before i didnt choose to be born, why must i care. I really wish i wasnt born.
 
 Lastly, i stopped cutting recently so thats ok i guess. My psychologist from school told me to flick my wrists with a rubber band instead and thats what I've been doing. The ironic thing is that it hurts more than cutting but oh well.","[1, 0]",{'depressive_disorder'},"Does anyone else think its unfair that were born into this world and are forced to work and whatnot. So basically Im 17 and at my last year of high school. I have been diagnosed with depression a couple of weeks ago but Ive always felt down. Anyway, i cannot get out of bed everyday, i have no energy or motivation to live or do anything. My parents come into my room and try to talk to me but i get angry at them and tell them to leave me alone. They try and tell me to get up and get a job and things like that. The thing is, i dont care. I didnt fucking ask to be born. Why should i care about getting a job or cleaning the house? I cant get out of bed, i cant get a job. I have no interests and nothing makes me happy. Sometimes I think Im just acting or being lazy but this happens pretty much daily. So yeah just thought i would share. I am aware that I am a piece of shit but I just dont care. I sometimes feel guilt for being like this but like i said before i didnt choose to be born, why must i care. I really wish i wasnt born. Lastly, i stopped cutting recently so thats ok i guess. My psychologist from school told me to flick my wrists with a rubber band instead and thats what Ive been doing. The ironic thing is that it hurts more than cutting but oh well.",Depression,"{""anxiety"":""no""}"
efco4s,What if,"So every doctor I see about my depression asks me am I suicidal? Do I ever think about killing myself? Do I want to harm myself or others? I always answer honestly and say no. 
 Lately I have been finding myself imagining death. No suicide but being killed. At the mall I imagined a mass shooting happening and how I would react. How I would escape and scanning everyones face. Or I was driving (I was a passenger) down a hill the other day with my roommate and I closed my eyes as I was starting to fall asleep, I opened them at one point and the car was at the right angle with a curve that it looked like we were about to go over. All I could think I about is how the car would tumble. Would I die? Could I save the two kids in the car. Or as Im laying on the couch currently Im thinking about what if a car came crashing through the front of the house and hits me. 
 I hate thinking this way but I cant help it. 
 I still have never thought about killing myself but I think about what if I were to die.","[0, 0]",{'control_group'},"What if. So every doctor I see about my depression asks me am I suicidal? Do I ever think about killing myself? Do I want to harm myself or others? I always answer honestly and say no. Lately I have been finding myself imagining death. No suicide but being killed. At the mall I imagined a mass shooting happening and how I would react. How I would escape and scanning everyones face. Or I was driving I was a passenger down a hill the other day with my roommate and I closed my eyes as I was starting to fall asleep, I opened them at one point and the car was at the right angle with a curve that it looked like we were about to go over. All I could think I about is how the car would tumble. Would I die? Could I save the two kids in the car. Or as Im laying on the couch currently Im thinking about what if a car came crashing through the front of the house and hits me. I hate thinking this way but I cant help it. I still have never thought about killing myself but I think about what if I were to die.",Normal,{'anxiety':'yes'}
971haf,How to get proper help,"So first i should give some backstory so you get where I'm coming from.
 
 Ok so I'm 16, been struggling with mental health issues for too long but started recognizing the symptoms at 13. I went to therapy for almost 2 years and never got much progress. I suspect my therapist was not that great for me. She never gave me a clear diagnosis though I think she talked about me maybe having depression and anxiety. I stopped going to therapy a year ago and my depressive symptoms have only gotten worse. I struggle with intrusive suicidal thoughts and the general depression symptoms such as oversleeping, lack of motivation and just feeling numb. 
 
 I want to go get the proper help already. I need to go somewhere that will actually diagnose me. Right now because I have no diagnosis, I don't feel right labeling myself depressed and thus I feel isolated from others who have actually been properly diagnosed. I have emailed a psychotherapy place near me and am trying to find the right psychologist for me. They told me to call but when I called they didnt pick up. I left a voice mail and am waiting for a call back. Unfortunately I cant really get help doing this stuff with my parents because I'm comfortable telling them I'm depressed. 
 
 How do you guys get yourself a psychologist who will actually diagnose you? Like what was the process for you? Also if you have any advice that would be great, I'm pretty confused and stressed because I've never done something like this alone before. Btw I live in ontario, if that is helpful info.","[0, 0]",{'control_group'},"How to get proper help. So first i should give some backstory so you get where Im coming from. Ok so Im 16, been struggling with mental health issues for too long but started recognizing the symptoms at 13. I went to therapy for almost 2 years and never got much progress. I suspect my therapist was not that great for me. She never gave me a clear diagnosis though I think she talked about me maybe having depression and anxiety. I stopped going to therapy a year ago and my depressive symptoms have only gotten worse. I struggle with intrusive suicidal thoughts and the general depression symptoms such as oversleeping, lack of motivation and just feeling numb. I want to go get the proper help already. I need to go somewhere that will actually diagnose me. Right now because I have no diagnosis, I dont feel right labeling myself depressed and thus I feel isolated from others who have actually been properly diagnosed. I have emailed a psychotherapy place near me and am trying to find the right psychologist for me. They told me to call but when I called they didnt pick up. I left a voice mail and am waiting for a call back. Unfortunately I cant really get help doing this stuff with my parents because Im comfortable telling them Im depressed. How do you guys get yourself a psychologist who will actually diagnose you? Like what was the process for you? Also if you have any advice that would be great, Im pretty confused and stressed because Ive never done something like this alone before. Btw I live in ontario, if that is helpful info.",Normal,{'anxiety':'no'}
925auv,"Woke up feeling sad and numb,tomorrows my boyfriend birthday ):","So first off let me say that I have depression and anxiety and I also have been diagnosed with PMDD and I can already feel those stormy clouds are coming.My period is coming in about a week and half. I always get bad episodes before my period. Yesterday my boyfriend brought up something that was irrevelant to what we were talking about and for some reason. I felt really hurt and offended. Oh man I started tearing up!! What's wrong with me! I was so surprised that I reacted like that. Im sure my boyfriend knows that I don't feel well cause he's been trying to be extra nice and sweet and I was just getting angrier and sadder!!! I feel so guilty and bad that he has to deal with me and I'm afraid how I'll be when we're together for his birthday . I feel so selfish , please. He does so much for me he doesn't deserve this. I just feel so bad. Someone help me. How do I control this feelings and emotions ): I tried to calm down and controll myself and I end up feeling really tense and depressed. This sucks. ):","[1, 1]","{'depressive_disorder', 'anxiety_disorder'}","Woke up feeling sad and numb,tomorrows my boyfriend birthday . So first off let me say that I have depression and anxiety and I also have been diagnosed with PMDD and I can already feel those stormy clouds are coming.My period is coming in about a week and half. I always get bad episodes before my period. Yesterday my boyfriend brought up something that was irrevelant to what we were talking about and for some reason. I felt really hurt and offended. Oh man I started tearing up! Whats wrong with me! I was so surprised that I reacted like that. Im sure my boyfriend knows that I dont feel well cause hes been trying to be extra nice and sweet and I was just getting angrier and sadder! I feel so guilty and bad that he has to deal with me and Im afraid how Ill be when were together for his birthday . I feel so selfish , please. He does so much for me he doesnt deserve this. I just feel so bad. Someone help me. How do I control this feelings and emotions I tried to calm down and controll myself and I end up feeling really tense and depressed. This sucks.",Comorbid (Depression + Anxiety),"{""anxiety"":""yes""}"
dyvkx3,Im bout to end it i dont love anything anymore,So here i am 21 year old not doing shit with my life i feel like i dont love anything lately i have been diagnosed for depression in febuary been taking antidepresent they seems to work at first but obviously they dont everyone is trying to push me to go to work or do something but everything i tried i end up even more depresed i have a girlfriend since mai 2017 i love her to death but when im alone i start thinking about all kinds of shit and about how she will just end up dumping me and i will end up alone again being alo e scares me as i have been alo e all my life i dont like nothing im almost always down most of the times im just here thinking you k ow what if she du.ps me i will just shoot myself and end the pain because i will not live with the pain everythi g does not muse me no more i think too much i try to bepositive but i cant life sucks and im just living because my girlfriend is there whe im alone i never fell good i know im repating myself but i do t even know what to say life just sucks for me and i might just end it after all what is the point in living if im going to live like this?,"[1, 0]",{'depressive_disorder'},Im bout to end it i dont love anything anymore. So here i am 21 year old not doing shit with my life i feel like i dont love anything lately i have been diagnosed for depression in febuary been taking antidepresent they seems to work at first but obviously they dont everyone is trying to push me to go to work or do something but everything i tried i end up even more depresed i have a girlfriend since mai 2017 i love her to death but when im alone i start thinking about all kinds of shit and about how she will just end up dumping me and i will end up alone again being alo e scares me as i have been alo e all my life i dont like nothing im almost always down most of the times im just here thinking you k ow what if she du.ps me i will just shoot myself and end the pain because i will not live with the pain everythi g does not muse me no more i think too much i try to bepositive but i cant life sucks and im just living because my girlfriend is there whe im alone i never fell good i know im repating myself but i do t even know what to say life just sucks for me and i might just end it after all what is the point in living if im going to live like this?,Depression,"{""anxiety"":""no""}"
ev2rxs,"The ""voice""","So i consider myself mildly depressed, actually the border personality disorder thing describes me best... the thing is I am not one of the ""normal"" ones ðŸ˜…. I have always had this freaking ""voice"" in my head that keeps saying to me All the time no matter what I do (not an overstate... even when I masturbate) hateful and pessimistic things about me and others that associate with and gets me anxious, jealous, angry etc. ""normal"" people get that too right? Just less frequently I guess. Anyway the question is: has there been a situation that this ""voice"" helped you? Usually is this voice wrong or right (in your opinion obviously) ? Are there things you do that make it shut up (other than sleeping) ? The stuff it says are they based on facts or you just crazy (example of crazy : saying you are ugly but you get a lot of compliments and a lot of sexual partners) ?","[0, 0]",{'control_group'},"The voice. So i consider myself mildly depressed, actually the border personality disorder thing describes me best. the thing is I am not one of the normal ones . I have always had this freaking voice in my head that keeps saying to me All the time no matter what I do not an overstate. even when I masturbate hateful and pessimistic things about me and others that associate with and gets me anxious, jealous, angry etc. normal people get that too right? Just less frequently I guess. Anyway the question is has there been a situation that this voice helped you? Usually is this voice wrong or right in your opinion obviously ? Are there things you do that make it shut up other than sleeping ? The stuff it says are they based on facts or you just crazy example of crazy saying you are ugly but you get a lot of compliments and a lot of sexual partners ?",Normal,"{""anxiety"":""yes""}"
7r90ow,My family just makes things worse,"So I deal with depression and anxiety, that itself is hard for my family. I recently have been trying to communicate with them (which I never really did before) and it feels so much better to say what your feeling or just talking to someone because that's a way to get your mind off something. It's all gone downhill now, my anxiety has worsened and I'm having anxiety attacks everyday and it's annoying my parents when it's the third day in a row where I'm asking them to sit with me. My mom will get frustrated in the heat of the moment and start cussing out at me, telling me to just stop acting this way, wanting me to act normal, and saying how the only reason I'm having anxiety is because I didn't take the medication. If I am having an anxiety attack, I refuse to take most medications in fear that they will make me sick or worsen my anxiety. My dad has only recently started helping me but I tire everyone out with my anxiety so he is kind of getting annoyed at the fact I am freaking out at 3 am. And to top it all of with the parent stuff, they fight non-stop and it's hurtful, I will hear them cussing out, throwing things, and all that. I have little siblings so I can't imagine what they think. My mom is always crying because my dad doesn't love her but she only stays for us. My family is ""emotionally divorced"" at this point and it would almost be better if they separated, but at the same time it wouldn't help at all with my (mental) situation and my siblings.","[0, 1]",{'anxiety_disorder'},"My family just makes things worse. So I deal with depression and anxiety, that itself is hard for my family. I recently have been trying to communicate with them which I never really did before and it feels so much better to say what your feeling or just talking to someone because thats a way to get your mind off something. Its all gone downhill now, my anxiety has worsened and Im having anxiety attacks everyday and its annoying my parents when its the third day in a row where Im asking them to sit with me. My mom will get frustrated in the heat of the moment and start cussing out at me, telling me to just stop acting this way, wanting me to act normal, and saying how the only reason Im having anxiety is because I didnt take the medication. If I am having an anxiety attack, I refuse to take most medications in fear that they will make me sick or worsen my anxiety. My dad has only recently started helping me but I tire everyone out with my anxiety so he is kind of getting annoyed at the fact I am freaking out at 3 am. And to top it all of with the parent stuff, they fight nonstop and its hurtful, I will hear them cussing out, throwing things, and all that. I have little siblings so I cant imagine what they think. My mom is always crying because my dad doesnt love her but she only stays for us. My family is emotionally divorced at this point and it would almost be better if they separated, but at the same time it wouldnt help at all with my mental situation and my siblings.",Anxiety,"{""anxiety"": ""yes""}"
4n9g7y,Just got out of Hospital a week ago,"So I got discharged which is better I guess it was hell in there but it wasnt like the mental asylums in movies cause it was a child's one (Im 17 so I still can go there) But it was hell. The reason I was in there was because I hung myself from the ceiling of my garage but of course Im still alive because my parents cut me down :(. Well I was in there I got diagnosed with chronic depression (no surprise), severe paranoia and de-personalization or de-realization which is pretty much when I cant tell if things are real or not which has been happening a lot lately. So now I'm out and nothing has changed I sit in my room like many of you and go on this forum for some reason and watch tv all day. Ive deactivated my facebook cause I have no friends and I cant even be fucked turning my phone on or charging it cause no one texts me. Life is the same really nothing has changed apart from everyday I wake up and cram pills in my mouth that dont make me feel better at all I just feel the same, shit I dont have any purpose in my life and I know that you knows know how that feels its the worst. The only joy I get is when I think about how I hung myself my brief experience with death and that was a pretty good time (not trying to convince people to kill themselves) so now I sit around and look up different ways to die and thats my life. no school, not that much work and no one in my life.","[1, 0]",{'depressive_disorder'},"Just got out of Hospital a week ago. So I got discharged which is better I guess it was hell in there but it wasnt like the mental asylums in movies cause it was a childs one Im 17 so I still can go there But it was hell. The reason I was in there was because I hung myself from the ceiling of my garage but of course Im still alive because my parents cut me down . Well I was in there I got diagnosed with chronic depression no surprise, severe paranoia and depersonalization or derealization which is pretty much when I cant tell if things are real or not which has been happening a lot lately. So now Im out and nothing has changed I sit in my room like many of you and go on this forum for some reason and watch tv all day. Ive deactivated my facebook cause I have no friends and I cant even be fucked turning my phone on or charging it cause no one texts me. Life is the same really nothing has changed apart from everyday I wake up and cram pills in my mouth that dont make me feel better at all I just feel the same, shit I dont have any purpose in my life and I know that you knows know how that feels its the worst. The only joy I get is when I think about how I hung myself my brief experience with death and that was a pretty good time not trying to convince people to kill themselves so now I sit around and look up different ways to die and thats my life. no school, not that much work and no one in my life.",Depression,{'anxiety':'no'}
b6r7d9,"So I thought I recovered, but after going to school, small failures still give me a really hard time.","So I have been diagnosed with pretty severe depression, but with meds and counseling, I thought I had it under control. I started getting back into the swing of things, taking care of my daughter, doing housework, etc., and decided it was time to start going back to school. I mentally prepared for it, but today I realized I had done an essay wrong that took a long time to work on, and I have 2 days to get it done right. It took a lot of time and effort, but it seems like it shouldnt be **that** big of a deal. 
 
 Im still feeling really down about it though, even after using coping tools and trying to relax with meditation, hobbies, etc. I also talked it out with my wife, but still, Im feeling pretty down and totally burned out for the day. I did also do some housework (though not all of it once I had burned out). 
 
 Is this normal? Or am I slipping back into depression? Its hard to tell because I realized I had been dealing with major depression my whole life, so I dont know what normal really looks like...
 
 Edit: also, its been about a year of being on meds and about 6 months since therapists recommended that I didnt need therapy anymore for the time being. Maybe I should look at going back to therapy?","[1, 0]",{'depressive_disorder'},"So I thought I recovered, but after going to school, small failures still give me a really hard time. So I have been diagnosed with pretty severe depression, but with meds and counseling, I thought I had it under control. I started getting back into the swing of things, taking care of my daughter, doing housework, etc., and decided it was time to start going back to school. I mentally prepared for it, but today I realized I had done an essay wrong that took a long time to work on, and I have 2 days to get it done right. It took a lot of time and effort, but it seems like it shouldnt be that big of a deal. Im still feeling really down about it though, even after using coping tools and trying to relax with meditation, hobbies, etc. I also talked it out with my wife, but still, Im feeling pretty down and totally burned out for the day. I did also do some housework though not all of it once I had burned out. Is this normal? Or am I slipping back into depression? Its hard to tell because I realized I had been dealing with major depression my whole life, so I dont know what normal really looks like. Edit also, its been about a year of being on meds and about 6 months since therapists recommended that I didnt need therapy anymore for the time being. Maybe I should look at going back to therapy?",Depression,{'anxiety':'no'}
dfzq8g,Finally got on meds,"So I started on antidepressants a few days ago, I'm not sure if it kicked in or placebo effect, but that dreading feeling is much less heavy now and I wake up without contemplating my existence. This is actually kinda nice. But I'm worried that an hour ago I got hit with a sudden realisation of having a shit ton of work and usually I'd be having a panic attack and crying but I just carried on with my day as per usual? I'm afraid of becoming numb to emotions and am kinda weirded out how different I realised I behaved pre meds vs with meds. Is this placebo or real? What do I do with emotions?","[1, 0]",{'depressive_disorder'},"Finally got on meds. So I started on antidepressants a few days ago, Im not sure if it kicked in or placebo effect, but that dreading feeling is much less heavy now and I wake up without contemplating my existence. This is actually kinda nice. But Im worried that an hour ago I got hit with a sudden realisation of having a shit ton of work and usually Id be having a panic attack and crying but I just carried on with my day as per usual? Im afraid of becoming numb to emotions and am kinda weirded out how different I realised I behaved pre meds vs with meds. Is this placebo or real? What do I do with emotions?",Depression,"{""anxiety"":""no""}"
6csmw5,Is this common/normal among depressed people?,"So I used to think about this all the time. Then I guess I just made peace with it until today. 
 
 When I'm happy (opposed to being depressed), I have a lot of interests. Being depressed I still have the interests but don't care to pursue them (playing the guitar, reading, learning, playing basketball, etc). I know that part is common. But when I'm ""coming out"" of my depressed state, it's like an overload. I want to do and engage in as many activities as possible. That makes it hard to concentrate on any one thing for an extended period of time. It's like I want to know everything at once. This used to bother me so much that I considered finding a therapist (this was before I was in therapy) and I was planning on saying ""I feel like I have TOO MANY interests."" It sounds insane! That's not a bad thing at all. But I was getting frustrated. 
 
 When I get like this, I spend an absurd amount of money on books and other things that I don't really need, just want. I have so many unread books, promise myself that I'm going to learn so many songs on guitar, and never do it because I get into something new. 
 
 And then eventually I get depressed and all of that motivation goes away and I'm back at square one, just as frustrated. 
 
 This may sound like a minor thing, but my inability to follow through with even minor tasks really bothers me. What can I do to fix this?","[1, 0]",{'depressive_disorder'},"Is this commonnormal among depressed people. So I used to think about this all the time. Then I guess I just made peace with it until today. When Im happy opposed to being depressed, I have a lot of interests. Being depressed I still have the interests but dont care to pursue them playing the guitar, reading, learning, playing basketball, etc. I know that part is common. But when Im coming out of my depressed state, its like an overload. I want to do and engage in as many activities as possible. That makes it hard to concentrate on any one thing for an extended period of time. Its like I want to know everything at once. This used to bother me so much that I considered finding a therapist this was before I was in therapy and I was planning on saying I feel like I have TOO MANY interests. It sounds insane! Thats not a bad thing at all. But I was getting frustrated. When I get like this, I spend an absurd amount of money on books and other things that I dont really need, just want. I have so many unread books, promise myself that Im going to learn so many songs on guitar, and never do it because I get into something new. And then eventually I get depressed and all of that motivation goes away and Im back at square one, just as frustrated. This may sound like a minor thing, but my inability to follow through with even minor tasks really bothers me. What can I do to fix this?",Depression,{'anxiety':'no'}
526ggu,Did any of you have issues getting antidepressants prescribed?,"So I was diagnosed with clinical depression last year around early November and my doctor quickly gave me a prescription for 10 mg of Fluoxetine-- later bumped up to 20 mg. She went through questions and talked with me about my family history-- she even scheduled a blood test to make sure I was healthy in every other aspect-- so it wasn't a prescription just because I asked for the medication. I guess I say it was fast because at the time I was under the impression that your brain chemistry would go under review somehow, like they would check it in some way.
 
 Anyway, the reason I'm asking is because I stopped taking my medication in early March. People kept saying how bad it was for me, and that they wish I'd try other methods of helping myself since I'm only 20, etc etc. I just wanted them to shut up so I stopped.
 
 Those people are sort of out of my life now, and I made an appointment with my GHP to talk about going back on Fluoxetine. My previous doctor, the one who gave me the prescription, was through my University, so I'm probably going to have to go through everything all over again with this new doctor.
 
 
 Tl;dr- Was on 20 mg of Fluoxetine with an old doctor, been off meds for about 4-5 months, seeing my new doctor next week to ask to go back on Fluoxetine.
 
 Do I have anything to worry about? I have medical, will I be denied treatment because of this? I've heard some doctors deny treatment because they feel the symptoms ""aren't severe"" enough or something... What has been your experience?","[1, 0]",{'depressive_disorder'},"Did any of you have issues getting antidepressants prescribed. So I was diagnosed with clinical depression last year around early November and my doctor quickly gave me a prescription for 10 mg of Fluoxetine later bumped up to 20 mg. She went through questions and talked with me about my family history she even scheduled a blood test to make sure I was healthy in every other aspect so it wasnt a prescription just because I asked for the medication. I guess I say it was fast because at the time I was under the impression that your brain chemistry would go under review somehow, like they would check it in some way. Anyway, the reason Im asking is because I stopped taking my medication in early March. People kept saying how bad it was for me, and that they wish Id try other methods of helping myself since Im only 20, etc etc. I just wanted them to shut up so I stopped. Those people are sort of out of my life now, and I made an appointment with my GHP to talk about going back on Fluoxetine. My previous doctor, the one who gave me the prescription, was through my University, so Im probably going to have to go through everything all over again with this new doctor. Tldr Was on 20 mg of Fluoxetine with an old doctor, been off meds for about 45 months, seeing my new doctor next week to ask to go back on Fluoxetine. Do I have anything to worry about? I have medical, will I be denied treatment because of this? Ive heard some doctors deny treatment because they feel the symptoms arent severe enough or something. What has been your experience?",Depression,{'anxiety':'no'}
6h7hp3,"Stress, full time job, had s cancer diagnosis in April, health issues, relationship stuff. Stress overload?","So I've always had a lot of issues growing up. Stress in the parents home at a young age. Turned into substance abuse I got help for with suboxone. I got a hold on it in 2010. Then as times move on I was able to deal with relationship stress, then started working full time. I do this to keep my independence and pride. However I started having prostatitis in 2013, that lead to anxiety, pain ect. I was then diagnosed with cancer in April this year with surgery, have major dental issues.
 
 For some reason I'm still able to push through and be a great worker and excell. They love me at work and I'm a top achiever. I keep my stuff hidden and use the stress issues to get stuff done.
 
 But sometimes I overload and it all comes crashing down when I have a week of hard work, nerve pain left over from my cancer surgery, my parents the way they are is very go go go caught off guard at times.
 
 This week I had dental issues getting worse, nerve pains from cancer surgery, car broke down, a heavy work schedule and big stuff at the job with prepping for corporate visit tomorrow. I had to just blow everything off but work later today, take 2mg of Xanax this morning after along up all night, and get some much needed rest till I go in here soon. 
 
 It feels bad and when this happens I feel overloaded and spinning out of control. With my medical conditions it's unique cause I suck them up, then normal stresses hit and wow. Hard to put into words.
 
 Any advice?","[0, 0]",{'control_group'},"Stress, full time job, had s cancer diagnosis in April, health issues, relationship stuff. Stress overload. So Ive always had a lot of issues growing up. Stress in the parents home at a young age. Turned into substance abuse I got help for with suboxone. I got a hold on it in 2010. Then as times move on I was able to deal with relationship stress, then started working full time. I do this to keep my independence and pride. However I started having prostatitis in 2013, that lead to anxiety, pain ect. I was then diagnosed with cancer in April this year with surgery, have major dental issues. For some reason Im still able to push through and be a great worker and excell. They love me at work and Im a top achiever. I keep my stuff hidden and use the stress issues to get stuff done. But sometimes I overload and it all comes crashing down when I have a week of hard work, nerve pain left over from my cancer surgery, my parents the way they are is very go go go caught off guard at times. This week I had dental issues getting worse, nerve pains from cancer surgery, car broke down, a heavy work schedule and big stuff at the job with prepping for corporate visit tomorrow. I had to just blow everything off but work later today, take 2mg of Xanax this morning after along up all night, and get some much needed rest till I go in here soon. It feels bad and when this happens I feel overloaded and spinning out of control. With my medical conditions its unique cause I suck them up, then normal stresses hit and wow. Hard to put into words. Any advice?",Normal,"{""anxiety"":""yes""}"
9s3fjp,"Another thing I screwed up, I can't even hang out with someone","So I've been feeling very down for the past days, and one of my friends asked me to hang out with her for relaxing. Well, that was probably my chance for trying to get better as my medication has any effect, so I took the chance. We went to the docks, and I immediately started feeling horrible and empty. She noticed it, and we hugged. We had our faces very close, and in a whim, I almost kissed her. She stepped back shocked and so did I. I felt so embarrassed, because she's my friend, I can't ruin it with something like that. It doesn't help that I have never had a girlfriend before, not even kissed someone. I feel guilty again, even though she doesn't seem to care much about it. Last night I had an anxiety attack because of that, and I'm feeling strange now. After that happened in the docks, we still went to other places and I felt okay, but all of a sudden the suicidal thoughts came up. I left her at her house, and I went walking to mine, at the other side of the town. When I was walking along the highway, I was so tired that I had to sit down. I wanted to jump in front of the vehicles. I tried to call all of my friends except for the girl that was with me before. Nobody answered their phones, and the two people that did, hanged up shortly after. I could have killed myself right then if it hadn't been because I was too tired for that. So pathetic... 
 
 I'm sorry for this, I really needed to say what happened yesterday. I guess nothing can stop my depression...","[0, 0]",{'control_group'},"Another thing I screwed up, I cant even hang out with someone. So Ive been feeling very down for the past days, and one of my friends asked me to hang out with her for relaxing. Well, that was probably my chance for trying to get better as my medication has any effect, so I took the chance. We went to the docks, and I immediately started feeling horrible and empty. She noticed it, and we hugged. We had our faces very close, and in a whim, I almost kissed her. She stepped back shocked and so did I. I felt so embarrassed, because shes my friend, I cant ruin it with something like that. It doesnt help that I have never had a girlfriend before, not even kissed someone. I feel guilty again, even though she doesnt seem to care much about it. Last night I had an anxiety attack because of that, and Im feeling strange now. After that happened in the docks, we still went to other places and I felt okay, but all of a sudden the suicidal thoughts came up. I left her at her house, and I went walking to mine, at the other side of the town. When I was walking along the highway, I was so tired that I had to sit down. I wanted to jump in front of the vehicles. I tried to call all of my friends except for the girl that was with me before. Nobody answered their phones, and the two people that did, hanged up shortly after. I could have killed myself right then if it hadnt been because I was too tired for that. So pathetic. Im sorry for this, I really needed to say what happened yesterday. I guess nothing can stop my depression.",Normal,"{""anxiety"":""yes""}"
4nb4h2,Can I speak about this to my therapist.,"So Im 23 year old male with social anxiety and its particularly bad when talking to people about things of a sexual nature and when talking to girls I might be sexually interested in. I usually know how I want to act and talk to girls but Im afraid to incase I come across as a creep or something but Id like my therapist to help me through this but Im really embarressed to bring it up because Im not sure its appropriate, it doesnt help that my therapist is a woman. I always feel like Im ugly but I dont think I am nearly as ugly as I think as Ive had plenty of instances where an attractive girl has made sexual advances toward me or wanted to be my girlfriend but I never reciprocate because Im quite shy and have performance anxiety. I always blush when people talk about sex or girls or something and its really crippling me as I think Im ashamed of myself. I know this is a bit of a ramble but please if your reading this and youve had therapy or had a similar situation please tell me how you handled it Ive been seeing her for a good few weeks now and havent had the guts to bring it up. Thankyou :)","[0, 1]",{'anxiety_disorder'},"Can I speak about this to my therapist. So Im 23 year old male with social anxiety and its particularly bad when talking to people about things of a sexual nature and when talking to girls I might be sexually interested in. I usually know how I want to act and talk to girls but Im afraid to incase I come across as a creep or something but Id like my therapist to help me through this but Im really embarressed to bring it up because Im not sure its appropriate, it doesnt help that my therapist is a woman. I always feel like Im ugly but I dont think I am nearly as ugly as I think as Ive had plenty of instances where an attractive girl has made sexual advances toward me or wanted to be my girlfriend but I never reciprocate because Im quite shy and have performance anxiety. I always blush when people talk about sex or girls or something and its really crippling me as I think Im ashamed of myself. I know this is a bit of a ramble but please if your reading this and youve had therapy or had a similar situation please tell me how you handled it Ive been seeing her for a good few weeks now and havent had the guts to bring it up. Thankyou",Anxiety,{'anxiety':'yes'}
6zd6ce,Im having weirdly..severe mood swings? Is this part of bipolar type 2?,"So last Wednesday I saw a new psychiatrist, who said I seem to exhibit some Bipolar Type 2 tendencies (based on what he read in a survey where I had to rate manic episodes and how often I experienced them). He gave me a prescription of limictal and seroquel, and I started taking it on Friday.
 
 Since Friday, Ive been having absolute terrible depression: sleeping whenever I can, crying when I'm not sleeping, wishing I was dead, even going so far as to try and plan out how I'd do it...
 
 But for the first some since Friday, im feeling a lot better. Not the whole ""things are starting to look up/things will be okay"" kind of better, but like ""I don't know why I was even depressed! Things are going great! Suicidal thoughts?? What are those??"" I have the compulsion to text people who Ive told about my depression and be like ""I'm okay! Sorry I concerned you! :)"" hell, I even want to flirt with my boyfriend a little bit, which would be...very out of the blue considering my recent depression...
 
 I just started taking these meds like 2 days ago, so it shouldn't be affecting me like this right?
 
 Btw, before I get the whole ""im not a psychiatrist..."" thing, im going to call my psychiatrist as soon as I can tomorrow and ask about this. I'd just like your guys' opinions and feedback in the meantime. Thanks!
 
 (Im in USA by the way)","[0, 0]",{'control_group'},"Im having weirdly.severe mood swings? Is this part of bipolar type 2. So last Wednesday I saw a new psychiatrist, who said I seem to exhibit some Bipolar Type 2 tendencies based on what he read in a survey where I had to rate manic episodes and how often I experienced them. He gave me a prescription of limictal and seroquel, and I started taking it on Friday. Since Friday, Ive been having absolute terrible depression sleeping whenever I can, crying when Im not sleeping, wishing I was dead, even going so far as to try and plan out how Id do it. But for the first some since Friday, im feeling a lot better. Not the whole things are starting to look upthings will be okay kind of better, but like I dont know why I was even depressed! Things are going great! Suicidal thoughts? What are those? I have the compulsion to text people who Ive told about my depression and be like Im okay! Sorry I concerned you! hell, I even want to flirt with my boyfriend a little bit, which would be.very out of the blue considering my recent depression. I just started taking these meds like 2 days ago, so it shouldnt be affecting me like this right? Btw, before I get the whole im not a psychiatrist. thing, im going to call my psychiatrist as soon as I can tomorrow and ask about this. Id just like your guys opinions and feedback in the meantime. Thanks! Im in USA by the way",Normal,{'anxiety':'no'}
87k0w7,Pharmaceutical hell - I need some help please,"So this technically goes under stimulants as well. I use to be such a motivated person, I had so much energy and would get shit done. I really wanted to go into investment banking and I was so positive and motivated to go towards that. I went to a top school, graduated in December and the past 4 months I have been so unmotivated. I have been chilling in bed and playing video games all day. I dont have the energy to work out, I sleep a normal amount still.
 
 I thought something was wrong internally and went to my gen practitioner who didnt think I was anemic (despite bruising and being a pescitsrian) and put me on 3 pills of 37.5mg of Effexor xr a day and weened me off of Prozac. Which I had been taking for a year, I started to be come unmotivated and lazy last fall.
  
 
 I had to stop seeing my psychiatrist because I graduated and she was affiliated with my school. My insurance doesnt cover her and I am having difficulties finding a psych that I could see ASAP. 
 My mom was a bit concerned that a gen doctor prescribed me depression medication. 
 
 I have noticed no difference in my motivation or energy. I still take my adderall and it has decreased the effectiveness of it and reduced the comedown and jitters but I still need a sugar free redbull.
 
 I missed a dosage last night and am getting it refilled today and I hope I dont get bad side effects. 
 
 I want my energy and motivation back. I dont do chores, never wanna go out, my room is a filthy mess. I want to be back to normal","[1, 0]",{'depressive_disorder'},"Pharmaceutical hell I need some help please. So this technically goes under stimulants as well. I use to be such a motivated person, I had so much energy and would get shit done. I really wanted to go into investment banking and I was so positive and motivated to go towards that. I went to a top school, graduated in December and the past 4 months I have been so unmotivated. I have been chilling in bed and playing video games all day. I dont have the energy to work out, I sleep a normal amount still. I thought something was wrong internally and went to my gen practitioner who didnt think I was anemic despite bruising and being a pescitsrian and put me on 3 pills of 37.5mg of Effexor xr a day and weened me off of Prozac. Which I had been taking for a year, I started to be come unmotivated and lazy last fall. I had to stop seeing my psychiatrist because I graduated and she was affiliated with my school. My insurance doesnt cover her and I am having difficulties finding a psych that I could see ASAP. My mom was a bit concerned that a gen doctor prescribed me depression medication. I have noticed no difference in my motivation or energy. I still take my adderall and it has decreased the effectiveness of it and reduced the comedown and jitters but I still need a sugar free redbull. I missed a dosage last night and am getting it refilled today and I hope I dont get bad side effects. I want my energy and motivation back. I dont do chores, never wanna go out, my room is a filthy mess. I want to be back to normal",Depression,{'anxiety':'no'}
byk9wb,Final days i hope,"So tomorrow my abusive mom is going to be out of town and will be back on Tuesday (leaving me alone for one night) and im going to try to take that as an opportunity to end this nightmare.We have had a cat (to try and better my mental health,even though my mom didnt want it and was forced to get it from my therapist) for about 3 months now and today the cat scratched me out of fear.We were taking it out for a walk when this idiot went up to it and tried to pet it.Cat got scared and got off its leash and i had to pin him down to get him and not lose him.During this,he scratched me kinda badly.Now my female parent is saying that i am poison and that even the cat hates me.She keeps shoving the fact that she didnt want the cat up in my face,even going as far as saying that thanks to me she is now a ""prisoner in her own house"".
 
 She keeps saying that i am poison and i ruin everything i come in contact with,saying that she has a miserable life thanks to me,keeps repeating how well she was doing before she got pregnant.
 She does many other things,including blaming my father for everything (even her own actions),saying that she is going to kill herself because of how much i stress her out.
 
 I cannot take this anymore.I have saved up some pills and got my hand on some alcohol to down it all.I also have murder tendencies,constantly wanting to harm/kill someone else,but now i have realised that im the problem.
 This is my 5th suicide attempt,hope it works.","[0, 0]",{'control_group'},"Final days i hope. So tomorrow my abusive mom is going to be out of town and will be back on Tuesday leaving me alone for one night and im going to try to take that as an opportunity to end this nightmare.We have had a cat to try and better my mental health,even though my mom didnt want it and was forced to get it from my therapist for about 3 months now and today the cat scratched me out of fear.We were taking it out for a walk when this idiot went up to it and tried to pet it.Cat got scared and got off its leash and i had to pin him down to get him and not lose him.During this,he scratched me kinda badly.Now my female parent is saying that i am poison and that even the cat hates me.She keeps shoving the fact that she didnt want the cat up in my face,even going as far as saying that thanks to me she is now a prisoner in her own house. She keeps saying that i am poison and i ruin everything i come in contact with,saying that she has a miserable life thanks to me,keeps repeating how well she was doing before she got pregnant. She does many other things,including blaming my father for everything even her own actions,saying that she is going to kill herself because of how much i stress her out. I cannot take this anymore.I have saved up some pills and got my hand on some alcohol to down it all.I also have murder tendencies,constantly wanting to harmkill someone else,but now i have realised that im the problem. This is my 5th suicide attempt,hope it works.",Normal,{'anxiety':'no'}
gkdubt,Tips,"So what are some tips that help you deal with anxiety? I am starting to try and figure this out. I have bad anxiety when it comes to anything social. So I am making a list of things to do every morning. I am horrible about cleaning my room and it has driven a rift between me and my friends. I have taken dishes and not returned them and such. Which has made them angry with me. 
 
 So instead of piling up the mess I have made a list of chores to do daily before I go to work that away after work I can't tell myself I am going to do something and then be too tired to do it. I am planning on sticking with this along with some personal CBT.","[0, 1]",{'anxiety_disorder'},Tips. So what are some tips that help you deal with anxiety? I am starting to try and figure this out. I have bad anxiety when it comes to anything social. So I am making a list of things to do every morning. I am horrible about cleaning my room and it has driven a rift between me and my friends. I have taken dishes and not returned them and such. Which has made them angry with me. So instead of piling up the mess I have made a list of chores to do daily before I go to work that away after work I cant tell myself I am going to do something and then be too tired to do it. I am planning on sticking with this along with some personal CBT.,Anxiety,{'anxiety':'yes'}
hbnqw4,How to get a job while battling depression?,"So, I am a 22M going through depression and I really need a job. I have only internships to put in my CV, I studied hospitality. I already lost an year (I took 4 years to graduate instead of 3). I struggled with loneliness and severe social anxiety, due to my awkwardness and lack of passion for life, for the last 3 years (I moved from my country of origin to pursue my dreams) + use of illicit substances. I was depressed last year too, but everything was going well, I had a career project, I was finally content with my life and academic performances, until the quarantine came up. I feel like my ""wings"" have been cut off. So back to square one, I was diagnosed with depression again, and ADHD to put the cherry on a cake. I had 2 interviews, and for the first one it was for an MBA at the same school I graduated from, the recruiter ""gently"" told me that I look stressed and that she can see I have no experience in taking interviews. The second one was for a retail job and it was online, I fucked that up as well, as I cannot concentrate at all. My father thinks I am only a spoiled lazy brat, but I really want to change...just there is no ""body"" reaction. I don't know who I am anymore. 
 
 So, fellow redditors who found a job while depressed how did you do it ? My lack of self confidence levels are going through the roof, how an I supposed to strive in this world? I am lost.
 
 Edit: spelling mistakes (english is not my first language)","[1, 0]",{'depressive_disorder'},"How to get a job while battling depression. So, I am a 22M going through depression and I really need a job. I have only internships to put in my CV, I studied hospitality. I already lost an year I took 4 years to graduate instead of 3. I struggled with loneliness and severe social anxiety, due to my awkwardness and lack of passion for life, for the last 3 years I moved from my country of origin to pursue my dreams + use of illicit substances. I was depressed last year too, but everything was going well, I had a career project, I was finally content with my life and academic performances, until the quarantine came up. I feel like my wings have been cut off. So back to square one, I was diagnosed with depression again, and ADHD to put the cherry on a cake. I had 2 interviews, and for the first one it was for an MBA at the same school I graduated from, the recruiter gently told me that I look stressed and that she can see I have no experience in taking interviews. The second one was for a retail job and it was online, I fucked that up as well, as I cannot concentrate at all. My father thinks I am only a spoiled lazy brat, but I really want to change.just there is no body reaction. I dont know who I am anymore. So, fellow redditors who found a job while depressed how did you do it ? My lack of self confidence levels are going through the roof, how an I supposed to strive in this world? I am lost. Edit spelling mistakes english is not my first language",Depression,"{""anxiety"": ""yes""}"
7eu8ej,I made a big change today,"So, I have been very anxious and stressed because of work for the last 2 years. I have always been a person who strives for perfection. I also was raised in a troubled family and was forced to take responsibility of my younger siblings and later even parents at young age. This has made me very responsible and by nature I take care of others better than myself.
 
 In work this kind of combo has made me a perfect employee for company. It has it perks for me as well as within few years I have been promoted into a country manager. Outside everything looked great. Great position, great salary etc. But inside, my stress grew, I got very anxious and it started to be hard to even get out of bed. I couldnt sleep, eat etc. My anxious is chronic and I started to get all kind of catastrophic fears etc. 
 
 So today, I resigned. I left a great position, without any idea about the future. Its been a big day. I know I made the right decision. Still I have felt very sad and felt that I let down many people, including myself. I know that is not the case, but it was a very hard decision for me. I wanted all to work out, but you cant force something that isnt there. Mixed feelings, but I feel a little bit less anxious at the moment than before. Still need to work some time before it ends. 
 
 But phew.. life..","[0, 0]",{'control_group'},"I made a big change today. So, I have been very anxious and stressed because of work for the last 2 years. I have always been a person who strives for perfection. I also was raised in a troubled family and was forced to take responsibility of my younger siblings and later even parents at young age. This has made me very responsible and by nature I take care of others better than myself. In work this kind of combo has made me a perfect employee for company. It has it perks for me as well as within few years I have been promoted into a country manager. Outside everything looked great. Great position, great salary etc. But inside, my stress grew, I got very anxious and it started to be hard to even get out of bed. I couldnt sleep, eat etc. My anxious is chronic and I started to get all kind of catastrophic fears etc. So today, I resigned. I left a great position, without any idea about the future. Its been a big day. I know I made the right decision. Still I have felt very sad and felt that I let down many people, including myself. I know that is not the case, but it was a very hard decision for me. I wanted all to work out, but you cant force something that isnt there. Mixed feelings, but I feel a little bit less anxious at the moment than before. Still need to work some time before it ends. But phew. life.",Normal,{'anxiety':'yes'}
cz6x5k,Accepting I am broken and need help.,"So, I'm new here. I've been dealing with depression, anxiety, and possibly ptsd from traumatic experiences as a child for my whole life. It came to my attention about a year ago that my coping mecanisims were no longer working. So I decided to start trying to change my life, and it's been a rollercoaster ride. 
 Things are getting better, but I'm having trouble. See, I am actually starting to find a little happiness in my life. Drs and therapists seem so focused on helping you through rough times, but I feel like I have no control over my emotions and thoughts when I find a shred of happiness. 
 Right now for example, work is improving, and most importantly I've met a girl I really like. Both those things make me happy. Yet when work is slow, or she's not around things spiral pretty quickly. I'm so scared that I'm gonna fuck this all up, I get obsessive. I'm letting work tear me apart with stress and I'm constantly concerned she's not as into me as I am her. Thoughts of suicide have even started to creep in again. 
 I was diagnosed with depression but I feel like there's something more here. I don't want to be medicated, bc they have really fucked me up in the past, and therapists are always trying to het you to set goals or find a thing to blame and I just want to live my life. What I really want is a support group but I live in a rural area. 
 Anyway, someone recommended reddit, So here I am.","[1, 0]",{'depressive_disorder'},"Accepting I am broken and need help. So, Im new here. Ive been dealing with depression, anxiety, and possibly ptsd from traumatic experiences as a child for my whole life. It came to my attention about a year ago that my coping mecanisims were no longer working. So I decided to start trying to change my life, and its been a rollercoaster ride. Things are getting better, but Im having trouble. See, I am actually starting to find a little happiness in my life. Drs and therapists seem so focused on helping you through rough times, but I feel like I have no control over my emotions and thoughts when I find a shred of happiness. Right now for example, work is improving, and most importantly Ive met a girl I really like. Both those things make me happy. Yet when work is slow, or shes not around things spiral pretty quickly. Im so scared that Im gonna fuck this all up, I get obsessive. Im letting work tear me apart with stress and Im constantly concerned shes not as into me as I am her. Thoughts of suicide have even started to creep in again. I was diagnosed with depression but I feel like theres something more here. I dont want to be medicated, bc they have really fucked me up in the past, and therapists are always trying to het you to set goals or find a thing to blame and I just want to live my life. What I really want is a support group but I live in a rural area. Anyway, someone recommended reddit, So here I am.",Depression,{'anxiety':'yes'}
bn2szo,"Everyone tells me to ""just do things that make you feel good"", but how does that even work if there is nothing that makes you feel good?","So, I've been through some rough times recently, no need to get into details. The people I talk to (family and just a few friends) tell me that I should focus on myself for a while, do things that I love, take the time to do things that are good for me, yadda yadda, you know the drill. 
 
 
 And I just keep wondering - how the fuck am I supposed to do that? I have depression. I don't think I have felt genuine happiness in the past ten years. The only thing I enjoy is sleeping because it's basically a free trial of not existing. ""Take time to do things you enjoy"" - and how? 
 
 
 I mean, I try to do things that I know are ""good"" for me. You know, eat healthily, lose weight, go outside, clean my apartment, all those things that functioning adults should be doing. But none of that makes me feel good. I lost 20lbs in the last two months and I feel nothing about it because guess what, I'm still a fat fuck and look like shit. I clean up my apartment and guess what, I am just as depressed in a clean room as I was in a messy one. 
 
 
 It feels like I am just doing these things for others. To show them ""Look at me, I am okay and I am coping well"" when in reality, that's very far from the truth. 
 
 
 I don't know how to deal with this. I'm tired. I'm tired of pretending to be okay. I'm tired of people failing to grasp the underlying problem, namely a distinct lack of enjoyment of ... anything, really. Does anyone here feel the same way?","[0, 0]",{'control_group'},"Everyone tells me to just do things that make you feel good, but how does that even work if there is nothing that makes you feel good. So, Ive been through some rough times recently, no need to get into details. The people I talk to family and just a few friends tell me that I should focus on myself for a while, do things that I love, take the time to do things that are good for me, yadda yadda, you know the drill. And I just keep wondering how the fuck am I supposed to do that? I have depression. I dont think I have felt genuine happiness in the past ten years. The only thing I enjoy is sleeping because its basically a free trial of not existing. Take time to do things you enjoy and how? I mean, I try to do things that I know are good for me. You know, eat healthily, lose weight, go outside, clean my apartment, all those things that functioning adults should be doing. But none of that makes me feel good. I lost 20lbs in the last two months and I feel nothing about it because guess what, Im still a fat fuck and look like shit. I clean up my apartment and guess what, I am just as depressed in a clean room as I was in a messy one. It feels like I am just doing these things for others. To show them Look at me, I am okay and I am coping well when in reality, thats very far from the truth. I dont know how to deal with this. Im tired. Im tired of pretending to be okay. Im tired of people failing to grasp the underlying problem, namely a distinct lack of enjoyment of . anything, really. Does anyone here feel the same way?",Normal,{'anxiety':'no'}
ek128p,"Writing a play about depression, can you guys help me?","So, Im an amateur actor and Im trying to write a play about depression. My hopes with this is to help people in a similar situation to mine, I want to make people who have never suffered from depression understand what is like, but also have some scenes showing people who suffer from it that there is a way out.
 But Im having a creative block right now, mainly because all I have to go from is my own experiences, and I know this is different to everyone.
 So, can you guys help me get my juices flowing by sharing experiences both about things that got you in a bad state but are hard to other people to understand and of things that you did and helped you get better?
 Also, if any of you would like to take a crack at explaining depression through metaphors it would help me, Im trying to write something but I always get stuck.","[0, 0]",{'control_group'},"Writing a play about depression, can you guys help me. So, Im an amateur actor and Im trying to write a play about depression. My hopes with this is to help people in a similar situation to mine, I want to make people who have never suffered from depression understand what is like, but also have some scenes showing people who suffer from it that there is a way out. But Im having a creative block right now, mainly because all I have to go from is my own experiences, and I know this is different to everyone. So, can you guys help me get my juices flowing by sharing experiences both about things that got you in a bad state but are hard to other people to understand and of things that you did and helped you get better? Also, if any of you would like to take a crack at explaining depression through metaphors it would help me, Im trying to write something but I always get stuck.",Normal,{'anxiety':'no'}
96bj0l,It's got a hold on me and won't let go,"So. I am going to start writing here every once in a while. It seemed to help last time so hopefully it will again.
 
 More about me...
 
 Well. I'm middle aged living in the U.S. I've been diagnosed with Major Depression - Severe whatever that means. All I know is it just hit me one day. I'm sure I've had it all my life but never really caught on to it. I still have days when I wish I had control over it but I don't and never think I will.
 
 Anyways. Today's bit about me is that I'm in an awesome relationship right now. I should be verry happy but I'm not. There are just some things that people say that I'm sure they don't think it is a big deal but when someone suggests that they are going to leave you because of something that is mostly out of your control and part of your depression is from abandonment issues it sticks. It was suggested over 2 months ago and the words are fresh in my head. I could make the change requested happen but it would affect multiple people. But my SO doesn't get it. They think I can just make this change and not feel even worse afterwards. If I make this change I will be abandoning people. I thought that relationships were about compromise and understanding and I'm willing to do my part but there are steps that need to be made. Now I feel threatened and even though it hasn't happened yet I already feel like my SO would abandon me. I have felt betrayed and hurt since my SO said that they would leave if the situation didn't change.
 
 Thanks for listening","[1, 0]",{'depressive_disorder'},Its got a hold on me and wont let go. So. I am going to start writing here every once in a while. It seemed to help last time so hopefully it will again. More about me. Well. Im middle aged living in the U.S. Ive been diagnosed with Major Depression Severe whatever that means. All I know is it just hit me one day. Im sure Ive had it all my life but never really caught on to it. I still have days when I wish I had control over it but I dont and never think I will. Anyways. Todays bit about me is that Im in an awesome relationship right now. I should be verry happy but Im not. There are just some things that people say that Im sure they dont think it is a big deal but when someone suggests that they are going to leave you because of something that is mostly out of your control and part of your depression is from abandonment issues it sticks. It was suggested over 2 months ago and the words are fresh in my head. I could make the change requested happen but it would affect multiple people. But my SO doesnt get it. They think I can just make this change and not feel even worse afterwards. If I make this change I will be abandoning people. I thought that relationships were about compromise and understanding and Im willing to do my part but there are steps that need to be made. Now I feel threatened and even though it hasnt happened yet I already feel like my SO would abandon me. I have felt betrayed and hurt since my SO said that they would leave if the situation didnt change. Thanks for listening,Depression,"{""anxiety"":""yes""}"
akh9f9,I need advice,"Sorry for the long story but I all information is pretty important. This is a new account because my family knows my main. I have a small story and then a question.
 
 I am currently 17 years old in Canada. For the past few years I have constantly gone through hell. Everything I do feels useless and so do I. I have never shared any of my problems with my family as they are a large part of them. I'm always the cheery guy that everyone knows is always happy because I fake everything. The past six months have also been extremely hard for reasons I can't explain.
 
 On January 3rd I went to my doctors and explained my situation. On January 10th I saw a psychiatrist and was diagnosed with depression and insomnia. I was given mirtazapine to help. So far, my family knows nothing.
 
 The medication has had its ups and downs however for the most part it doesn't seem to be helping. Everything seems to be deteriorating around me while I seem to get worse. I feel that there is no possible way I would be able to tell my family what is happening without everything getting so much worse.
 
 My mother told me that my family would probably become depressed if I weren't so happy all the time. My parents continue to get angry at me every time I mess up yet give no acknowledgment when I do something right. I feel my family take what I give for granted and if I were to take it alway they would despise me for it.
 
 My question is, should I tell them and risk everything falling apart and getting worse, or keep everything a secret and continue to try to make everyone happy while I'm not?","[1, 0]",{'depressive_disorder'},"I need advice. Sorry for the long story but I all information is pretty important. This is a new account because my family knows my main. I have a small story and then a question. I am currently 17 years old in Canada. For the past few years I have constantly gone through hell. Everything I do feels useless and so do I. I have never shared any of my problems with my family as they are a large part of them. Im always the cheery guy that everyone knows is always happy because I fake everything. The past six months have also been extremely hard for reasons I cant explain. On January 3rd I went to my doctors and explained my situation. On January 10th I saw a psychiatrist and was diagnosed with depression and insomnia. I was given mirtazapine to help. So far, my family knows nothing. The medication has had its ups and downs however for the most part it doesnt seem to be helping. Everything seems to be deteriorating around me while I seem to get worse. I feel that there is no possible way I would be able to tell my family what is happening without everything getting so much worse. My mother told me that my family would probably become depressed if I werent so happy all the time. My parents continue to get angry at me every time I mess up yet give no acknowledgment when I do something right. I feel my family take what I give for granted and if I were to take it alway they would despise me for it. My question is, should I tell them and risk everything falling apart and getting worse, or keep everything a secret and continue to try to make everyone happy while Im not?",Depression,{'anxiety':'no'}
9bb1jb,My life is falling apart,"Suck at making friends, never had a boyfriend, depression has been getting worse I think about killing myself almost every day. I wish I could say I want to keep going for my family, but when I told them how bad my depression has been getting, they scolded and made fun of me. My last counselor was no help at all. And my grades have plummeted, and now I'm on academic suspension. I think it's safe to say I've completely failed. I feel so trapped and alone. Thoughts of ""I don't know why I'm still alive"" have been more prevalent now. I can't keep going.","[1, 0]",{'depressive_disorder'},"My life is falling apart. Suck at making friends, never had a boyfriend, depression has been getting worse I think about killing myself almost every day. I wish I could say I want to keep going for my family, but when I told them how bad my depression has been getting, they scolded and made fun of me. My last counselor was no help at all. And my grades have plummeted, and now Im on academic suspension. I think its safe to say Ive completely failed. I feel so trapped and alone. Thoughts of I dont know why Im still alive have been more prevalent now. I cant keep going.",Depression,{'anxiety':'no'}
c5kbq3,Apathy=onset of depressive disorder?,"Sup y'all. 18 y/o dude here. Following some bullshit regarding my social life and mild Adderall dependency, I was diagnosed with Adjustment Disorder. Thus, I'm dealing w/ Some symptoms of depression, such as low self-esteem, guilt and constant anxiety I don't identify with at all. In fact, I'm quite confident and calm. However...
 
 \-Natural things in life that have ""zest"" to them (listening to music, a fascinating conversation, watching a great movie, looking forward to vacations) hold less appeal than they used to. They almost feel dulled
 
 \-\^on that note, it seems like I have to make an effort to actually enjoy life. Sure, I can enjoy stuff, but it feels forced. If I didn't make the effort, I'd be incredibly apathetic and zoned out most of the time
 
 \-My sex drive has *significantly* decreased. Way, way less sexual thoughts, boners and general desire.
 
 \-I also take less pride in doing dope stuff (ex. performing well in athletics, getting a really attractive girl in bed, doing something ballsy)...not because I feel unworthy or guilty, I just *don't care*. Super apathetic.
 
 \-On occasion, I feel like the future will be bleak and hopeless, solely because I find everything so boring and meh.
 
 In short, I don't suffer from excessive negative thoughts whatsoever. I just seem to have an absence of positive thoughts. **Is this what the onset of depression looks like? I'm off to college in a month and a half, and ideally I hope not to start this chapter of my life spiraling into depression. Thanks to everyone and much love.**","[0, 0]",{'control_group'},"Apathy=onset of depressive disorder. Sup yall. 18 yo dude here. Following some bullshit regarding my social life and mild Adderall dependency, I was diagnosed with Adjustment Disorder. Thus, Im dealing w Some symptoms of depression, such as low selfesteem, guilt and constant anxiety I dont identify with at all. In fact, Im quite confident and calm. However. Natural things in life that have zest to them listening to music, a fascinating conversation, watching a great movie, looking forward to vacations hold less appeal than they used to. They almost feel dulled on that note, it seems like I have to make an effort to actually enjoy life. Sure, I can enjoy stuff, but it feels forced. If I didnt make the effort, Id be incredibly apathetic and zoned out most of the time My sex drive has significantly decreased. Way, way less sexual thoughts, boners and general desire. I also take less pride in doing dope stuff ex. performing well in athletics, getting a really attractive girl in bed, doing something ballsy.not because I feel unworthy or guilty, I just dont care. Super apathetic. On occasion, I feel like the future will be bleak and hopeless, solely because I find everything so boring and meh. In short, I dont suffer from excessive negative thoughts whatsoever. I just seem to have an absence of positive thoughts. Is this what the onset of depression looks like? Im off to college in a month and a half, and ideally I hope not to start this chapter of my life spiraling into depression. Thanks to everyone and much love.",Normal,{'anxiety':'no'}
kizztz,"Got some memories back, thank you!","Thank you to everyone who's been mentioning Abilify here, and on other subs. I'm a schizoaffective DID system and as such, my memory is really bad (to put it gently). Seeing the name of the medication i was on back when I was being passed around wards like a lab rat in my high school years triggered out a flashback and i feel validated suddenly. 
 
 One of my alters had gotten the system misdiagnosed with BPD (truthfully, they do individually have it, but its not system wide) and we were on Abilify for a while to treat the psychosis. This also happened to quell my more heavily schizoaffective alters and with more switching and host changes, we had entirely forgotten this was one of the things we were treated for.
 
 A month or so ago, we got back an alter who said ""yeah we're schizophrenic why did you think some of us hallucinate so much?"" Which was incorrect, unless that's on our file, im pretty sure we're just schizoaffective. But between her and other alters navigating our psychosis, without meds now by the way, its been bugging the hell out of us that our last therapist *knew* we suffered psychosis even though we had essentially forgotten and she was unsurprised when we presented the possibility to her. 
 
 Anyway, thanks again. We have an alter who's super against going back into the mental health system mostly because they refuse to be hospitalized and put back on meds, but knowing that the memories we're regaining have proof to them helps us a lot. Its easier to keep making peace and healing when i know this is really something i have a history of and not just something my alters are making up","[0, 0]",{'control_group'},"Got some memories back, thank you. Thank you to everyone whos been mentioning Abilify here, and on other subs. Im a schizoaffective DID system and as such, my memory is really bad to put it gently. Seeing the name of the medication i was on back when I was being passed around wards like a lab rat in my high school years triggered out a flashback and i feel validated suddenly. One of my alters had gotten the system misdiagnosed with BPD truthfully, they do individually have it, but its not system wide and we were on Abilify for a while to treat the psychosis. This also happened to quell my more heavily schizoaffective alters and with more switching and host changes, we had entirely forgotten this was one of the things we were treated for. A month or so ago, we got back an alter who said yeah were schizophrenic why did you think some of us hallucinate so much? Which was incorrect, unless thats on our file, im pretty sure were just schizoaffective. But between her and other alters navigating our psychosis, without meds now by the way, its been bugging the hell out of us that our last therapist knew we suffered psychosis even though we had essentially forgotten and she was unsurprised when we presented the possibility to her. Anyway, thanks again. We have an alter whos super against going back into the mental health system mostly because they refuse to be hospitalized and put back on meds, but knowing that the memories were regaining have proof to them helps us a lot. Its easier to keep making peace and healing when i know this is really something i have a history of and not just something my alters are making up",Normal,{'anxiety':'no'}
f5qn68,Second longest time sober since I started drinking,"That would be today. These so-called milestone days are always a bit rough for me, so this'll be an accountability post as well.
 
 I consider myself lucky, and sometimes I remember to be grateful too for my sober days and how my life has changed for the better since last summer. I am in all the ways healthier, and my existence is not just surviving day after day anymore. I'm in a relationship too.
 
 That being said, I've realized through therapy that I'm very much an emotional adolescent, I am still depressed and anxious and I really am questioning whether having an SO right now is wise. She has her issues too, and although not alcohol related, I find myself unable to often be supportive towards her struggles. I'm having a rough time right now as well, and even though I haven't really had cravings in months now I've definitely had a fair amount of triggers. 
 
 I remember someone saying that sobriety is a lonely road on this subreddit, and I'd add to that that it is a very selfish journey too, or at least for me. At the same time I feel guilty and yet determined to put myself and my well-being first and foremost. It is conflicting. Embarrassing. Alienating. I find myself seeking the same dopamine rushes from the relationship as I did from alcohol, at least to some degree. I don't think that is fair. But at the same time I crave and need connection, as addiction is at the root disconnection from yourself and others. Perhaps disconnection from meaning too. 
 
 All this being said, I'm glad I feel things again. Even though it is scary and terrifying at points. Especially the good things.
 
 I will not drink with you today.","[0, 0]",{'control_group'},"Second longest time sober since I started drinking. That would be today. These socalled milestone days are always a bit rough for me, so thisll be an accountability post as well. I consider myself lucky, and sometimes I remember to be grateful too for my sober days and how my life has changed for the better since last summer. I am in all the ways healthier, and my existence is not just surviving day after day anymore. Im in a relationship too. That being said, Ive realized through therapy that Im very much an emotional adolescent, I am still depressed and anxious and I really am questioning whether having an SO right now is wise. She has her issues too, and although not alcohol related, I find myself unable to often be supportive towards her struggles. Im having a rough time right now as well, and even though I havent really had cravings in months now Ive definitely had a fair amount of triggers. I remember someone saying that sobriety is a lonely road on this subreddit, and Id add to that that it is a very selfish journey too, or at least for me. At the same time I feel guilty and yet determined to put myself and my wellbeing first and foremost. It is conflicting. Embarrassing. Alienating. I find myself seeking the same dopamine rushes from the relationship as I did from alcohol, at least to some degree. I dont think that is fair. But at the same time I crave and need connection, as addiction is at the root disconnection from yourself and others. Perhaps disconnection from meaning too. All this being said, Im glad I feel things again. Even though it is scary and terrifying at points. Especially the good things. I will not drink with you today.",Normal,{'anxiety':'yes'}
6r7137,New coping mechanisms,"The past few months have been rough for me. I lost a lot of close people to me and fell back into some bad habit. I moved to a new state for school and have felt completely alone. 
 
 I started self harming a lot more frequently again. I stopped for awhile again but my mom spotted my newer scars. I explained that they're a few months old and I'm fine now. 
 
 So I've been trying a bunch of different ways to cope but no matter what my mom complains about them or something. 
 
 I started painting and do it so often that I just leave my paints out, she complains about the mess and how I'm using her brushes. 
 
 I recently started to learn to play the guitar but it's stressing me out so I was going to go back to the piano. I know I brought it with me to the new state because I remember packing it in the car out of storage. My mom told me she got rid of it because it took up too much space. It was a small keyboard, it bugs me because she let me drag it across the country just to get rid of it without even telling me about it. 
 
 I'm low-key a hoarder and she did the same thing with some things I was really attached to. Telling me I could keep them then secretly getting rid of them and not telling me about it till I'm frantically looking for them. 
 
 I don't feel like doing anything now because I know she'll say something negative about it. I know she doesn't mean to hurt me but that's what it's doing. I've never been good at coping and just feel lost.","[0, 0]",{'control_group'},"New coping mechanisms. The past few months have been rough for me. I lost a lot of close people to me and fell back into some bad habit. I moved to a new state for school and have felt completely alone. I started self harming a lot more frequently again. I stopped for awhile again but my mom spotted my newer scars. I explained that theyre a few months old and Im fine now. So Ive been trying a bunch of different ways to cope but no matter what my mom complains about them or something. I started painting and do it so often that I just leave my paints out, she complains about the mess and how Im using her brushes. I recently started to learn to play the guitar but its stressing me out so I was going to go back to the piano. I know I brought it with me to the new state because I remember packing it in the car out of storage. My mom told me she got rid of it because it took up too much space. It was a small keyboard, it bugs me because she let me drag it across the country just to get rid of it without even telling me about it. Im lowkey a hoarder and she did the same thing with some things I was really attached to. Telling me I could keep them then secretly getting rid of them and not telling me about it till Im frantically looking for them. I dont feel like doing anything now because I know shell say something negative about it. I know she doesnt mean to hurt me but thats what its doing. Ive never been good at coping and just feel lost.",Normal,{'anxiety':'no'}
jrgir4,"I hope I dont make it to 27, its a lie when they say it gets better","The sweetest dreams I have are name dying. 
 
 Im going nowhere fast, there is no going up from here. Life has shown me it can always get worse, so it means that it will. 
 
 I used to be afraid of dying, now Im afraid of degrading. Theres worse things in life than death, and I dont want to see them or continue to experience what Im going through. 
 
 Im a loser, a failure, a half measure, have not. Broke, fat, jaded, and in debt. I have nothing to look forward to, no purpose, just treasons not to live.
 
 Everyone tells you it gets better, but thats a lie, it doesnt. It just compounds on to itself, and the worst part is that it just takes pieces of your soul.
 
 The worst part has been seeing how jaded and ugly Ive become (eternally). The harsh unbearable realize that you werent the person you thought you were, they youre not special. That youre actually less than average, inadequate.
 
 I wake up everyday and I lose and fail, disappoint someone or myself, find creative ways to come up short constantly, I dont want to do it anymore.
 
 If I live past 27 Ive failed, my sweetest dreams are of me dying, I want to cease to existence completely. To be wiped out like a smudge on a white board. I want to know it will all end, even if that means me as well.
 
 The good does not outweigh the bad. It can get worse, it will get worse. And the best thing I can do for me is to end myself.","[0, 0]",{'control_group'},"I hope I dont make it to 27, its a lie when they say it gets better. The sweetest dreams I have are name dying. Im going nowhere fast, there is no going up from here. Life has shown me it can always get worse, so it means that it will. I used to be afraid of dying, now Im afraid of degrading. Theres worse things in life than death, and I dont want to see them or continue to experience what Im going through. Im a loser, a failure, a half measure, have not. Broke, fat, jaded, and in debt. I have nothing to look forward to, no purpose, just treasons not to live. Everyone tells you it gets better, but thats a lie, it doesnt. It just compounds on to itself, and the worst part is that it just takes pieces of your soul. The worst part has been seeing how jaded and ugly Ive become eternally. The harsh unbearable realize that you werent the person you thought you were, they youre not special. That youre actually less than average, inadequate. I wake up everyday and I lose and fail, disappoint someone or myself, find creative ways to come up short constantly, I dont want to do it anymore. If I live past 27 Ive failed, my sweetest dreams are of me dying, I want to cease to existence completely. To be wiped out like a smudge on a white board. I want to know it will all end, even if that means me as well. The good does not outweigh the bad. It can get worse, it will get worse. And the best thing I can do for me is to end myself.",Normal,{'anxiety':'no'}
j8wtlu,I always feel alone around my friends,"Theyre my friends. I love them. I know they at least like me. I know they want me around to an extent. 
 
 Im new to this friend group. Im a sophomore in college and ive never really had friends. I was so happy to meet them and we hang out almost all the time, me and the three of them. But when were all together, i feel so fucking alone. 
 
 They have all of these inside jokes that I dont get. They all know the same people and the same rumors and the same events, because theyre all from the same place, but Im from another state. 
 
 They always laugh together and im always on the outside. They have so much fun together. They point things out to each other that they think another person would like. But not with me. All i want is what they have; but, by not having friends early in life, I missed my chance. Its not their fault i feel alone. I wish it wasnt mine. 
 
 Its so fucking selfish of me to want to be a part of what they have. Theyve known each other their whole lives and ive barely been here a year. But, Ive never had what they have: the deep inside jokes, the history, the fucking bond that ive never experienced. The happiness that they share. I feel so left out and i dont want to, but I cant help it when I want to know what theyre laughing about when it turns out its something that happened 10 years ago that they all experienced. 
 
 I dont think I will ever have that. I missed my chance. I hate feeling alone around the only people I have.
 
 EDIT: spelling and i hate myself","[0, 0]",{'control_group'},"I always feel alone around my friends. Theyre my friends. I love them. I know they at least like me. I know they want me around to an extent. Im new to this friend group. Im a sophomore in college and ive never really had friends. I was so happy to meet them and we hang out almost all the time, me and the three of them. But when were all together, i feel so fucking alone. They have all of these inside jokes that I dont get. They all know the same people and the same rumors and the same events, because theyre all from the same place, but Im from another state. They always laugh together and im always on the outside. They have so much fun together. They point things out to each other that they think another person would like. But not with me. All i want is what they have but, by not having friends early in life, I missed my chance. Its not their fault i feel alone. I wish it wasnt mine. Its so fucking selfish of me to want to be a part of what they have. Theyve known each other their whole lives and ive barely been here a year. But, Ive never had what they have the deep inside jokes, the history, the fucking bond that ive never experienced. The happiness that they share. I feel so left out and i dont want to, but I cant help it when I want to know what theyre laughing about when it turns out its something that happened 10 years ago that they all experienced. I dont think I will ever have that. I missed my chance. I hate feeling alone around the only people I have. EDIT spelling and i hate myself",Normal,"{""anxiety"":""no""}"
7yjvhz,Apathy and self esteem,"Things have been such rollercoaster in my life, and have felt more so the last few months. I remember when I use to have really high self esteem, and now it's just replaced with apathy. 
 
 These last few weeks have been very rough for me emotionally so much I almost walked out my job. I have done a lot of positive things though. Like seeing a therapist, working on myself a lot, trying to get back to school, getting some dental work I've needed done for awhile going, being healthy and productive...pretty much being a normal person like everyone says to do. My home is clean, chores are all done, cook meals, try to exercise ect.
 
 Every time I look at my work schedule and all those days, the overwhelming amount of work. I use to think, that's life and we strive to do better. Now I'm anxious a lot.
 
 But what am I doing all this for? I'm doing everything everyone tells me is right, but yet I just feel miserable. I've lost so much this last year, but I'm still standing and working hard. I feel less of a human being than I use to. I'm functioning on a higher level than most who may feel the way I do...but how long can that last, and where are things going with my future? I'm just sad, confused and honestly scared at the rate I keep having bad things happen to me. 
 
 I hope talking to my therapist after work tomorrow will help. I feel really unbalanced, anxious at night and deeply sad. Just at a loss","[0, 0]",{'control_group'},"Apathy and self esteem. Things have been such rollercoaster in my life, and have felt more so the last few months. I remember when I use to have really high self esteem, and now its just replaced with apathy. These last few weeks have been very rough for me emotionally so much I almost walked out my job. I have done a lot of positive things though. Like seeing a therapist, working on myself a lot, trying to get back to school, getting some dental work Ive needed done for awhile going, being healthy and productive.pretty much being a normal person like everyone says to do. My home is clean, chores are all done, cook meals, try to exercise ect. Every time I look at my work schedule and all those days, the overwhelming amount of work. I use to think, thats life and we strive to do better. Now Im anxious a lot. But what am I doing all this for? Im doing everything everyone tells me is right, but yet I just feel miserable. Ive lost so much this last year, but Im still standing and working hard. I feel less of a human being than I use to. Im functioning on a higher level than most who may feel the way I do.but how long can that last, and where are things going with my future? Im just sad, confused and honestly scared at the rate I keep having bad things happen to me. I hope talking to my therapist after work tomorrow will help. I feel really unbalanced, anxious at night and deeply sad. Just at a loss",Normal,"{""anxiety"":""yes""}"
lpne97,How to deal with parents/people who constantly invalidate your struggles?,"This has been a long-running issue with my parents.
 
 Started years and years ago when I was stressed about so much. Couldn't sleep so went to talk to my dad. He just said ""You want stress? Try living my life!"" and refused to talk to me. 
 
 It's been the same with my mum, where I was not allowed to be upset or depressed without her flipping out and reminding me of all the reasons SHE'S allowed to be upset. As if my problems weren't anything compared to hers.
 
 And then last night, I was talking to her on the phone about work. I'm currently doing 12 hour shifts, but only have time for about 6 hours sleep which left me feeling exhausted. I started to say how the 6 hours sleep isn't working for me and she said: ""Six hours?! HA! I'd be glad to get that!"" then went on a rant about how much sleep she got. I was going to tell her how I was so exhausted I was actually zoned out, depersonalised and dizzy for most of my last shift but didn't. I just shut up and let her tell me how bad things were with her.
 
 It just feels like I cannot express my feelings or struggles without one of them saying how I shouldn't feel that way because they have it worse. I just hate people like that, and the fact it is my parents who do it is kind of crushing. 
 
 How do you deal with this? It just pisses me off.","[0, 0]",{'control_group'},"How to deal with parentspeople who constantly invalidate your struggles. This has been a longrunning issue with my parents. Started years and years ago when I was stressed about so much. Couldnt sleep so went to talk to my dad. He just said You want stress? Try living my life! and refused to talk to me. Its been the same with my mum, where I was not allowed to be upset or depressed without her flipping out and reminding me of all the reasons SHES allowed to be upset. As if my problems werent anything compared to hers. And then last night, I was talking to her on the phone about work. Im currently doing 12 hour shifts, but only have time for about 6 hours sleep which left me feeling exhausted. I started to say how the 6 hours sleep isnt working for me and she said Six hours! HA! Id be glad to get that! then went on a rant about how much sleep she got. I was going to tell her how I was so exhausted I was actually zoned out, depersonalised and dizzy for most of my last shift but didnt. I just shut up and let her tell me how bad things were with her. It just feels like I cannot express my feelings or struggles without one of them saying how I shouldnt feel that way because they have it worse. I just hate people like that, and the fact it is my parents who do it is kind of crushing. How do you deal with this? It just pisses me off.",Normal,{'anxiety':'no'}
enkcef,I need someone else to either reassure or resolve my emotional and mental state,"This is gonna be fucking long.
 
 I'll give a bit of background, I'm a male junior in the US, used to fail classes due to lack of motivation but I somehow picked myself up, I play a fuck ton of video games, I'm the ""always happy and joking"" one, and I was diagnosed with severe depression when I was around 12.
 
 I think I'm at my lowest point ever, and I personally believe I have no reason to be. Nothing bad is happening, nothing changed, I was just slapped in the face with an extreme low that was lower than when I was failing half of my classes. I wrote out a 8-9 page thing that just goes over the whole thing, [and you can find that here](https://docs.google.com/document/d/1YQTaOtmaJswbUZSRETFn2VqmBh5vewVDte3X9GVQFZc/edit?usp=sharing). Comments are enabled, I initially wrote this for people who knew me, but I need some external advice and opinions.
 

 
 To be perfectly honest, I wouldnt mind if you say ""you dont have it as bad as me"", I would agree.","[0, 0]",{'control_group'},"I need someone else to either reassure or resolve my emotional and mental state. This is gonna be fucking long. Ill give a bit of background, Im a male junior in the US, used to fail classes due to lack of motivation but I somehow picked myself up, I play a fuck ton of video games, Im the always happy and joking one, and I was diagnosed with severe depression when I was around 12. I think Im at my lowest point ever, and I personally believe I have no reason to be. Nothing bad is happening, nothing changed, I was just slapped in the face with an extreme low that was lower than when I was failing half of my classes. I wrote out a 89 page thing that just goes over the whole thing, and you can find that here. Comments are enabled, I initially wrote this for people who knew me, but I need some external advice and opinions. To be perfectly honest, I wouldnt mind if you say you dont have it as bad as me, I would agree.",Normal,"{""anxiety"":""no""}"
9npr1d,Scared of no longer feeling suicidal... has anyone else ever felt this way?,"This post is going to sound really stupid and it's hard to explain. I have reached a point where my depression has been feeling like too much to handle and I will soon be starting TMS treatments for the depression. I'm feeling really scared about it, but for all the wrong reasons. I am scared of the TMS itself, but honestly, I am even more scared about recovery. I am pretty chronically suicidal and have suicidal thoughts basically all day every day. They are very obsessive/compulsive (I have OCD as well) and in many ways the suicidal thoughts are very calming for me because they make me feel like I have a way out and an escape from feeling this way.
 
 I'm terrified of starting the TMS because I am terrified of recovery and terrified of losing my suicidal thoughts because they make me feel safe. What if I'm ""recovered"" after this TMS and my depression and suicidal thoughts are gone, but I am still stuck in this horrible life position that I am in? At that point there is no escape anymore and it feels like I will be trapped.
 
 I know it sounds crazy but I really don't want to lose the thoughts, even if that means quitting therapy and cancelling the rest of my appointments with my doctors etc. What is the point of being in treatment anymore and wasting everyone's time if I don't feel ready to let go of the thoughts? I really am considering stopping treatment... I dont know, I'll stop rambling.
 
 I guess my main question is, has anyone else ever been afraid of recovery or of losing their suicidal thoughts? I feel so stupid admitting that I am.","[1, 0]",{'depressive_disorder'},"Scared of no longer feeling suicidal. has anyone else ever felt this way. This post is going to sound really stupid and its hard to explain. I have reached a point where my depression has been feeling like too much to handle and I will soon be starting TMS treatments for the depression. Im feeling really scared about it, but for all the wrong reasons. I am scared of the TMS itself, but honestly, I am even more scared about recovery. I am pretty chronically suicidal and have suicidal thoughts basically all day every day. They are very obsessivecompulsive I have OCD as well and in many ways the suicidal thoughts are very calming for me because they make me feel like I have a way out and an escape from feeling this way. Im terrified of starting the TMS because I am terrified of recovery and terrified of losing my suicidal thoughts because they make me feel safe. What if Im recovered after this TMS and my depression and suicidal thoughts are gone, but I am still stuck in this horrible life position that I am in? At that point there is no escape anymore and it feels like I will be trapped. I know it sounds crazy but I really dont want to lose the thoughts, even if that means quitting therapy and cancelling the rest of my appointments with my doctors etc. What is the point of being in treatment anymore and wasting everyones time if I dont feel ready to let go of the thoughts? I really am considering stopping treatment. I dont know, Ill stop rambling. I guess my main question is, has anyone else ever been afraid of recovery or of losing their suicidal thoughts? I feel so stupid admitting that I am.",Depression,{'anxiety':'no'}
ddh5uy,Depression and Bone Breaking Urge,"Throwaway account bc reasons
 
 Trigger warning self harm
 
 Gonna post this elsewhere too bc Im curious...
 
 Weird and specific question for the psychologists of reddit or people with depression
 
 Does anyone else get a feeling like they want their bones to break when particularly depressed?
 
 Some background- I was diagnosed with depression a few years ago after my masters degree fucked with my head and I started getting strong urges to self harm- mostly cutting/the use of sharp objects. But sometimes if an argument with a family member or a fuck up or something will send me into a bit spiral and Ill have this craving for my bones to snap. Its not like I want to do it myself or have anyone else do it, but it just feels like I need them to snap. In particular, my tibia/fibula or fingers. Id also like to add that Ive never actually broken a bone- accident or otherwise. 
 
 Im on lexapro and seeing a therapist and in general Im doing pretty good which is why I feel comfortable posting about this. I havent self harmed for probably a year now, so Im doing well. Im better at not freaking out when I have thoughts like this and just thinking ˜huh...weird. 
 
 
 Does anyone else feel like this? Is there a reason this happens? Why bones breaking and why those specific ones?","[1, 0]",{'depressive_disorder'},"Depression and Bone Breaking Urge. Throwaway account bc reasons Trigger warning self harm Gonna post this elsewhere too bc Im curious. Weird and specific question for the psychologists of reddit or people with depression Does anyone else get a feeling like they want their bones to break when particularly depressed? Some background I was diagnosed with depression a few years ago after my masters degree fucked with my head and I started getting strong urges to self harm mostly cuttingthe use of sharp objects. But sometimes if an argument with a family member or a fuck up or something will send me into a bit spiral and Ill have this craving for my bones to snap. Its not like I want to do it myself or have anyone else do it, but it just feels like I need them to snap. In particular, my tibiafibula or fingers. Id also like to add that Ive never actually broken a bone accident or otherwise. Im on lexapro and seeing a therapist and in general Im doing pretty good which is why I feel comfortable posting about this. I havent self harmed for probably a year now, so Im doing well. Im better at not freaking out when I have thoughts like this and just thinking huh.weird. Does anyone else feel like this? Is there a reason this happens? Why bones breaking and why those specific ones?",Depression,{'anxiety':'no'}
8tano8,Got diagnosed today - What was your first day like? What should I expect now?,"Today I went to my second psychologist appointment and got diagnosed with anxiety and depression. The anxiety part I knew because of all the symptoms I had, but I just didn't expect to have depression as well. I got referred to a psychiatrist and will probably be given medication soon. It felt quite surreal walking out of the clinic - I couldn't really believe it. I have always been a calm, chill guy and never thought I would be here. I felt so lost and kept asking myself how I got to this low point of my life. I can't shake off the feeling of going straight downhill from this point on... but I don't even know what to expect, the feeling that it could be worse than what I'm feeling right now is terrifying. So... what was your first day like after being told? Did you guys know that you had anxiety and depression before checking in with a professional? Did you feel much worse after being ""diagnosed""? 
 
 Coming from an Asian country and a traditional family, I feel very ashamed and embarrassed about myself (I know I shouldn't...). I have only told my girlfriend about my situation for the past year. As a student I still live with my parents, I really don't know how to tell them or if I should even do so, given their traditional mindset. I am actually afraid that they will think I'm literally ""out of my mind"" or crazy. Does anyone have similar experiences?","[1, 1]","{'depressive_disorder', 'anxiety_disorder'}","Got diagnosed today What was your first day like? What should I expect now. Today I went to my second psychologist appointment and got diagnosed with anxiety and depression. The anxiety part I knew because of all the symptoms I had, but I just didnt expect to have depression as well. I got referred to a psychiatrist and will probably be given medication soon. It felt quite surreal walking out of the clinic I couldnt really believe it. I have always been a calm, chill guy and never thought I would be here. I felt so lost and kept asking myself how I got to this low point of my life. I cant shake off the feeling of going straight downhill from this point on. but I dont even know what to expect, the feeling that it could be worse than what Im feeling right now is terrifying. So. what was your first day like after being told? Did you guys know that you had anxiety and depression before checking in with a professional? Did you feel much worse after being diagnosed? Coming from an Asian country and a traditional family, I feel very ashamed and embarrassed about myself I know I shouldnt.. I have only told my girlfriend about my situation for the past year. As a student I still live with my parents, I really dont know how to tell them or if I should even do so, given their traditional mindset. I am actually afraid that they will think Im literally out of my mind or crazy. Does anyone have similar experiences?",Comorbid (Depression + Anxiety),{'anxiety':'yes'}
eyd73f,Its been 7 months since i last cut myself but...,Today things spiraled i need help from my parents i was short on rent. I understand that should be able to take care of things myself but i wasn't able to this month. After a brief phone call with my mother. Things got out of hand her disapointment in me grew to anger which led her to diminish everything i had been trying to do jjst talking down to me. Then that lead to her to start to bring up all my past failures. Letting know just how worthless i am. How pathetic i am. I hung up on her. Which just ment she now had to keep calling because she wasnt done beratting me. I didnt pick up because i knew now she would only talk about how i disrespected her and it would only give her more right to talk down to me more. I knew she would prolly drive over to my apartment to i took off. I grabed my knife and went across town chained smoked about 7 cigarettes and opened my knife and dragged it across my arm. Call it luck call it a moment of weakness or call it being ill prepared but it was to dull to break skin. I put more pressure and more untill it started to tear my skin i was numb to the pain but still i couldnt break skin. Now that i have fresh scars on my arm. I can see if it had just been a bit sharper this would have prolly been my last day here. .... I dont know how to feel i am both relieved and disapointed its like i even failed at this. I really cant do anything right.,"[0, 0]",{'control_group'},Its been 7 months since i last cut myself but. Today things spiraled i need help from my parents i was short on rent. I understand that should be able to take care of things myself but i wasnt able to this month. After a brief phone call with my mother. Things got out of hand her disapointment in me grew to anger which led her to diminish everything i had been trying to do jjst talking down to me. Then that lead to her to start to bring up all my past failures. Letting know just how worthless i am. How pathetic i am. I hung up on her. Which just ment she now had to keep calling because she wasnt done beratting me. I didnt pick up because i knew now she would only talk about how i disrespected her and it would only give her more right to talk down to me more. I knew she would prolly drive over to my apartment to i took off. I grabed my knife and went across town chained smoked about 7 cigarettes and opened my knife and dragged it across my arm. Call it luck call it a moment of weakness or call it being ill prepared but it was to dull to break skin. I put more pressure and more untill it started to tear my skin i was numb to the pain but still i couldnt break skin. Now that i have fresh scars on my arm. I can see if it had just been a bit sharper this would have prolly been my last day here. I dont know how to feel i am both relieved and disapointed its like i even failed at this. I really cant do anything right.,Normal,{'anxiety':'no'}
77qnvx,Is seasonal depression a thing????,"TRIGGER WARNING: Suicide/Self harm mention.
 
 Around this time in 2013, I was diagnosed with depression. As a kid I dealt with a lot of sh*t, but I always let it sit in the back of my mind. In 2013, I was around the age of 15-16 and something happened that forced me to live a lifestyle I wasnt comfortable with. That triggered everything I went through and saw and came crashing down on me all at once. Since then I have never been the same, I deal with my depression and anixety all the way throughout the year. But it seems like now it is 10xs worse during august-january(ish). Throughout all my years of dealing with depression, I never really thought of suicide. Kind of just wanted to die most of the time from some accident I couldnt prevent. But lately its gotten worse. Ive even resorted to self-harm and constant oversleeping. Ive been feeling really numb too, like nothing really matters. Can someone please tell me im not going crazy? That sometimes depression can be a seasonal thing?","[1, 0]",{'depressive_disorder'},"Is seasonal depression a thing. TRIGGER WARNING SuicideSelf harm mention. Around this time in 2013, I was diagnosed with depression. As a kid I dealt with a lot of sht, but I always let it sit in the back of my mind. In 2013, I was around the age of 1516 and something happened that forced me to live a lifestyle I wasnt comfortable with. That triggered everything I went through and saw and came crashing down on me all at once. Since then I have never been the same, I deal with my depression and anixety all the way throughout the year. But it seems like now it is 10xs worse during augustjanuaryish. Throughout all my years of dealing with depression, I never really thought of suicide. Kind of just wanted to die most of the time from some accident I couldnt prevent. But lately its gotten worse. Ive even resorted to selfharm and constant oversleeping. Ive been feeling really numb too, like nothing really matters. Can someone please tell me im not going crazy? That sometimes depression can be a seasonal thing?",Depression,"{""anxiety"":""yes""}"
aek3n9,"I cant stop thinking about death and I feel like nothing matters because everyone dies and no one can stop that. No matter what you do in life, even if you cure cancer, you will still die like the rest of us.","Two years ago I was diagnosed with chronic depression, which at that point was just the basic irrational sadness and wasnt the main focus of my life. I did see a couple of therapists that year but none of them could help me and my mental health was just getting worse. Just over a year ago, I began thinking of death and that no matter what everyone dies and I dont really want that go on. I had been trying to avoid thinking of this topic of existentialism, because I know how my mind fixates on these sorts of things. And for a while I didnt tell anyone and pretended to be the same even though I felt like a completely different person. 
 
 One therapist I went to specifically to talk about this problem told me that there was nothing I could do and that all I could do is live with it. Now its all I can think about and I truely know what it means to feel dead inside.
 
 Half of me wishes I was never born so I didnt have to live knowing that nothing matters and no matter what I wont be happy again, the other half want me to, well, I dont know what.
 
 At this point I dont feel like I have a personality.
 
 I know some of you people have dealt with these thoughts at some point and I want to know how you dealt with them.
 
 Please, Im desperate.","[1, 0]",{'depressive_disorder'},"I cant stop thinking about death and I feel like nothing matters because everyone dies and no one can stop that. No matter what you do in life, even if you cure cancer, you will still die like the rest of us. Two years ago I was diagnosed with chronic depression, which at that point was just the basic irrational sadness and wasnt the main focus of my life. I did see a couple of therapists that year but none of them could help me and my mental health was just getting worse. Just over a year ago, I began thinking of death and that no matter what everyone dies and I dont really want that go on. I had been trying to avoid thinking of this topic of existentialism, because I know how my mind fixates on these sorts of things. And for a while I didnt tell anyone and pretended to be the same even though I felt like a completely different person. One therapist I went to specifically to talk about this problem told me that there was nothing I could do and that all I could do is live with it. Now its all I can think about and I truely know what it means to feel dead inside. Half of me wishes I was never born so I didnt have to live knowing that nothing matters and no matter what I wont be happy again, the other half want me to, well, I dont know what. At this point I dont feel like I have a personality. I know some of you people have dealt with these thoughts at some point and I want to know how you dealt with them. Please, Im desperate.",Depression,{'anxiety':'no'}
aoj4sf,Finally went to a psychiatrist.,"We talked and I shared my experiences, I was diagnosed with depression and he has suspicions that I might have either Bipolar or Borderline disorder, he didn't talk about it much , but he told me ""If we truly want to see what you are, first let us eliminate depression and then see if your mood swings disappear, if they don't...then it will mean something else, depression can often mask the other diseases that might be hidden deep within, let's get rid of depression and see how you feel""
 
 He prescribed Trazodone (Trittico) which apparently is used for stabilizing emotional state and it should also help me with my mood swings.
 
 He also prescribed Lamotrigine (Lamictal) which is mainly used for BP or BPD patients, mood swings and insomnia.
 
 He said that there is no such thing as SPD or having any major problem in my brain, but he advised me to get a psychologist whom will help me to overcome my phobias, he also added that psychologist will have lots of work ahead of him.
 
 So that's it, I'm hopeful that in soon enough I will be well and I will have a chance to be a normal human, to experience same things my peers experience, to be able to build relationships without any cracks in them or having any fear they will collapse because of my mental state.
 
 I will soon start using medication prescribed to me and I will keep you updated as the situation goes well or worsens.","[1, 0]",{'depressive_disorder'},"Finally went to a psychiatrist. We talked and I shared my experiences, I was diagnosed with depression and he has suspicions that I might have either Bipolar or Borderline disorder, he didnt talk about it much , but he told me If we truly want to see what you are, first let us eliminate depression and then see if your mood swings disappear, if they dont.then it will mean something else, depression can often mask the other diseases that might be hidden deep within, lets get rid of depression and see how you feel He prescribed Trazodone Trittico which apparently is used for stabilizing emotional state and it should also help me with my mood swings. He also prescribed Lamotrigine Lamictal which is mainly used for BP or BPD patients, mood swings and insomnia. He said that there is no such thing as SPD or having any major problem in my brain, but he advised me to get a psychologist whom will help me to overcome my phobias, he also added that psychologist will have lots of work ahead of him. So thats it, Im hopeful that in soon enough I will be well and I will have a chance to be a normal human, to experience same things my peers experience, to be able to build relationships without any cracks in them or having any fear they will collapse because of my mental state. I will soon start using medication prescribed to me and I will keep you updated as the situation goes well or worsens.",Depression,{'anxiety':'no'}
50bp3e,FUCK THE FUCK OFF,"What the fucking hell man, I'm so sick of the whole damn thing. Like what the fuck, this whole fucking life and this whole thing. Can I just disappear. No not kill myself could I just fuck of this fucking existence. Like that's just it no sad faces and mourning just a fucking break from this fucking shit storm we call a life. I mean I tried, I didn't like it, I wasn't successful, can I quit now? It's just not fun anymore. And don't say I can do it you little optimus maximus. Pills? Check. Therapy? Check. Still a fucking sad failure? TRIPLE CHECK.
 
 But bro it takes a while.
 
 Fucking 2 years already could I get a fucking break or at least a little fucking bit of happiness? 
 
 Happiness is inside you m8.
 
 Yeah I tried getting it but turns out that is a bit gory now isn't it? 
 
 
 
 And don't even start with the fucking online community support fucking shitstorm. This will probably get removed and I'll be sent a message to contact the nearest suicide hot line. 
 
 WELL GUESS WHAT WHERE I LIVE THERE ISN'T ONE, IN FACT THE BIGGEST WORRY ANYONE HAS IS HOW THEY WILL WIPE THAT BODY OF THE PAVEMENT. 
 
 And that is just it. My life in a nutshell. I will feel better once I get my 5 up votes and MAYBE a nice message. BUT GUESS WHAT? 
 
 I'll be back next week again, and then week after that, and again and again and again because there is no end to this torture.
 
 Like if you came this far just tell me why do you live and why I should to. Just tell me. Non of that spiritual bs I'm sick of that shit, and if you copy paste something from getmotivated..............","[0, 0]",{'control_group'},"FUCK THE FUCK OFF. What the fucking hell man, Im so sick of the whole damn thing. Like what the fuck, this whole fucking life and this whole thing. Can I just disappear. No not kill myself could I just fuck of this fucking existence. Like thats just it no sad faces and mourning just a fucking break from this fucking shit storm we call a life. I mean I tried, I didnt like it, I wasnt successful, can I quit now? Its just not fun anymore. And dont say I can do it you little optimus maximus. Pills? Check. Therapy? Check. Still a fucking sad failure? TRIPLE CHECK. But bro it takes a while. Fucking 2 years already could I get a fucking break or at least a little fucking bit of happiness? Happiness is inside you m8. Yeah I tried getting it but turns out that is a bit gory now isnt it? And dont even start with the fucking online community support fucking shitstorm. This will probably get removed and Ill be sent a message to contact the nearest suicide hot line. WELL GUESS WHAT WHERE I LIVE THERE ISNT ONE, IN FACT THE BIGGEST WORRY ANYONE HAS IS HOW THEY WILL WIPE THAT BODY OF THE PAVEMENT. And that is just it. My life in a nutshell. I will feel better once I get my 5 up votes and MAYBE a nice message. BUT GUESS WHAT? Ill be back next week again, and then week after that, and again and again and again because there is no end to this torture. Like if you came this far just tell me why do you live and why I should to. Just tell me. Non of that spiritual bs Im sick of that shit, and if you copy paste something from getmotivated.",Normal,"{""anxiety"":""no""}"
86f0ko,Depression and meds,"Wondering if anti-depressants are right for me. I'm really against it, because I don't like every day or life long drugs. I've been on suboxone for 10 years and have to take it every day and I feel that's enough in itself.
 
 I work almost every day as my job keeps losing people, so the hours are now longer and my off days get very spread out. I'm pretty depressed at work and when I get home just feel relived to be off. I get 4hrs, bed and back to work. When I get an off day, I'm just laying in bed and don't even eat breakfast till 2pm. No longer enjoy the hobbies I use to look forward to. I just get anxiety, a lot of depression and can't even get out or leave my home much anymore. My responsibilities fall wayside, and I tend to isolate at home rather than taking anyone up on an offer to see them. 
 
 Hell I don't even like escapism through drinking or any of that. I use to sometimes have a few beers and do hobbies and light up as a fix. But now I'm not even about that. The time just flys by, as I sit on my phone for hours and the day is gone. Like right now I finally have an off day, I feel like I can't even move or do anything. It's a feeling of just accepting defeat and doing the minimal to sustain life through work and get by. I'm just feeling numb and spaced out and just frozen.
 
 Is this depression pretty much?","[0, 0]",{'control_group'},"Depression and meds. Wondering if antidepressants are right for me. Im really against it, because I dont like every day or life long drugs. Ive been on suboxone for 10 years and have to take it every day and I feel thats enough in itself. I work almost every day as my job keeps losing people, so the hours are now longer and my off days get very spread out. Im pretty depressed at work and when I get home just feel relived to be off. I get 4hrs, bed and back to work. When I get an off day, Im just laying in bed and dont even eat breakfast till 2pm. No longer enjoy the hobbies I use to look forward to. I just get anxiety, a lot of depression and cant even get out or leave my home much anymore. My responsibilities fall wayside, and I tend to isolate at home rather than taking anyone up on an offer to see them. Hell I dont even like escapism through drinking or any of that. I use to sometimes have a few beers and do hobbies and light up as a fix. But now Im not even about that. The time just flys by, as I sit on my phone for hours and the day is gone. Like right now I finally have an off day, I feel like I cant even move or do anything. Its a feeling of just accepting defeat and doing the minimal to sustain life through work and get by. Im just feeling numb and spaced out and just frozen. Is this depression pretty much?",Normal,"{""anxiety"":""yes""}"
998yib,I don't think psychiatry is for me.,"You ever feel like wanting to get help but just know doctors or counselors won't do any difference? I was diagnosed With MDD and GAD last year but was unfortunate enough to encounter bad psychiatrists that I felt only aggravated my condition. That's when it hit me that psychiatry is empty talk and nothing else and the reason why I refused to go back to a ""professional.""
 
 I'm also surrounded with people afflicted with mental illness and I don't see them getting better with therapy and medicines. 
 
 I don't know. Right now, I'm kind of like living and taking it all in as I go and wait for me to finally have enough of everything. Nothing interests me anymore. I don't enjoy the things that I used to love doing. I just lay down every chance I get and try not to crack. I fake connections with friends to feel something or don't connect at all. Can't keep a job for too long because the whole process gets exhausting quickly. I'm unemployed again and I can already hear inadequacy and self-loathing knocking on my door. In a few weeks, I will go job-hunting again and the cycle repeats. 
 
 It also doesn't help that my birthday is coming up in a few days. Birthdays are specially harder. I've been toying with the idea of killing myself (and deleting all my social media accounts) or before but I'm fighting it. 
 
 This is exhausting but I've already accepted my fate and that no one else can help me.","[1, 1]","{'depressive_disorder', 'anxiety_disorder'}","I dont think psychiatry is for me. You ever feel like wanting to get help but just know doctors or counselors wont do any difference? I was diagnosed With MDD and GAD last year but was unfortunate enough to encounter bad psychiatrists that I felt only aggravated my condition. Thats when it hit me that psychiatry is empty talk and nothing else and the reason why I refused to go back to a professional. Im also surrounded with people afflicted with mental illness and I dont see them getting better with therapy and medicines. I dont know. Right now, Im kind of like living and taking it all in as I go and wait for me to finally have enough of everything. Nothing interests me anymore. I dont enjoy the things that I used to love doing. I just lay down every chance I get and try not to crack. I fake connections with friends to feel something or dont connect at all. Cant keep a job for too long because the whole process gets exhausting quickly. Im unemployed again and I can already hear inadequacy and selfloathing knocking on my door. In a few weeks, I will go jobhunting again and the cycle repeats. It also doesnt help that my birthday is coming up in a few days. Birthdays are specially harder. Ive been toying with the idea of killing myself and deleting all my social media accounts or before but Im fighting it. This is exhausting but Ive already accepted my fate and that no one else can help me.",Comorbid (Depression + Anxiety),{'anxiety':'yes'}
