level_0,index,Unnamed: 0,created_utc,subreddit,author,domain,url,num_comments,score,ups,downs,title,selftext,id,retrieved_on,over_18,subreddit_id,archived,is_self,quarantine,date,year,month,day,time,ID,selftext_len,anger,disgust,fear,sadness,NRC_total,emp_total,text,labels,label_desc,disorder
,,,,,,,,,,,,Struggling with paranoia and taking driving me insane,"Partner and I have been together 10 months 
 
 I woke up early today to see that he was active on Facebook 8am which he isn't usually on st that time 
 
 I asked why he was up early and he said postman woke him up and he was going to go back to sleep so I said ok and he viewed and ignored it 
 
 Later I went back on Facebook and he was still active when I messaged him he viewed it instantly and didn't reply I messaged him again 
 
 He's still constantly active and viewing my messages instantly and I've escalated and started acting crazy ( I'm meant to be seeing him today) asking why he's constantly on 
 
 Because I'm convinced he's messaging someone else but when I look over his shoulder at his phone it's just me and his family group chat on the messages but that makes me think he's up to something like he deletes messages etc etc 
 I feel sick and I can't breathe and I can't focus and I keep crying 
 
 Why does bpd have to fuck me over like this and why is my brain not seeing any logical explanation right now why is it just paranoia 
 
 He doesn't know I have bpd but Its getting worse I'm scared it's going to ruin this relationship like it's done in the past and I've tried so hard not to be crazy but it's all blurted out to him 
 
 He didn't even answer me he just changed the subject to let me know when you're leaving at 2 
 
 I've got no one to speak to about how I'm feeling that can reassure me that everything's ok and give me logical explanation behind it",bejzlc,,,,,,,,,,,,,,,,,,,,Struggling with paranoia and taking driving me insane. Partner and I have been together 10 months I woke up early today to see that he was active on Facebook 8am which he isnt usually on st that time I asked why he was up early and he said postman woke him up and he was going to go back to sleep so I said ok and he viewed and ignored it Later I went back on Facebook and he was still active when I messaged him he viewed it instantly and didnt reply I messaged him again Hes still constantly active and viewing my messages instantly and Ive escalated and started acting crazy Im meant to be seeing him today asking why hes constantly on Because Im convinced hes messaging someone else but when I look over his shoulder at his phone its just me and his family group chat on the messages but that makes me think hes up to something like he deletes messages etc etc I feel sick and I cant breathe and I cant focus and I keep crying Why does bpd have to fuck me over like this and why is my brain not seeing any logical explanation right now why is it just paranoia He doesnt know I have bpd but Its getting worse Im scared its going to ruin this relationship like its done in the past and Ive tried so hard not to be crazy but its all blurted out to him He didnt even answer me he just changed the subject to let me know when youre leaving at 2 Ive got no one to speak to about how Im feeling that can reassure me that everythings ok and give me logical explanation behind it,"[0, 0]",gold_label,{'control_group'}
,,,,,,,,,,,,Death calls to me.,"She calls to me, so soft and sweet.
 Offering a way to defeat the pain.
 That finally I can free.
 And find a way to make it it end.
 
 For 20 years I've fought and lost.
 Against a foe that even doctors claim I couldn't beat.
 They have asked me ""How are you still alive?""
 To which I reply ""Because of those I still love.""
 
 But now they are gone.
 And the torture remains.
 Where I am to suffer and die for billions of years.
 Thanks to these hallucinations creates by my very own mind.
 
 I just want to sleep.
 I just want to be free.
 No longer to fear the monster sleeping within me.
 
 Now even with my waking eyes.
 Death calls to me.
 Her voice so soft.
 Claiming she will set me free.",5nhulz,,,,,,,,,,,,,,,,,,,,"Death calls to me. She calls to me, so soft and sweet. Offering a way to defeat the pain. That finally I can free. And find a way to make it it end. For 20 years Ive fought and lost. Against a foe that even doctors claim I couldnt beat. They have asked me How are you still alive? To which I reply Because of those I still love. But now they are gone. And the torture remains. Where I am to suffer and die for billions of years. Thanks to these hallucinations creates by my very own mind. I just want to sleep. I just want to be free. No longer to fear the monster sleeping within me. Now even with my waking eyes. Death calls to me. Her voice so soft. Claiming she will set me free.","[0, 0]",gold_label,{'control_group'}
,,,,,,,,,,,,I don't know how to cope I feel insanely abandoned,"So my mental health has been on the decline lately and honestly it sucks insanely. I recently got left by my s.o because i attempted suicide we had other issues but that was the ultimate cause. He was my bestfriend so I lost that, we tried to get back together but his friends convinced him that we shouldn't i don't fully understand why, but it really has made me feel not good enough. I dont have many friends and none of them are close so its really hard to talk about m feelings to anyone. My family (except my dad) aren't bad people it's just that iv'e never been close to any of them and honestly i see myself cutting contact with them in 5 years, my father yesterday told me when he was drunk that he tried to convince my mum to abort me which isn't the worse thing hes said. And iv'e started isolating myself. But the worse part is that I lost the pesron that I thought would be there for me through this and that i would talk to and I don't really know what to do.",6nm769,,,,,,,,,,,,,,,,,,,,"I dont know how to cope I feel insanely abandoned. So my mental health has been on the decline lately and honestly it sucks insanely. I recently got left by my s.o because i attempted suicide we had other issues but that was the ultimate cause. He was my bestfriend so I lost that, we tried to get back together but his friends convinced him that we shouldnt i dont fully understand why, but it really has made me feel not good enough. I dont have many friends and none of them are close so its really hard to talk about m feelings to anyone. My family except my dad arent bad people its just that ive never been close to any of them and honestly i see myself cutting contact with them in 5 years, my father yesterday told me when he was drunk that he tried to convince my mum to abort me which isnt the worse thing hes said. And ive started isolating myself. But the worse part is that I lost the pesron that I thought would be there for me through this and that i would talk to and I dont really know what to do.","[0, 0]",gold_label,{'control_group'}
,,,,,,,,,,,,Falling back in,"last year my depression got really bad to the point of me withdrawing for the fall semester. I thought I could handle the spring semester but I still owed about 2000 dollars for the fall and I tried to find loans but to no avail. I now I have to tell my dad that I withdrew and owe them money for a semester I didn't take. the only good part is that they owe me a refund for the spring that would cover the loan needed but they can't give it until I'm in good standing. but during the spring my depression came back slowly and now I'm definatly going to fail a class and might fail another. I fail other class I'm kicked out and have to pay for the semester out of pocket. It's all my fault for letting this happen and now I just don't care anymore. Don't want a degree, dont want a job dont want to exist anymore I don't see the point anymore to continue on when I have to ask myself everyday if I want to live",4fd6f2,,,,,,,,,,,,,,,,,,,,"Falling back in. last year my depression got really bad to the point of me withdrawing for the fall semester. I thought I could handle the spring semester but I still owed about 2000 dollars for the fall and I tried to find loans but to no avail. I now I have to tell my dad that I withdrew and owe them money for a semester I didnt take. the only good part is that they owe me a refund for the spring that would cover the loan needed but they cant give it until Im in good standing. but during the spring my depression came back slowly and now Im definatly going to fail a class and might fail another. I fail other class Im kicked out and have to pay for the semester out of pocket. Its all my fault for letting this happen and now I just dont care anymore. Dont want a degree, dont want a job dont want to exist anymore I dont see the point anymore to continue on when I have to ask myself everyday if I want to live","[1, 0]",gold_label,{'depressive_disorder'}
,,,,,,,,,,,,Am I a failure for staying home at new year's eve?? Please read ¤ happy new year btw ðŸ‚,"Happy new year everyone and I hope you have a wonderful time in 2020...¤
 
 My problem is that every year I'd celebrate with my family or friends and get all dressed up, make up etc. About 10 months ago I was diagnosed with depression and I lost all of my friends and I also moved away from my family because they were toxic to me. I am so depressed more and more each day... It's midnight and I hear everyone screaming, celebrating outside and I am here alone at home with my 2 dogs looking at fireworks out of the window... Am I failure? Am I bad person for not getting dressed up? Should I be embarrassed? ðŸ’”ðŸ˜“",ei9s4u,,,,,,,,,,,,,,,,,,,,"Am I a failure for staying home at new years eve? Please read happy new year btw . Happy new year everyone and I hope you have a wonderful time in 2020. My problem is that every year Id celebrate with my family or friends and get all dressed up, make up etc. About 10 months ago I was diagnosed with depression and I lost all of my friends and I also moved away from my family because they were toxic to me. I am so depressed more and more each day. Its midnight and I hear everyone screaming, celebrating outside and I am here alone at home with my 2 dogs looking at fireworks out of the window. Am I failure? Am I bad person for not getting dressed up? Should I be embarrassed?","[1, 0]",gold_label,{'depressive_disorder'}
,,,,,,,,,,,,Sinking again,"I was diagnosed with depression about 9 months ago and I had a real rough time with it. It was a hole combined of a few things that would mess me up to the point where all I had eaten for two weeks could fit on a single small plate. I couldn't sleep, had no motivation for anything and I was miserable every day. The suicidal thoughts were almost an everyday companion too and my friends couldn't, or as I felt many times, wouldn't do anything to help me. Who knows which is true, I really don't know anymore. It feels like most of my friends just pretend to care. 
 Anyway, I went to my doctor, started therapy and medication and in a few months I was a new person. My confidence grew to extents I had never imagined possible, I felt good and all. I was stupid enough to stop taking my medication after my therapy ended and I was feeling well. I haven't taken them for about two months and now I have started experiencing flashbacks to moments when I felt depressed. Whether it's friends doing something in particular that would throw me into a mood before or seeing or reading something.. I feel lost. I don't want to be depressed again and want to kill myself. I know people here will be supportive, so thank you.",duge2i,,,,,,,,,,,,,,,,,,,,"Sinking again. I was diagnosed with depression about 9 months ago and I had a real rough time with it. It was a hole combined of a few things that would mess me up to the point where all I had eaten for two weeks could fit on a single small plate. I couldnt sleep, had no motivation for anything and I was miserable every day. The suicidal thoughts were almost an everyday companion too and my friends couldnt, or as I felt many times, wouldnt do anything to help me. Who knows which is true, I really dont know anymore. It feels like most of my friends just pretend to care. Anyway, I went to my doctor, started therapy and medication and in a few months I was a new person. My confidence grew to extents I had never imagined possible, I felt good and all. I was stupid enough to stop taking my medication after my therapy ended and I was feeling well. I havent taken them for about two months and now I have started experiencing flashbacks to moments when I felt depressed. Whether its friends doing something in particular that would throw me into a mood before or seeing or reading something. I feel lost. I dont want to be depressed again and want to kill myself. I know people here will be supportive, so thank you.","[1, 0]",gold_label,{'depressive_disorder'}
,,,,,,,,,,,,Has anyone with seasonal depression ever tried relocating as a treatment?,"Hey guys. I have been dealing with pretty severe seasonal depression for about 15 years now. From October through March, I am a COMPLETELY different person compared to April through September. I constantly think I've ""beaten depression"" then Oct/Nov rolls around and I stop caring about life, people, work, everything. It affects me physically as well. Just tired and fatigued all the damn time.
 
 Medication, therapy, and light therapy help to an extent where it allows me to function at a basic level, but I am frankly fucking sick of not giving a shit about life for half of the year. I am now seriously considering moving somewhere like AZ or FL. Or even Brazil or some shit, I don't know. FYI, I live in the northern US Midwest atm. The problem is, I just started going back to school and have another couple years left. But I'm afraid I won't even finish my degree anyway because of how I get during MOST of the fucking school year. At this point I am thinking fuck it, maybe I'll just randomly move somewhere south because I can't live like this.
 
 I guess I'm just curious about everyone's thoughts or experiences when it comes to SAD. I am fed up at this point. Thanks for listening.",5qvx7e,,,,,,,,,,,,,,,,,,,,"Has anyone with seasonal depression ever tried relocating as a treatment. Hey guys. I have been dealing with pretty severe seasonal depression for about 15 years now. From October through March, I am a COMPLETELY different person compared to April through September. I constantly think Ive beaten depression then OctNov rolls around and I stop caring about life, people, work, everything. It affects me physically as well. Just tired and fatigued all the damn time. Medication, therapy, and light therapy help to an extent where it allows me to function at a basic level, but I am frankly fucking sick of not giving a shit about life for half of the year. I am now seriously considering moving somewhere like AZ or FL. Or even Brazil or some shit, I dont know. FYI, I live in the northern US Midwest atm. The problem is, I just started going back to school and have another couple years left. But Im afraid I wont even finish my degree anyway because of how I get during MOST of the fucking school year. At this point I am thinking fuck it, maybe Ill just randomly move somewhere south because I cant live like this. I guess Im just curious about everyones thoughts or experiences when it comes to SAD. I am fed up at this point. Thanks for listening.","[1, 0]",gold_label,{'depressive_disorder'}
,,,,,,,,,,,,DAE feel like they don't know how to be human?,"It's so weird how like whatever I do I don't get the outcome I was hoping for. Let's say my love life. I want to pursue someone and I always take the wrong steps and we don't end up dating. Somehow no matter how much I want an emotional connection guys just want to have sex a couple of times and that's it. At best.
  The further I try to get closer to people (in the most non aggressive way, it's not like I am pushing them away by being clingy because I am so afraid of coming across as clingy) the further they go. 
  It just feels like I lack some basic social skills or like there is something inherently wrong with me/missing ever since I was born and I just cannot have people stay in my life no matter how much I try to improve myself. I have no idea why all of this is happening to me or what I'm doing wrong so I start over analyzing everything because there must be something off I am doing, right? Or maybe it's about the way I look.
  I've only had one short relationship in my life and numerous encounters/crushes/romantic interests because for the life of me I cannot keep anyone near me. I just hate BPD so much because it makes me feel so broken and defeated, to question myself so much and just want to run away from everything in my life.",a1x1vq,,,,,,,,,,,,,,,,,,,,"DAE feel like they dont know how to be human. Its so weird how like whatever I do I dont get the outcome I was hoping for. Lets say my love life. I want to pursue someone and I always take the wrong steps and we dont end up dating. Somehow no matter how much I want an emotional connection guys just want to have sex a couple of times and thats it. At best. The further I try to get closer to people in the most non aggressive way, its not like I am pushing them away by being clingy because I am so afraid of coming across as clingy the further they go. It just feels like I lack some basic social skills or like there is something inherently wrong with memissing ever since I was born and I just cannot have people stay in my life no matter how much I try to improve myself. I have no idea why all of this is happening to me or what Im doing wrong so I start over analyzing everything because there must be something off I am doing, right? Or maybe its about the way I look. Ive only had one short relationship in my life and numerous encounterscrushesromantic interests because for the life of me I cannot keep anyone near me. I just hate BPD so much because it makes me feel so broken and defeated, to question myself so much and just want to run away from everything in my life.","[0, 0]",gold_label,{'control_group'}
,,,,,,,,,,,,I have imagined my suicide for years. And I feel that now it's finally time.,"For my entire life I have been depressed and had suicidal thoughts. 
 I have had to realize I will never be loved and will never be able to have a relationship. 
 I dont believe in God or heaven. But I sure wish I did, so I wouldnt have the thought of facing eternal darkness alone. My best friend and love took her life back when I was 16 and I couldnt stop her. If there is a God or heaven I sure hope she is waiting for me. 
 
 
 Thanks to a guy I know im getting a potent poison that will make it look like I had a heart attack so that people around me will think it was because of natural causes. I plan on being alone when I do it and eventually someone will find me. 
 Im afraid of dying alone. Im afraid of being alive and having to face all the pain. Everyday I wake up I feel sad and just want to cry. I hide it though, nobody can know or else I will ruin their happiness.
 
 If anyone of you happen to live in Southern Sweden and feel like supporting a broken man in his last hour then please let me know. I dont want to be alone, but I also dont want to be around anyone I care about when I die because I cant face their eyes. 
 
 
 I made this post just because I needed to vent my thoughts before I go.",8yxzxr,,,,,,,,,,,,,,,,,,,,"I have imagined my suicide for years. And I feel that now its finally time. For my entire life I have been depressed and had suicidal thoughts. I have had to realize I will never be loved and will never be able to have a relationship. I dont believe in God or heaven. But I sure wish I did, so I wouldnt have the thought of facing eternal darkness alone. My best friend and love took her life back when I was 16 and I couldnt stop her. If there is a God or heaven I sure hope she is waiting for me. Thanks to a guy I know im getting a potent poison that will make it look like I had a heart attack so that people around me will think it was because of natural causes. I plan on being alone when I do it and eventually someone will find me. Im afraid of dying alone. Im afraid of being alive and having to face all the pain. Everyday I wake up I feel sad and just want to cry. I hide it though, nobody can know or else I will ruin their happiness. If anyone of you happen to live in Southern Sweden and feel like supporting a broken man in his last hour then please let me know. I dont want to be alone, but I also dont want to be around anyone I care about when I die because I cant face their eyes. I made this post just because I needed to vent my thoughts before I go.","[1, 0]",gold_label,{'depressive_disorder'}
,,,,,,,,,,,,I really need a reason to get out of bed right now...,"I stayed up pretty late working on some personal things, which was loads of fun, but now, all of that inspiration that I had is gone. I'm exhausted, but my body won't sleep anymore. Still, I have no will to get out of bed. 
  
  
 Each time I try to get up, I think about all of the day-time responsibilities that I have, and how other people depend on me to do menial tasks for them. I think about my toxic family relationship, and how they've never taken my mental health seriously. They're probably in their rooms talking about how lazy and selfish I'm being again while they lie in bed watching TV. I think about the frustration and pain that follows me through the day, each and every time I'm forced to get out of this bed. 
  
  
 And I don't want to do that anymore. 
  
  
 I don't know how long I'll lie here, or if I'll get up for anything other than to use the bathroom, but I feel like all of my energy and and semblance of happiness is pulled away from me any time I try to get up. I don't know what to do, or how to remedy that.",h7m0uu,,,,,,,,,,,,,,,,,,,,"I really need a reason to get out of bed right now. I stayed up pretty late working on some personal things, which was loads of fun, but now, all of that inspiration that I had is gone. Im exhausted, but my body wont sleep anymore. Still, I have no will to get out of bed. Each time I try to get up, I think about all of the daytime responsibilities that I have, and how other people depend on me to do menial tasks for them. I think about my toxic family relationship, and how theyve never taken my mental health seriously. Theyre probably in their rooms talking about how lazy and selfish Im being again while they lie in bed watching TV. I think about the frustration and pain that follows me through the day, each and every time Im forced to get out of this bed. And I dont want to do that anymore. I dont know how long Ill lie here, or if Ill get up for anything other than to use the bathroom, but I feel like all of my energy and and semblance of happiness is pulled away from me any time I try to get up. I dont know what to do, or how to remedy that.","[1, 0]",gold_label,{'depressive_disorder'}
,,,,,,,,,,,,How am I supposed to go to school?,"My PTSD is caused by many traumas I dealt with in school, because of this going to school is nearly impossible, I get shakes, sweaty, I get horrible memories swirling around in my head over and over, I become paranoid, delusional, feel unsafe and like someone is going to hurt me, I hear voices that aren't there, I just cannot deal with it. Last year when I was attending school regularly, I would cut and burn myself every single day, many times, I tried to hang myself, I had breakdowns constantly, I ended up in a psych ward where I was told my depression had gotten so bad I was psychotic, all because of school. The very idea of having to go horrifies me, I haven't been in about 8 or 9 weeks, and I haven't tried to kill myself and I'm only cutting a couple of times a week, but I know my lack of attendance will come back to haunt me at some point. I feel trapped, I know that if I go back to school I will probably make another suicide attempt, definitely end up in hospital again, but I don't know what else to do.",6s3kwm,,,,,,,,,,,,,,,,,,,,"How am I supposed to go to school. My PTSD is caused by many traumas I dealt with in school, because of this going to school is nearly impossible, I get shakes, sweaty, I get horrible memories swirling around in my head over and over, I become paranoid, delusional, feel unsafe and like someone is going to hurt me, I hear voices that arent there, I just cannot deal with it. Last year when I was attending school regularly, I would cut and burn myself every single day, many times, I tried to hang myself, I had breakdowns constantly, I ended up in a psych ward where I was told my depression had gotten so bad I was psychotic, all because of school. The very idea of having to go horrifies me, I havent been in about 8 or 9 weeks, and I havent tried to kill myself and Im only cutting a couple of times a week, but I know my lack of attendance will come back to haunt me at some point. I feel trapped, I know that if I go back to school I will probably make another suicide attempt, definitely end up in hospital again, but I dont know what else to do.","[1, 0]",gold_label,{'depressive_disorder'}
,,,,,,,,,,,,Venting,"This is probably going to look like the most stupid thing youve read, but here it goes ; for the past 5 years I felt so fricking bad, my whole life has turned to complete shit, my ocd had gotten so bad for so long I stayed at home for almost 2 years straight. I have struggled with doctors, medication,abusive parents, I went through hell and still I want to believe I kept at least a little bit of my sanity intact from all this. The thing is, right now, right this minute I just realized, I lost 5 years. 5 years of my life that I'm never getting back. I lost opportunities, I lost people I could have met and be with, I lost friendships, laughters, so many good things, just like all those good things anxiety is taking from me for so long. And I honestly hadn't even realized until now, when I saw a classmate of mine who is done with his studies when I'm only still in the beginning. I'm just wondering where does it stop? When does ocd and anxiety altogether stop stealing your life? Is it too much to just want to live a happy life, nothing too much, just the right things, be surrounded by people who love me, or just simply be able to love myself? I just need for once, just once, to feel what it feels like to be free",eu2jzp,,,,,,,,,,,,,,,,,,,,"Venting. This is probably going to look like the most stupid thing youve read, but here it goes for the past 5 years I felt so fricking bad, my whole life has turned to complete shit, my ocd had gotten so bad for so long I stayed at home for almost 2 years straight. I have struggled with doctors, medication,abusive parents, I went through hell and still I want to believe I kept at least a little bit of my sanity intact from all this. The thing is, right now, right this minute I just realized, I lost 5 years. 5 years of my life that Im never getting back. I lost opportunities, I lost people I could have met and be with, I lost friendships, laughters, so many good things, just like all those good things anxiety is taking from me for so long. And I honestly hadnt even realized until now, when I saw a classmate of mine who is done with his studies when Im only still in the beginning. Im just wondering where does it stop? When does ocd and anxiety altogether stop stealing your life? Is it too much to just want to live a happy life, nothing too much, just the right things, be surrounded by people who love me, or just simply be able to love myself? I just need for once, just once, to feel what it feels like to be free","[0, 1]",gold_label,{'anxiety_disorder'}
,,,,,,,,,,,,"Online dating gay experience , epic fail","Hi
 So I downloaded grindr , the gay dating app, after deleting for a while.
 So I met this guy, he was my type, we started chatting together for many days then he asked for my number to call me, I give him my number and he called me, I was speechless during the whole call I just spoke few words and he is the one who done all the speaking, when he asked for my number and while the phone is ringing I started to panic I was about to have a panic attack but I pulled myself together and responded to his call.
 After the call ended, he massaged me at the app and told me that I am not a person that peoples like to be around, and yes this applies when I am with strangers or people I don't know I could barely speak, but if I become familiar with them I am fine nice person that is liked by people.
 I told him that I am intravort shy nerd guy that suffers from severe form of social anxiety, then I asked him if he is intravort or extravort guy, he responded by saying what means that I am sick or that there is something wrong with me, he meant itvin bad way, then he stopped talking with me.
 I decided to delete the dating app because maybe I am not ready for dating , and because I think guys won't understand or get me.
 I started to think it doesn't worth the hassle and effort, but I want to be with someone in intimate way as any other person.
 I feel very bed now.
 I also think that if I download the app again I will write in my bio that I have mental disorder.",ddbxig,,,,,,,,,,,,,,,,,,,,"Online dating gay experience , epic fail. Hi So I downloaded grindr , the gay dating app, after deleting for a while. So I met this guy, he was my type, we started chatting together for many days then he asked for my number to call me, I give him my number and he called me, I was speechless during the whole call I just spoke few words and he is the one who done all the speaking, when he asked for my number and while the phone is ringing I started to panic I was about to have a panic attack but I pulled myself together and responded to his call. After the call ended, he massaged me at the app and told me that I am not a person that peoples like to be around, and yes this applies when I am with strangers or people I dont know I could barely speak, but if I become familiar with them I am fine nice person that is liked by people. I told him that I am intravort shy nerd guy that suffers from severe form of social anxiety, then I asked him if he is intravort or extravort guy, he responded by saying what means that I am sick or that there is something wrong with me, he meant itvin bad way, then he stopped talking with me. I decided to delete the dating app because maybe I am not ready for dating , and because I think guys wont understand or get me. I started to think it doesnt worth the hassle and effort, but I want to be with someone in intimate way as any other person. I feel very bed now. I also think that if I download the app again I will write in my bio that I have mental disorder.","[0, 0]",gold_label,{'control_group'}
,,,,,,,,,,,,Life can seem very overwhelming when i allow myself to think about it,"I just like to pretend that everything is fine and ignore everything..do things to keep myself busy or i will end up feeling suicidal and bitter. 
 
 There's just so many things in my life that are upside down, it can feel so unbearable at times. My life circumstances are just something nobody can really understand. There are days when i feel okay about everything but then the people in my life bring shit up and remind me of how bad things are. I don't know how long i can keep going like this.",4vg6l7,,,,,,,,,,,,,,,,,,,,"Life can seem very overwhelming when i allow myself to think about it. I just like to pretend that everything is fine and ignore everything.do things to keep myself busy or i will end up feeling suicidal and bitter. Theres just so many things in my life that are upside down, it can feel so unbearable at times. My life circumstances are just something nobody can really understand. There are days when i feel okay about everything but then the people in my life bring shit up and remind me of how bad things are. I dont know how long i can keep going like this.","[0, 0]",gold_label,{'control_group'}
,,,,,,,,,,,,Help on remembering things? Find myself completely lost at work on things I was just explained,"About 2 months ago, I was diagnosed with Recurring MDD (Major Depressive Disorder), though I was struggling with depression and anxiety for about 2 years prior. 
 
 I got a new job and moved to a new city. I love the work at this place, and its given me a better picture of what I want to do; however, I feel my depression numbs excitement, while anxiety makes me paranoid that Im constantly messing up. 
 
 My main issue right now, at least the one that effects my day-to-day is trouble remembering things. I work a deadline heavy job, and Im constantly having to ask my boss to re-explain things that were discussed the day before. Everything seems straightforward, but then when I sit down, my mind is wiped clean. 
 
 Its very frustrating, and makes me feel worse. I want to perform well and stay in this city, but Im worried that Im seen as a dummy because I dont get instructions. 
 
 Has anyone else dealt with this?",dl5omy,,,,,,,,,,,,,,,,,,,,"Help on remembering things? Find myself completely lost at work on things I was just explained. About 2 months ago, I was diagnosed with Recurring MDD Major Depressive Disorder, though I was struggling with depression and anxiety for about 2 years prior. I got a new job and moved to a new city. I love the work at this place, and its given me a better picture of what I want to do however, I feel my depression numbs excitement, while anxiety makes me paranoid that Im constantly messing up. My main issue right now, at least the one that effects my daytoday is trouble remembering things. I work a deadline heavy job, and Im constantly having to ask my boss to reexplain things that were discussed the day before. Everything seems straightforward, but then when I sit down, my mind is wiped clean. Its very frustrating, and makes me feel worse. I want to perform well and stay in this city, but Im worried that Im seen as a dummy because I dont get instructions. Has anyone else dealt with this?","[1, 1]",gold_label,"{'depressive_disorder', 'anxiety_disorder'}"
,,,,,,,,,,,,I am just tired.,"I have battled with depression since like 2016. And I am tired. I feel like I'm going nowhere. I sought help but it became a burden so I just stopped. This was after I was caught with suicide plans. So yeah. I was lectures and asked if it's boys that make me want to commit suicide. I just kept all my problems to myself. I joined university first year was cool because I was away from home so at least I had that. But I got into a vicious drinking cycle. I got so drunk one night and I said some things and blacked out everyone got worried about me. From that day I stopped drinking. I was tired of people worrying. Next year. This year. I'm tired. I was contemplating suicide and I forced myself into therapy again. I was diagnosed with chronic PTSD and depression. The pandemic happened and I'm back home. I don't have anymore antidepressants or sleeping pills and I'm tired. I can't even sleep properly. I wake up and I'm already exhausted. I have done next to nothing this semester. I even have an exam in two days and I feel nothing. I just don't care. I like that feeling of numbness because I'm so past life. I can't even get the energy to shower. Why can't I just be happy. I'll never be the child my mum wanted. And that's fucked up coz I never even wanted to be here. 
 
 She keeps asking what's so wrong with my life to have me depressed and that I have gone through nothing.
 
 Anyway. 
 
 It's life...",hnyeo3,,,,,,,,,,,,,,,,,,,,I am just tired. I have battled with depression since like 2016. And I am tired. I feel like Im going nowhere. I sought help but it became a burden so I just stopped. This was after I was caught with suicide plans. So yeah. I was lectures and asked if its boys that make me want to commit suicide. I just kept all my problems to myself. I joined university first year was cool because I was away from home so at least I had that. But I got into a vicious drinking cycle. I got so drunk one night and I said some things and blacked out everyone got worried about me. From that day I stopped drinking. I was tired of people worrying. Next year. This year. Im tired. I was contemplating suicide and I forced myself into therapy again. I was diagnosed with chronic PTSD and depression. The pandemic happened and Im back home. I dont have anymore antidepressants or sleeping pills and Im tired. I cant even sleep properly. I wake up and Im already exhausted. I have done next to nothing this semester. I even have an exam in two days and I feel nothing. I just dont care. I like that feeling of numbness because Im so past life. I cant even get the energy to shower. Why cant I just be happy. Ill never be the child my mum wanted. And thats fucked up coz I never even wanted to be here. She keeps asking whats so wrong with my life to have me depressed and that I have gone through nothing. Anyway. Its life.,"[1, 0]",gold_label,{'depressive_disorder'}
,,,,,,,,,,,,Strange obsession about having NPD,"For the past few months I've been convinced I have NPD, specifically covert-NPD. I seem to have almost all of the traits. I've seen a couple of GPs, psychologists and psychiatrists who have all dismissed the idea but in my mind it feels incredibly accurate. I want to mention a few things that are really affecting my life and making me generally miserable.
 
 I have an obsession with becoming famous which sometimes takes over all of my thinking. I don't know how to get over this. I feel that if I never become famous I won't be happy, and even get depressed when I think of not becoming famous.
 
 I have an obsession with being better than everyone else, knowing more about things than everyone else. I hate it when other people know more than me. I have this weird obsession where I will do things like look up the box office gross of films and work out how many people have seen the film and if it's a film I like and the number is large I get a bit depressed (very strange and hard to explain accurately).
 
 I fee like I don't have any empathy. I feel no emotional connection really towards anyone or anything anymore. 
 
 Has anyone else have an OCD obsession about having NPD?",50wmk2,,,,,,,,,,,,,,,,,,,,"Strange obsession about having NPD. For the past few months Ive been convinced I have NPD, specifically covertNPD. I seem to have almost all of the traits. Ive seen a couple of GPs, psychologists and psychiatrists who have all dismissed the idea but in my mind it feels incredibly accurate. I want to mention a few things that are really affecting my life and making me generally miserable. I have an obsession with becoming famous which sometimes takes over all of my thinking. I dont know how to get over this. I feel that if I never become famous I wont be happy, and even get depressed when I think of not becoming famous. I have an obsession with being better than everyone else, knowing more about things than everyone else. I hate it when other people know more than me. I have this weird obsession where I will do things like look up the box office gross of films and work out how many people have seen the film and if its a film I like and the number is large I get a bit depressed very strange and hard to explain accurately. I fee like I dont have any empathy. I feel no emotional connection really towards anyone or anything anymore. Has anyone else have an OCD obsession about having NPD?","[1, 0]",gold_label,{'depressive_disorder'}
,,,,,,,,,,,,I feel cursed.,"I want to take shrooms, its not pseudoscience and medical studies prove it to be effective in treating depression. I am 15 and have high functioning autism and have been diagnosed with clinical depression and anxiety. I told my my mom about my research on psilocybin after a panic attack. She was very understanding and read through my whole diary. Understandably, she doesnt want to take any illegal action and began to research CBD oil along with psilocybin. She is convinced that both work, but Im not so sure about CBD oil. We just got CBD oil and I am currently taking it. If it doesnt get better, then we will take the last resort. 
 
 Now onto another stresser. I recently got severe cystic acne. Antibiotics, medicinal cream, you know the drill. I have low confidence, and want to lose weight, grow my hair out, lose the acne, and bloom. I know I will rise up, but it feels like Im stuck. Its like Im trudging though knee deep water that lasts for miles. It feels like Im cursed. I have at least four prescriptions that I have to take to keep me from killing myself.
 
 Speaking of suicide, I cant kill myself because my family loves me too much. I feel like giving up and dying. Ive made a folder about it all in case you want to learn more about my life.",947h2s,,,,,,,,,,,,,,,,,,,,"I feel cursed. I want to take shrooms, its not pseudoscience and medical studies prove it to be effective in treating depression. I am 15 and have high functioning autism and have been diagnosed with clinical depression and anxiety. I told my my mom about my research on psilocybin after a panic attack. She was very understanding and read through my whole diary. Understandably, she doesnt want to take any illegal action and began to research CBD oil along with psilocybin. She is convinced that both work, but Im not so sure about CBD oil. We just got CBD oil and I am currently taking it. If it doesnt get better, then we will take the last resort. Now onto another stresser. I recently got severe cystic acne. Antibiotics, medicinal cream, you know the drill. I have low confidence, and want to lose weight, grow my hair out, lose the acne, and bloom. I know I will rise up, but it feels like Im stuck. Its like Im trudging though knee deep water that lasts for miles. It feels like Im cursed. I have at least four prescriptions that I have to take to keep me from killing myself. Speaking of suicide, I cant kill myself because my family loves me too much. I feel like giving up and dying. Ive made a folder about it all in case you want to learn more about my life.","[1, 1]",gold_label,"{'depressive_disorder', 'anxiety_disorder'}"
,,,,,,,,,,,,"Got diagnosed with depression, need some advice.","I've got diagnosed with depression which I believe is endogenous in its nature and I've been like that for a long time. I'm seeing a therapist about it, already tried some meds (Paxil) which didn't work. I try my best to follow my therapist's advice, I have some good days and I experience some progress every once in a while. The thing about progress, is that it pretty much always ends up with some kind of regression, or worsening of my mental health state, It's a step forward two steps back kind of thing. The way my therapist describes it is that there is some kind of mechanism of human psyche that forces me back into my old ways every time I experience progress. I can't really translate this term properly. SO me therapists told me to create some kind of visible reminders that I'll be able to see every day and keep my old behavioral habits in check. The way I see it is that I need some kind of poster on the wall, that would contain depression symptoms and something else. Some kind of reminder that would sort of anchor me and prevent me from getting worse in case I'll make progress again. So the question is this, has someone ever done something like this? What should I post there that might help me out? Maybe some kind of depression flash cards exist that can serve as daily reminders?",iay5q6,,,,,,,,,,,,,,,,,,,,"Got diagnosed with depression, need some advice. Ive got diagnosed with depression which I believe is endogenous in its nature and Ive been like that for a long time. Im seeing a therapist about it, already tried some meds Paxil which didnt work. I try my best to follow my therapists advice, I have some good days and I experience some progress every once in a while. The thing about progress, is that it pretty much always ends up with some kind of regression, or worsening of my mental health state, Its a step forward two steps back kind of thing. The way my therapist describes it is that there is some kind of mechanism of human psyche that forces me back into my old ways every time I experience progress. I cant really translate this term properly. SO me therapists told me to create some kind of visible reminders that Ill be able to see every day and keep my old behavioral habits in check. The way I see it is that I need some kind of poster on the wall, that would contain depression symptoms and something else. Some kind of reminder that would sort of anchor me and prevent me from getting worse in case Ill make progress again. So the question is this, has someone ever done something like this? What should I post there that might help me out? Maybe some kind of depression flash cards exist that can serve as daily reminders?","[1, 0]",gold_label,{'depressive_disorder'}
,,,,,,,,,,,,"When a rude person touches me, it causes me more anxiety, than if a nice person did (contamination OCD)","I have contamination OCD. Therefore I am afraid of people touching me or my clothes touching other peoples clothes, hands or surfaces in general. So for me going to the Supermarket for my shopping is a horror trip each time. Today it happened that a woman was very rude to me for no reason. I had to try to get past her because she was standing in the way, so that I couldnt pack my groceries. Then she made a very aggressive comment towards me. For me in that instant it was clear she was a poisoned woman and my inner alarm turned on. Because when I had passed her earlier I almost touched her or maybe I even did touch her!!!! I am terrified now, trying to digest what has happened. I feel so poisoned and I want to wash or throw away all the clothes that I am wearing. Please help!",bps20e,,,,,,,,,,,,,,,,,,,,"When a rude person touches me, it causes me more anxiety, than if a nice person did contamination OCD. I have contamination OCD. Therefore I am afraid of people touching me or my clothes touching other peoples clothes, hands or surfaces in general. So for me going to the Supermarket for my shopping is a horror trip each time. Today it happened that a woman was very rude to me for no reason. I had to try to get past her because she was standing in the way, so that I couldnt pack my groceries. Then she made a very aggressive comment towards me. For me in that instant it was clear she was a poisoned woman and my inner alarm turned on. Because when I had passed her earlier I almost touched her or maybe I even did touch her! I am terrified now, trying to digest what has happened. I feel so poisoned and I want to wash or throw away all the clothes that I am wearing. Please help!","[0, 0]",gold_label,{'control_group'}
,,,,,,,,,,,,Months of fucking agony,"Life has been shit for so long now. The girl I loved left me , but I see her every single day because of school. Exams are in a weeks time and the stress is killing me. My parents think I'm a whiny bitch attention whore. My friends don't give a fuck I'm sad anymore and my psychiatrist is so clueless . I just keep going because I don't really want to die but I hate being forced to live . Everything is just fucking awful all the time and I just wish I'd have a good day for once. Maybe have a girl smile at me , maybe someone ask how I'm doing . Just anything ! But it's been months and months of bad days and I'm struggling so much. I even went to a rehabilitation center for depression, suicide attempts and self harm in February . I'm fighting so so hard and even though my academic life has improved I am so alone and so unloved .",4iq19i,,,,,,,,,,,,,,,,,,,,"Months of fucking agony. Life has been shit for so long now. The girl I loved left me , but I see her every single day because of school. Exams are in a weeks time and the stress is killing me. My parents think Im a whiny bitch attention whore. My friends dont give a fuck Im sad anymore and my psychiatrist is so clueless . I just keep going because I dont really want to die but I hate being forced to live . Everything is just fucking awful all the time and I just wish Id have a good day for once. Maybe have a girl smile at me , maybe someone ask how Im doing . Just anything ! But its been months and months of bad days and Im struggling so much. I even went to a rehabilitation center for depression, suicide attempts and self harm in February . Im fighting so so hard and even though my academic life has improved I am so alone and so unloved .","[1, 0]",gold_label,{'depressive_disorder'}
,,,,,,,,,,,,The ticket I never bought,"Im worried about how low Ive been. Im worried about how much longer Ill mentally be able to tough it out and hope things improve. 
  I no longer enjoy the things I used to rely on to make me happy. Everyday feels like a movie that just doesnt know when to end and all I can think about is how scared I am that Im this depressed.
  I cry everyday on my way home from work. I think about how agonizing it is to wake up mentally and physically drained and go to a job I hate just so I can buy groceries that dont even taste good to me anymore. 
  If a friend drags me to a Nickleback concert I never bought a ticket for and wonders why Im having a terrible time, people can comprehend that. Is life really any different? Its a ticket I never bought but I was forced to participate in. 
 Yes, you know youre depressed when you compare life to a Nickleback concert, cheers .",ichir9,,,,,,,,,,,,,,,,,,,,"The ticket I never bought. Im worried about how low Ive been. Im worried about how much longer Ill mentally be able to tough it out and hope things improve. I no longer enjoy the things I used to rely on to make me happy. Everyday feels like a movie that just doesnt know when to end and all I can think about is how scared I am that Im this depressed. I cry everyday on my way home from work. I think about how agonizing it is to wake up mentally and physically drained and go to a job I hate just so I can buy groceries that dont even taste good to me anymore. If a friend drags me to a Nickleback concert I never bought a ticket for and wonders why Im having a terrible time, people can comprehend that. Is life really any different? Its a ticket I never bought but I was forced to participate in. Yes, you know youre depressed when you compare life to a Nickleback concert, cheers .","[1, 0]",gold_label,{'depressive_disorder'}
,,,,,,,,,,,,Today is my birthday but....,"Today is my birthday, but i honestly hate my birthday and the holidays because of how my family is. My family can't be in a room together without all of us fighting and by the end of it someone is crying (either me or my mom). I remember 1 year where no one remembered except from my mom, not even my dad remembered but with how he is it didn't surprise me. i Just feel horrible today because i also feel like i've accomplished so little in my life because of my depression. I see people posting all their achievements and how they're transferring to the school of their dreams, but with me it's a struggle to even get out of bed. When i try telling people about this they think i'm just making excuses or some of them even say, ""That's life."" I work with what i have but it just feels like it's never enough. When my depression takes over i'm in my bed in the dark crying and feeling worthless then when i go online i see everyone doing so many great things, even the people who bullied me in high school are living their best lives which makes me feel even worse. I wish things were different but i just feel so stuck. Right now i'm just waiting for the big family fight that's going to happen once dinner is ready.",g1ip1j,,,,,,,,,,,,,,,,,,,,"Today is my birthday but. Today is my birthday, but i honestly hate my birthday and the holidays because of how my family is. My family cant be in a room together without all of us fighting and by the end of it someone is crying either me or my mom. I remember 1 year where no one remembered except from my mom, not even my dad remembered but with how he is it didnt surprise me. i Just feel horrible today because i also feel like ive accomplished so little in my life because of my depression. I see people posting all their achievements and how theyre transferring to the school of their dreams, but with me its a struggle to even get out of bed. When i try telling people about this they think im just making excuses or some of them even say, Thats life. I work with what i have but it just feels like its never enough. When my depression takes over im in my bed in the dark crying and feeling worthless then when i go online i see everyone doing so many great things, even the people who bullied me in high school are living their best lives which makes me feel even worse. I wish things were different but i just feel so stuck. Right now im just waiting for the big family fight thats going to happen once dinner is ready.","[0, 0]",gold_label,{'control_group'}
,,,,,,,,,,,,Wellbutrin (Bupropion) Success Stories,"Hi guys and girls,
 
 I'm 21 years old and suffer from severe depression and social anxiety. Does anyone here have experience with Wellbutrin/Bupropion for depression and/or social anxiety.
 
 My symptoms are mostly anhedonia (loss of interest/motivation/stimulation), lethargy, lack of drive, feeling painfully down most of the time, having aggressive negative thoughts (starting to pop up right in the morning when I wake up) about how worthless, stupid, incompetent I am and how horrible my present, past and future life look like. I have very low self esteem and social anxiety. I can't think about anything to talk about and open up to people. My cognition is also very bad. I can't access my own thoughts, knowledge, memories. I have very bad focus/concentration.
 
 I tried two depth psychological therapies and about 10 pharmaceuticals yet. Now my doc thought about Wellbutrin (Bupropion), Pregabalin (Lyrica), Tianeptine or Tranylcypromine. Any thoughts, suggestions, experiences welcome! Living the hell but wishing everyone the best! <3",jkara9,,,,,,,,,,,,,,,,,,,,"Wellbutrin Bupropion Success Stories. Hi guys and girls, Im 21 years old and suffer from severe depression and social anxiety. Does anyone here have experience with WellbutrinBupropion for depression andor social anxiety. My symptoms are mostly anhedonia loss of interestmotivationstimulation, lethargy, lack of drive, feeling painfully down most of the time, having aggressive negative thoughts starting to pop up right in the morning when I wake up about how worthless, stupid, incompetent I am and how horrible my present, past and future life look like. I have very low self esteem and social anxiety. I cant think about anything to talk about and open up to people. My cognition is also very bad. I cant access my own thoughts, knowledge, memories. I have very bad focusconcentration. I tried two depth psychological therapies and about 10 pharmaceuticals yet. Now my doc thought about Wellbutrin Bupropion, Pregabalin Lyrica, Tianeptine or Tranylcypromine. Any thoughts, suggestions, experiences welcome! Living the hell but wishing everyone the best! 3","[1, 1]",gold_label,"{'depressive_disorder', 'anxiety_disorder'}"
,,,,,,,,,,,,Can phobias appear out of nowhere?,"ive had a fear of people throwing up for as long as i can remember. However, this year i developed a phobia of death, specifically my loved ones dying and especially my parents. my parents are older and the thought of them dying terrifies me to the point where i cry every day thinking about it and get random triggers of it. Can phobias like this just randomly appear? The only trigger I could think of would be my friend committing suicide a few years ago, but this phobia just started developing a few months ago. Also, do you guys have any tips of coping with this? Im in therapy right now for my general anxiety, but it is not helpful at all because I cant bring myself to open up and show my emotions to anyone, especially someone I dont really know. Its getting very very bad and interfering with my life",9d0m8f,,,,,,,,,,,,,,,,,,,,"Can phobias appear out of nowhere. ive had a fear of people throwing up for as long as i can remember. However, this year i developed a phobia of death, specifically my loved ones dying and especially my parents. my parents are older and the thought of them dying terrifies me to the point where i cry every day thinking about it and get random triggers of it. Can phobias like this just randomly appear? The only trigger I could think of would be my friend committing suicide a few years ago, but this phobia just started developing a few months ago. Also, do you guys have any tips of coping with this? Im in therapy right now for my general anxiety, but it is not helpful at all because I cant bring myself to open up and show my emotions to anyone, especially someone I dont really know. Its getting very very bad and interfering with my life","[0, 0]",gold_label,{'control_group'}
,,,,,,,,,,,,What is wrong with me why won't these thoughts stop,"I'm on medication which is supposed to help my mental health (Risperdone) but I keep on going through stages where my suicidal thoughts just get really bad for a few days. 
 I can't handle this anymore, I very nearly jumped last night too. I'm regretting not jumping then I am actually going out. 
 I have a feeling my husbands life would not change that much if I died. 
 I have had these issues since I was 12, spent 5 years in therapy from 16,im 23 now and already back on the waiting list. 
 It feels a bit futile to get better to be honest and I should let these thoughts take over.",bovcm5,,,,,,,,,,,,,,,,,,,,"What is wrong with me why wont these thoughts stop. Im on medication which is supposed to help my mental health Risperdone but I keep on going through stages where my suicidal thoughts just get really bad for a few days. I cant handle this anymore, I very nearly jumped last night too. Im regretting not jumping then I am actually going out. I have a feeling my husbands life would not change that much if I died. I have had these issues since I was 12, spent 5 years in therapy from 16,im 23 now and already back on the waiting list. It feels a bit futile to get better to be honest and I should let these thoughts take over.","[0, 0]",gold_label,{'control_group'}
,,,,,,,,,,,,dont think ill ever get better,"i was diagnosed with major depressive disorder 4 years ago. ive been on seven different anti depressants and 2 anti psychotics over the years. i even went to a mental health facility once and stayed for a week. ive never had a break, everything just always sucks all the time. i want to die. i want to kill myself but i know my family will be devastated if i do. im not sure what im looking for by posting this, maybe i just want to type it out. idk whats going on anymore. i think i might have borderline personality disorder but when i told my therapist she shot it down right away. everyone always tells me itll be okay as long as i have a support system, but mine doesnt make me feel like i want to die any less. im so mad at the world and at myself. i dont know what to do anymore. if anyone wants to murder me ill give you my next paycheck xo",e1lvbs,,,,,,,,,,,,,,,,,,,,"dont think ill ever get better. i was diagnosed with major depressive disorder 4 years ago. ive been on seven different anti depressants and 2 anti psychotics over the years. i even went to a mental health facility once and stayed for a week. ive never had a break, everything just always sucks all the time. i want to die. i want to kill myself but i know my family will be devastated if i do. im not sure what im looking for by posting this, maybe i just want to type it out. idk whats going on anymore. i think i might have borderline personality disorder but when i told my therapist she shot it down right away. everyone always tells me itll be okay as long as i have a support system, but mine doesnt make me feel like i want to die any less. im so mad at the world and at myself. i dont know what to do anymore. if anyone wants to murder me ill give you my next paycheck xo","[1, 0]",gold_label,{'depressive_disorder'}
,,,,,,,,,,,,Meds are like a rock and a hard place and where you end up is decided by gambling,"I feel like my medications never seem to influence my moods or emotions in any sort of way, and I bring this up with my psychiatrist when hes put me on new medications. He always says thats pretty normal. Given hes the best psychiatrist Ive had with respect to listening to my symptoms and talking about them with me and trying out some meds that might help. That and he went to medical school for it.
 
 I feel stupid taking them, but there are instances where Ill forget to take them for maybe 2 or 3 days and by the last 5-6 hours of the actual day (ie, before midnight), my mood goes from content and being in the moment and actively participating with people Im in the room with to
 anxiety and overthinking things that happened hours ago while dissociating so bad that I dont remember anything about the entire day and I cannot feel my body whatsoever.
 
 I hate it because I hate paying so much for my meds and I have to take 4 different kinds of meds. I hate having to go to my psychiatrist and tell him I feel no change in recent moods or that Ive had note-worthy episodes of depression or anxiety or mania. Its humiliating and a general waste of time and money.
 
 My boyfriend lucked out. They put him on Prozac and thats all hes been taking for 4 years now and he misses days and he manages to function without it affecting what hes doing drastically.
 
 Ive gone through 5 psychiatrists and been on like 7 different meds and I miss two days of one particular medicine, and Im acting out in anger at work while were closing.",8hdiau,,,,,,,,,,,,,,,,,,,,"Meds are like a rock and a hard place and where you end up is decided by gambling. I feel like my medications never seem to influence my moods or emotions in any sort of way, and I bring this up with my psychiatrist when hes put me on new medications. He always says thats pretty normal. Given hes the best psychiatrist Ive had with respect to listening to my symptoms and talking about them with me and trying out some meds that might help. That and he went to medical school for it. I feel stupid taking them, but there are instances where Ill forget to take them for maybe 2 or 3 days and by the last 56 hours of the actual day ie, before midnight, my mood goes from content and being in the moment and actively participating with people Im in the room with to anxiety and overthinking things that happened hours ago while dissociating so bad that I dont remember anything about the entire day and I cannot feel my body whatsoever. I hate it because I hate paying so much for my meds and I have to take 4 different kinds of meds. I hate having to go to my psychiatrist and tell him I feel no change in recent moods or that Ive had noteworthy episodes of depression or anxiety or mania. Its humiliating and a general waste of time and money. My boyfriend lucked out. They put him on Prozac and thats all hes been taking for 4 years now and he misses days and he manages to function without it affecting what hes doing drastically. Ive gone through 5 psychiatrists and been on like 7 different meds and I miss two days of one particular medicine, and Im acting out in anger at work while were closing.","[0, 0]",gold_label,{'control_group'}
,,,,,,,,,,,,I need help from you guys,"I need any advice or literally anything anyone has to offer me at this point. Here's a little background:
 
 I'm 19 years old and have been struggling with depression for 3 years, it gets better, then it gets bad again. These past 8 months have been the hardest. I was diagnosed as bipolar and I was suicidal and dangerously depressed until about March, when things started looking up, yet of course shit had to hit the fan again. Since then Ive had some good days sprinkled in with excruciating ones. I even went inpatient in April because I was not sleeping or eating, and entering insomnia induced psychosis. I was told I was not bipolar and had major depressive disorder. After I left inpatient I had a really good three weeks, but it's getting hard again.
 
 I have hobbies (reading, coloring, painting, TV, etc.) and I fill my days from sun up to sun down distracting myself so the depression doesn't swallow me whole. I eat relatively healthy and exercise everyday. I've gotten my sleep under control and have been sleeping well for the past month. I've been on Effexor since I was 16 and recently my new psychiatrist has decided to taper me off and start me on Lexpro and continue my Zyprexa and Trazadone. I feel as if I've tried everything under the sun to get better. I just need help.",bsales,,,,,,,,,,,,,,,,,,,,"I need help from you guys. I need any advice or literally anything anyone has to offer me at this point. Heres a little background Im 19 years old and have been struggling with depression for 3 years, it gets better, then it gets bad again. These past 8 months have been the hardest. I was diagnosed as bipolar and I was suicidal and dangerously depressed until about March, when things started looking up, yet of course shit had to hit the fan again. Since then Ive had some good days sprinkled in with excruciating ones. I even went inpatient in April because I was not sleeping or eating, and entering insomnia induced psychosis. I was told I was not bipolar and had major depressive disorder. After I left inpatient I had a really good three weeks, but its getting hard again. I have hobbies reading, coloring, painting, TV, etc. and I fill my days from sun up to sun down distracting myself so the depression doesnt swallow me whole. I eat relatively healthy and exercise everyday. Ive gotten my sleep under control and have been sleeping well for the past month. Ive been on Effexor since I was 16 and recently my new psychiatrist has decided to taper me off and start me on Lexpro and continue my Zyprexa and Trazadone. I feel as if Ive tried everything under the sun to get better. I just need help.","[0, 0]",gold_label,{'control_group'}
,,,,,,,,,,,,I worry that if I do something I will become like someone else whom I don't want to be like,"Sometimes I think that if I do something I will become like someone else who I don't want to be like, and this gives me a lot of anxiety. 
 
 For example: I'll read something about gardens and them being good for your soul. So I'll think about maybe making a garden, but then I think that I'll end up just being some crazy unemployed person who tends to his garden. I don't know why I do this, but I get a very strong feeling of anxiety and aversion to the idea of gardening then(or whatever it may be).
 
 I feel like this kind of thinking is stopping me from trying new things and growing as a person, but I can't stop it for the life of me. It is such strong feeling of anxiety and despair. 
 
 Anyone else do this?",8foux1,,,,,,,,,,,,,,,,,,,,"I worry that if I do something I will become like someone else whom I dont want to be like. Sometimes I think that if I do something I will become like someone else who I dont want to be like, and this gives me a lot of anxiety. For example Ill read something about gardens and them being good for your soul. So Ill think about maybe making a garden, but then I think that Ill end up just being some crazy unemployed person who tends to his garden. I dont know why I do this, but I get a very strong feeling of anxiety and aversion to the idea of gardening thenor whatever it may be. I feel like this kind of thinking is stopping me from trying new things and growing as a person, but I cant stop it for the life of me. It is such strong feeling of anxiety and despair. Anyone else do this?","[0, 0]",gold_label,{'control_group'}
,,,,,,,,,,,,When does it become an act of mercy and stop being a tragedy?,"Daily thoughts:
 
 There is nothing for me to look forward to in life. I have nothing. I am nothing. Tomorrow will be another day saturated in the continuous amplification of my pain, the exponential increase day after day of pain, sadness, and absence of hope. 
 
 At what point will it become an act of mercy and stop being the tragedy people want me to believe my death will cause? I promise that day has past. Without friends, relatives, or anyone that loves me, am I not already dead? What is my existence but a manifestation of other people's opinions and thoughts? Since I am in none, have I not already died?
 
 Please let me die and remove my footprint from anyone else's life. We put our animals down so they do not suffer. Am I not good enough to rank even equivalent with a pet? Why won't the world let me die? It is my most heightened dream, my most vivid hope, my only path for relief. I just want to die. Please?",eq708b,,,,,,,,,,,,,,,,,,,,"When does it become an act of mercy and stop being a tragedy. Daily thoughts There is nothing for me to look forward to in life. I have nothing. I am nothing. Tomorrow will be another day saturated in the continuous amplification of my pain, the exponential increase day after day of pain, sadness, and absence of hope. At what point will it become an act of mercy and stop being the tragedy people want me to believe my death will cause? I promise that day has past. Without friends, relatives, or anyone that loves me, am I not already dead? What is my existence but a manifestation of other peoples opinions and thoughts? Since I am in none, have I not already died? Please let me die and remove my footprint from anyone elses life. We put our animals down so they do not suffer. Am I not good enough to rank even equivalent with a pet? Why wont the world let me die? It is my most heightened dream, my most vivid hope, my only path for relief. I just want to die. Please?","[1, 0]",gold_label,{'depressive_disorder'}
,,,,,,,,,,,,"25 M virgin heading to 26 soon and tbh i lost interest in finding love, relationships, a supportive partner, having sex and everything.","I had a handful of bad relationships back in college and 2 of them were a horrific train wrecks.
 The main problem is I am a mixture of anxieties disorders "" thanks to my mom's lovely genes"" I am not uneasy person to understand.
 I used to get sad and upset when I see happy couples but I am over it now, I am tired of trying tired of searching tired of getting my hopes up so I just accepted that I am undatable and made my peace with it.",fylcp4,,,,,,,,,,,,,,,,,,,,"25 M virgin heading to 26 soon and tbh i lost interest in finding love, relationships, a supportive partner, having sex and everything. I had a handful of bad relationships back in college and 2 of them were a horrific train wrecks. The main problem is I am a mixture of anxieties disorders thanks to my moms lovely genes I am not uneasy person to understand. I used to get sad and upset when I see happy couples but I am over it now, I am tired of trying tired of searching tired of getting my hopes up so I just accepted that I am undatable and made my peace with it.","[0, 0]",gold_label,{'control_group'}
,,,,,,,,,,,,Saying no adds anxiety,"Why is saying no so hard. I have always been very kind to people and I struggle to say no. Even in my own expense. 
 
 I just was able to make a big decision and resign from a job that made me unhappy but was very good position otherwise. Now my bosses are trying to make me stay with all kind of offers. 
 
 I feel very bad about declining those offers. I feel like I let them down and that I make them feel miserable. I would like to say yes, but I can't because of my own health. I really like them as well. It would help if they were dicks but they are great persons. 
 
 Any one else who find it hard to say no? So hard..",7f2ed5,,,,,,,,,,,,,,,,,,,,"Saying no adds anxiety. Why is saying no so hard. I have always been very kind to people and I struggle to say no. Even in my own expense. I just was able to make a big decision and resign from a job that made me unhappy but was very good position otherwise. Now my bosses are trying to make me stay with all kind of offers. I feel very bad about declining those offers. I feel like I let them down and that I make them feel miserable. I would like to say yes, but I cant because of my own health. I really like them as well. It would help if they were dicks but they are great persons. Any one else who find it hard to say no? So hard.","[0, 0]",gold_label,{'control_group'}
,,,,,,,,,,,,Does anyone else feel like a fake and empty human?,"I the only real hobbies I have are based around my obsession with the way I look: yoga and the gym, because I hate my body. Other than that I have no real interests. I used to have hobbies: I used to really like hiking and cooking. Now I just want to lie in bed and do nothing all of the time, especially since when I do go out and do activities, I feel nothing. It makes me feel like a fake, empty person and makes making friends hard, because I just seem empty and boring. Is this a symptom of depression? I have been diagnosed with anxiety and depression. Sometimes I worry that I have bipolar disorder, that I'm a psychopath or that I have some other personality disorder. When I'm around new people I feel I have to lie or at least enhance the truth to make myself look like this interesting person that actually has some hobbies. Does anyone else feel this way?
 
 Edit: Does anyone also feel like it's a never-ending cycle? Like, because you're depressed you act a bit weird/off around other people, and because you act a bit weird/off around other people you feel depressed?",6t20gd,,,,,,,,,,,,,,,,,,,,"Does anyone else feel like a fake and empty human. I the only real hobbies I have are based around my obsession with the way I look yoga and the gym, because I hate my body. Other than that I have no real interests. I used to have hobbies I used to really like hiking and cooking. Now I just want to lie in bed and do nothing all of the time, especially since when I do go out and do activities, I feel nothing. It makes me feel like a fake, empty person and makes making friends hard, because I just seem empty and boring. Is this a symptom of depression? I have been diagnosed with anxiety and depression. Sometimes I worry that I have bipolar disorder, that Im a psychopath or that I have some other personality disorder. When Im around new people I feel I have to lie or at least enhance the truth to make myself look like this interesting person that actually has some hobbies. Does anyone else feel this way? Edit Does anyone also feel like its a neverending cycle? Like, because youre depressed you act a bit weirdoff around other people, and because you act a bit weirdoff around other people you feel depressed?","[1, 1]",gold_label,"{'depressive_disorder', 'anxiety_disorder'}"
,,,,,,,,,,,,FUCK THE FUCK OFF,"What the fucking hell man, I'm so sick of the whole damn thing. Like what the fuck, this whole fucking life and this whole thing. Can I just disappear. No not kill myself could I just fuck of this fucking existence. Like that's just it no sad faces and mourning just a fucking break from this fucking shit storm we call a life. I mean I tried, I didn't like it, I wasn't successful, can I quit now? It's just not fun anymore. And don't say I can do it you little optimus maximus. Pills? Check. Therapy? Check. Still a fucking sad failure? TRIPLE CHECK.
 
 But bro it takes a while.
 
 Fucking 2 years already could I get a fucking break or at least a little fucking bit of happiness? 
 
 Happiness is inside you m8.
 
 Yeah I tried getting it but turns out that is a bit gory now isn't it? 
 
 
 
 And don't even start with the fucking online community support fucking shitstorm. This will probably get removed and I'll be sent a message to contact the nearest suicide hot line. 
 
 WELL GUESS WHAT WHERE I LIVE THERE ISN'T ONE, IN FACT THE BIGGEST WORRY ANYONE HAS IS HOW THEY WILL WIPE THAT BODY OF THE PAVEMENT. 
 
 And that is just it. My life in a nutshell. I will feel better once I get my 5 up votes and MAYBE a nice message. BUT GUESS WHAT? 
 
 I'll be back next week again, and then week after that, and again and again and again because there is no end to this torture.
 
 Like if you came this far just tell me why do you live and why I should to. Just tell me. Non of that spiritual bs I'm sick of that shit, and if you copy paste something from getmotivated..............",50bp3e,,,,,,,,,,,,,,,,,,,,"FUCK THE FUCK OFF. What the fucking hell man, Im so sick of the whole damn thing. Like what the fuck, this whole fucking life and this whole thing. Can I just disappear. No not kill myself could I just fuck of this fucking existence. Like thats just it no sad faces and mourning just a fucking break from this fucking shit storm we call a life. I mean I tried, I didnt like it, I wasnt successful, can I quit now? Its just not fun anymore. And dont say I can do it you little optimus maximus. Pills? Check. Therapy? Check. Still a fucking sad failure? TRIPLE CHECK. But bro it takes a while. Fucking 2 years already could I get a fucking break or at least a little fucking bit of happiness? Happiness is inside you m8. Yeah I tried getting it but turns out that is a bit gory now isnt it? And dont even start with the fucking online community support fucking shitstorm. This will probably get removed and Ill be sent a message to contact the nearest suicide hot line. WELL GUESS WHAT WHERE I LIVE THERE ISNT ONE, IN FACT THE BIGGEST WORRY ANYONE HAS IS HOW THEY WILL WIPE THAT BODY OF THE PAVEMENT. And that is just it. My life in a nutshell. I will feel better once I get my 5 up votes and MAYBE a nice message. BUT GUESS WHAT? Ill be back next week again, and then week after that, and again and again and again because there is no end to this torture. Like if you came this far just tell me why do you live and why I should to. Just tell me. Non of that spiritual bs Im sick of that shit, and if you copy paste something from getmotivated.","[0, 0]",gold_label,{'control_group'}
,,,,,,,,,,,,Please help me; going thru an episode,"I was eating dinner and all was normal until my sister made fun o my speech problem and how I say ""we're"" so I just looked at her feeling sad, and then my dad told me ""you get an attitude boy and I'll fuck you up"" so I got scared and I walked in my room bcause he'd get mad if I ran. He told me to come back so I did, and he said ""what are you wearing?"" as a trans girl, I choose to wear shorts with leggings to hide my bulge. He made me admit infront of my sister and steo mom that I wore them to hide my bulge which was so embarassing. He then went on a 5 minute rant on how I should stop hiding in my room and to spend time with my transphobic family. I don't hang out with them because they're transphobic and make me feel bad about myself. He then said not to go on the internet on my school computer but I'm alone with them and can't escape. I want to kill myself but I'm not going to copy and paste that there. If I have to spend another day here I'll do it. Note that my phone ""mysteriously"" went missing randomly so I can't call the suicide helpline. Help me.",ftum4g,,,,,,,,,,,,,,,,,,,,"Please help me going thru an episode. I was eating dinner and all was normal until my sister made fun o my speech problem and how I say were so I just looked at her feeling sad, and then my dad told me you get an attitude boy and Ill fuck you up so I got scared and I walked in my room bcause hed get mad if I ran. He told me to come back so I did, and he said what are you wearing? as a trans girl, I choose to wear shorts with leggings to hide my bulge. He made me admit infront of my sister and steo mom that I wore them to hide my bulge which was so embarassing. He then went on a 5 minute rant on how I should stop hiding in my room and to spend time with my transphobic family. I dont hang out with them because theyre transphobic and make me feel bad about myself. He then said not to go on the internet on my school computer but Im alone with them and cant escape. I want to kill myself but Im not going to copy and paste that there. If I have to spend another day here Ill do it. Note that my phone mysteriously went missing randomly so I cant call the suicide helpline. Help me.","[0, 0]",gold_label,{'control_group'}
,,,,,,,,,,,,Anger flashes?,"I've been on Prozac for .. holy shit, almost a decade. I was diagnosed with GAD, depression, and OCD.
 
 I've noticed in the past year or two that when I get truly angry about something (a slight, an injustice, what have you), I get these weird things I can only describe as anger flashes. Like, for a second, it's like electricity is pumping through my brain, like I can almost hear loud static, and I can feel my blood pressure increase, and my heart get tight. Then it stops after a few seconds, and I feel heavy and angry still, but no more 'flash'-ing.
 
 Does anyone else get these? What is it? I am thinking it is some weird thing stemming from the Prozac .. but should I be alarmed?",4jrepy,,,,,,,,,,,,,,,,,,,,"Anger flashes. Ive been on Prozac for . holy shit, almost a decade. I was diagnosed with GAD, depression, and OCD. Ive noticed in the past year or two that when I get truly angry about something a slight, an injustice, what have you, I get these weird things I can only describe as anger flashes. Like, for a second, its like electricity is pumping through my brain, like I can almost hear loud static, and I can feel my blood pressure increase, and my heart get tight. Then it stops after a few seconds, and I feel heavy and angry still, but no more flashing. Does anyone else get these? What is it? I am thinking it is some weird thing stemming from the Prozac . but should I be alarmed?","[1, 1]",gold_label,"{'depressive_disorder', 'anxiety_disorder'}"
,,,,,,,,,,,,killing myself doesn't change anything,"killing myself would rid me of my senses. killing myself would mean letting go of the world as i perceive it. but killing myself wouldn't change the world. it would go on, unchanged .the world would neither become a better nor worse place. killing myself would mean that some people feel sad and depressed for a while, other people will feel relieved for a while. the majority wouldn't care. pretty much the same way they don't care right now.
 
 thinking of dying helps. imagining how i want to die helps. it's relieving to let these phantasies crawl into every cell of my body. it's my idea, my wish, my desire. this desire can never be taken away from me. it's mine and only mine to have and to enjoy.",dfwtgv,,,,,,,,,,,,,,,,,,,,"killing myself doesnt change anything. killing myself would rid me of my senses. killing myself would mean letting go of the world as i perceive it. but killing myself wouldnt change the world. it would go on, unchanged .the world would neither become a better nor worse place. killing myself would mean that some people feel sad and depressed for a while, other people will feel relieved for a while. the majority wouldnt care. pretty much the same way they dont care right now. thinking of dying helps. imagining how i want to die helps. its relieving to let these phantasies crawl into every cell of my body. its my idea, my wish, my desire. this desire can never be taken away from me. its mine and only mine to have and to enjoy.","[0, 0]",gold_label,{'control_group'}
,,,,,,,,,,,,I have no friends and nobody wants me,"Im 29 and have been alone for nearly all of this. My original parents gave me away when I was only a day old. I have had problems throughout with anxiety and had other issues which makes it very difficult to find friends. Anytime I have had a friend they do something that fucks me over (one of my friends in a rough situation where he had no where to live, let him stay at mine for a week takes off middle of the night with alot of my electronics and my car in garage. Never saw again) and I have tried dating only to be met with rejection after every first date. Im always lonely because I feel people just dont understand me. Even when I am with family I dont talk much out of fear that they will laugh at me for what I am trying to say (this has happened a few times so I have decided not to say much) my adoptive dad currently has terminal lukemia and does not have long left, he is really the only person who I can talk too and I fear that losing that will hurt me the most.",bkbhu4,,,,,,,,,,,,,,,,,,,,"I have no friends and nobody wants me. Im 29 and have been alone for nearly all of this. My original parents gave me away when I was only a day old. I have had problems throughout with anxiety and had other issues which makes it very difficult to find friends. Anytime I have had a friend they do something that fucks me over one of my friends in a rough situation where he had no where to live, let him stay at mine for a week takes off middle of the night with alot of my electronics and my car in garage. Never saw again and I have tried dating only to be met with rejection after every first date. Im always lonely because I feel people just dont understand me. Even when I am with family I dont talk much out of fear that they will laugh at me for what I am trying to say this has happened a few times so I have decided not to say much my adoptive dad currently has terminal lukemia and does not have long left, he is really the only person who I can talk too and I fear that losing that will hurt me the most.","[0, 0]",gold_label,{'control_group'}
,,,,,,,,,,,,Starting to feel so tired and drained (physically and mentally),"So I've been depressed for a while but started following a low-carb diet in addition to exercising/walking for weight loss purposes (also was hoping it'd reduce depression effects but no apparent results yet despite me losing a bit of kgs; still fat though :D) Then suddenly started losing my appetite as well as lust (urge to masturbate :D) and went on a 0-carb diet (no starches at all, hardly any sources of carbs or added fats).
 
 Just yesterday I visited a psychiatrist and been diagnosed with with major depressive disorder and after taking meds my appetite grew even less to the point I found it a struggle to finish my already small meals.
 
 As of today I started to feel mental and physical exhaustion and find it hard to concentrate in studies or to walk for extended duration.
 
 Is this a temporary effect duo to me not being used to meds or would it last?",7a54re,,,,,,,,,,,,,,,,,,,,"Starting to feel so tired and drained physically and mentally. So Ive been depressed for a while but started following a lowcarb diet in addition to exercisingwalking for weight loss purposes also was hoping itd reduce depression effects but no apparent results yet despite me losing a bit of kgs still fat though D Then suddenly started losing my appetite as well as lust urge to masturbate D and went on a 0carb diet no starches at all, hardly any sources of carbs or added fats. Just yesterday I visited a psychiatrist and been diagnosed with with major depressive disorder and after taking meds my appetite grew even less to the point I found it a struggle to finish my already small meals. As of today I started to feel mental and physical exhaustion and find it hard to concentrate in studies or to walk for extended duration. Is this a temporary effect duo to me not being used to meds or would it last?","[1, 0]",gold_label,{'depressive_disorder'}
,,,,,,,,,,,,I'm tired,"I just don't know what to do at this point. I have started therapy and I am now on medication but things still get to me and I end up worrying still. I can't deal with all of this all the time. Constantly feeling like my life is falling apart around me and I'm alone.
 
 Yesterday I found out my friends made a group chat without me so they can abandon the one I'm in with them. They didn't tell me and when I found out I pretended that I didn't know. I am pretending like it doesn't bother me. But damn does it feel like a stab in the back.
 
 I'm not close with my family so they were like my family and then I was just kind of left behind... I'm tired of constantly feeling like this.",h15tpy,,,,,,,,,,,,,,,,,,,,Im tired. I just dont know what to do at this point. I have started therapy and I am now on medication but things still get to me and I end up worrying still. I cant deal with all of this all the time. Constantly feeling like my life is falling apart around me and Im alone. Yesterday I found out my friends made a group chat without me so they can abandon the one Im in with them. They didnt tell me and when I found out I pretended that I didnt know. I am pretending like it doesnt bother me. But damn does it feel like a stab in the back. Im not close with my family so they were like my family and then I was just kind of left behind. Im tired of constantly feeling like this.,"[0, 0]",gold_label,{'control_group'}
,,,,,,,,,,,,Reached out to therapist after doing so well for 11 months.,"Eleven months ago, my therapist sent me off with good wishes and a promise to reach out if I relapsed. Cue to today, I sat at work, tearful (for no reason other than I am alive), and wondered how many sleeping pills it would take to kill myself tonight. In my head, I know it's so inconsiderate and horrible and most definitely not worth the pain I would cause others but I can't help but wish for anything other than this crushing feeling in my soul. 
 
 I called my therapist. I have her next earliest appointment and have promised to take myself to the hospital if my suicidal thoughts become too much to handle.
 
 I've had diagnosed clinical depression for 6 years and it took me forever to reach out to a therapist or psychiatrist before that. I felt like utter garbage for YEARS before then. I'm so grateful for the medical professionals who help people like me every day. Fuck, I hate depression. Fuck this shit.",ah60g4,,,,,,,,,,,,,,,,,,,,"Reached out to therapist after doing so well for 11 months. Eleven months ago, my therapist sent me off with good wishes and a promise to reach out if I relapsed. Cue to today, I sat at work, tearful for no reason other than I am alive, and wondered how many sleeping pills it would take to kill myself tonight. In my head, I know its so inconsiderate and horrible and most definitely not worth the pain I would cause others but I cant help but wish for anything other than this crushing feeling in my soul. I called my therapist. I have her next earliest appointment and have promised to take myself to the hospital if my suicidal thoughts become too much to handle. Ive had diagnosed clinical depression for 6 years and it took me forever to reach out to a therapist or psychiatrist before that. I felt like utter garbage for YEARS before then. Im so grateful for the medical professionals who help people like me every day. Fuck, I hate depression. Fuck this shit.","[1, 0]",gold_label,{'depressive_disorder'}
,,,,,,,,,,,,I applied for a job today :),"Hey Everyone, 
 

 
 I write some posts in here sometimes and I just wanted to write a post about something good that happened. I started my university break a while ago and since the break my depression has gotten a lot worse and each day I was just plagued with guilt and sadness about how I was just spending each day in my room. 
 
 
 I don't know where it came from but I got this sudden burst of motivation to just do something, anything that would make me have a reason to wake up each morning. I got online and applied for a job at a local cinema I've always wanted to work for. Today, my parents convinced me to hand in a resume in person as well so I went into the cinema and did so. I basically had an improptu interview that I was totally not ready for but the guy said he really appreciated me coming in and that he'll get back to me in at least two days! 
 
 
 Whether I get the job or not I'm honestly not really worried, because I'm just really happy that I managed to do even go in myself and apply. I'm not gonna lie, I'm actually really scared about the possibility of getting a job because I'm worried I may have dived in a bit quick and may not be able to balance it. But, I'm still really happy I did it and if I do get it, I'm happy I finally have something to distract myself from the bad thoughts. I hope everything turns out okay.",c7s2wq,,,,,,,,,,,,,,,,,,,,"I applied for a job today . Hey Everyone, I write some posts in here sometimes and I just wanted to write a post about something good that happened. I started my university break a while ago and since the break my depression has gotten a lot worse and each day I was just plagued with guilt and sadness about how I was just spending each day in my room. I dont know where it came from but I got this sudden burst of motivation to just do something, anything that would make me have a reason to wake up each morning. I got online and applied for a job at a local cinema Ive always wanted to work for. Today, my parents convinced me to hand in a resume in person as well so I went into the cinema and did so. I basically had an improptu interview that I was totally not ready for but the guy said he really appreciated me coming in and that hell get back to me in at least two days! Whether I get the job or not Im honestly not really worried, because Im just really happy that I managed to do even go in myself and apply. Im not gonna lie, Im actually really scared about the possibility of getting a job because Im worried I may have dived in a bit quick and may not be able to balance it. But, Im still really happy I did it and if I do get it, Im happy I finally have something to distract myself from the bad thoughts. I hope everything turns out okay.","[1, 0]",gold_label,{'depressive_disorder'}
,,,,,,,,,,,,Hurt my best friend badly,"When my depression takes over my mind, it makes me suicidal. My best friend is always there to calm me down and talk me out of it, but it's been happening more often these past few weeks and I realize that it's wearing him down. Today I told him that I wanted to die and he said that I had no reason to, because all I have are reasons to live. He's right, I have a pretty good life yet I'm depressed. Telling him I want to die hurt him badly and the last thing I want is our friendship to end because, without him, I couldn't cope and would kill myself. I hurt him really badly and I'm suicidal because of it. Sorry it was a bit of a rant. I had to get it off my chest because I had no one to turn to.",hqp6g7,,,,,,,,,,,,,,,,,,,,"Hurt my best friend badly. When my depression takes over my mind, it makes me suicidal. My best friend is always there to calm me down and talk me out of it, but its been happening more often these past few weeks and I realize that its wearing him down. Today I told him that I wanted to die and he said that I had no reason to, because all I have are reasons to live. Hes right, I have a pretty good life yet Im depressed. Telling him I want to die hurt him badly and the last thing I want is our friendship to end because, without him, I couldnt cope and would kill myself. I hurt him really badly and Im suicidal because of it. Sorry it was a bit of a rant. I had to get it off my chest because I had no one to turn to.","[0, 0]",gold_label,{'control_group'}
,,,,,,,,,,,,Is this a sign of depression?,"It's midnight and I've been feeling strange and restless the whole day, normally on weekends I do my house chores, homework, play videogames or watch tv... but today is one of those days that I find no interest in doing anything and I've been feeling bored and restless.... I blame it in part to the Canadian weather: cold and dark....
 
 But right now before sleeping I suddenly thought about how other people I know find success in their lives and then a sudden wave of worthlessness thoughts hit me along with suicidal thoughts and I started crying....
 
 I don't like to say much about myself in social media, but at 30, I haven't achieved anything in life.... I've been a big failure in college and even if I'm still trying to do something about it, it feels like life is passing me by and I'm getting no results.... I'm unemployable due to the fact that I have no skills and no work experience other than shitty call centers, and on top of that I'm socially awkward and shy; the relationship with my SO lacks passion; I have no money and I'm not physically attractive other than just average...... I better stop here because writing all this makes me even more depressed.
 
 My question is..... is it possible that feeling bored and restless during the day is a sign of depression? Sometimes I feel like I'm doing just fine and suddenly a big wave of thoughts of worthlessness hit me.... is it normal or can it be something else like bipolar disorder? I don't know. The only thing I was diagnosed with (6 years ago) was clinical depression... but that was a long time ago.",7tih7i,,,,,,,,,,,,,,,,,,,,"Is this a sign of depression. Its midnight and Ive been feeling strange and restless the whole day, normally on weekends I do my house chores, homework, play videogames or watch tv. but today is one of those days that I find no interest in doing anything and Ive been feeling bored and restless. I blame it in part to the Canadian weather cold and dark. But right now before sleeping I suddenly thought about how other people I know find success in their lives and then a sudden wave of worthlessness thoughts hit me along with suicidal thoughts and I started crying. I dont like to say much about myself in social media, but at 30, I havent achieved anything in life. Ive been a big failure in college and even if Im still trying to do something about it, it feels like life is passing me by and Im getting no results. Im unemployable due to the fact that I have no skills and no work experience other than shitty call centers, and on top of that Im socially awkward and shy the relationship with my SO lacks passion I have no money and Im not physically attractive other than just average. I better stop here because writing all this makes me even more depressed. My question is. is it possible that feeling bored and restless during the day is a sign of depression? Sometimes I feel like Im doing just fine and suddenly a big wave of thoughts of worthlessness hit me. is it normal or can it be something else like bipolar disorder? I dont know. The only thing I was diagnosed with 6 years ago was clinical depression. but that was a long time ago.","[0, 0]",gold_label,{'control_group'}
,,,,,,,,,,,,Almost bought 7 grams of heroin,"I have tried peyote and magic mushrooms before and it healed my ocd and depression,anhedonia etc so I thought I'm done being depressed and suffering I'm gonna buy heroin and try it.luckily last minute I decided being a fiend just wasnt for me,and I am scared of needles anyway.
 
 the things I've heard about how heroin feels made me want to try it.but I really dont want to be an addict.
 
 what really helps in me in not buying it,is my faith that one day God will give me true happiness even if thats not in this life.I don't need to have that feeling at all costs in this life and maybe my depression is for a greater reason.its probabely a pathetic cope but I don't care,it helps me in avoiding drugs.
 
 reading the stories here also helps me in avoiding.I hope I have the willpower to keep avoiding and never try it,because if I could have even a tenth of the feeling I had on mushrooms I'd be an addict even if it wasnt addicting physically.",g5u55m,,,,,,,,,,,,,,,,,,,,"Almost bought 7 grams of heroin. I have tried peyote and magic mushrooms before and it healed my ocd and depression,anhedonia etc so I thought Im done being depressed and suffering Im gonna buy heroin and try it.luckily last minute I decided being a fiend just wasnt for me,and I am scared of needles anyway. the things Ive heard about how heroin feels made me want to try it.but I really dont want to be an addict. what really helps in me in not buying it,is my faith that one day God will give me true happiness even if thats not in this life.I dont need to have that feeling at all costs in this life and maybe my depression is for a greater reason.its probabely a pathetic cope but I dont care,it helps me in avoiding drugs. reading the stories here also helps me in avoiding.I hope I have the willpower to keep avoiding and never try it,because if I could have even a tenth of the feeling I had on mushrooms Id be an addict even if it wasnt addicting physically.","[1, 0]",gold_label,{'depressive_disorder'}
,,,,,,,,,,,,My 18F friend is most likely going to be admitted to a psych ward,"Im posting here because I dont know where else to seek advice; I dont know who to talk to about this, and her family doesnt know about the whole situation. 
 
 My friend has been through several traumatic experiences, and has been suffering from depression and suicidal thoughts for about 5 years. I convinced her to go to therapy a few months ago, telling her about how much it helped me and some success stories, but the therapist she was seeing did little to no help. She stopped going after a few months, but her depression got worse. I convinced her to go see her GP again, and ask for a formal diagnosis and specific therapy because just regular CBT wasnt working for her. 
 
 She told me her GP advised her to move into a mental health facility because she has become a danger to herself. Ive known about how she feels for a while now, but I never really considered her to be a threat to herself. I feel like a bad friend because I feel like I havent seen her pain for what it really is. 
 
 Ive been trying to be as supportive as I can, giving her advice from my experiences with mental illness (I was diagnosed with major depressive disorder and PTSD a little over a year ago). Im worried Im still not doing enough, and I really dont know what to do now. Is there anything you recommend would work in this situation?",i768on,,,,,,,,,,,,,,,,,,,,"My 18F friend is most likely going to be admitted to a psych ward. Im posting here because I dont know where else to seek advice I dont know who to talk to about this, and her family doesnt know about the whole situation. My friend has been through several traumatic experiences, and has been suffering from depression and suicidal thoughts for about 5 years. I convinced her to go to therapy a few months ago, telling her about how much it helped me and some success stories, but the therapist she was seeing did little to no help. She stopped going after a few months, but her depression got worse. I convinced her to go see her GP again, and ask for a formal diagnosis and specific therapy because just regular CBT wasnt working for her. She told me her GP advised her to move into a mental health facility because she has become a danger to herself. Ive known about how she feels for a while now, but I never really considered her to be a threat to herself. I feel like a bad friend because I feel like I havent seen her pain for what it really is. Ive been trying to be as supportive as I can, giving her advice from my experiences with mental illness I was diagnosed with major depressive disorder and PTSD a little over a year ago. Im worried Im still not doing enough, and I really dont know what to do now. Is there anything you recommend would work in this situation?","[0, 0]",gold_label,{'control_group'}
,,,,,,,,,,,,falling back into old habits,"earlier this year, i attempted suicide & obviously failed. i was stupid & left my door wide open, but give me some slack because i was not completely sober at the time. anyway, i ended up spending some time in a hospital then was transferred to a mental hospital. i was diagnosed with major depressive disorder & have been on three different medications ever since. i havent been taking my meds recently because i feel like i dont need them. im fine. im talking to more people, made new friends, & i even got a boyfriend who makes me very happy. i feel like im wasting everyones time. theyre trying to help me when i dont need any help. i stopped talking to my therapist & im planning on stopping talking to my psychiatrist. but its ironic. im cutting again, drinking again, having suicidal thoughts again. but its normal right? everyone goes through some shit & they can get through it by themselves, with no help. i can do that too, right?",gpl18f,,,,,,,,,,,,,,,,,,,,"falling back into old habits. earlier this year, i attempted suicide obviously failed. i was stupid left my door wide open, but give me some slack because i was not completely sober at the time. anyway, i ended up spending some time in a hospital then was transferred to a mental hospital. i was diagnosed with major depressive disorder have been on three different medications ever since. i havent been taking my meds recently because i feel like i dont need them. im fine. im talking to more people, made new friends, i even got a boyfriend who makes me very happy. i feel like im wasting everyones time. theyre trying to help me when i dont need any help. i stopped talking to my therapist im planning on stopping talking to my psychiatrist. but its ironic. im cutting again, drinking again, having suicidal thoughts again. but its normal right? everyone goes through some shit they can get through it by themselves, with no help. i can do that too, right?","[1, 0]",gold_label,{'depressive_disorder'}
,,,,,,,,,,,,I feel like an awful person (rant),"I'm angry, like all the time. Tired, too. Overstressed. Sleep-deprived. You know, just trudging along. This reflects as a, shall we put it, ""fuck everything, the world and everyone"" -attitude, but instead of feeling guilty and miserable because of it, I'm just kinda ok with it. I'm not flipping people off or being rude or anything, but I'm not exactly pleasant to be around with. I guess I justify this since I'm sober and have a history of overthinking and analyzing everything and wanting people to like me (alcoholic dad, bullied at school etc. ), so now that I don't do that all the time, I'm directing my negativity towards the outside world. I know this is childish and stupid, but I can't help it. I'm just on edge 24/7 and sort of feel like I have no idea what kind of a person I really am. 
 
 So I feel like an awful person, even though I kinda know I'm not. I don't know if this makes any sense, but I'm putting this out here. My therapy - if I get it - won't start until January..",7cwwlq,,,,,,,,,,,,,,,,,,,,"I feel like an awful person rant. Im angry, like all the time. Tired, too. Overstressed. Sleepdeprived. You know, just trudging along. This reflects as a, shall we put it, fuck everything, the world and everyone attitude, but instead of feeling guilty and miserable because of it, Im just kinda ok with it. Im not flipping people off or being rude or anything, but Im not exactly pleasant to be around with. I guess I justify this since Im sober and have a history of overthinking and analyzing everything and wanting people to like me alcoholic dad, bullied at school etc. , so now that I dont do that all the time, Im directing my negativity towards the outside world. I know this is childish and stupid, but I cant help it. Im just on edge 247 and sort of feel like I have no idea what kind of a person I really am. So I feel like an awful person, even though I kinda know Im not. I dont know if this makes any sense, but Im putting this out here. My therapy if I get it wont start until January.","[0, 0]",gold_label,{'control_group'}
,,,,,,,,,,,,I'm sick of all these depression recovery stories where everything works out amazingly.,"All these stories saying ""I was extremely depressed as a teen, but i got better and eventually graduated with a degree in every subject known to man!"" just feel so unrealistic, I mean, they could happen sometimes, but where are all the stories saying ""I was extremely depressed as a teen, I dropped out of school at 15, and now 10 years later I'm still living with my parents without any sort of proper education beyond year 10, covered in self inflicted scars, dealing with organ failure due to my drug abuse, and and struggling to eat from years of bulimia, but hey, I'm still alive!"" That just sounds so much more realistic, and it could help those people who are in that position where they can't go to school anymore, they're struggling to get out of bed and they don't know what to do. every time I read some super happy recovery story I hate myself more and more because I know that I won't ever reach that point in my life, and it just makes me so upset.",6u19ok,,,,,,,,,,,,,,,,,,,,"Im sick of all these depression recovery stories where everything works out amazingly. All these stories saying I was extremely depressed as a teen, but i got better and eventually graduated with a degree in every subject known to man! just feel so unrealistic, I mean, they could happen sometimes, but where are all the stories saying I was extremely depressed as a teen, I dropped out of school at 15, and now 10 years later Im still living with my parents without any sort of proper education beyond year 10, covered in self inflicted scars, dealing with organ failure due to my drug abuse, and and struggling to eat from years of bulimia, but hey, Im still alive! That just sounds so much more realistic, and it could help those people who are in that position where they cant go to school anymore, theyre struggling to get out of bed and they dont know what to do. every time I read some super happy recovery story I hate myself more and more because I know that I wont ever reach that point in my life, and it just makes me so upset.","[1, 0]",gold_label,{'depressive_disorder'}
,,,,,,,,,,,,DAE get really like resentful towards life and shitty?,"Period for the first time in a year.... To say I'm pissed is an understatement. I want to sleep until next year. I'm not even tired - I just hate life and not having a job and constantly applying for them is making me CRAZY. 
 
 I hate everyone and I hate everything but I'm crying and lonely??????? 
 
 Anyone else have these feels? 
 Being unemployed and useless with two university qualifications is seriously messing up my positive energy. Worked so hard not to he depressed or anxious and now we back at nearly square 1. 
 
 Poop :(",5mx78n,,,,,,,,,,,,,,,,,,,,DAE get really like resentful towards life and shitty. Period for the first time in a year. To say Im pissed is an understatement. I want to sleep until next year. Im not even tired I just hate life and not having a job and constantly applying for them is making me CRAZY. I hate everyone and I hate everything but Im crying and lonely? Anyone else have these feels? Being unemployed and useless with two university qualifications is seriously messing up my positive energy. Worked so hard not to he depressed or anxious and now we back at nearly square 1. Poop,"[0, 0]",gold_label,{'control_group'}
,,,,,,,,,,,,Im heavily considering self harm again,"I dont think ive cut myself in around a year or at least 7 months, but i feel like total ass. I feel so exhausted and alone. I hate myself. I liked the feeling of seeing the blood run down my arm, its like a special type of comfort that nothing else can really offer. Ive been trying to draw gore and such to get rid of that urge but its still there man. I just want to watch myself bleed again. I deserve it. I hate myself. I deserve to feel like shit.",lhdqa3,,,,,,,,,,,,,,,,,,,,"Im heavily considering self harm again. I dont think ive cut myself in around a year or at least 7 months, but i feel like total ass. I feel so exhausted and alone. I hate myself. I liked the feeling of seeing the blood run down my arm, its like a special type of comfort that nothing else can really offer. Ive been trying to draw gore and such to get rid of that urge but its still there man. I just want to watch myself bleed again. I deserve it. I hate myself. I deserve to feel like shit.","[0, 0]",gold_label,{'control_group'}
,,,,,,,,,,,,"I dont even know, I just know that I hate depression and wish there was an off switch...","Im 21 in like 2 days. When I was younger, it seemed so far away. It seemed like I would be such a grown up woman but, here I am, still crying and in my towel on my bed after a random crying episode in my shower. This pain is too much. I have pretty much no friends and the group Im in, Im more of an annoyance to them...they just tolerate me. This sub has been good though, full of supporting people, who seem to generally give a shit about other people and their well-being. Life doesnt stop for anyone...it doesnt slow down. It gets crazier and faster if anything. I feel so alone, so very alone. Anyway, I just had to get this out. I was in bed all day, had anyone felt like so heavy and paralyzed, it feels like they are made of stone if they try move on this state? Mmm... Take care everyone",9z1vb7,,,,,,,,,,,,,,,,,,,,"I dont even know, I just know that I hate depression and wish there was an off switch. Im 21 in like 2 days. When I was younger, it seemed so far away. It seemed like I would be such a grown up woman but, here I am, still crying and in my towel on my bed after a random crying episode in my shower. This pain is too much. I have pretty much no friends and the group Im in, Im more of an annoyance to them.they just tolerate me. This sub has been good though, full of supporting people, who seem to generally give a shit about other people and their wellbeing. Life doesnt stop for anyone.it doesnt slow down. It gets crazier and faster if anything. I feel so alone, so very alone. Anyway, I just had to get this out. I was in bed all day, had anyone felt like so heavy and paralyzed, it feels like they are made of stone if they try move on this state? Mmm. Take care everyone","[0, 0]",gold_label,{'control_group'}
,,,,,,,,,,,,I am done with always feeling like the most worthless thing that exists,"I hate myself more than anything in this messed up world , but I am done waiting for some miracle or sudden change. It isn't going to happen by itself.
 
 I have extreme depression , anxiety , suicidal thoughts 24/7 and I know one day I am going to end my own life . But I want to have some fun before it. 
 
 I want to get high , drunk with friends , go to a club , have sex , travel and have a real fancy meal in a fine restaurant. My life goals aren't complex , but those memories will be everything I will have while looking back at my shitty ""life"".
 
 I just hope this terrible times with corona will pass as soon as possible , so I can get out of my home prison and try to feel alive and not dead and hollow inside.
 
 Fuck school and terrible abusive parents who don't understand grades aren't important if just not committing suicide or self-harming takes the majority of your energy and focus.
 
 If you struggle with suicidal thoughts or you think you might be starting to develop depression , please go see a professional before it's too late like for me.",g1slp7,,,,,,,,,,,,,,,,,,,,"I am done with always feeling like the most worthless thing that exists. I hate myself more than anything in this messed up world , but I am done waiting for some miracle or sudden change. It isnt going to happen by itself. I have extreme depression , anxiety , suicidal thoughts 247 and I know one day I am going to end my own life . But I want to have some fun before it. I want to get high , drunk with friends , go to a club , have sex , travel and have a real fancy meal in a fine restaurant. My life goals arent complex , but those memories will be everything I will have while looking back at my shitty life. I just hope this terrible times with corona will pass as soon as possible , so I can get out of my home prison and try to feel alive and not dead and hollow inside. Fuck school and terrible abusive parents who dont understand grades arent important if just not committing suicide or selfharming takes the majority of your energy and focus. If you struggle with suicidal thoughts or you think you might be starting to develop depression , please go see a professional before its too late like for me.","[0, 0]",gold_label,{'control_group'}
,,,,,,,,,,,,I would never wish social anxiety on anyone,"It's living fucking hell. So much I want to do but can't because of stupid irrational fears that I don't even understand. Currently trying to get a job but can't. The fear is strengthening its grip too tight. Going to an interview is impossible, let alone going to the job everyday as it is. 
 
 Going to a job would just be a repeat of school. I'd miss at least one day of school a week, because the anxiety would just overwhelm me. The only time I'd be relaxed was on a Friday night or Saturday. Being anxious practically everyday of the week. I can't go through that shit again. Besides, if I miss too many days, my ass would get fired.",6bjm7i,,,,,,,,,,,,,,,,,,,,"I would never wish social anxiety on anyone. Its living fucking hell. So much I want to do but cant because of stupid irrational fears that I dont even understand. Currently trying to get a job but cant. The fear is strengthening its grip too tight. Going to an interview is impossible, let alone going to the job everyday as it is. Going to a job would just be a repeat of school. Id miss at least one day of school a week, because the anxiety would just overwhelm me. The only time Id be relaxed was on a Friday night or Saturday. Being anxious practically everyday of the week. I cant go through that shit again. Besides, if I miss too many days, my ass would get fired.","[0, 0]",gold_label,{'control_group'}
,,,,,,,,,,,,I think going back to work is going to break me,"I took a week off for mental health reasons. I'm going back tomorrow, and I don't want to. Not in a normal ""Oh, I can't be bothered with work today"" way, but I actually don't want to. I'm feeling anxious already.
 
 On Tuesday I am working with a supervisor who stresses everyone out by giving constant commands and demands when you're already busy .... I already know that is going to be a bad shift. I just don't want to. I don't want to face stupid customers and serve ice-cream. I don't want to make small talk about the weather. I don't want to stand there watching while they scan their own shopping, saying the same ""That doesn't have a barcode. I'll just have to add it on from my end"". I. Don't. Want . To. I don't want to work with employers who pretend they care about your mental health. I don't want to be the person who they shove on the till because I'm no good for anything else. I just want to run and never look back. I would if it wasn't for my dog ... I'd just get in the car and drive to the hills until I run out of petrol. Then I'll just stay there. Just stay in my car til someone comes looking for me ... I know they never will.
 
 The idea of going back to work is just filling me with a fight or flight response. But I can't do either. I have no fight left in me and I cannot run.",hcrdmq,,,,,,,,,,,,,,,,,,,,"I think going back to work is going to break me. I took a week off for mental health reasons. Im going back tomorrow, and I dont want to. Not in a normal Oh, I cant be bothered with work today way, but I actually dont want to. Im feeling anxious already. On Tuesday I am working with a supervisor who stresses everyone out by giving constant commands and demands when youre already busy . I already know that is going to be a bad shift. I just dont want to. I dont want to face stupid customers and serve icecream. I dont want to make small talk about the weather. I dont want to stand there watching while they scan their own shopping, saying the same That doesnt have a barcode. Ill just have to add it on from my end. I. Dont. Want . To. I dont want to work with employers who pretend they care about your mental health. I dont want to be the person who they shove on the till because Im no good for anything else. I just want to run and never look back. I would if it wasnt for my dog . Id just get in the car and drive to the hills until I run out of petrol. Then Ill just stay there. Just stay in my car til someone comes looking for me . I know they never will. The idea of going back to work is just filling me with a fight or flight response. But I cant do either. I have no fight left in me and I cannot run.","[0, 0]",gold_label,{'control_group'}
,,,,,,,,,,,,"Been feeling a bit depressed these past few days, yet somehow, i feel...comfortable.","All I want to do is sleep. I want to ignore everyone and just be alone and cry and cut. I find myself thinking, ""I should do X to pass time"" but then i just shoot that thought down with ""Whats the point though? It's not like it'll matter if I do that anyways."" I'm not happy doing the things I enjoy, so I just don't do them. All I do is eat, even when I'm not hungry.
 
 I really dont want to go to work tomorrow because then that'd mean i have to smile and act like everything's okay when I'm starting to come to terms with the fact that im going through another relapse.
 
 But despite all this...I feel comfortable with myself. For the past year, ive been happy and not depressed. And i've felt guilty for it, ive felt awkward about myself. i dont like being happy sometimes, it doesnt feel right. Im comfortable being depressed because it's all ive ever known..
 
 Just wanted to get this out there, maybe some of you could relate? I dont know, i just want to tell people what's wrong with me when I know that all they can do is feign concern and worry.
 
 Anyways, That's all i wanted to say.",5dqwph,,,,,,,,,,,,,,,,,,,,"Been feeling a bit depressed these past few days, yet somehow, i feel.comfortable. All I want to do is sleep. I want to ignore everyone and just be alone and cry and cut. I find myself thinking, I should do X to pass time but then i just shoot that thought down with Whats the point though? Its not like itll matter if I do that anyways. Im not happy doing the things I enjoy, so I just dont do them. All I do is eat, even when Im not hungry. I really dont want to go to work tomorrow because then thatd mean i have to smile and act like everythings okay when Im starting to come to terms with the fact that im going through another relapse. But despite all this.I feel comfortable with myself. For the past year, ive been happy and not depressed. And ive felt guilty for it, ive felt awkward about myself. i dont like being happy sometimes, it doesnt feel right. Im comfortable being depressed because its all ive ever known. Just wanted to get this out there, maybe some of you could relate? I dont know, i just want to tell people whats wrong with me when I know that all they can do is feign concern and worry. Anyways, Thats all i wanted to say.","[1, 0]",gold_label,{'depressive_disorder'}
,,,,,,,,,,,,"16 years old , I could use some kind words","Today has been really hard. I suffer from depression and anxiety. First love broke up with me 2 months ago and I am dealing with immense loneliness. Self harmed with a safety razor for the second time today. Cut to the white layer under the skin. Does the pain get less awful ? Sorry if my grammar is odd I am a bit teary and shakey so I'm not in the best mindset . Please anyone just a sentence even , or a hello.",43k1ty,,,,,,,,,,,,,,,,,,,,"16 years old , I could use some kind words. Today has been really hard. I suffer from depression and anxiety. First love broke up with me 2 months ago and I am dealing with immense loneliness. Self harmed with a safety razor for the second time today. Cut to the white layer under the skin. Does the pain get less awful ? Sorry if my grammar is odd I am a bit teary and shakey so Im not in the best mindset . Please anyone just a sentence even , or a hello.","[0, 0]",gold_label,{'control_group'}
,,,,,,,,,,,,I've completely stopped functioning.,"I don't care about sleep, it's 4:33 am right now, I'm exhausted and starving but I couldn't care less. I've stopped going to school, and when I do go I sit in the class silently doing nothing. I'm 16, I have no partner, no part time job, my friends all go to a different schools and make excuses to avoid seeing me, I have thousands of self harm scars, I think about death almost constantly, I dunno where my life goes from here. I'm a lost cause, I've been sick for years and I've only gotten worse and worse, therapy, medication, inpatient treatment, mindfulness, all this other made up bullshit does nothing. I'm such a fuckup it's insane, I don't know how I ended up like this but I'm such a disappointing little shit of a son that I pity my parents for having to know that they gave birth to me and now they have to deal with all my bullshit. They didn't ask for this. I have no reason to try anymore, I'm never going to be successful, I'm so far beyond fixing at this point.",6i18fz,,,,,,,,,,,,,,,,,,,,"Ive completely stopped functioning. I dont care about sleep, its 433 am right now, Im exhausted and starving but I couldnt care less. Ive stopped going to school, and when I do go I sit in the class silently doing nothing. Im 16, I have no partner, no part time job, my friends all go to a different schools and make excuses to avoid seeing me, I have thousands of self harm scars, I think about death almost constantly, I dunno where my life goes from here. Im a lost cause, Ive been sick for years and Ive only gotten worse and worse, therapy, medication, inpatient treatment, mindfulness, all this other made up bullshit does nothing. Im such a fuckup its insane, I dont know how I ended up like this but Im such a disappointing little shit of a son that I pity my parents for having to know that they gave birth to me and now they have to deal with all my bullshit. They didnt ask for this. I have no reason to try anymore, Im never going to be successful, Im so far beyond fixing at this point.","[1, 0]",gold_label,{'depressive_disorder'}
,,,,,,,,,,,,Who am I?,"This is going to probably sound kinda edgy, but I don't know how to express anything without making it sound like a pathetic cry for help. I've struggled with self harm off and on again for the past 4-5 years. I wear men's boxer briefs to hide the scars on my legs because the more I see them the more I begin to hate my body and the wreck I've made of it. People with see these when I die and they're dressing up my body. They see them when I go to the hospital, people see them in the locker room. Which brings me to the reason why I still cut. It began with a heavily mentally abusive relationship my mom and I went through with my step dad. Now, it's because I'm a dyke and the possibility of being forcibly ""fixed"" sends me in to crying fits late at night and makes me reach for my blades. I just broke nearly 2 weeks of being clean and it wasn't even worth it because not even that much blood came out because the other scars were nearly healed and made my skin tough. My mom sees me as this protector, who stands up for what she believes in, but in reality I'm just one big fucking coward. I don't even know if I want her to see that.",7uxbrc,,,,,,,,,,,,,,,,,,,,"Who am I. This is going to probably sound kinda edgy, but I dont know how to express anything without making it sound like a pathetic cry for help. Ive struggled with self harm off and on again for the past 45 years. I wear mens boxer briefs to hide the scars on my legs because the more I see them the more I begin to hate my body and the wreck Ive made of it. People with see these when I die and theyre dressing up my body. They see them when I go to the hospital, people see them in the locker room. Which brings me to the reason why I still cut. It began with a heavily mentally abusive relationship my mom and I went through with my step dad. Now, its because Im a dyke and the possibility of being forcibly fixed sends me in to crying fits late at night and makes me reach for my blades. I just broke nearly 2 weeks of being clean and it wasnt even worth it because not even that much blood came out because the other scars were nearly healed and made my skin tough. My mom sees me as this protector, who stands up for what she believes in, but in reality Im just one big fucking coward. I dont even know if I want her to see that.","[0, 0]",gold_label,{'control_group'}
,,,,,,,,,,,,More anxiety after getting an ESA??,"Hi everyone,
 
 Over the weekend I adopted Zoe, a weird, ambiguous mixed breed dog to help me cope with my anxiety, depression, and general loneliness. She is perfect. She is house trained, hardly barks, snuggles, and requires the kind of routine I needed to establish in my life. She is everything I could have asked for in an ESA, and I genuinely don't have anything bad to say about her.
 
 But since I've had her I've had panic attacks at a way higher frequency than what is normal for me. Thinking about how she needs me and is a legitimate 15+ year commitment can send me spiraling down a rabbit hole of hyperventilation and shaking. I keep thinking ""I can't do this. I need to give her back"", even though I really don't want to. She is great and is providing me a level of stability and routine that I know is not only good for me, but will generally help my mental health.
 
 I feel really guilty whenever I feel anxiety about having adopted her. She is all I could have asked for and yet I am full of anxiety? Can someone tell me this is normal? That it will go away soon? I love her and when I'm not panicking I think she is perfect for my needs, but I can't live like this for 15+ years.
 
 Please help. Thank you",a5vgpg,,,,,,,,,,,,,,,,,,,,"More anxiety after getting an ESA. Hi everyone, Over the weekend I adopted Zoe, a weird, ambiguous mixed breed dog to help me cope with my anxiety, depression, and general loneliness. She is perfect. She is house trained, hardly barks, snuggles, and requires the kind of routine I needed to establish in my life. She is everything I could have asked for in an ESA, and I genuinely dont have anything bad to say about her. But since Ive had her Ive had panic attacks at a way higher frequency than what is normal for me. Thinking about how she needs me and is a legitimate 15+ year commitment can send me spiraling down a rabbit hole of hyperventilation and shaking. I keep thinking I cant do this. I need to give her back, even though I really dont want to. She is great and is providing me a level of stability and routine that I know is not only good for me, but will generally help my mental health. I feel really guilty whenever I feel anxiety about having adopted her. She is all I could have asked for and yet I am full of anxiety? Can someone tell me this is normal? That it will go away soon? I love her and when Im not panicking I think she is perfect for my needs, but I cant live like this for 15+ years. Please help. Thank you","[1, 1]",gold_label,"{'depressive_disorder', 'anxiety_disorder'}"
,,,,,,,,,,,,Why should I live?,"I cant function. I cannot enjoy anything, I have no motivation or energy, I constantly wake up with nightmares that traumatize me and ruin my whole day or week. I cannot stay asleep for more than 30 minutes without waking up to a nightmare. Every second is painful, I am always dysphoric and bored. I hate every second. I have no friends, never had a girlfriend either. I can't get pleasure out of anything. I have no money to get the healthcare or mental health resources I need. I asked for donations and noone helped. I do not have the ability to hold a job. I do not even have the ability to take regular showers or get out of bed most days.
 
 
 I am 27, and things have been consistently getting worse, especially the last 10 years, it has been a downward spiral, and everyday is my worst day.
 I absolutely hate life, and I dislike most of humanity.
 I do not want to be here.
 
 
 Why should I stay? Oh there is no god or afterlife btw, so dont hit me with that bs",6xdfig,,,,,,,,,,,,,,,,,,,,"Why should I live. I cant function. I cannot enjoy anything, I have no motivation or energy, I constantly wake up with nightmares that traumatize me and ruin my whole day or week. I cannot stay asleep for more than 30 minutes without waking up to a nightmare. Every second is painful, I am always dysphoric and bored. I hate every second. I have no friends, never had a girlfriend either. I cant get pleasure out of anything. I have no money to get the healthcare or mental health resources I need. I asked for donations and noone helped. I do not have the ability to hold a job. I do not even have the ability to take regular showers or get out of bed most days. I am 27, and things have been consistently getting worse, especially the last 10 years, it has been a downward spiral, and everyday is my worst day. I absolutely hate life, and I dislike most of humanity. I do not want to be here. Why should I stay? Oh there is no god or afterlife btw, so dont hit me with that bs","[1, 0]",gold_label,{'depressive_disorder'}
,,,,,,,,,,,,i have no future,"i absolutely hate myself and i think im going to kill myself. not today, and maybe not in the near future, but one day i will. i barely ever think about my future because i believe that i will kill myself before i grow up and become an adult and have a job and family and everything. i feel like such a pathetic excuse for a human being, all i am is dead weight to everyone around me. no one wants to be near me because im a worthless piece of shit and all i do is hurt people and make everyones life harder than it already is. one day im going to kill myself and everyone will be happy that im finally gone. 
 im sorry im such a downer but im about to breakdown and i have no one to vent to.",byp74e,,,,,,,,,,,,,,,,,,,,"i have no future. i absolutely hate myself and i think im going to kill myself. not today, and maybe not in the near future, but one day i will. i barely ever think about my future because i believe that i will kill myself before i grow up and become an adult and have a job and family and everything. i feel like such a pathetic excuse for a human being, all i am is dead weight to everyone around me. no one wants to be near me because im a worthless piece of shit and all i do is hurt people and make everyones life harder than it already is. one day im going to kill myself and everyone will be happy that im finally gone. im sorry im such a downer but im about to breakdown and i have no one to vent to.","[1, 0]",gold_label,{'depressive_disorder'}
,,,,,,,,,,,,Accountability pt. 2,"Day two at the festival. Didn't drink yesterday, wasn't really even tempted. Seeing people shambling around aimlessly this morning reinforced my resolve, as did the fact that I had a pretty good time yesterday too - who knew that dancing while non-intoxicated could be even more fun? :D
 
 But. I managed to lose my meds somewhere last night. They have a long-half life (diazepam) and I take a low dosage for GAD, have been on them for 3 years. At first I was terrified, but so far no wd symptoms. I doubt there will be any major ones either. Still, there will probably be some tomorrow, which will feel 10x worse if I relapse today.
 
 Some things I've noticed about this experience so far:
 
 Conversations with drunk people are extremely annoying. I've probably been much worse when drunk though.
 
 Conversations with stoners are sometimes almost as annoying, but usually ok.
 
 The volume levels are way too high. Earplugs are a lifesaver.
 
 I'm not 25 anymore, and this will probably be the last time I go camping to a festival EVER. 
 
 Most of the electronic music I used to like doesn't appeal to me at all anymore.
 
 If I was drunk I wouldn't have realized any of this.",4u8cy5,,,,,,,,,,,,,,,,,,,,"Accountability pt. 2. Day two at the festival. Didnt drink yesterday, wasnt really even tempted. Seeing people shambling around aimlessly this morning reinforced my resolve, as did the fact that I had a pretty good time yesterday too who knew that dancing while nonintoxicated could be even more fun? D But. I managed to lose my meds somewhere last night. They have a longhalf life diazepam and I take a low dosage for GAD, have been on them for 3 years. At first I was terrified, but so far no wd symptoms. I doubt there will be any major ones either. Still, there will probably be some tomorrow, which will feel 10x worse if I relapse today. Some things Ive noticed about this experience so far Conversations with drunk people are extremely annoying. Ive probably been much worse when drunk though. Conversations with stoners are sometimes almost as annoying, but usually ok. The volume levels are way too high. Earplugs are a lifesaver. Im not 25 anymore, and this will probably be the last time I go camping to a festival EVER. Most of the electronic music I used to like doesnt appeal to me at all anymore. If I was drunk I wouldnt have realized any of this.","[0, 1]",gold_label,{'anxiety_disorder'}
,,,,,,,,,,,,I am so fed up of everything tonight....,"I am soooo fed up of all the pain, struggling, fighting, suffering this evening :(
 
 Most of my 32 year old life has been this way. On top of depression, I have constant noise in my ears (tinnitus) and moderate hyperacusis on top of that, which in my case means I get pains in my ears from even slightly raised voices, laughter and the likes.
 
 I am so tired of pushing trough each day. I wan't to kill myself but I can't because I don't want to cause pain on my mother and siblings.
 
 I SO MUCH wish I were never born........
 
 They say it gets better......but when.....when the fuck??!! I am waiting and waiting and fighting and waiting, and nothing good comes to me :(
 
",9rxxnt,,,,,,,,,,,,,,,,,,,,"I am so fed up of everything tonight. I am soooo fed up of all the pain, struggling, fighting, suffering this evening Most of my 32 year old life has been this way. On top of depression, I have constant noise in my ears tinnitus and moderate hyperacusis on top of that, which in my case means I get pains in my ears from even slightly raised voices, laughter and the likes. I am so tired of pushing trough each day. I want to kill myself but I cant because I dont want to cause pain on my mother and siblings. I SO MUCH wish I were never born. They say it gets better.but when.when the fuck! I am waiting and waiting and fighting and waiting, and nothing good comes to me","[1, 0]",gold_label,{'depressive_disorder'}
,,,,,,,,,,,,How many of you grew up with no father?,"I was wondering: How many of you grew up without a father or a rather shitty substitute?
 
 
 I am a 26 year old male and have been suffering from anxiety and depression almost my entire life to the point where I have been suicidal the last 12 months.
 
 I had a pretty harsh upbringing.
 
 My father is from the US, went to my country for work, met my mother and there I was.
 
 He left and they got divorced when I was 5 years old and basically left me with a very unhappy mother, a narcissistic, notoriously lying stepfather and just a very toxic environment in general.
 
 The first few years my father called for some of my birthdays, but it got gradually less until we basically had no contact the last few years.",e1epmz,,,,,,,,,,,,,,,,,,,,"How many of you grew up with no father. I was wondering How many of you grew up without a father or a rather shitty substitute? I am a 26 year old male and have been suffering from anxiety and depression almost my entire life to the point where I have been suicidal the last 12 months. I had a pretty harsh upbringing. My father is from the US, went to my country for work, met my mother and there I was. He left and they got divorced when I was 5 years old and basically left me with a very unhappy mother, a narcissistic, notoriously lying stepfather and just a very toxic environment in general. The first few years my father called for some of my birthdays, but it got gradually less until we basically had no contact the last few years.","[1, 1]",gold_label,"{'depressive_disorder', 'anxiety_disorder'}"
,,,,,,,,,,,,Thinking and trying to do it are two different things.,"It's coming back again, the depression and the suicidal thinking. I've been spending this entire day sleeping because I don't want to put in the effort to live today, so sleep is the next best thing to being dead. I've been thinking about how everyone would be better off if i wasnt here, how everyone wouldn't be happy at first but they'd survive probably. I've been thinking about how miserable I am just existing.
 
 I was driving back from eating dinner with a friend and I closed my eyes. It was a long straight stretch of road and it was only for a second or two, but....it still scared me.
 
 I want to die....but I'm scared to do it. And sometimes I wish I wasn't. I wish I had the guts to do it sometimes.",6w33ln,,,,,,,,,,,,,,,,,,,,"Thinking and trying to do it are two different things. Its coming back again, the depression and the suicidal thinking. Ive been spending this entire day sleeping because I dont want to put in the effort to live today, so sleep is the next best thing to being dead. Ive been thinking about how everyone would be better off if i wasnt here, how everyone wouldnt be happy at first but theyd survive probably. Ive been thinking about how miserable I am just existing. I was driving back from eating dinner with a friend and I closed my eyes. It was a long straight stretch of road and it was only for a second or two, but.it still scared me. I want to die.but Im scared to do it. And sometimes I wish I wasnt. I wish I had the guts to do it sometimes.","[1, 0]",gold_label,{'depressive_disorder'}
,,,,,,,,,,,,my friend wants to kill herself. please help,"this might not be the best place to post, but here i go.
 
 i've known her since august of last year. she immediately liked me a lot and i felt like i liked her too, so we started dating. it was nice. but due to many things happening in my own life, i decided to end the relationship in march of this year. we ended things on pretty good terms and are still talking very regularly.
 
 she has been struggling with suicidal thoughts for a very long time, but nowadays much more than usual. life has been very tough on her lately and her psychologist doesn't help her as much as she needs. i've been trying to support her as much as i can. but she just confessed to me that she wants to try to kill herself soon, maybe tonight. she told me that she's feeling especially lonely; her friends have been unresponsive when she tried to reach out to them. she told me that she feels like a burden, and that she deserves none of the good things she has. and our breakup is still hard to deal with for her because she still very much loves me.
 
 please tell me how i can best support her.",jhtcaf,,,,,,,,,,,,,,,,,,,,"my friend wants to kill herself. please help. this might not be the best place to post, but here i go. ive known her since august of last year. she immediately liked me a lot and i felt like i liked her too, so we started dating. it was nice. but due to many things happening in my own life, i decided to end the relationship in march of this year. we ended things on pretty good terms and are still talking very regularly. she has been struggling with suicidal thoughts for a very long time, but nowadays much more than usual. life has been very tough on her lately and her psychologist doesnt help her as much as she needs. ive been trying to support her as much as i can. but she just confessed to me that she wants to try to kill herself soon, maybe tonight. she told me that shes feeling especially lonely her friends have been unresponsive when she tried to reach out to them. she told me that she feels like a burden, and that she deserves none of the good things she has. and our breakup is still hard to deal with for her because she still very much loves me. please tell me how i can best support her.","[0, 0]",gold_label,{'control_group'}
,,,,,,,,,,,,Feeling simultaneously guilty and passive about cutting off best friend,"A little over a month ago I cut off my best friend of four years. Ever since then I've been in a constant fight of feeling really guilty about it but also not caring. It's like there's two separate people dealing with the same issue. It would be nice if I could just settle on one emotion (or lack thereof) and go about life. But it feels like my conscience is pulling me back to it, yet my anger is trying to pull me away.",d0102e,,,,,,,,,,,,,,,,,,,,"Feeling simultaneously guilty and passive about cutting off best friend. A little over a month ago I cut off my best friend of four years. Ever since then Ive been in a constant fight of feeling really guilty about it but also not caring. Its like theres two separate people dealing with the same issue. It would be nice if I could just settle on one emotion or lack thereof and go about life. But it feels like my conscience is pulling me back to it, yet my anger is trying to pull me away.","[0, 0]",gold_label,{'control_group'}
,,,,,,,,,,,,"I do ""all the right things"" and still feel like shit.","I was diagnosed with depression and GAD 7 years ago (holy shit) and I feel like I'm pretty high-functioning. I managed to graduate college four years after high school, I'm in a master's program and getting a 4.0 currently, I've had relationships, I eat decent, exercise, etc.
 
 Lately I've been in a pretty bad depressive swing after going off meds a few months ago (back on them again, now...ha) and I feel like I've tried everything. light therapy, meds, therapy, different meds, more different meds, meditation, exercise, forcing myself to socialize, therapy, more meds, pursuing hobbies...and I still feel like shit a lot of the time.
 
 I know a lot of this has to do with a breakup I went through recently, and I'm trying to let go of wanting a relationship (eventually) so badly, but the happiest times of my life were when I was in love. it's hard not to want that when being in love works better than like any other option.
 
 not sure what this post is for...just ranting that I'm ""well enough"" to do all the things they tell depressed people to do, but I'm still fucking depressed and having suicidal ideation. the idea of having treatment resistant depression scares the shit out of me...I don't want to be miserable for life. but I definitely have ups and downs, particularly when dating someone.",63vh2v,,,,,,,,,,,,,,,,,,,,"I do all the right things and still feel like shit. I was diagnosed with depression and GAD 7 years ago holy shit and I feel like Im pretty highfunctioning. I managed to graduate college four years after high school, Im in a masters program and getting a 4.0 currently, Ive had relationships, I eat decent, exercise, etc. Lately Ive been in a pretty bad depressive swing after going off meds a few months ago back on them again, now.ha and I feel like Ive tried everything. light therapy, meds, therapy, different meds, more different meds, meditation, exercise, forcing myself to socialize, therapy, more meds, pursuing hobbies.and I still feel like shit a lot of the time. I know a lot of this has to do with a breakup I went through recently, and Im trying to let go of wanting a relationship eventually so badly, but the happiest times of my life were when I was in love. its hard not to want that when being in love works better than like any other option. not sure what this post is for.just ranting that Im well enough to do all the things they tell depressed people to do, but Im still fucking depressed and having suicidal ideation. the idea of having treatment resistant depression scares the shit out of me.I dont want to be miserable for life. but I definitely have ups and downs, particularly when dating someone.","[1, 1]",gold_label,"{'depressive_disorder', 'anxiety_disorder'}"
,,,,,,,,,,,,Anyone struggled so much cant leave home?,"Almost 30 and still with parents. Still holding a job but Ive had a lot of challenges previously doing so. I cant believe it especially since my last job was hell but Ive continually held a job for over 4 years! Its crazy and something I never thought was really possible.
 
 I have severe anxiety and depression and well its something Ill probably never get a medical FMLA for or leave for though I probably could use it. I dont know how I find the strength but I suck it up and go to work anyway. Probably because the circumstances of the job have let me do so. Luckily its low stress and pretty straightforward. This could change any time though Im sure.
 
 Ive thought about returning to school but problem is I have a tendency to mess around doing school, and my free time outside of work its all I can do to muster myself for work.",knfsbw,,,,,,,,,,,,,,,,,,,,"Anyone struggled so much cant leave home. Almost 30 and still with parents. Still holding a job but Ive had a lot of challenges previously doing so. I cant believe it especially since my last job was hell but Ive continually held a job for over 4 years! Its crazy and something I never thought was really possible. I have severe anxiety and depression and well its something Ill probably never get a medical FMLA for or leave for though I probably could use it. I dont know how I find the strength but I suck it up and go to work anyway. Probably because the circumstances of the job have let me do so. Luckily its low stress and pretty straightforward. This could change any time though Im sure. Ive thought about returning to school but problem is I have a tendency to mess around doing school, and my free time outside of work its all I can do to muster myself for work.","[1, 1]",gold_label,"{'depressive_disorder', 'anxiety_disorder'}"
,,,,,,,,,,,,Help.,"So I have been suffering from depression and suicidal thoughts since I was eight or so. I was diagnosed at seventeen with sever depression and they suggested to my parents some medication to help. However my parents decided ""Jesus is better"" and we left. Now I am 22. Well this year was suppose to be the year that I get help. 
 
 I also have pretty bad generalized anxiety which I think just feeds into the depression. I was wondering what are my options for help now that we are on lock down? What can I do?",fzm7vk,,,,,,,,,,,,,,,,,,,,Help. So I have been suffering from depression and suicidal thoughts since I was eight or so. I was diagnosed at seventeen with sever depression and they suggested to my parents some medication to help. However my parents decided Jesus is better and we left. Now I am 22. Well this year was suppose to be the year that I get help. I also have pretty bad generalized anxiety which I think just feeds into the depression. I was wondering what are my options for help now that we are on lock down? What can I do?,"[1, 1]",gold_label,"{'depressive_disorder', 'anxiety_disorder'}"
,,,,,,,,,,,,Alone,"I'm 25f.. I just spilled my guts about how alone and stupid and crazy I feel. I cried, I opened up completely, for probably 15 minutes. He said nothing. He didn't even look at me. I've been suicidal for 20 years. But whenever I open up, regardless of whonit is, its like a brick wall. That must mean that my words are destined, if not crafted, to fall on deaf ears. My most aggressive suicide attempt was 10 years ago, but I failed. Nearly everyday since then I have wished it had worked. I hate my parents for conceiving me. I hate God, if God exists. I hate my body. I hate my soul. I hate my consciousness. I wish somebody would just murder me. I can't kill myself. Please somebody kill me. Its all I think about. I can't do this anymore. I'm 25, my life expectancy is at least 85. I dont want another 60 years of this. Kill me, please.",l3x32g,,,,,,,,,,,,,,,,,,,,"Alone. Im 25f. I just spilled my guts about how alone and stupid and crazy I feel. I cried, I opened up completely, for probably 15 minutes. He said nothing. He didnt even look at me. Ive been suicidal for 20 years. But whenever I open up, regardless of whonit is, its like a brick wall. That must mean that my words are destined, if not crafted, to fall on deaf ears. My most aggressive suicide attempt was 10 years ago, but I failed. Nearly everyday since then I have wished it had worked. I hate my parents for conceiving me. I hate God, if God exists. I hate my body. I hate my soul. I hate my consciousness. I wish somebody would just murder me. I cant kill myself. Please somebody kill me. Its all I think about. I cant do this anymore. Im 25, my life expectancy is at least 85. I dont want another 60 years of this. Kill me, please.","[1, 0]",gold_label,{'depressive_disorder'}
,,,,,,,,,,,,Cannot open up,"I am a 26-year-old female who doesn't have very close relationship with anyone.
 
 I have been feeling depressed since childhood, and had 3-4 episodes over past 7 years or so. One of the depressive episodes was during my university years. I had to take a short break to recompose myself. Recently I am enterring another depressive episode and have to take time off work. I never told anyone about my depressive episodes apart from mental health professionals. My family doesn't know. I don't have a lot of friends, so no one outside of family knows as well. It is killing me everyday that I can't open up to anyone whom I know personally. I hate having to deal with this alone but I don't have much choice. My mother is such a callous and tactless person that telling her anything will make things much worse. She can't keep her mouth shut. It will be extremely stupid of me to tell her anything personal. She hasn't earned my trust. 
 
 I can't open up. No one to trust. No one available.",44owfy,,,,,,,,,,,,,,,,,,,,"Cannot open up. I am a 26yearold female who doesnt have very close relationship with anyone. I have been feeling depressed since childhood, and had 34 episodes over past 7 years or so. One of the depressive episodes was during my university years. I had to take a short break to recompose myself. Recently I am enterring another depressive episode and have to take time off work. I never told anyone about my depressive episodes apart from mental health professionals. My family doesnt know. I dont have a lot of friends, so no one outside of family knows as well. It is killing me everyday that I cant open up to anyone whom I know personally. I hate having to deal with this alone but I dont have much choice. My mother is such a callous and tactless person that telling her anything will make things much worse. She cant keep her mouth shut. It will be extremely stupid of me to tell her anything personal. She hasnt earned my trust. I cant open up. No one to trust. No one available.","[1, 0]",gold_label,{'depressive_disorder'}
,,,,,,,,,,,,SSDI--anyone successfully get on it?,"I'm 23 and have been out of college for nearly 4 years, working entry-level professional jobs. Working has made my life hell and my depression much, much worse. I have serious executive dysfunction so I can barely keep up with motivating myself to do much other than the bare minimum to not get fired, and my evaluations reflect this. 
 
 My diagnoses are autism, MDD, and PTSD/OCD symptoms. I also have physical complications related to taking meds. I've been diagnosed and in treatment for depression for probably just under a year and have failed on several medications.
 
 I've been thinking more and more about trying for SSDI. If I were to declare bankruptcy to discharge my debts, my monthly expenses wouldn't be much more than what I could likely get for benefits, plus I know I could do some side work from home up to a certain amount. My only concern is that since I look so 'normal' and haven't had any crises like an inpatient stay or a firing from a job I would probably be denied. I could go on for ages about how depression has taken my ability to do good work at a job or at home away, but I'm afraid to try.
 
 Has anyone successfully gotten SSDI for depression? Can you tell me what it was like?",d93ka1,,,,,,,,,,,,,,,,,,,,"SSDIanyone successfully get on it. Im 23 and have been out of college for nearly 4 years, working entrylevel professional jobs. Working has made my life hell and my depression much, much worse. I have serious executive dysfunction so I can barely keep up with motivating myself to do much other than the bare minimum to not get fired, and my evaluations reflect this. My diagnoses are autism, MDD, and PTSDOCD symptoms. I also have physical complications related to taking meds. Ive been diagnosed and in treatment for depression for probably just under a year and have failed on several medications. Ive been thinking more and more about trying for SSDI. If I were to declare bankruptcy to discharge my debts, my monthly expenses wouldnt be much more than what I could likely get for benefits, plus I know I could do some side work from home up to a certain amount. My only concern is that since I look so normal and havent had any crises like an inpatient stay or a firing from a job I would probably be denied. I could go on for ages about how depression has taken my ability to do good work at a job or at home away, but Im afraid to try. Has anyone successfully gotten SSDI for depression? Can you tell me what it was like?","[1, 0]",gold_label,{'depressive_disorder'}
,,,,,,,,,,,,I don't care about deadlines anymore,"Bills, taxes, projects at work. I don't care about deadlines any more. I go to doctors appointment every 2 weeks to get my prescription filled for antidepressants. The only thing that makes me do it is fear of withdrawal symptoms if I stop taking them. And the little tiny bit of hope that someone will notice that I am not doing very well. But all the visits are about the superficial mechanical questioning. All for their own documentation purposes. Proof that they are not responsible for my death if I do commit suicide. Who cares if I am not doing very well. Apparently I am doing quite well for someone who is depressed because I am still working. Proof that not every doctor is smart.",4fsbao,,,,,,,,,,,,,,,,,,,,"I dont care about deadlines anymore. Bills, taxes, projects at work. I dont care about deadlines any more. I go to doctors appointment every 2 weeks to get my prescription filled for antidepressants. The only thing that makes me do it is fear of withdrawal symptoms if I stop taking them. And the little tiny bit of hope that someone will notice that I am not doing very well. But all the visits are about the superficial mechanical questioning. All for their own documentation purposes. Proof that they are not responsible for my death if I do commit suicide. Who cares if I am not doing very well. Apparently I am doing quite well for someone who is depressed because I am still working. Proof that not every doctor is smart.","[1, 0]",gold_label,{'depressive_disorder'}
,,,,,,,,,,,,Honest pros and cons of meds,"I was diagnosed with depression when I was 11, dysthymia at 13, then I hid it from psychiatrists when getting ADHD meds because I don't trust psychologists (that's my own personal shit and not really looking to change it)
 
 I've never been on meds for depression and I always wanted to avoid it, trying natural methods or swearing I was going to.
 
 It's gotten to the point over the past year where I've been dangerously depressed and I might need some help.
 
 I saw my mom (bipolar depression) deteriorate from her heavy list of medication. 
 
 I've heard other people say that meds wrecked them permanently. 
 
 What are some potential permanent effects of depression meds on the body? In terms of fucking up neurotransmitters worse than before, hormones, etc.
 
 As far as immediate side effects, it's petty but I just don't want to gain weight. But I'm a depressed eater and I gained a lot of weight recently so who knows if meds will actually help me eat less. Does anyone lose weight on meds?
 
 Can I mix my ADHD meds with my Adderall meds?
 
 Don't tell me to discuss side effects with my psychiatrist because I've literally had doctors deny that my side effects were from medications when they clearly are- like a doctor denying that my Vyvanse was the reason I couldn't sleep at night. I've had doctors push psoriasis drugs that have pending investigations for causing cancer and when I asked side effects they told me just maybe nausea. I've had a lot of experience with doctors and a lot of the time they won't tell you the full extent of the risks. I'm asking for honest ANECDOTAL experience for a reason.",cfvspc,,,,,,,,,,,,,,,,,,,,"Honest pros and cons of meds. I was diagnosed with depression when I was 11, dysthymia at 13, then I hid it from psychiatrists when getting ADHD meds because I dont trust psychologists thats my own personal shit and not really looking to change it Ive never been on meds for depression and I always wanted to avoid it, trying natural methods or swearing I was going to. Its gotten to the point over the past year where Ive been dangerously depressed and I might need some help. I saw my mom bipolar depression deteriorate from her heavy list of medication. Ive heard other people say that meds wrecked them permanently. What are some potential permanent effects of depression meds on the body? In terms of fucking up neurotransmitters worse than before, hormones, etc. As far as immediate side effects, its petty but I just dont want to gain weight. But Im a depressed eater and I gained a lot of weight recently so who knows if meds will actually help me eat less. Does anyone lose weight on meds? Can I mix my ADHD meds with my Adderall meds? Dont tell me to discuss side effects with my psychiatrist because Ive literally had doctors deny that my side effects were from medications when they clearly are like a doctor denying that my Vyvanse was the reason I couldnt sleep at night. Ive had doctors push psoriasis drugs that have pending investigations for causing cancer and when I asked side effects they told me just maybe nausea. Ive had a lot of experience with doctors and a lot of the time they wont tell you the full extent of the risks. Im asking for honest ANECDOTAL experience for a reason.","[1, 0]",gold_label,{'depressive_disorder'}
,,,,,,,,,,,,I feel like random strangers are constantly hitting on me,"It started recently. I'm a 30yo male and whenever I'm out in public (especially in the public transport), I get the feeling that every woman I see is hitting on me, like when they sit next to me I get the feeling that they are touching me on purpose and since I don't like women it naturally makes me sick and I always end up sitting awkwardly trying to avoid even the slightest physical contact with them. It's extremely annoying, also when I'm walking around a busy place I get the feeling that everyone is looking at me and judging my every move, it's horrible. I'm diagnosed with MDD but I have a family history of BPD. Is this what you call psychosis or am I just exaggerating things?",amscvy,,,,,,,,,,,,,,,,,,,,"I feel like random strangers are constantly hitting on me. It started recently. Im a 30yo male and whenever Im out in public especially in the public transport, I get the feeling that every woman I see is hitting on me, like when they sit next to me I get the feeling that they are touching me on purpose and since I dont like women it naturally makes me sick and I always end up sitting awkwardly trying to avoid even the slightest physical contact with them. Its extremely annoying, also when Im walking around a busy place I get the feeling that everyone is looking at me and judging my every move, its horrible. Im diagnosed with MDD but I have a family history of BPD. Is this what you call psychosis or am I just exaggerating things?","[1, 0]",gold_label,{'depressive_disorder'}
,,,,,,,,,,,,BPD and Dialectical Behavioural Therapy + minor psychosis?,"Hey guys first time posting here! I was recently reassessed after 4 years because my old treatment wasnt working. Instead of just having Anxiety they have concluded that I suffer from Borderline Personality Disorder. Im not even sure what it is but I guess I have it. They recommended more antidepressants and DBT. In the past Ive taken some SSRI meds and gone to CBT, which didnt work at all for me. Im a little nervous about taking antidepressants again because of the side effects I got. Are there any meds that help depression that arent SSRI? Also has anyone had any luck with DBT? I read about it and it seems pretty intense. In my assessment I mentioned some symptoms that suggested Ive been suffering from minor psychosis. They agreed but said its best that we wait it out and monitor it, because Im so young (only 20). He said that usually disorders involving psychosis will fully develop in women in their late 20s, and that hopefully this therapy will make it go away. So Im not on an antipsychotic. Anyway, Im pretty scared and nervous Im going crazy and I just dont know what to expect. Would really appreciate some advice. Thanks!",ho5luk,,,,,,,,,,,,,,,,,,,,"BPD and Dialectical Behavioural Therapy + minor psychosis. Hey guys first time posting here! I was recently reassessed after 4 years because my old treatment wasnt working. Instead of just having Anxiety they have concluded that I suffer from Borderline Personality Disorder. Im not even sure what it is but I guess I have it. They recommended more antidepressants and DBT. In the past Ive taken some SSRI meds and gone to CBT, which didnt work at all for me. Im a little nervous about taking antidepressants again because of the side effects I got. Are there any meds that help depression that arent SSRI? Also has anyone had any luck with DBT? I read about it and it seems pretty intense. In my assessment I mentioned some symptoms that suggested Ive been suffering from minor psychosis. They agreed but said its best that we wait it out and monitor it, because Im so young only 20. He said that usually disorders involving psychosis will fully develop in women in their late 20s, and that hopefully this therapy will make it go away. So Im not on an antipsychotic. Anyway, Im pretty scared and nervous Im going crazy and I just dont know what to expect. Would really appreciate some advice. Thanks!","[1, 1]",gold_label,"{'depressive_disorder', 'anxiety_disorder'}"
,,,,,,,,,,,,Confused as fuck,"So I havent been diagnosed with depression but my psychologist says I have depressive symptoms and anxiety symptoms. I have been diagnosed with ocd tho. But like it feels like I cant enjoy anything. Especially on my own. I like most typical hobbies. Movies, music, video games, but now I can barely sit and play a story game or watch a movie and even listen to some music without this overwhelm anxiety and rushing thoughts. I cant chill out its always like Im trying to have fun but theres something stopping me. Then I get to the point where I just feel like shit and just lay in bed or mindlessly browse the web. The only thing that doesnt make me anxious is comedy. And it sucks because I just want to be able to sit down and play a Zelda game or watch a nice movie without feeling like this. I cant stand it. Its like all the little joys in life have been sucked away from me and I feel like a bummer.",epxczp,,,,,,,,,,,,,,,,,,,,"Confused as fuck. So I havent been diagnosed with depression but my psychologist says I have depressive symptoms and anxiety symptoms. I have been diagnosed with ocd tho. But like it feels like I cant enjoy anything. Especially on my own. I like most typical hobbies. Movies, music, video games, but now I can barely sit and play a story game or watch a movie and even listen to some music without this overwhelm anxiety and rushing thoughts. I cant chill out its always like Im trying to have fun but theres something stopping me. Then I get to the point where I just feel like shit and just lay in bed or mindlessly browse the web. The only thing that doesnt make me anxious is comedy. And it sucks because I just want to be able to sit down and play a Zelda game or watch a nice movie without feeling like this. I cant stand it. Its like all the little joys in life have been sucked away from me and I feel like a bummer.","[0, 0]",gold_label,{'control_group'}
,,,,,,,,,,,,I finally found a SO but I still feel pretty empty,"We've been more than friends for about 4 months and things have moved fast and we're on a lovey dovey basis. I won't get into anything because I really hate reading other stuff like this from other people so I'll save you the shit.
 
 I still have to force myself to act happy and I still want to withdraw and be alone often. I still want to be left in my room but I don't want her to feel bad or unloved. I get jealous of her with other people still and I don't know how I could ever be less insecure. It didn't get much better, really, just another person I will eventually drive away probably.
 
 Anyone else have this?",9b6e9j,,,,,,,,,,,,,,,,,,,,"I finally found a SO but I still feel pretty empty. Weve been more than friends for about 4 months and things have moved fast and were on a lovey dovey basis. I wont get into anything because I really hate reading other stuff like this from other people so Ill save you the shit. I still have to force myself to act happy and I still want to withdraw and be alone often. I still want to be left in my room but I dont want her to feel bad or unloved. I get jealous of her with other people still and I dont know how I could ever be less insecure. It didnt get much better, really, just another person I will eventually drive away probably. Anyone else have this?","[0, 0]",gold_label,{'control_group'}
,,,,,,,,,,,,Should I just ask for time off? (Depression relapse + working during pandemic = miserable!!),"Im working retail. I know nurses etc have it far worse now but honestly I feel myself slipping. Ive already self harmed for the first time in months and given myself bruises. And now I just feel close to tears. I just cannot keep rolling up to work dealing with all the snide comments about how easy we have it because we now ask customers to scan. Im fed up entirely of dealing with ignorant morons. But at the same time how can I ask for time off when there are people who want to work? I feel selfish for even thinking about it. But the thought of work triggers anxiety so bad lately ... I recorded my heart rate just before work and it was over 100bpm before Id even done anything.
 
 Should I suck it up or just explain everything to my boss & ask for at least 2 days to just regroup myself? I dont know ....",gj23xg,,,,,,,,,,,,,,,,,,,,Should I just ask for time off? Depression relapse + working during pandemic = miserable!. Im working retail. I know nurses etc have it far worse now but honestly I feel myself slipping. Ive already self harmed for the first time in months and given myself bruises. And now I just feel close to tears. I just cannot keep rolling up to work dealing with all the snide comments about how easy we have it because we now ask customers to scan. Im fed up entirely of dealing with ignorant morons. But at the same time how can I ask for time off when there are people who want to work? I feel selfish for even thinking about it. But the thought of work triggers anxiety so bad lately . I recorded my heart rate just before work and it was over 100bpm before Id even done anything. Should I suck it up or just explain everything to my boss ask for at least 2 days to just regroup myself? I dont know .,"[0, 0]",gold_label,{'control_group'}
,,,,,,,,,,,,has humanity's soul died in WW2?,"what the hell is wrong with this generation?
 
 it feels as if our soul has died or has been severely injured in WW2 or perhaps something went wrong with the Large Hadron Collider.
 
 everything seems so damn bleak and hopeless, redundant, fast, chaotic and far away.
 
 with the decline of family, religion and shared values, culture and nationality, there is nothing left to hold on to, but mass-media and nihilism.
 
 the educational system is completely watered down and so out of touch with reality that I don't even know where to begin
 
 one can hardly watch/read the news without gettting the impression, that our world is completely falling apart and surrounded by nothing but death, collapse and some laughable attempts of overcoming the self-destructive nature of our animalistic instincts
 
 how on earth are not more people depressed?
 
 yes yes, I know, there is ""so much good in life"", there is love, music, art, nature, friendship and such. 
 
 but there is also floating around completely isolated in an infininitely large, cold and hostile universe on a tiny mudball that we call home
 
 there also is bonecancer in children, genocide, torture, industrial slaughter of other species, climate change, war, mass migration, fanatism, extremism, rape, death, illness, greed, corruption, poverty, etc.
 
 the thing that hurts me most though, is the feeling of having no purpose whatsoever. no aim, no goal, no nothing. nothing to fight for, nothing to win, just nothing.
 
 the void is slowly killing me and I don't know if this is just a part of the human experience or if something here is simply completely fucked up",en6y4u,,,,,,,,,,,,,,,,,,,,"has humanitys soul died in WW2. what the hell is wrong with this generation? it feels as if our soul has died or has been severely injured in WW2 or perhaps something went wrong with the Large Hadron Collider. everything seems so damn bleak and hopeless, redundant, fast, chaotic and far away. with the decline of family, religion and shared values, culture and nationality, there is nothing left to hold on to, but massmedia and nihilism. the educational system is completely watered down and so out of touch with reality that I dont even know where to begin one can hardly watchread the news without gettting the impression, that our world is completely falling apart and surrounded by nothing but death, collapse and some laughable attempts of overcoming the selfdestructive nature of our animalistic instincts how on earth are not more people depressed? yes yes, I know, there is so much good in life, there is love, music, art, nature, friendship and such. but there is also floating around completely isolated in an infininitely large, cold and hostile universe on a tiny mudball that we call home there also is bonecancer in children, genocide, torture, industrial slaughter of other species, climate change, war, mass migration, fanatism, extremism, rape, death, illness, greed, corruption, poverty, etc. the thing that hurts me most though, is the feeling of having no purpose whatsoever. no aim, no goal, no nothing. nothing to fight for, nothing to win, just nothing. the void is slowly killing me and I dont know if this is just a part of the human experience or if something here is simply completely fucked up","[0, 0]",gold_label,{'control_group'}
,,,,,,,,,,,,Dear god let me die.,"I crave death so much. But I also crave life. I'm having a mental breakdown and the idea of being alive makes me feel like I am going to vomit. I want to experience life but I don't want to feel like this anymore. I hate it. Dear fucking god make it stop or just kill me. Hit me with a car or let me be fucking happy.
 
 Please. Dear god. Please. It hurts. I'm so lonely.",emnmaz,,,,,,,,,,,,,,,,,,,,Dear god let me die. I crave death so much. But I also crave life. Im having a mental breakdown and the idea of being alive makes me feel like I am going to vomit. I want to experience life but I dont want to feel like this anymore. I hate it. Dear fucking god make it stop or just kill me. Hit me with a car or let me be fucking happy. Please. Dear god. Please. It hurts. Im so lonely.,"[1, 1]",gold_label,"{'depressive_disorder', 'anxiety_disorder'}"
,,,,,,,,,,,,another one of those nights,"been trying to go to bed for a couple hours. i feel so sick and anxious. no matter what i do it ends up like this every. fucking. night. the darker it gets the worse i feel. something about going to sleep or trying to just feels so incredibly lonely and it makes everything in my head feel worse. i feel so worthless and alone. my best friend barely talks to me anymore man. i feel like a pathetic disgusting waste of space. i hate myself. i hate myself so much and i hate doing this every night. its like recutting open a huge scar every fucking day man. every mistake and everything i miss just comes back at me man. i just want it to stop. i just want a break. at least once. im sorry for whining so much i just feel so shitty right now and none of my friends are up or really care haha. i know everyone else probably has bigger problems, i just needed to get this out.",izh7qe,,,,,,,,,,,,,,,,,,,,"another one of those nights. been trying to go to bed for a couple hours. i feel so sick and anxious. no matter what i do it ends up like this every. fucking. night. the darker it gets the worse i feel. something about going to sleep or trying to just feels so incredibly lonely and it makes everything in my head feel worse. i feel so worthless and alone. my best friend barely talks to me anymore man. i feel like a pathetic disgusting waste of space. i hate myself. i hate myself so much and i hate doing this every night. its like recutting open a huge scar every fucking day man. every mistake and everything i miss just comes back at me man. i just want it to stop. i just want a break. at least once. im sorry for whining so much i just feel so shitty right now and none of my friends are up or really care haha. i know everyone else probably has bigger problems, i just needed to get this out.","[1, 1]",gold_label,"{'depressive_disorder', 'anxiety_disorder'}"
,,,,,,,,,,,,my depression is hurting my family,"long story short i started getting depressed after my girlfriend dumped me. Back then i was a struggling college sophomore with no motivation, while she was a premed 4th year who just got accepted into stanford for grad school. Then she cheats on me during finals week and everything goes to shit.
 fastforward a few months after we break up, I give us the no contact rule but for me everything just seems dull and gray and pointless, and at one point i just broke down at home when my parents yelled at me for forgetting to do chores when i came home during spring break. thats when i realized how fragile i was. then i let off that i was diagnosed with depression during my time at college, and now my parents are so fucking stressed about me being back on campus again and my sister texted me saying how they might actually die from the stress since everything's going to shit. i want to get better. i hate feeling like this. i don't want my parents getting hurt just because I'm hurting. is there anything i can do? at times i've thought it'd be better to just disappear than putting everyone through so much trouble. i don't have hopes for the future since im failing college and have no motivation. i whine about not doing well when i didn't put in effort to better myself. and i really fucking hate how i'm hurting good people just because I'm incompetent",65e80k,,,,,,,,,,,,,,,,,,,,"my depression is hurting my family. long story short i started getting depressed after my girlfriend dumped me. Back then i was a struggling college sophomore with no motivation, while she was a premed 4th year who just got accepted into stanford for grad school. Then she cheats on me during finals week and everything goes to shit. fastforward a few months after we break up, I give us the no contact rule but for me everything just seems dull and gray and pointless, and at one point i just broke down at home when my parents yelled at me for forgetting to do chores when i came home during spring break. thats when i realized how fragile i was. then i let off that i was diagnosed with depression during my time at college, and now my parents are so fucking stressed about me being back on campus again and my sister texted me saying how they might actually die from the stress since everythings going to shit. i want to get better. i hate feeling like this. i dont want my parents getting hurt just because Im hurting. is there anything i can do? at times ive thought itd be better to just disappear than putting everyone through so much trouble. i dont have hopes for the future since im failing college and have no motivation. i whine about not doing well when i didnt put in effort to better myself. and i really fucking hate how im hurting good people just because Im incompetent","[1, 0]",gold_label,{'depressive_disorder'}
,,,,,,,,,,,,Please respond,"I've been through heartbreak and depression and anxiety and today I has a taste of all the together. Or rather I was drowned in the combination. I have been sad about a breakup for 2 months now. I loved her and she abandoned me because of my depression. She didn't even want to be friends she just left. I was crying about it and my parents started yelling at me today about how I should man up and move on and it's all my fault . How she's happy so I should be happy without her. They even threatened to take my new Germany shepherd pup away. I'm messed up right now and I feel so empty and alone. What do I do , fucking hell fuck fuck fuck fuck",3zwb7c,,,,,,,,,,,,,,,,,,,,"Please respond. Ive been through heartbreak and depression and anxiety and today I has a taste of all the together. Or rather I was drowned in the combination. I have been sad about a breakup for 2 months now. I loved her and she abandoned me because of my depression. She didnt even want to be friends she just left. I was crying about it and my parents started yelling at me today about how I should man up and move on and its all my fault . How shes happy so I should be happy without her. They even threatened to take my new Germany shepherd pup away. Im messed up right now and I feel so empty and alone. What do I do , fucking hell fuck fuck fuck fuck","[1, 0]",gold_label,{'depressive_disorder'}
,,,,,,,,,,,,3:00 AM post,"Its not 3AM but its late. I just came here to rant and desperately hoping someone will listen and actually care cause I honestly dont know who to talk to anymore. My brother died 4 or 5 years back, I honestly cant remember because I dont keep track of time anymore. I dont want to be shit on for something like that. But after that I got diagnosed with major depression and anxiety, surprise! I got put on a pill that does help a little bit, but I mostly have to fake it, I fake being happy so that my friends, my family, and everyone around me thinks Im okay, when in reality... Im not. I want to die, and Im not saying this because some small bad thing happened, I actually want to die, if I didnt have friends that I want to make happy, Id jump in front of a bus. Ive been to counseling and I dont like it at all, Im not scared to tell anyone anything because theyll go tell someone and Ill be thrown into counseling again. I honestly dont know what to do. I want to be happy, I want to feel loved, I want to feel like a normal teenager, where all I have to worry about is girls.... and I dont know what to do... 
 
 TL;DR- I want to feel loved, but no one loves me",ctskjp,,,,,,,,,,,,,,,,,,,,"300 AM post. Its not 3AM but its late. I just came here to rant and desperately hoping someone will listen and actually care cause I honestly dont know who to talk to anymore. My brother died 4 or 5 years back, I honestly cant remember because I dont keep track of time anymore. I dont want to be shit on for something like that. But after that I got diagnosed with major depression and anxiety, surprise! I got put on a pill that does help a little bit, but I mostly have to fake it, I fake being happy so that my friends, my family, and everyone around me thinks Im okay, when in reality. Im not. I want to die, and Im not saying this because some small bad thing happened, I actually want to die, if I didnt have friends that I want to make happy, Id jump in front of a bus. Ive been to counseling and I dont like it at all, Im not scared to tell anyone anything because theyll go tell someone and Ill be thrown into counseling again. I honestly dont know what to do. I want to be happy, I want to feel loved, I want to feel like a normal teenager, where all I have to worry about is girls. and I dont know what to do. TLDR I want to feel loved, but no one loves me","[1, 0]",gold_label,{'depressive_disorder'}
,,,,,,,,,,,,"When suicide mentions start to lose meaning ,*kind of a ramble of how I feel*","I'm to the point where I'm numb to everything. Seems like people are killing themselves left and right and talking about it non stop and it means nothing. The world keeps fucking turning and people drinking their $5.00 lattes every morning will continue to say how sad and continue to discuss the suicide epidemic and say please reach out to help friends that are hurting call the suicide line etc. To me it's becoming another politically correct thing to say about suicide not because people actually care because if they did it wouldn't happen. We wouldn't make each other's lives so shit that that would ever be a solution. And then there's the universe itself that makes our lives shit with it's universal laws. Aka u will die so will everyone else around u and u watch them grow old or get sick until it's ur turn. If thats not enough ur pets will die ur family and friends may say fuck u in more than infinite ways ur finances will also join in on that fuck u possibly in more than infinite ways. And yet the politically correct response offered is mindfulness or change your thoughts about things. I realized I can take myself out of a bad situation but I cant unfeel sheer misery in a bad moment even if I pretend to be dead to the situation itself. I guess in all this I just wish it meant something. That things weren't just as is when depression hits. And that just the word suicide held weight because once your gone your gone and as much as u were just crying for someone or something to care, the world will say oh how sad and just keep fucking turning.",d7mshq,,,,,,,,,,,,,,,,,,,,"When suicide mentions start to lose meaning ,kind of a ramble of how I feel. Im to the point where Im numb to everything. Seems like people are killing themselves left and right and talking about it non stop and it means nothing. The world keeps fucking turning and people drinking their CUR5.00 lattes every morning will continue to say how sad and continue to discuss the suicide epidemic and say please reach out to help friends that are hurting call the suicide line etc. To me its becoming another politically correct thing to say about suicide not because people actually care because if they did it wouldnt happen. We wouldnt make each others lives so shit that that would ever be a solution. And then theres the universe itself that makes our lives shit with its universal laws. Aka u will die so will everyone else around u and u watch them grow old or get sick until its ur turn. If thats not enough ur pets will die ur family and friends may say fuck u in more than infinite ways ur finances will also join in on that fuck u possibly in more than infinite ways. And yet the politically correct response offered is mindfulness or change your thoughts about things. I realized I can take myself out of a bad situation but I cant unfeel sheer misery in a bad moment even if I pretend to be dead to the situation itself. I guess in all this I just wish it meant something. That things werent just as is when depression hits. And that just the word suicide held weight because once your gone your gone and as much as u were just crying for someone or something to care, the world will say oh how sad and just keep fucking turning.","[0, 0]",gold_label,{'control_group'}
,,,,,,,,,,,,I think I have been have anxiety attacks for a long time now,"Can anyone describe their anxiety attacks so I know if Im really having terrible anxiety. I pretty sure I am or its my depression??? I dont know I get really like irritable, throat feels tight and I want to get out of where I am to start break down crying. It doesnt feel like my depression its more like anxious then I just want to cry because of anxious feeling. I dont know if this makes any sense.",hwae71,,,,,,,,,,,,,,,,,,,,"I think I have been have anxiety attacks for a long time now. Can anyone describe their anxiety attacks so I know if Im really having terrible anxiety. I pretty sure I am or its my depression? I dont know I get really like irritable, throat feels tight and I want to get out of where I am to start break down crying. It doesnt feel like my depression its more like anxious then I just want to cry because of anxious feeling. I dont know if this makes any sense.","[1, 1]",gold_label,"{'depressive_disorder', 'anxiety_disorder'}"
,,,,,,,,,,,,Can't focus,"No matter how hard I try I can't pay attention. My attention span is that of a goldfish and no matter what I do I can't fix it. I just wanna cry and never leave my room. I still have homework tonight that I'm scared to do. I can't tell a doctor because they'll think I'm lying. A college student can't focus? They must be lying to get meds. That's what they'll say. It's so hard to do well in school when you can never pay attention.
 
 I've been seeing things more and feeling much more depressed. My anxiety meds don't seem to be working anymore. I wanna just stop taking all my meds but I can't get pregnant. That antidepressant they put me on messed everything up.
 
 I'm tired of being normal. I don't want to be normal. I don't want people to hate me for no reason. People can be so mean. I just wanna lay under a tree and fall asleep. Sometimes I miss being psychotic because it was an escape from this world. But in reality that shit is scary.
 
 I guess I just don't want to be a part of this world anymore",6zjras,,,,,,,,,,,,,,,,,,,,Cant focus. No matter how hard I try I cant pay attention. My attention span is that of a goldfish and no matter what I do I cant fix it. I just wanna cry and never leave my room. I still have homework tonight that Im scared to do. I cant tell a doctor because theyll think Im lying. A college student cant focus? They must be lying to get meds. Thats what theyll say. Its so hard to do well in school when you can never pay attention. Ive been seeing things more and feeling much more depressed. My anxiety meds dont seem to be working anymore. I wanna just stop taking all my meds but I cant get pregnant. That antidepressant they put me on messed everything up. Im tired of being normal. I dont want to be normal. I dont want people to hate me for no reason. People can be so mean. I just wanna lay under a tree and fall asleep. Sometimes I miss being psychotic because it was an escape from this world. But in reality that shit is scary. I guess I just dont want to be a part of this world anymore,"[1, 0]",gold_label,{'depressive_disorder'}
,,,,,,,,,,,,I want off the roller coaster.,"Long story short, I was diagnosed with depression at 11, am now 26. I remember have suicidal thoughts as young as 4. Bad childhood, that's all I'll say. I do go through good and bad periods, but overall my moods constantly swing. I mean very very rapid. Not days of moods or ups and downs, but maybe an hour or few hours.
 
 Diet, exercises, supplements, meds... do nothing. Sleep changes, nothing. Hormone tests came back textbook perfect. I have no answers after 15 years of trying to find help. I've been on every medication, had hospital visits, group therapy, nothing changes.
 
 I am afraid to be happy. My life is kind of a mess but I have two amazing things right now, my son, and a newish relationship with a wonderful person who actually cares about me which is a freakin' weird concept to me.
 
 But I feel like I'm on an emotional rollercoaster every day. Some times it'll be every 15 minutes of rapid deep emotional cycling from crippling depression to not manic but pure peace and happiness.. I was originally diagnosed as bipolar then they decided I don't fit I or II, one doctor thought BPD because of my childhood then scrapped it because I don't fit the main criteria, PTSD was the most recent but I don't know about that.
 
 What can cause these extreme rapid shifts!? I'm so confused because nothing I've read about sounds like me. And most importantly, has anyone found anything that helps with this?",4t2qvu,,,,,,,,,,,,,,,,,,,,"I want off the roller coaster. Long story short, I was diagnosed with depression at 11, am now 26. I remember have suicidal thoughts as young as 4. Bad childhood, thats all Ill say. I do go through good and bad periods, but overall my moods constantly swing. I mean very very rapid. Not days of moods or ups and downs, but maybe an hour or few hours. Diet, exercises, supplements, meds. do nothing. Sleep changes, nothing. Hormone tests came back textbook perfect. I have no answers after 15 years of trying to find help. Ive been on every medication, had hospital visits, group therapy, nothing changes. I am afraid to be happy. My life is kind of a mess but I have two amazing things right now, my son, and a newish relationship with a wonderful person who actually cares about me which is a freakin weird concept to me. But I feel like Im on an emotional rollercoaster every day. Some times itll be every 15 minutes of rapid deep emotional cycling from crippling depression to not manic but pure peace and happiness. I was originally diagnosed as bipolar then they decided I dont fit I or II, one doctor thought BPD because of my childhood then scrapped it because I dont fit the main criteria, PTSD was the most recent but I dont know about that. What can cause these extreme rapid shifts? Im so confused because nothing Ive read about sounds like me. And most importantly, has anyone found anything that helps with this?","[0, 0]",gold_label,{'control_group'}
,,,,,,,,,,,,Maybe it's just natural selection,"I always have the thought on the back of my head that all of my problems. My inability to find a lasting relationship, platonic or otherwise. Maybe it's all just natural selection at work. I'm not sure but I do know the subconscious can sense things you aren't even aware of. Not just my bad physical Gene's (overweight, flat foot, back pain etc.) But also my mental issues. And maybe my subconscious is trying to make me kill myself to clear these issues from the gene pool. I know it sounds cruel and eugenic like but deep down we are no better than animals. We just know how to hide all the cruel realities under a pretty coat of paint until they tear their ugly head on those of us deemed inadequate.",myrytg,,,,,,,,,,,,,,,,,,,,"Maybe its just natural selection. I always have the thought on the back of my head that all of my problems. My inability to find a lasting relationship, platonic or otherwise. Maybe its all just natural selection at work. Im not sure but I do know the subconscious can sense things you arent even aware of. Not just my bad physical Genes overweight, flat foot, back pain etc. But also my mental issues. And maybe my subconscious is trying to make me kill myself to clear these issues from the gene pool. I know it sounds cruel and eugenic like but deep down we are no better than animals. We just know how to hide all the cruel realities under a pretty coat of paint until they tear their ugly head on those of us deemed inadequate.","[0, 0]",gold_label,{'control_group'}
,,,,,,,,,,,,Poetry to Help my Depression - #23 - Twenty Three,"Twenty three, once you were my saviour.
 You invited us in, needing our love.
 We caressed your walls and floors with care.
 Made smart, we matched you in our image.
 
 Twenty three, you sheltered us from storms.
 Whether the elements or our voices.
 Your walls saved us from the harsh bitter cold.
 And within you hid our darkest secrets.
 
 Twenty three, we filled you with colour and life.
 Teal, purple, copper. Red with love and anger.
 Though as a protector we damaged you quick.
 Holes punched through your skin in rage.
 
 Twenty three, you did not deserve this.
 Though we tried to fix you up our best
 If you could speak, maybe you would say
 ""Fix yourselves, I can't bear to see you broken""
 
 Twenty three, you became a prison of sorts.
 We turned you from liberation to entrapment.
 The atmosphere filled with words to scar and hurt
 Locked doors, kept behind at all times.
 
 Twenty three, we lost someone very dear.
 Through captivity, we both made mistakes.
 But she has escaped, these walls for good. Free.
 Like you, she was ours, and only twenty three.",ceb85v,,,,,,,,,,,,,,,,,,,,"Poetry to Help my Depression 23 Twenty Three. Twenty three, once you were my saviour. You invited us in, needing our love. We caressed your walls and floors with care. Made smart, we matched you in our image. Twenty three, you sheltered us from storms. Whether the elements or our voices. Your walls saved us from the harsh bitter cold. And within you hid our darkest secrets. Twenty three, we filled you with colour and life. Teal, purple, copper. Red with love and anger. Though as a protector we damaged you quick. Holes punched through your skin in rage. Twenty three, you did not deserve this. Though we tried to fix you up our best If you could speak, maybe you would say Fix yourselves, I cant bear to see you broken Twenty three, you became a prison of sorts. We turned you from liberation to entrapment. The atmosphere filled with words to scar and hurt Locked doors, kept behind at all times. Twenty three, we lost someone very dear. Through captivity, we both made mistakes. But she has escaped, these walls for good. Free. Like you, she was ours, and only twenty three.","[0, 0]",gold_label,{'control_group'}
,,,,,,,,,,,,i think i'm depressed but nobody else in my life seems to care,"hi, first post ever.
 
 i think i have ADHD (inattentive type, was diagnosed but my dad doesn't believe it), and i think im depressed. which isn't a huge shocker because i've probably been depressed since i was 12. i actually got diagnosed with depression, by three separate doctors, but nobody in my family actually acknowledges that.
 
 and it's frustrating because i'm untreated for both issues and it's having a huge impact on my life. often i feel hopeless or sad or i just dont feel anything at all. untreated ADHD means i'm currently failing all my classes (and have actually been expelled from my private school for my grades), which just furthers my feelings of hopelessness. whatever light was at the end of the tunnel is fading really fast.
 
 i don't think it would be so bad if i could talk about this all without being worried someone will send me to a psych ward, or tell me i'm being dramatic, or just forget all about it in a few hours. 
 
 (i have a therapist, but i see her for a different reason, and i don't want her to send me to a hospital or put me on watch or anything.)",gtra4t,,,,,,,,,,,,,,,,,,,,"i think im depressed but nobody else in my life seems to care. hi, first post ever. i think i have ADHD inattentive type, was diagnosed but my dad doesnt believe it, and i think im depressed. which isnt a huge shocker because ive probably been depressed since i was 12. i actually got diagnosed with depression, by three separate doctors, but nobody in my family actually acknowledges that. and its frustrating because im untreated for both issues and its having a huge impact on my life. often i feel hopeless or sad or i just dont feel anything at all. untreated ADHD means im currently failing all my classes and have actually been expelled from my private school for my grades, which just furthers my feelings of hopelessness. whatever light was at the end of the tunnel is fading really fast. i dont think it would be so bad if i could talk about this all without being worried someone will send me to a psych ward, or tell me im being dramatic, or just forget all about it in a few hours. i have a therapist, but i see her for a different reason, and i dont want her to send me to a hospital or put me on watch or anything.","[1, 0]",gold_label,{'depressive_disorder'}
,,,,,,,,,,,,It's getting to the point where I have no motivation to take care of myself and other thoughts,"My eating has always been off, but it's gotten worse. I only eat like at the most 3/4 of a full meal a day, with maybe a little snack. 
 My family thinks my eating is doing alright, but they don't know how little I eat, they think I eat at College. I have lost some weight, but they have noticed my jeans are getting baggy.
 I don't want to shower or get dressed or wash or brush my teeth. 
 My sleeping isn't that good, but that could also be part of my PTSD. I also have BPD but I thought this was more suitable here. I can't concentrate enough in College. 
 I don't socialize that much, but I do have people that let me when I want to. 
 I'm thinking of suicide every day, it can vary in how intense it is. 
 Luckily I know how to act so no-one gets worried. 
 I don't actually get depressed that often, I more get frustrated or upset, but there are times where I cant reconigze or know what I'm feeling, or if I feel at all. Times where I feel numb, or nothing feels weird.
 I'm meant to get my ID sorted so I can start drinking, so it can help. But I can't even get that sorted. 
 I'm not normal, I don't do anything right, I don't really have any actual friends. People would do so much better without me. 
 I have no purpose, and it would be better if I wasn't here, but I'm too fearful to go through with it just yet. Hopefully soon. 
 I can't take this again, I hate myself so much.",54ekdj,,,,,,,,,,,,,,,,,,,,"Its getting to the point where I have no motivation to take care of myself and other thoughts. My eating has always been off, but its gotten worse. I only eat like at the most 34 of a full meal a day, with maybe a little snack. My family thinks my eating is doing alright, but they dont know how little I eat, they think I eat at College. I have lost some weight, but they have noticed my jeans are getting baggy. I dont want to shower or get dressed or wash or brush my teeth. My sleeping isnt that good, but that could also be part of my PTSD. I also have BPD but I thought this was more suitable here. I cant concentrate enough in College. I dont socialize that much, but I do have people that let me when I want to. Im thinking of suicide every day, it can vary in how intense it is. Luckily I know how to act so noone gets worried. I dont actually get depressed that often, I more get frustrated or upset, but there are times where I cant reconigze or know what Im feeling, or if I feel at all. Times where I feel numb, or nothing feels weird. Im meant to get my ID sorted so I can start drinking, so it can help. But I cant even get that sorted. Im not normal, I dont do anything right, I dont really have any actual friends. People would do so much better without me. I have no purpose, and it would be better if I wasnt here, but Im too fearful to go through with it just yet. Hopefully soon. I cant take this again, I hate myself so much.","[0, 0]",gold_label,{'control_group'}
,,,,,,,,,,,,Todays my birthday.,"Today is my birthday. 
 Normally every year Ive gone out with friends and celebrated and had a great time. Since 2016 when I was diagnosed with severe depression Im not as fun to be around. I am a single mom of two kids and the only time I go out recently is to do something with them. Ive locked myself away and find eating is my high. Its what makes me feel good. It doesnt let me down. (If only that were true). 
 So since then I have put on about 45 pounds and really cant stand myself. Apparently neither can my friends. I still try and reach out to them though to hang out sometimes or if it is their birthday Ill invite them over and get them a small gift. Ill even attend their plans. This year for my birthday? Two of my best friends said happy birthday. The rest nothing. Is it sad that my ex who I hate (kids father) was the first to tell me happy birthday from across the country? So now I feel downright sad, depressed and worthless. Self pity is my all time favorite because you pity yourself yet hate yourself for doing it. So tonight my kids are a my dads for a sleepover and my only friend who is here for me on my birthday is chocolate and a to go order from brio. 
 
 I need help. Im tired of this feeling. I cant find anyplace who accepts my insurance. Ive tried support groups but I havent found any either. So Im reaching out here. 
 
 This is hard for me, so please be kind.",7mrgrn,,,,,,,,,,,,,,,,,,,,"Todays my birthday. Today is my birthday. Normally every year Ive gone out with friends and celebrated and had a great time. Since 2016 when I was diagnosed with severe depression Im not as fun to be around. I am a single mom of two kids and the only time I go out recently is to do something with them. Ive locked myself away and find eating is my high. Its what makes me feel good. It doesnt let me down. If only that were true. So since then I have put on about 45 pounds and really cant stand myself. Apparently neither can my friends. I still try and reach out to them though to hang out sometimes or if it is their birthday Ill invite them over and get them a small gift. Ill even attend their plans. This year for my birthday? Two of my best friends said happy birthday. The rest nothing. Is it sad that my ex who I hate kids father was the first to tell me happy birthday from across the country? So now I feel downright sad, depressed and worthless. Self pity is my all time favorite because you pity yourself yet hate yourself for doing it. So tonight my kids are a my dads for a sleepover and my only friend who is here for me on my birthday is chocolate and a to go order from brio. I need help. Im tired of this feeling. I cant find anyplace who accepts my insurance. Ive tried support groups but I havent found any either. So Im reaching out here. This is hard for me, so please be kind.","[1, 0]",gold_label,{'depressive_disorder'}
,,,,,,,,,,,,"I wish I had the ability to crawl out of my skin RIGHT NOW and climb into a hidden place of nothingness. No thinking, no sensations-- Just dark and definitely not here, trapped by personal choice. Trapped because of my actions today, and yesterday, and long before that.","**Trapped** because **things don't work correctly in my mind anymore** and my behavior is never what I want it to be. **But ultimately, it's my choice how I act, right?** Nobody else made me do anything. 
 
 **Trapped** because it feels like shit and I've been **trying to get out unsuccessfully for years.**
 
 **Trapped** because **I can't stop the regret** now, remaining paralyzed and not advancing in life-- which necessarily leads to more regret tomorrow. The regret that comes tomorrow is an amplified form of today's regret and it's all the more difficult to forget.
 
 # Being depressed is the lamest thing. 
 
 It makes your friends either lose interest in you or become angered by an action you directed at them, **albeit, something you did regretfully of course.** 
 
 It makes **your significant other look at other suiters** and become even more aware of *their* strength, *their* physical attractiveness, *their* joy to be around. All the things you start to lack and this becomes painfully obvious to your SO. 
 
 **So as a last ditch attempt, you start faking those things you're lacking**. *Fake it until you make it*, right?
 
 **The secret is** that eventually you *will* slip up [with your partner] and your depression busts right through the cracks you had sealed up previously with denial and jealousy of other people. And everything you had done-- to hold your tongue in front of your SO, to pretend you were happy and fun to be around, to act as if you were strong and *clearly* headed down the same path of success as your partner is... will be forgotten by them in an instant. It wasn't genuine. 
 
 **You can't fake being an outstanding person.**",5imvgl,,,,,,,,,,,,,,,,,,,,"I wish I had the ability to crawl out of my skin RIGHT NOW and climb into a hidden place of nothingness. No thinking, no sensations Just dark and definitely not here, trapped by personal choice. Trapped because of my actions today, and yesterday, and long before that. Trapped because things dont work correctly in my mind anymore and my behavior is never what I want it to be. But ultimately, its my choice how I act, right? Nobody else made me do anything. Trapped because it feels like shit and Ive been trying to get out unsuccessfully for years. Trapped because I cant stop the regret now, remaining paralyzed and not advancing in life which necessarily leads to more regret tomorrow. The regret that comes tomorrow is an amplified form of todays regret and its all the more difficult to forget. Being depressed is the lamest thing. It makes your friends either lose interest in you or become angered by an action you directed at them, albeit, something you did regretfully of course. It makes your significant other look at other suiters and become even more aware of their strength, their physical attractiveness, their joy to be around. All the things you start to lack and this becomes painfully obvious to your SO. So as a last ditch attempt, you start faking those things youre lacking. Fake it until you make it, right? The secret is that eventually you will slip up with your partner and your depression busts right through the cracks you had sealed up previously with denial and jealousy of other people. And everything you had done to hold your tongue in front of your SO, to pretend you were happy and fun to be around, to act as if you were strong and clearly headed down the same path of success as your partner is. will be forgotten by them in an instant. It wasnt genuine. You cant fake being an outstanding person.","[1, 0]",gold_label,{'depressive_disorder'}
,,,,,,,,,,,,Medication?,"I was diagnosed with anxiety and depression when I was about 14 years old but Ive never gotten treatment. It was really bad at that point and then bearable through high school. Now as a 20 year old in a huge top rated university away from my hometown its gotten very bad. In high school I was able to get good grades without being a 100% healthy functional human being with good habits. Now in this school surrounded by really good students and taking very hard classes (that all require self teaching and lots of discipline) its just not possible to succeed here with my worsening depression. Im trying to get treatment. I talked to a counselor who recommended seeing a psychiatrist for a medication evaluation. Ive never taken medication for anything so this makes me really nervous. Im concerned about permanent affects on my body and it makes me nervous that its kind of just a guessing game with my brain chemistry. 
 
 What are your experiences with medication?
 Do you have any advice?
 Any warnings?
 I am also going to school in California so weed is an option”what are your experiences with CBD? How does it compare to more traditional medications?",a2xf2y,,,,,,,,,,,,,,,,,,,,Medication. I was diagnosed with anxiety and depression when I was about 14 years old but Ive never gotten treatment. It was really bad at that point and then bearable through high school. Now as a 20 year old in a huge top rated university away from my hometown its gotten very bad. In high school I was able to get good grades without being a 100 healthy functional human being with good habits. Now in this school surrounded by really good students and taking very hard classes that all require self teaching and lots of discipline its just not possible to succeed here with my worsening depression. Im trying to get treatment. I talked to a counselor who recommended seeing a psychiatrist for a medication evaluation. Ive never taken medication for anything so this makes me really nervous. Im concerned about permanent affects on my body and it makes me nervous that its kind of just a guessing game with my brain chemistry. What are your experiences with medication? Do you have any advice? Any warnings? I am also going to school in California so weed is an optionwhat are your experiences with CBD? How does it compare to more traditional medications?,"[1, 1]",gold_label,"{'depressive_disorder', 'anxiety_disorder'}"
,,,,,,,,,,,,am i bipolar?,"i understand bipolar disorder is a complex diagnosis. just a disclaimer. but i am a high school female who was diagnosed with severe depression years ago. this of course came along with GAD/social anxiety. but lately (lately as in the past year or 2?) ive noticed i go through manic periods, where they typically only come around once every 2-3 weeks and lasts a few days. then im always extremely low and depressed after. but during these manic episodes (another disclaimer, im not trying to mock the word manic, its just the best way i can describe it.) i feel like i can DO ANYTHING, and im always very irritable because i dont have a lo of freedom and i always tell myself ˜wow i want to do something crazy right now. like as in life changing. but i end up stuck because what the hell am i gonna do? its even harder to focus during these periods than when im normally depressed. its hard to come up with ideas. i randomly start to love helping people out with small things but will snap at the squeaks of my guinea pigs. can someone help me figure out what is going on with me",8i2gk8,,,,,,,,,,,,,,,,,,,,"am i bipolar. i understand bipolar disorder is a complex diagnosis. just a disclaimer. but i am a high school female who was diagnosed with severe depression years ago. this of course came along with GADsocial anxiety. but lately lately as in the past year or 2? ive noticed i go through manic periods, where they typically only come around once every 23 weeks and lasts a few days. then im always extremely low and depressed after. but during these manic episodes another disclaimer, im not trying to mock the word manic, its just the best way i can describe it. i feel like i can DO ANYTHING, and im always very irritable because i dont have a lo of freedom and i always tell myself wow i want to do something crazy right now. like as in life changing. but i end up stuck because what the hell am i gonna do? its even harder to focus during these periods than when im normally depressed. its hard to come up with ideas. i randomly start to love helping people out with small things but will snap at the squeaks of my guinea pigs. can someone help me figure out what is going on with me","[0, 1]",gold_label,{'anxiety_disorder'}
