sentence1,label,H_yb,H_yx,correct_yx,predicted_label,PVI
@user Me talking to my antidepressants,1,0.9651207911396674,0.959774837446735,True,1,0.0053459536929324
going to attempt at least to change this sour mood. It's mainly just a sense of loneliness which results in feelings of depression,1,0.9651207911396674,0.5827895034061051,True,1,0.3823312877335623
flighty sag placements make me anxioussss,0,1.0357433996255925,0.8329537243946898,True,0,0.2027896752309024
I'm going to buy cream cheese after work and sit in my bathtub and eat it. This is the stage of depression I'm at.,1,0.9651207911396674,0.8389170288095006,True,1,0.1262037623301668
My anxiety and stress levels for today are actually making me feel physically sick 😭,1,0.9651207911396674,0.5693178852142091,True,1,0.3958029059254583
"@user autumn here is just,, rain and dirt everywhere and depressing clouds krgrtwrzmzt i like spring more sorry",0,1.0357433996255925,0.6505984893291106,True,0,0.3851449102964817
Facebook is for the depressed people. Get off here with all that sad shit yo.,0,1.0357433996255925,1.0374131912514153,False,1,-0.001669791625823
@user I am depression pls do not stalks me,1,0.9651207911396674,1.23706672092977,False,0,-0.2719459297901027
#HappyBirthdayChester we miss you!! #MakeChesterProud #FuckDepression,0,1.0357433996255925,0.6957220768772878,True,0,0.3400213227483044
I have the body of a former athlete and it's depressing,0,1.0357433996255925,0.8544597643356481,True,0,0.1812836352899441
@user Don't conclude fast ! What if he is try to heal from depression,0,1.0357433996255925,0.7464627966273871,True,0,0.2892806029982051
summertime depression really do be hittin bout now,1,0.9651207911396674,0.9543514739539566,True,1,0.0107693171857108
"me vs anxiety, depression, ednos, borderline personailty disorder, bipolar",1,0.9651207911396674,0.5888048036636973,True,1,0.3763159874759701
@user im depression,1,0.9651207911396674,1.209893861628368,False,0,-0.2447730704887004
ME ENAMORE DE ANXIETY DIOOOOOOOS,0,1.0357433996255925,0.8484611108084384,True,0,0.1872822888171538
just wait until my seasonal depression is gone and it's over for u bitches,1,0.9651207911396674,0.7501718643861283,True,1,0.2149489267535391
I have the same anxieties about lighting candles as I do about putting stickers on things,0,1.0357433996255925,0.8950410731895984,True,0,0.1407023264359939
can we talk about how hard it is to stay positive while also growing up? this shit is just depressing and disappointing,0,1.0357433996255925,1.212474612841698,False,1,-0.1767312132161056
I have so much anxiety about tomorrow and I dont know why,1,0.9651207911396674,0.5828474613542527,True,1,0.3822733297854147
@user Nooo. Dogs don't sweat like us. They'll end up getting extremely stressed out and anxious if kept in a hot box like that,0,1.0357433996255925,0.681231174584621,True,0,0.3545122250409712
my anxiety and anger issues have calmed down a bit but now I feel depressed haaaaaaaaa,1,0.9651207911396674,0.7782563939569019,True,1,0.1868643971827654
i wish i had somewhere that feels like home instead of being in this depression dome,1,0.9651207911396674,0.5483986052073644,True,1,0.416722185932303
This weather makes me sad &amp; depressed:/,1,0.9651207911396674,0.7182858480042684,True,1,0.246834943135399
*anxiously refreshes Patreon*,0,1.0357433996255925,0.7668260797086598,True,0,0.2689173199169324
this anxiety shit is so trash fr... wouldn't wish it on my worst enemy,1,0.9651207911396674,0.7625315144928848,True,1,0.2025892766467826
When I look at my bank balance I just get anxiety...Lol aiy ja neh,0,1.0357433996255925,0.9093231685903254,True,0,0.1264202310352669
anxiety and i sitting in front of my laptop waiting for jintro,0,1.0357433996255925,0.8345084076525292,True,0,0.201234991973063
My ptsd so bad that flashing lights gives me anxiety 😩,1,0.9651207911396674,0.7247382246217302,True,1,0.2403825665179372
What are your stress relievers? What do you do to calm anxiety? DM us to be featured in our next blog post!#wellbeing #selflove,0,1.0357433996255925,0.9368437571253502,True,0,0.098899642500242
i hate random sad days. Having a heavy heart and an anxious mind is the worst,1,0.9651207911396674,0.6085931605077814,True,1,0.356527630631886
anxiety culture is trying to google the phone number that's calling you before the call ends to see whether you should pick up or not,0,1.0357433996255925,0.7240294153320799,True,0,0.3117139842935124
i get so anxious when buying christmas presents for claudia i want to tell her literally the second i buy it 😂😩,0,1.0357433996255925,0.961706906966908,True,0,0.0740364926586841
"They give me anxiety, I work with my hands all day so having nails really disables me",1,0.9651207911396674,0.8446511861454419,True,1,0.1204696049942255
anxiety mfuckin again,1,0.9651207911396674,0.7781761670615207,True,1,0.1869446240781467
@user @user Anxiety lol,0,1.0357433996255925,0.654007928774088,True,0,0.3817354708515043
Being depressed on Twitter and looking at memes makes you question life.,0,1.0357433996255925,0.8475873364195481,True,0,0.1881560632060441
@user I share your anxiety . But I have Easy and fast  workable solutions. Inbox me for more info :kamabdu23@gmail.com,0,1.0357433996255925,0.6497453295457754,True,0,0.3859980700798169
Well would you look at this wave of anxiety hitting me outta no where 😍,1,0.9651207911396674,0.7743125696512927,True,1,0.1908082214883747
"yo so I stopped smoking, now I'm not depressed. Being sober is wild",0,1.0357433996255925,1.3031742176402163,False,1,-0.2674308180146241
Turning off my phone for the day cause I'm about to become so depressed that I'm not at higher visions,0,1.0357433996255925,1.2150912311952682,False,1,-0.1793478315696759
But being Brazilian these days is equal to be depressed.Ohhh...,0,1.0357433996255925,1.1282560334473404,False,1,-0.0925126338217481
yoooo i forgot that i'm meeting @user for a second.... my anxiety is back :],1,0.9651207911396674,1.0296063567562397,False,0,-0.0644855656165722
@user sending you all the anti anxiety feels Jon &lt;3,0,1.0357433996255925,0.7881485316728685,True,0,0.2475948679527237
"@user I was still so wired, I had to take half an anti-anxiety pill (apparently this can be chemo-related). But I did sleep a bit.",1,0.9651207911396674,0.7968064565033774,True,1,0.1683143346362899
Oral quizzes in French 102 are the leading causes my anxiety,1,0.9651207911396674,0.7619580233845278,True,1,0.2031627677551396
@user my depression is cured,0,1.0357433996255925,1.1161304837488235,False,1,-0.0803870841232312
I'd say depressed,0,1.0357433996255925,1.1381683210490217,False,1,-0.1024249214234294
@user IM SORRY. MAYBE ITS JUST A WEIRD ANXIETY DAY FOR EVERYONE,1,0.9651207911396674,1.186049850690844,False,0,-0.2209290595511764
@user Depression Kills,0,1.0357433996255925,0.5239773270762293,True,0,0.5117660725493629
having an anxiety attack at 4am is p neat 😫,1,0.9651207911396674,0.7188941780029336,True,1,0.2462266131367337
I really want to know the link between anxiety and mornings!? It's always in the mornings like beech calm yo tits down!,1,0.9651207911396674,0.8698033860630864,True,1,0.095317405076581
On my way to see my car. I hope its everything I dreamed of. I'm so anxious.,0,1.0357433996255925,1.2192612086522168,False,1,-0.1835178090266245
wow my supervisor was soooooo chill about my session....... lol i legit had anxiety.,1,0.9651207911396674,0.7532757805763735,True,1,0.2118450105632939
@user You can see the guilt anxiety 20 miles away,0,1.0357433996255925,0.7063949064707169,True,0,0.3293484931548753
lmao i love depressive episodes,1,0.9651207911396674,0.6579280455663485,True,1,0.3071927455733189
"@user Take all that anxiety you have, and shove it in a fuck barrel.",0,1.0357433996255925,0.9245660620961688,True,0,0.1111773375294234
How does the song link to depression? #SBSEurovision,0,1.0357433996255925,0.8409520287450214,True,0,0.1947913708805708
I know it's a constant post. I have anxiety now. It's too much for me physically to deal with.,1,0.9651207911396674,0.7035637663428592,True,1,0.2615570247968082
crazy how outkast cured my depression,0,1.0357433996255925,1.3050275052719684,False,1,-0.2692841056463761
Depression is so real. Life full of unending troubles really makes one think of suicide. I highly resonate with this. #BattleInMyMind,1,0.9651207911396674,0.9297992756972888,True,1,0.0353215154423786
Challenge negative thinking. Let's end #depression together,0,1.0357433996255925,0.8504948973395442,True,0,0.185248502286048
Not being able to work out until March 1st is giving me anxiety 😩,1,0.9651207911396674,0.8425560684780142,True,1,0.1225647226616531
Nothing depresses me like my way by frank sinatra,0,1.0357433996255925,1.1177944008984306,False,1,-0.0820510012728383
Worst headache ever. Can't sleep. So much anxiety,1,0.9651207911396674,0.6297468154850148,True,1,0.3353739756546526
OH BOY OH BOY OH BOY!! WHAT A WONDERFUL DAY TO HAVE DEPRESSION!!end me pls and thank you,1,0.9651207911396674,1.1755992115653158,False,0,-0.2104784204256483
Bingo gives me anxiety af😭😭😂🤦🏽‍♀️,0,1.0357433996255925,1.0516101309413282,False,1,-0.0158667313157359
"I been feeling really depressed lately, can someone gift me a cold cut platter ?? 😭",1,0.9651207911396674,0.910755305316421,True,1,0.0543654858232464
i am so tired but so anxious so i can't sleep,1,0.9651207911396674,0.4902127960444774,True,1,0.47490799509519
Same rut is not depressed,0,1.0357433996255925,1.2749572886176033,False,1,-0.239213888992011
I've been a lot less depressed since I graduated high school and not sure if that's a direct correlation 🤔,0,1.0357433996255925,1.2655670771386265,False,1,-0.2298236775130342
I haven't been this anxious in a minute 😩,1,0.9651207911396674,0.7641330122234783,True,1,0.2009877789161891
i'm anxious as fuck,1,0.9651207911396674,0.4976421086045924,True,1,0.4674786825350749
anxiety. anxiety. anxiety.,1,0.9651207911396674,0.4755287068648827,True,1,0.4895920842747847
this cured my depression for 2.6 seconds,1,0.9651207911396674,0.8675153319935507,True,1,0.0976054591461167
Checked ESPN app today and saw cricket highlights.I'm depressed until NBA come back on,0,1.0357433996255925,0.5659088558414647,True,0,0.4698345437841276
@user This retrograde has really changed my perspective on my anxiety lol,1,0.9651207911396674,1.0749970852396658,False,0,-0.1098762940999983
nothing feels better than pulling yourself out of a depressive episode.,1,0.9651207911396674,0.6109926315357637,True,1,0.3541281596039037
Oof so apparently this is called anxiety,1,0.9651207911396674,0.6684618108035263,True,1,0.2966589803361411
what depression things should i draw,1,0.9651207911396674,0.7761778339388941,True,1,0.1889429572007733
@user I take benzodiazepines on a daily basis for anxiety and PTSD. Tell them all to fuck off and do what you need to do.,1,0.9651207911396674,0.7995624674691445,True,1,0.1655583236705229
Putting together this 90s party has my anxiety through the roof 😩,1,0.9651207911396674,0.9976086723890192,True,1,-0.0324878812493517
"@user Yesterday was bad for me.... super depressed feeling. Kinda pulling out of it today, I hope you're coming around soon!",1,0.9651207911396674,1.0082731678710066,False,0,-0.0431523767313392
Yeah it's called depression,0,1.0357433996255925,1.451189847946592,False,1,-0.4154464483209996
my talking to my depression,1,0.9651207911396674,0.5659922362528191,True,1,0.3991285548868483
"if you're feeling depressed, turn on some lights or open the shades. sitting in the dark will only make you feel worse.",0,1.0357433996255925,1.0366549658043047,False,1,-0.0009115661787124
"Depression doesn't show in pictures,because your friends post nice pictures doesn't mean they're doing well...Check on people🙏🏾",0,1.0357433996255925,0.7142379853831236,True,0,0.3215054142424687
@user 10- summer depression#voteBillieEilishVMA,0,1.0357433996255925,0.5265902747435645,True,0,0.5091531248820278
"jan. 2nd — 'my breakouts really bring out the, uh... depressed bitch who doesn't wash her face.'",0,1.0357433996255925,0.8866558852729564,True,0,0.1490875143526359
Shout out to the amazing man who swapped my window seat for his aisle seat because I was freaking out about my anxious bladder being trapped,0,1.0357433996255925,1.0019088938776983,False,1,0.0338345057478937
depression motivates me ina weird way,1,0.9651207911396674,0.5358567544625894,True,1,0.429264036677078
Fuck your anxiety to the hardcore level,0,1.0357433996255925,1.2033465131640235,False,1,-0.1676031135384312
god waking up having an anxiety attack in an out of body experience i literally thought i was having a heart attack,1,0.9651207911396674,0.5784056223834411,True,1,0.3867151687562263
I came to this lecture to learn and came out more mad and depressed Thanks white ppl,1,0.9651207911396674,1.0605758319977912,False,0,-0.0954550408581237
Lol can't relate because I AM the depressing one in the group,1,0.9651207911396674,0.9782744549235628,True,1,-0.0131536637838952
Literally I get so much anxiety in movie theaters now,0,1.0357433996255925,1.1855879828844698,False,1,-0.1498445832588775
SEASON SIX GAVE ME DEPRESSION,1,0.9651207911396674,1.1478524784466988,False,0,-0.1827316873070313
"That feeling when you know God is about to bless you in a major way so you are anxious, nervous, and excited.",0,1.0357433996255925,1.0795968931589277,False,1,-0.0438534935333354
"Nice guys knew this, but the fact that it's been scientifically proven is depressing😭😭",0,1.0357433996255925,0.9887816183755416,True,0,0.0469617812500507
People will pretend to anxiety and/or depression on social media for likes and that's fucking disgusting. 🙄,0,1.0357433996255925,0.889210222428542,True,0,0.1465331771970502
my therapist swears that i'm depressed but what he doesn't know is i can grab rim if i get a running start and a proper jump off,0,1.0357433996255925,1.0876742717904488,False,1,-0.0519308721648565
@user Watch  Tom &amp; Jerry  continue 2 hr 100% your depression finish 👌👍🙂🙂🤗 ager nehi tu paise wapis,0,1.0357433996255925,0.4763687739852223,True,0,0.55937462564037
"hello, depression is kicking my ass.",1,0.9651207911396674,0.6049723193748111,True,1,0.3601484717648563
@user Depression over Crooked H not get baton passed seamlessly from O'bummer and now hatred over President Trump,0,1.0357433996255925,0.5210080075842214,True,0,0.5147353920413709
So feeling a lil depressed tonight so good vibes would be appreciated 💗,1,0.9651207911396674,0.8607637444671188,True,1,0.1043570466725486
that Tom odell song another love still hitting the same we going ✈ depression,1,0.9651207911396674,0.9713782692811036,True,1,-0.006257478141436
ugh everything sucks right now #depressed,1,0.9651207911396674,0.6980818719932322,True,1,0.2670389191464352
I hope this is the last time that I have to watch Philly this season. Their offense depresses me #TORvPHI,0,1.0357433996255925,0.8517524568880575,True,0,0.1839909427375348
Lol y'all falsely romanticize depression and mental breakdowns and loneliness like that shit is a cool trend. 🚮🚮🚮,0,1.0357433996255925,1.0739413120087418,False,1,-0.0381979123831495
"stressed, depressed and sleep deprived... life is absolutely great (‘:",1,0.9651207911396674,0.7538714962822547,True,1,0.2112492948574127
depression is dampening my creativity instead of fueling it... i was lied to many times,1,0.9651207911396674,0.6125330983963592,True,1,0.3525876927433082
Being stuck in tk working almost everyday is depressing when everyone around you is traveling 🤦🏾‍♀️,0,1.0357433996255925,0.9139684404173548,True,0,0.1217749592082373
I'm really depressed today so I'm gonna do this tomorrow. Sorry,1,0.9651207911396674,0.7917162185018349,True,1,0.1734045726378325
As I was uploading today's video I got an email saying I won't be allowed to record BO4 gameplay at the event tonight I am depression,0,1.0357433996255925,0.5085170272338482,True,0,0.5272263723917441
i'm so depressed,1,0.9651207911396674,0.4564696803355929,True,1,0.5086511108040745
FUCK ANXIETY. 🖕🖕,1,0.9651207911396674,0.9320421632581406,True,1,0.0330786278815268
That Pihu trailer made my anxiety spike,1,0.9651207911396674,1.1087845959279614,False,0,-0.143663804788294
Got a very suspicious scam email and now im kinda anxious,0,1.0357433996255925,0.9314478626547532,True,0,0.1042955369708391
@user @user This is depressing me,1,0.9651207911396674,1.506871646652477,False,0,-0.5417508555128095
// Feeling down about stuffs.Anxiety probably.,1,0.9651207911396674,0.6700635466875657,True,1,0.2950572444521017
having anxiety is like being sad for no reasons seconds after u feel happy.,1,0.9651207911396674,0.7199181212389422,True,1,0.2452026699007252
anxiety consumes you.,1,0.9651207911396674,0.6125144289683064,True,1,0.352606362171361
@user Damn that shit depressing,0,1.0357433996255925,0.5308341811768241,True,0,0.5049092184487681
guess which bitch has major anxiety but made plans to pick someone up from LAX as a power move???? also!!! me!!!!!,1,0.9651207911396674,1.097919444767696,False,0,-0.1327986536280284
No one:My friend: your social anxiety is so bad,1,0.9651207911396674,0.8235775478323698,True,1,0.1415432433072976
im depressed and want someone to talk to me but im also too depressed to answer messages :(,1,0.9651207911396674,0.7540327544181167,True,1,0.2110880367215507
gonna do some depressed asos shopping instead of cleaning my shit state room,1,0.9651207911396674,0.9900577951482252,True,1,-0.0249370040085576
Why does anxiety have the power to destroy every other emotion you want to feel,1,0.9651207911396674,0.6918384798970729,True,1,0.2732823112425945
ugh anxiety hits me rn 😭,1,0.9651207911396674,0.7468233610406454,True,1,0.218297430099022
American politics is depressing.,0,1.0357433996255925,1.0860572187135529,False,1,-0.0503138190879604
@user i'm having an anxiety attack just thinking about it 😂,0,1.0357433996255925,1.3103400036639528,False,1,-0.2745966040383605
im so fucking anxious *starts cleaning with a broom* IM SO FUCKING ANXIOUS *saihara-kun comes in* GET THE FUCK OUT,1,0.9651207911396674,1.0478920711810051,False,0,-0.0827712800413377
"Aside from my depression &amp; grief, I had a pretty cool birthday 🤷🏾‍♀️",1,0.9651207911396674,0.8698703299966762,True,1,0.0952504611429911
Anxiety has peaked tonight,1,0.9651207911396674,0.6299885945213803,True,1,0.3351321966182871
i hate it when people use the term 'nagdedepress-depressan'... can u pls explain to me why i would want to pretend to be unhappy????? 😐🙃,1,0.9651207911396674,1.0171001391806278,False,0,-0.0519793480409603
Long ass dream about very real inevitability. #Depressing #BootInAss #FML,0,1.0357433996255925,0.7610040712982241,True,0,0.2747393283273681
"Maybe I'm exhausted, maybe I might be actually depressed. I guess we'll have to see tomorrow morning",0,1.0357433996255925,1.1930270282589004,False,1,-0.1572836286333081
You obviously don't know anything about social anxiety,1,0.9651207911396674,0.8336949938935261,True,1,0.1314257972461413
"im going to check the nurse room again. I feel so much pain in my chest, this anxiety needs to leave.",1,0.9651207911396674,0.4951476814965204,True,1,0.469973109643147
i feel so depressed bc of these last two days i dont know how to even be happy anymore :/,1,0.9651207911396674,0.6644368168215935,True,1,0.3006839743180739
@user dont worry about it we all have anxiety you'll get it eventually,1,0.9651207911396674,1.2171628179930047,False,0,-0.2520420268533373
@user Just took me 132.8 minutes to circle Earth. I really did use to love doing this without anxiety.,1,0.9651207911396674,1.2345740721757257,False,0,-0.2694532810360582
"My anxiety levels have been one million lately, and I just want to know why",1,0.9651207911396674,0.5621640015919758,True,1,0.4029567895476916
mf ain't gone be happy til i'm somewhere dead die to stress &amp; depression .,1,0.9651207911396674,0.7569528737830111,True,1,0.2081679173566563
can i stop being a depressed little bitch it's annoying,1,0.9651207911396674,0.6860307484190273,True,1,0.2790900427206401
S/o depression naps,1,0.9651207911396674,1.0124216263716883,False,0,-0.0473008352320211
"SKDJDJ ILL REPLACE MY POST II DEPRESSION W PRE II HYPE FOR SG, HK N MUMBAI",0,1.0357433996255925,0.6588434867660353,True,0,0.3768999128595569
"sunshine, good music + the windows down = goodbye seasonal depression, you won't be missed🌞🌞🚗🎵",1,0.9651207911396674,1.0871554227708276,False,0,-0.1220346316311601
"@user @user @user This cured my depression, thanks boss",1,0.9651207911396674,1.3947731397310326,False,0,-0.4296523485913651
New uniforms and now apparently a whole new roster. #Indians #Depressing,0,1.0357433996255925,0.7013780165775196,True,0,0.3343653830480726
"depression is hella real no if ands or buts about it, its unfair to have someone else trying to fix it tho",1,0.9651207911396674,0.8456854378095753,True,1,0.1194353533300921
"I have so much dread and anxiety, I'm impressed I haven't vomited. This has been a PSA.",1,0.9651207911396674,0.8919374279561866,True,1,0.0731833631834808
Depressive episodes in at 12 am when ur parents r fighting is fun,1,0.9651207911396674,0.9811522477073076,True,1,-0.0160314565676402
"I'm Danny Dyer, and I'm about to meet Britain's most depressed air stewards",0,1.0357433996255925,0.8557329242651277,True,0,0.1800104753604645
But the depression and anxiety stay the same,1,0.9651207911396674,0.5692668477941197,True,1,0.3958539433455477
i drank half an iced coffee and I went home and have been in bed for two hours because I'm too anxious to do anything,1,0.9651207911396674,0.7409898054074131,True,1,0.2241309857322543
My anxiety does not exist at theme parks,1,0.9651207911396674,0.9216722783076328,True,1,0.0434485128320347
They all suffer from depression.,0,1.0357433996255925,1.4170369786493953,False,1,-0.381293579023803
its 7p on a weds night and im anxious about hippo habitat loss in central Africafuckkkkk,0,1.0357433996255925,0.8354204791486063,True,0,0.2003229204769859
I'm depressed af my heart is crying goodnight everyone and goodnight to taylor,1,0.9651207911396674,0.7817068297054246,True,1,0.1834139614342428
"The more homework that a child receives, the more likely that child is to suffer from depression.",0,1.0357433996255925,1.116720836707326,False,1,-0.0809774370817337
Change up your ring and alarm tones to remove the anxiety and hatred of them that builds up over time.,0,1.0357433996255925,0.9035568368171616,True,0,0.1321865628084306
I cannot stand flies. They give me anxiety they need to be extradited right off this planet. N there's only always one lingering. FUCCCKKKKK,0,1.0357433996255925,0.8682722240723775,True,0,0.1674711755532147
When your Aquarius friend is depressed:,0,1.0357433996255925,0.7617487821516715,True,0,0.2739946174739207
that I was on the 'devine diet or depressed' asdfghjkl 😂,0,1.0357433996255925,0.8630664455210992,True,0,0.172676954104493
finally scotty sire has a reason to not be depressed,0,1.0357433996255925,1.125396804385819,False,1,-0.0896534047602266
just depression-eating @user thanks,1,0.9651207911396674,1.120742834209235,False,0,-0.1556220430695675
I'm gonna be disconnected from the results of game five while heading home and oh god the anxiety 🥺,0,1.0357433996255925,0.8597386047552816,True,0,0.1760047948703106
"If @user hasn't made a cover of 'The Best' by Bonnie Tyler/Tina Turner, as 'I'm simply depressed', someone should!",1,0.9651207911396674,1.6089649254711669,False,0,-0.6438441343314992
"I'm officially depressed, I forgot my headphones at home",0,1.0357433996255925,1.005583631003487,False,1,0.0301597686221053
"fuck your zodiac sign, what anti-depressant are you on?",0,1.0357433996255925,1.1152346491182683,False,1,-0.0794912494926762
im so happy and depressed at the same time,1,0.9651207911396674,0.5259625027890549,True,1,0.4391582883506125
Trust me i used to think hanging out with friends is better in handling my anxiety and stress but now i find more peace in being alone,1,0.9651207911396674,0.6534847789606468,True,1,0.3116360121790206
That's a lot to clean up... I'm getting anxiety already,1,0.9651207911396674,0.8155221702583142,True,1,0.1495986208813532
@user Overthinking Nostalgia DepressionFrustration,0,1.0357433996255925,0.6623898024445887,True,0,0.3733535971810036
I sleep probably way more than the average person lol depression is a bitch,1,0.9651207911396674,0.6419879270667372,True,1,0.3231328640729302
@user i do that with my antidepressants 😬,1,0.9651207911396674,0.8249504667423553,True,1,0.1401703243973121
I love that one of my supervisors let's me text her when I need switch shifts. Helps ease my anxiety lol.,1,0.9651207911396674,0.8747747921309139,True,1,0.0903459990087535
Is he stressed? depressed? up to the point wherein 'drugs' is the only way for him to escape reality?#SueDispatch,0,1.0357433996255925,0.966655813306163,True,0,0.0690875863194292
Should I continue to grow the depression beard,1,0.9651207911396674,0.8142032473145064,True,1,0.1509175438251609
@user @user That's just depressing,0,1.0357433996255925,0.5660977734846719,True,0,0.4696456261409203
today is a depressing day,1,0.9651207911396674,0.9383781378066848,True,1,0.0267426533329827
Procrastination and depression don't mix. I promise you that. 😰,1,0.9651207911396674,0.9463446875954148,True,1,0.0187761035442525
@user Hmm...a clear case of depression...,0,1.0357433996255925,1.1675809451614312,False,1,-0.1318375455358389
"@user I'm struggling with anxiety, loneliness, depression. Finding myself struggling to have that intimacy with God.",1,0.9651207911396674,0.7527973854301429,True,1,0.2123234057095245
so tired of being depressed this shits making me laugh now,1,0.9651207911396674,0.5890958277077643,True,1,0.3760249634319031
Sure! I also remember being anxious about being asked about the criminal am nerve of Grassi!,0,1.0357433996255925,0.8926893638908461,True,0,0.1430540357347461
wow first day of daylight saving and my seasonal depression has already kicked in :))),1,0.9651207911396674,0.9944633372867976,True,1,-0.0293425461471301
"and my anxiety is breaking me, it kills mei'm living in a world so fake, I lost touch of the real me",1,0.9651207911396674,0.5671247775027732,True,1,0.3979960136368942
I don't know which one is keeping me up at this point ... my depression or my anxiety 😩,1,0.9651207911396674,0.5916334566802459,True,1,0.3734873344594215
Stoned and depressed a very scary place to be,1,0.9651207911396674,0.6640225489207635,True,1,0.3010982422189039
• Don't focus on the end result and how you think you'll do. This can increase your anxiety and make you want to avoid it even more,0,1.0357433996255925,1.0304890210824165,False,1,0.0052543785431757
@user at least u make it look less depressing,0,1.0357433996255925,0.567450453746279,True,0,0.4682929458793132
@user 23% of depression doesn't come out of space dave,0,1.0357433996255925,0.838871654605527,True,0,0.1968717450200652
@user 'you better not. I spent too long getting him out of a whole of depression just for the same thing to happen all over again.',0,1.0357433996255925,1.1838997364757935,False,1,-0.1481563368502012
@user Yessss . I've been depressed recently and it would nice 💗,1,0.9651207911396674,1.045514787688136,False,0,-0.0803939965484686
Update: anxiously sitting in my car kinda want to sleep,1,0.9651207911396674,0.7932546380330212,True,1,0.1718661531066462
@user Eeps. Yeah. Plus I have all kinds of anxiety about Drs AND driving so it's been an awesome day.,0,1.0357433996255925,0.8707904166020234,True,0,0.1649529830235688
"I deal with Anxiety, but you're not gonna see me walking around with a sweatshirt showcasing and praises my issues...",1,0.9651207911396674,1.0841259081271233,False,0,-0.1190051169874558
does anyone else get an extreme anxiety spike when they hear the siren from the silent hill movie?,0,1.0357433996255925,0.916149022443774,True,0,0.1195943771818182
ok welp it's anxiety hours.,1,0.9651207911396674,0.9575342083282647,True,1,0.0075865828114025
"@user @user You sound pretty anxious!Let the House Work, baby! 😂🤣😂",0,1.0357433996255925,0.5593858980303279,True,0,0.4763575015952643
"I knew that Quinn could be idealistic, but I was surprised that he seemed so anxious today while we were at the party.",0,1.0357433996255925,0.946100460691778,True,0,0.0896429389338143
Does anyone get like random burst of anxiety cause their brain tell them their bf doesn't like them anymore?Just me? Cool,1,0.9651207911396674,0.9097119654972564,True,1,0.055408825642411
"anxiety sucks, for real",1,0.9651207911396674,0.6933338755333059,True,1,0.2717869156063615
@user same they bully me and i blame them for having depression now and being socially awkward,1,0.9651207911396674,0.9159184526811088,True,1,0.0492023384585587
@user So anxious ab thissss,0,1.0357433996255925,0.5936766408995745,True,0,0.4420667587260177
@user @user You're to young to know what depression is.,1,0.9651207911396674,1.1556806956079364,False,0,-0.1905599044682689
Gonns play overdepressed,0,1.0357433996255925,0.7283316672482008,True,0,0.3074117323773915
The post good ass weekend depression is real af,1,0.9651207911396674,0.8908441411759925,True,1,0.0742766499636748
Anxiety is no joke dude... you literally can't do shit about it,1,0.9651207911396674,0.6769937704611595,True,1,0.2881270206785079
@user You depressed?,0,1.0357433996255925,0.6841447870668262,True,0,0.351598612558766
@user anxious to hear,0,1.0357433996255925,0.5617091589057888,True,0,0.4740342407198035
Hate waking up to an anxiety attack,1,0.9651207911396674,0.7317061601481335,True,1,0.2334146309915339
My pet fishes seem to have separation anxiety from my dad and his loud jamaican voice. Everytime he goes on vacation atleast one of them die,0,1.0357433996255925,0.881662294331757,True,0,0.1540811052938352
@user NO THAT WAS ME I WAS JUST BEING DUMB AND ANXIOUS IT WONT BE THAT BAD IM SORRY SJGJSJF,0,1.0357433996255925,0.781911888864365,True,0,0.2538315107612272
I hate having anxiety,1,0.9651207911396674,0.4760277367349059,True,1,0.4890930544047615
Look I'm already depressed there is nO NEED for this. NONE.,1,0.9651207911396674,0.867473442246687,True,1,0.0976473488929804
me: trying to say but just tweeting is making me kind of anxious dsKJSDFH...,0,1.0357433996255925,0.8836181200301819,True,0,0.1521252795954103
Anxiety and coffee does not mix well together 😣😣,1,0.9651207911396674,0.6929897694537384,True,1,0.272131021685929
Vibrating with great anxietyMy insides throb at your touchI need to have you like thisFilling Me closely,1,0.9651207911396674,0.8366047619893605,True,1,0.1285160291503069
i call dibs on the stone that absolves my ever-increasing crippling anxiety,1,0.9651207911396674,0.8177966221398887,True,1,0.1473241689997787
@user @user Practically every synagogue near me has a security detail. It's so depressing,0,1.0357433996255925,0.6472473221119874,True,0,0.3884960775136048
mad how the whole of the uk were pure buzzing in the sun now we're all depressed again lol,0,1.0357433996255925,1.1369230013363658,False,1,-0.1011796017107735
ok so I'm gonna try to promise myself that i won't get bored and depressed an end the year at least satisfied with what I've done.,0,1.0357433996255925,1.1258275983018091,False,1,-0.0900841986762168
depression is not something that will magically go away by 'moving on'. u need to get educated,1,0.9651207911396674,0.695373780366591,True,1,0.2697470107730764
28 hours since sleep and I'm feeling very very very very very very anxious,1,0.9651207911396674,0.7000161870459825,True,1,0.2651046040936849
F this. I'm about to have an anxiety attack.,1,0.9651207911396674,0.6073800505115893,True,1,0.3577407406280781
My anxiety is doing crazy things today.,1,0.9651207911396674,0.5743262827382576,True,1,0.3907945084014098
Anxiety attacks are no joke..,1,0.9651207911396674,0.6010114703865599,True,1,0.3641093207531075
Taking practice tests for my boards gives me SO much anxiety.,1,0.9651207911396674,0.7241281361803094,True,1,0.240992654959358
Life is depressing but at least there's hentai and coffee.,0,1.0357433996255925,1.067727116602363,False,1,-0.0319837169767707
anxiety attack fucks,1,0.9651207911396674,0.6101527236127049,True,1,0.3549680675269625
"@user @user This country is a mess, read my most recent tweets, its so depressing at how down hill it's gone xx",0,1.0357433996255925,0.7069937501546255,True,0,0.3287496494709667
"Depression causes undernutrition, but I've gained weight???? Science is broken.",1,0.9651207911396674,0.7970764268559309,True,1,0.1680443642837364
"@user Well, I'm anxious.",0,1.0357433996255925,0.8967136324906161,True,0,0.1390297671349761
@user @user Then I'm not sure you know what depression is.,0,1.0357433996255925,0.8619735561544191,True,0,0.1737698434711732
@user @user @user The implications of that quote are so depressing,0,1.0357433996255925,0.5261987676115283,True,0,0.509544632014064
My anxiety is on EDGE,1,0.9651207911396674,0.7629375591705482,True,1,0.2021832319691192
"i really need more long term friends, i'm falling deeper into a depressive episode nd it sucks h",1,0.9651207911396674,0.6166313578384989,True,1,0.3484894333011685
@user Anxiety labda but anyways ukipata wawili just push the other over here but for the time being  ....♥,0,1.0357433996255925,0.7062395873434972,True,0,0.329503812282095
Hello depression. I haven't seen you in awhile.,1,0.9651207911396674,0.9403325690229086,True,1,0.0247882221167587
me trying to fight anxiety,1,0.9651207911396674,0.4992314104146338,True,1,0.4658893807250335
do u ever feel anxious for no reason? yeah same,0,1.0357433996255925,1.1950404743002754,False,1,-0.1592970746746831
Too many @user logistics anxieties right now...bout to ride a bike to work off some of this energy 🎏🔥😵,0,1.0357433996255925,0.9919051710824,True,0,0.0438382285431921
@user depressed bitch 😂😂😂,0,1.0357433996255925,0.57165529133967,True,0,0.4640881082859223
"My dream significant other has three eyes, a dog in their tinder bio, and anxiety.",0,1.0357433996255925,1.0001117070563308,False,1,0.0356316925692614
going to the bars my dad always went to gives me a whole new kind of anxiety,1,0.9651207911396674,0.8219838180793507,True,1,0.1431369730603167
takes two pain meds so i can get knocked tf outalso anxiety turned into headache so theres thatam out,1,0.9651207911396674,0.6635674002118146,True,1,0.3015533909278528
the way my mum guilt trips me into doing things i dont want to do is the reason i have depression and anxiety &lt;3,1,0.9651207911396674,0.7211729892907903,True,1,0.2439478018488771
@user This current administration is the cause of a lot of people I know feeling deeply depressed.,0,1.0357433996255925,0.9651570525056056,True,0,0.0705863471199867
"The Day Chapter 1, a sonic the hedgehog fanficKnuckles is depressed and goes into a rampage and breaks the master emerald.",0,1.0357433996255925,0.6936578968830265,True,0,0.3420855027425658
@user i have social anxiety i am immune to anyone i can easily walk away from,1,0.9651207911396674,0.8399477921076416,True,1,0.1251729990320258
"When I get depressed I could go days without talking to anybody 😭. It's nothing personal, I just have to recollect myself",0,1.0357433996255925,1.0639316564175392,False,1,-0.0281882567919469
@user I am now having a hissy anxiety fit!,1,0.9651207911396674,1.0746087316376816,False,0,-0.1094879404980141
@user ..The ABC must be a den of utter depression at the moment. 😊,0,1.0357433996255925,0.8260272422594386,True,0,0.2097161573661536
it's actually so depressing coming back home from a holiday,0,1.0357433996255925,1.2108573329250114,False,1,-0.1751139332994191
@user How depressing for British Tennis 🎾 now what?? 😏😢☹️☹️☹️,0,1.0357433996255925,0.535634858090051,True,0,0.5001085415355413
this movie pissing me off.....giving me anxiety......stressing me.....sjhhjhssjjjjh like got damn....,1,0.9651207911396674,0.8593828562763126,True,1,0.1057379348633548
"@user I swear.. She responded like she's emotionally depressed.. She needs a man, but she no go gree 😂",0,1.0357433996255925,0.8865031057842849,True,0,0.1492402938413073
@user @user @user Chill this is depressing,0,1.0357433996255925,0.5015943624763142,True,0,0.5341490371492781
@user The dude has actually turned into everything he actively railed against during the whole #Gamergate episode. Depressing.,0,1.0357433996255925,0.6609746623896784,True,0,0.3747687372359138
Some strange men just talked to us and they don't seem to understand personal space or social anxiety. I just wanna be home,1,0.9651207911396674,0.8665764777516158,True,1,0.0985443133880515
@user It's my duty to love every depressed character,0,1.0357433996255925,0.9433101968845266,True,0,0.0924332027410657
@user @user This gave me so much anxiety,1,0.9651207911396674,1.3153463923595994,False,0,-0.3502256012199319
seems like anxiety always comes back around .,1,0.9651207911396674,0.6400480745300984,True,1,0.325072716609569
"When Im depressed, I sleep a lot and live in my dreams",0,1.0357433996255925,1.339779361396675,False,1,-0.3040359617710828
Fck yes this honestly made me depressed. First day of school plg muni na sa utok ko,0,1.0357433996255925,0.890911111873383,True,0,0.1448322877522092
GAHHH WHAT IS THE KEY TO NOT FEEL SO SHIT N DEPRESSED N JUST WORTHLESS ALL THE TIME ?,1,0.9651207911396674,1.236507383704882,False,0,-0.2713865925652147
@user that was such a depressing period,0,1.0357433996255925,0.7229284610352409,True,0,0.3128149385903513
@user i don't want to encourage the depression but.... it is the best show of all time and you have to watch,0,1.0357433996255925,0.7680102633062779,True,0,0.2677331363193144
I can't look when they start tattooing my anxiety goes OFF when they turn the machine on,1,0.9651207911396674,1.0378946780229268,False,0,-0.0727738868832593
My anxiety been OD lately,1,0.9651207911396674,0.6779677561786495,True,1,0.2871530349610179
No more anxiety attacks about practicals till January yay,1,0.9651207911396674,0.9770860099702976,True,1,-0.0119652188306301
@user my anxiety kicked in quick bro...,1,0.9651207911396674,1.0669809891607682,False,0,-0.1018601980211008
bro i sat here for 20 minutes contemplating posting that MY ANXIETY i hate myself goodbye,1,0.9651207911396674,0.8839778328061837,True,1,0.0811429583334837
was having a good day then boom instantly depressed,1,0.9651207911396674,0.787509255094288,True,1,0.1776115360453793
@user O please let's go! I'm 62&amp; so anxious 4 ERA  2PASS ON TRUMPS WATCHIMAGINE,0,1.0357433996255925,0.7110919753250964,True,0,0.3246514243004958
I haven seen my girl in two days I'm officially depressed 😕,1,0.9651207911396674,0.8336663350186497,True,1,0.1314544561210177
I Honesty Want Someone 2 Slap My Stupid Ass When I Get In My Depressing Fuck The World Moods.... Like Tightrn Me DF Up,1,0.9651207911396674,1.305578238362198,False,0,-0.3404574472225304
feel like i'm never gone escape this depression shit.,1,0.9651207911396674,0.5391913014151326,True,1,0.4259294897245348
I feel like my depressing days r coming again so yeah.. i dont even know what/who's the trigger but i can feel it in my veins,1,0.9651207911396674,0.6082484947433402,True,1,0.3568722963963272
"Prostate cancer can make you feel lost, anxious, low in mood and alone. It's important to talk about your experience #talkiskey",0,1.0357433996255925,1.1073394416501017,False,1,-0.0715960420245092
i am sososososso anxious rn. literally about to cry and i keep shaking and i have no clue why i feel like this. ?? like wtf is wrong w me,1,0.9651207911396674,0.5572209842919822,True,1,0.4078998068476852
can't be an afuly. can't do it. not just yet. idc if i'm almost 19. too much anxiety. im gonna kms. it's a no for me,1,0.9651207911396674,0.7216646918176839,True,1,0.2434560993219835
My anxiety is bad for no reason at all. I feel like I'm gonna throw up like am I like this lmfao,1,0.9651207911396674,0.6481376813292037,True,1,0.3169831098104637
For awareness... do you struggle with anxiety &amp; or panic attacks?,0,1.0357433996255925,1.3759989876492629,False,1,-0.3402555880236706
This bitter cold and now scare that we are all going to run out of natural gas is giving me anxiety.,1,0.9651207911396674,0.7463706139498127,True,1,0.2187501771898546
@user @user @user This Charlotte girl character  can depress people,0,1.0357433996255925,0.5395829759549471,True,0,0.4961604236706451
@user Lmfaooooooo fuck it I'm anxious.,1,0.9651207911396674,1.1323708736450548,False,0,-0.1672500825053874
@user this is so depressing im about to cry,0,1.0357433996255925,0.9336371417961994,True,0,0.1021062578293928
Have people started getting emails from axs and ticketmaster uk yet? Asking for my anxiety.,1,0.9651207911396674,1.2189621237989736,False,0,-0.2538413326593062
"some people are pretending to be depressed just to gain attention. quit it, it won't make u cool i swear.",0,1.0357433996255925,1.045100130377396,False,1,-0.0093567307518036
When somebody tell me they gotta talk to me that shit make my anxiety go up 😭,1,0.9651207911396674,0.8543450251524505,True,1,0.1107757659872169
Anxiety is the worst,1,0.9651207911396674,0.4396675156754843,True,1,0.5254532754641832
anxietyrestlessness uncertainty insomniaexhaustion painis depression even not an option ??,1,0.9651207911396674,0.6033766672658338,True,1,0.3617441238738336
I really just need reassurance and someone to hold me bc overthinking really has me feeling anxious n scared wtf,1,0.9651207911396674,0.5736965937147862,True,1,0.3914241974248812
well atleast my anxiety is there to f me everyday hnnnggghhhhnggnng,1,0.9651207911396674,0.7682294951149654,True,1,0.196891296024702
@user i actually have anxiety.,1,0.9651207911396674,0.7334622078652846,True,1,0.2316585832743828
Anxiety literally runs my life wby,1,0.9651207911396674,0.5374609082275179,True,1,0.4276598829121495
this bitch is feeling sad and depressed which got me feeling sad and depressed and now we crying together.. issa bonding moment,0,1.0357433996255925,1.3617564500996933,False,1,-0.326013050474101
Wow I forget how anxious I get in new settings with a bunch of people I don't know,1,0.9651207911396674,1.196768623104012,False,0,-0.2316478319643445
My anxiety is out the roof,1,0.9651207911396674,0.6451755827445014,True,1,0.319945208395166
@user Pets are like magic antidepressants. 😊,0,1.0357433996255925,0.9732781727262344,True,0,0.0624652268993578
and i'm depressed again.. love that.,1,0.9651207911396674,0.4980481658179301,True,1,0.4670726253217372
"This is my side thing to post about my depression and anxiety. If you found this accidentally, lo siento mucho.",1,0.9651207911396674,0.8677455119685562,True,1,0.0973752791711112
Fuck a anxiety and fuck a depression,1,0.9651207911396674,0.6450822536034515,True,1,0.3200385375362159
me: slightly nervous/anxious for whatever reasonmy body: ur stomach? in pain! nausea? present!,1,0.9651207911396674,0.7212708060248616,True,1,0.2438499851148058
Someone recc me good Yaoi? Last time I read two and watched to depressing ones and yeah,0,1.0357433996255925,0.6938467806677215,True,0,0.3418966189578707
what a GREAT time to be a depressed bisexual huh!!!! SO much respectful well-written representation for us!!!! 🙃🙃,1,0.9651207911396674,1.0458858885662206,False,0,-0.0807650974265531
This reality is so deeply depressing.,0,1.0357433996255925,1.4117934289730545,False,1,-0.3760500293474622
"@user I've seen some minorly depressing episodes OF it, does that count?",0,1.0357433996255925,0.6075072638454545,True,0,0.4282361357801377
My anxiety level is above the maximum limit right now. 😭🙀,1,0.9651207911396674,0.6822095440078981,True,1,0.2829112471317693
Can June get here already I'm anxious af to see YC and finally go to a show again 😩😋,0,1.0357433996255925,0.8115688623081703,True,0,0.2241745373174219
These opening statements are ratcheting up Dr. Ford's anxiety. 😖#FordHearing #FordKavanaugh,0,1.0357433996255925,0.7346798359597475,True,0,0.3010635636658447
I woke up so anxious I'm crying already and I've been awake 5 minutes i love my life,1,0.9651207911396674,0.7396845633471654,True,1,0.225436227792502
I longed for the joy that had left me .I suffer from depression,1,0.9651207911396674,0.7348236505733248,True,1,0.2302971405663426
@user Depressingly accurate!,0,1.0357433996255925,0.5374829996198884,True,0,0.4982604000057038
More depressed than I could have thought I'd ever get again. I miss both my girls soooo much man..,1,0.9651207911396674,0.648838472818942,True,1,0.3162823183207254
i went on a walk and my anxiety actually decided to stop uwu,0,1.0357433996255925,1.2373906682305629,False,1,-0.2016472686049706
it's the last full week ragan is here before college starts i'm depressed,0,1.0357433996255925,1.085853229468412,False,1,-0.0501098298428197
"That depressing moment when you dip your cookie into milk for too long, it breaks off, and you wonder why bad things happen to good people.",0,1.0357433996255925,0.8926205544812282,True,0,0.143122845144364
It's pretty sad when you get anxiety about making a therapy appointment to talk about your anxiety. 😬,1,0.9651207911396674,0.9024100278904572,True,1,0.0627107632492102
Honestly lucky to have my best mate when I go through depression he just listens and it's what I need 💕,1,0.9651207911396674,0.7334223194330053,True,1,0.2316984717066621
the show really depicted depression in the realest way #EuphoriaHBO,0,1.0357433996255925,1.0380886421109798,False,1,-0.0023452424853875
I'm glad some of y'alls depression is going away!!,0,1.0357433996255925,1.2441563364316772,False,1,-0.2084129368060849
I swear my anxiety ruins everything.... I don't have anxiety I lied but this girl makes me crazyyyy 😖🥰,0,1.0357433996255925,1.3132587305508765,False,1,-0.2775153309252842
"I don't care , i am not depressed I didn't even cry or got a tear in my face because i know i have to survive all of this to be happy",0,1.0357433996255925,1.3023077394255085,False,1,-0.266564339799916
@user I'm a shut in because I'm depressed,1,0.9651207911396674,1.036617744144477,False,0,-0.0714969530048096
Tis the season for depression,1,0.9651207911396674,0.6846096540480331,True,1,0.2805111370916343
@user I'm a depressed piece of shit 👺🤪,1,0.9651207911396674,0.9525209149357322,True,1,0.0125998762039352
Everytime i think about my bro that shit get me depressed.,0,1.0357433996255925,1.5441760186209392,False,1,-0.508432618995347
me @ my anxiety: fuck off pls,1,0.9651207911396674,0.9702915181887416,True,1,-0.005170727049074
what the fuck am i so anxious for im sitting in my room alone playing COD,1,0.9651207911396674,0.7228550844844074,True,1,0.24226570665526
I always dedicated this song to my anxiety. It SUCKS and it needs a taste of it's own medicine.,1,0.9651207911396674,0.889488015803691,True,1,0.0756327753359764
This at bat has me so anxious,0,1.0357433996255925,1.324685438801936,False,1,-0.2889420391763437
My last two functioning serotonin producers looking at my depression,1,0.9651207911396674,0.6148652576214806,True,1,0.3502555335181868
@user Don't bother - it's just embarrassing &amp; depressing,0,1.0357433996255925,0.6260416379793879,True,0,0.4097017616462043
@user sometimes...........depression is the spark of genius,0,1.0357433996255925,1.1967321574391552,False,1,-0.1609887578135629
Twitter can be so useful yet so depressing. Sometimes you just need a bit of this,0,1.0357433996255925,1.0536342014864908,False,1,-0.0178908018608985
Imagine being hospitalised because of anxiety,0,1.0357433996255925,1.225926805720518,False,1,-0.1901834060949256
@user For anxiety,0,1.0357433996255925,0.5307982770728494,True,0,0.5049451225527428
@user Did you listen to like all of big pink loser or just like I'm depressed or bands up,0,1.0357433996255925,0.703583792033008,True,0,0.3321596075925842
I only make puns when on the cusp of depression,0,1.0357433996255925,1.00966245357172,False,1,0.0260809460538722
Hear go this bitch named Depression tryna creep up on me. Not tonight hoe,0,1.0357433996255925,0.7854053256122056,True,0,0.2503380740133867
@user Ok I'm depressed,1,0.9651207911396674,1.2719470534905908,False,0,-0.3068262623509233
Waah indomaret muter video klip Hello Anxiety-nya Phum Viphurit!!🕺🕺🕺,0,1.0357433996255925,0.638027588562533,True,0,0.3977158110630592
The biggest mood is feeling super anxious but not wanting to ring anyone bc u don't wanna bother them 🤙🏼,1,0.9651207911396674,0.9893896035539976,True,1,-0.0242688124143301
i wish i dont have to be anxious whenever im with people,1,0.9651207911396674,0.6332637192955443,True,1,0.3318570718441231
"When the depression, anxiety and depersonalization disorder combo kicks in, it really kicks in",1,0.9651207911396674,0.700448886995302,True,1,0.2646719041443655
i am drowning in my anxiety tysm :),1,0.9651207911396674,0.5626205117803232,True,1,0.4025002793593442
This is so depressing,0,1.0357433996255925,1.2757026579764883,False,1,-0.2399592583508962
Nothing gives me anxiety more than the tills at Aldi 😫,0,1.0357433996255925,0.9528461261534236,True,0,0.0828972734721688
we going ✈️ depression,1,0.9651207911396674,0.8036518187199637,True,1,0.1614689724197037
@user @user I find yoga classes great for meeting people who are really open which helps with any anxiety,0,1.0357433996255925,0.8274897799065675,True,0,0.2082536197190247
so READY to have my bmc support system back and not go thru anxiety alone,1,0.9651207911396674,0.8325971681829736,True,1,0.1325236229566938
Some real #WednesdayWisdom to help #HowIFightDepression. 🙏🏼,1,0.9651207911396674,1.337309135565489,False,0,-0.3721883444258215
just finished my cna state board... and when i say i'm anxious to get my results i'm ANXIOUS,0,1.0357433996255925,1.115135456716357,False,1,-0.0793920570907646
@user @user Rosie looks as if she is dealing with depression.,0,1.0357433996255925,0.866576791332947,True,0,0.1691666082926453
Putting things in the overhead bin causes so much anxiety like I really have to prep myself to do it 😭,0,1.0357433996255925,1.0247672373203616,False,1,0.0109761623052306
I'm so anxious I feel sick,1,0.9651207911396674,0.6096973269499124,True,1,0.355423464189755
"Facts, ah nigga anxiety start to kick in &amp; I be thinking mf tryna rob my ass",0,1.0357433996255925,0.8893903678844305,True,0,0.1463530317411617
Everything is hard when you're depressed....,1,0.9651207911396674,0.6415262615370598,True,1,0.3235945296026076
@user And then that's why I was depressed because I couldn't even afford to afford😂,0,1.0357433996255925,0.8979674428809147,True,0,0.1377759567446775
Knowing you have anxiety creates a whole new kind of anxiety😩,1,0.9651207911396674,0.6245617235000458,True,1,0.3405590676396216
the nosedive episode of black mirror gives me real life anxiety every time i watch it; my tiny brain cannot handle it,0,1.0357433996255925,1.0050322073753508,False,1,0.0307111922502414
Also really captures the mild depression and sleepless nights worrying over whether it will be okay.,0,1.0357433996255925,1.2135638451046449,False,1,-0.1778204454790524
tf do white people know about seasonal depression,1,0.9651207911396674,0.8455509972399727,True,1,0.1195697938996946
Waking up depressed fucking sucks,1,0.9651207911396674,0.7231203647449398,True,1,0.2420004263947276
@user @user Friday's that text is very important .If I don't get it I send it .It's depressing to drink alone.,0,1.0357433996255925,0.6155234546890316,True,0,0.4202199449365607
"@user Hey, @user I have a story to tell you about anxiety/panic attacks. PM pleaseYou are doing great work btw keep it up!",1,0.9651207911396674,1.1425284481164169,False,0,-0.1774076569767494
im so fukn depressed oly fuk. i hate this. dam,1,0.9651207911396674,0.6788644812513663,True,1,0.2862563098883011
Q: What keep gen-y depression today?A: Instagram,0,1.0357433996255925,0.6651654810252823,True,0,0.37057791860031
"i cut it off when i was like, peak manic depressive. what a wild ride this year has been!",0,1.0357433996255925,1.3175579554950965,False,1,-0.2818145558695042
Depression is no joke. I pray for those that still haven't found balance in their lives. 🙏,0,1.0357433996255925,0.9976770097392624,True,0,0.0380663898863299
Me with my anxiety 😢,1,0.9651207911396674,0.5924173984988379,True,1,0.3727033926408295
@user @user depression for not enjoying the good life he is used too,0,1.0357433996255925,0.6003615542333375,True,0,0.4353818453922548
Seasonal depression is real!,1,0.9651207911396674,0.8252236228285292,True,1,0.1398971683111382
"I really just want to delete my whole instagram page because it feels so toxic and brings me no joy, only anxiety.",0,1.0357433996255925,1.00292908425058,False,1,0.0328143153750122
I'll do a countdown Even if it make me even more nervous and anxious,0,1.0357433996255925,0.8363474067295349,True,0,0.1993959928960573
@user @user @user Glycine glutamamte and GABA work together to decrease anxiety. All derive from #meat #eatmeatbehappy,0,1.0357433996255925,0.8001728182496741,True,0,0.2355705813759181
Why do i look like a stereotypical depressed deprived teenage kid,1,0.9651207911396674,0.8764661574888098,True,1,0.0886546336508575
Anxiety is through the roof today.,1,0.9651207911396674,0.5807254009129241,True,1,0.3843953902267433
Will my depression ever go away,1,0.9651207911396674,0.6153495571553308,True,1,0.3497712339843366
@user It means you have anxiety depression. Enjoy.,0,1.0357433996255925,0.8488042641973826,True,0,0.1869391354282096
good load of anxiety just now,1,0.9651207911396674,0.6821940901869629,True,1,0.2829267009527045
"@user Thanks for this, Peter. Very helpful if depressing. Is Barnier still ruling out at UK-wide backstop? If so, why?",0,1.0357433996255925,0.59234933110728,True,0,0.4433940685183122
My anxiety is so bad that I get nervous to hang up a phone call first after we both say bye lmao,1,0.9651207911396674,0.8785988085364692,True,1,0.0865219826031982
"@user Bless my therapist who is currently on HER vacation, but she's still messaging me about my vacation anxiety.",1,0.9651207911396674,1.172956530040063,False,0,-0.2078357389003956
okay can y'all stop speaking on shit u don't understand aka : social anxiety,1,0.9651207911396674,0.927550383164304,True,1,0.0375704079753634
That yüng depression is kicking in so imma step away from here for a bit peace and blessings,1,0.9651207911396674,0.8890560574434062,True,1,0.0760647336962612
Depressed shit 😉,1,0.9651207911396674,0.7928112190646478,True,1,0.1723095720750196
"i get anxiety about this all the time, save the earth!!!!",1,0.9651207911396674,0.6518006785463071,True,1,0.3133201125933603
Didn't expect anxiety the minute I logged on to Twitter but we'll what do I know,0,1.0357433996255925,0.5436226468727035,True,0,0.4921207527528888
"LRT someone took something I was selling, when I demanded my money wandixelela nge depression yakhe *sigh*",0,1.0357433996255925,0.5955984934773362,True,0,0.4401449061482561
i'm on my first train home and i was so anxious but everything has gone pretty well so far and i'm proud of myself,0,1.0357433996255925,1.205843463410729,False,1,-0.1701000637851364
it's 2019 and i'm still depressed,1,0.9651207911396674,0.5826131967632976,True,1,0.3825075943763698
Why is everyone depressed on twitter.?,0,1.0357433996255925,0.8661180947234648,True,0,0.1696253049021274
"Me, an hour after deciding to go to bed, having an anxiety attack and never went to bed",1,0.9651207911396674,0.7250197706721702,True,1,0.2401010204674972
The realization of this tweet just depressed me 😢,0,1.0357433996255925,0.8609405286414642,True,0,0.174802870984128
@user Yea I don't wanna know depressing sh*t I wanna see a new fish or some sort of sea monster,0,1.0357433996255925,0.6489528100175466,True,0,0.3867905896080457
Magstop kana ate u r giving me anxiety,0,1.0357433996255925,0.904308899870524,True,0,0.1314344997550681
When your method to calm your anxiety is giving you MORE anxiety lol love my life,1,0.9651207911396674,0.8194600874588568,True,1,0.1456607036808106
"@user Bi-polar, anxiety, Depression wouldn't hurt a soul.",0,1.0357433996255925,0.885112936055453,True,0,0.1506304635701392
Anxious Buttercup. Perfect! ❤️😂,0,1.0357433996255925,0.8040137529280903,True,0,0.2317296466975019
"'Anxiety ridden, thought-provoking' I love that",0,1.0357433996255925,1.050655224423806,False,1,-0.0149118247982138
@user Omg I am so depressed right now,1,0.9651207911396674,0.8338919432719845,True,1,0.1312288478676829
@user Antidepressants in a nutshell,0,1.0357433996255925,1.0003584563722872,False,1,0.0353849432533051
i really really love living in a constant state of stomach-turning anxiety,1,0.9651207911396674,0.5814890243194992,True,1,0.3836317668201682
I'm so depressed Bc I won't go to the gym today wtf,0,1.0357433996255925,1.2339970916638126,False,1,-0.1982536920382203
I find it weird how in 8th grade I was this pretty depressed working student and now I'm a not-so-depressed lazy ass student.,0,1.0357433996255925,1.1217450122151127,False,1,-0.0860016125895204
@user my antidepressants waking up my happy chemicals every morning,1,0.9651207911396674,0.7738465566343111,True,1,0.1912742345053563
@user I just realized the paint in my bedroom is very close to  Dolphins colors.Now I'm depressed thanks Janine.😂😂,0,1.0357433996255925,0.692955988917495,True,0,0.3427874107080972
We are hitting critical levels of pre-trip anxiety,0,1.0357433996255925,1.3312077253900063,False,1,-0.295464325764414
In a relationship with depression black dog,0,1.0357433996255925,1.2343137752241478,False,1,-0.1985703755985555
No time to be depressed i got personal works to do haha,0,1.0357433996255925,0.9791551587173594,True,0,0.0565882409082328
In the mood to listen to depressing songs and cry my eyes out,0,1.0357433996255925,1.0340513258001554,False,1,0.0016920738254369
Thinking about it and strongly considering it right now...#Depression #LowMood #WhatsThePoint,1,0.9651207911396674,0.9615071197756122,True,1,0.0036136713640552
@user Welp. Another thoroughly depressing start.,0,1.0357433996255925,0.6013756766033174,True,0,0.4343677230222749
My dreams make me so depressed lately lmao,0,1.0357433996255925,1.435196468093433,False,1,-0.3994530684678408
im having a depressive episode,1,0.9651207911396674,0.5309524598394306,True,1,0.4341683313002368
A depressed thot?!?...I feel seen.,1,0.9651207911396674,0.7823889452799702,True,1,0.1827318458596972
Bitch idc u depressed I jus want the pussy,0,1.0357433996255925,1.0804594067691091,False,1,-0.0447160071435168
Well this is depressing.,0,1.0357433996255925,1.1792695322493207,False,1,-0.1435261326237285
@user I really feel you with that. Anxiety kicks my ass a lot lately and I'm honestly so tired like mentally it's weird,1,0.9651207911396674,0.6137263392353369,True,1,0.3513944519043305
@user 🐰 // CHRONO WOULD BE SO DEPRESSED,0,1.0357433996255925,0.5999227916865111,True,0,0.4358206079390812
"@user Listening to old podcasts which have been piling up on my computer. Anything but Brexit news, it's too depressing!",0,1.0357433996255925,0.523698403870489,True,0,0.5120449957551032
i don't even have the guts to tell them knowing that they'll scold me back for being 'dEpReSsEd',1,0.9651207911396674,1.1253588158856125,False,0,-0.1602380247459448
"i might just be really stoned but likealmost no anxiety rn, it's really surprising i just feel likeweird? like maybe i'm just sleepy",0,1.0357433996255925,1.353821245795361,False,1,-0.3180778461697684
I hate when I get anxious in the middle of the night. I know everything is going to be okay. Has to be okay. &gt;&lt; It will be okay.,1,0.9651207911396674,0.7891983256663317,True,1,0.1759224654733356
"If you've ever been depressed, shout out to you for making it this far 🖤",0,1.0357433996255925,0.9198634951097616,True,0,0.1158799045158305
dunno whats worse anxiety waiting for a level results or getting up at 7 for them,0,1.0357433996255925,0.7604630887988869,True,0,0.2752803108267053
@user ugh fbck ig stans for making me depressed??!,0,1.0357433996255925,0.7440359857665777,True,0,0.2917074138590145
January lasted 6 months.February started 3 days ago.Winter may never end.I probably should get checked for depression.,1,0.9651207911396674,1.2353632420211444,False,0,-0.270242450881477
we love being depressed,1,0.9651207911396674,0.4981213994232349,True,1,0.4669993917164325
it's no wonder i am riddled with anxiety bc it seems everytime i try to do anything i would normally like to avoid it goes fucking wrong,1,0.9651207911396674,0.6449863756291527,True,1,0.3201344155105147
My anxiety has fucked me up like a million times and here it goes again fucking me up.,1,0.9651207911396674,0.6079295982129742,True,1,0.3571911929266932
@user @user Ok that literally gives me anxiety,0,1.0357433996255925,0.7032837158871289,True,0,0.3324596837384633
"Depression fucking sucks, man.",1,0.9651207911396674,0.6286343823926119,True,1,0.3364864087470555
I FUCJING HATE ANXIETY,1,0.9651207911396674,1.0131259122386451,False,0,-0.0480051210989777
im getting v. v anxious,1,0.9651207911396674,0.8521659365336213,True,1,0.1129548546060461
turn depression to aggression,0,1.0357433996255925,1.3728899778258814,False,1,-0.3371465782002891
@user All depressing facts.,0,1.0357433996255925,0.5678563777968293,True,0,0.4678870218287629
"Depressed but keep smiling, well dressed, nd be strong",1,0.9651207911396674,1.0084909557073818,False,0,-0.0433701645677143
made a bid on an ebay listing with 2m35s left on ittime to spend the next 2m35s anxiously refreshing this page,0,1.0357433996255925,0.5488438607667625,True,0,0.4868995388588297
"hi really bad depression that I was in 5 years ago, I'm back.",0,1.0357433996255925,1.3076840764223725,False,1,-0.2719406767967802
"this basic things you do, like eat and drink, shouldn't give a person so much anxiety",1,0.9651207911396674,0.7301058613607483,True,1,0.2350149297789191
We anxiously waited for this?,0,1.0357433996255925,0.7366276305182387,True,0,0.2991157691073536
I'm depressed 'So am I' but I didn't ask because I'm sobbing and you aren't bitch get fucked,1,0.9651207911396674,0.8960828148527952,True,1,0.0690379762868722
I've been having anxiety attacks ALL NIGHT. Send help.,1,0.9651207911396674,0.7048995146202462,True,1,0.2602212765194212
I don't sleep much at all now. My anxiety is super bad but I'm still not getting high like I was.,1,0.9651207911396674,0.7108618323230589,True,1,0.2542589588166085
@user Exactly and he still smashed your sister depressed or not I wouldn't forgive him so easily,0,1.0357433996255925,0.6969857578540908,True,0,0.3387576417715014
"I've legit never been to a brunch, that's depressing lmao",0,1.0357433996255925,0.9206714777085072,True,0,0.1150719219170851
suffering and depressed can exo2018subs pls upload eps 16-20 ;-; i need to see my boys being cute and funny,0,1.0357433996255925,0.8599269685247668,True,0,0.1758164311008254
When you wanna have big dick energy but you have social anxiety it's called soft dick energy. @user,1,0.9651207911396674,0.8991869005476438,True,1,0.0659338905920235
"I like how only about half of my music I liked when I was depressed followed me out, I really think that's something worth noting 🤔",0,1.0357433996255925,0.8763491811975855,True,0,0.1593942184280067
#TheRealityOfDepressionIsDogs don't get it. Stupid dogs WTF are they so happy about all the time?,0,1.0357433996255925,0.7946124129121002,True,0,0.2411309867134921
My mom spent 160 dollars on two water jugs... lol and people wonder why I'm so depressed,1,0.9651207911396674,1.0396991005112206,False,0,-0.0745783093715531
"@user Always, with a passenger. Hence my anxiety!",1,0.9651207911396674,1.375512965197407,False,0,-0.4103921740577395
Summer school is depressing,0,1.0357433996255925,0.948353920457632,True,0,0.0873894791679602
Ummmmmmm excuse me I smell like CK Eternity and depression,1,0.9651207911396674,0.9910834812059623,True,1,-0.025962690066295
🎶Hello depression my old 'friend'You can go fuck yourself again,1,0.9651207911396674,1.057282731577064,False,0,-0.0921619404373966
@user Too depressed to even wanna do that 😪,1,0.9651207911396674,1.2917367957028163,False,0,-0.3266160045631489
"Depression taught me the importance of compassion and hard work, and that you can overcome enormous obstacles. – Rob Delaney",0,1.0357433996255925,1.0539399987053768,False,1,-0.0181965990797845
@user my anxiety attack,1,0.9651207911396674,0.8974168045645674,True,1,0.0677039865751
Me: kitties! Yay!Me: depression.. yay,1,0.9651207911396674,1.053308035676963,False,0,-0.0881872445372956
"@user Hey there, how ya feeling? Getting anxious to get back in the ring?",0,1.0357433996255925,0.7388547126898385,True,0,0.2968886869357537
So that whole deep depression shit ppl was making fun of Kanye about..I felt that shit..&amp; its not coo🙅🏾‍♂️🙅🏾‍♂️,1,0.9651207911396674,1.0427489634082037,False,0,-0.0776281722685362
just one day without anxiety. please.,1,0.9651207911396674,0.5855805667598641,True,1,0.3795402243798033
@user I kinda wish I was my true self. I wouldn't be depressed.,1,0.9651207911396674,0.8109847498558445,True,1,0.1541360412838229
"I've been severely depressed lately, but at least I got a raise today ¯\_(ツ)_/¯",1,0.9651207911396674,0.981153945212672,True,1,-0.0160331540730046
my summer depression returns 🤣🤣🤣,1,0.9651207911396674,0.7478640058561605,True,1,0.2172567852835069
@user performance anxiety,1,0.9651207911396674,1.266221046282252,False,0,-0.3011002551425846
i'm already getting anxious for it,0,1.0357433996255925,1.4887661203211864,False,1,-0.4530227206955941
"I feel so bad for my ex, I know his anxiety through the roof. Can't even have friends on social media. 😕",0,1.0357433996255925,1.088872841881992,False,1,-0.0531294422563997
"@user Just my normal anxious state, you?",1,0.9651207911396674,1.0461293172559436,False,0,-0.0810085261162761
"You don't come out of depressions the same, you lose a piece of peace each time.",0,1.0357433996255925,1.164859577807312,False,1,-0.1291161781817198
The latest episode gave me depression.,0,1.0357433996255925,1.2408937590242854,False,1,-0.2051503593986932
Wish I could cut this depression out of me,1,0.9651207911396674,0.5766845206088631,True,1,0.3884362705308043
"yes......it's true, not all heroes wear capes — today i used the crosswalk instead of anxiously power walking across the street",0,1.0357433996255925,0.909902767903764,True,0,0.1258406317218283
You forgot.. anxiety.,1,0.9651207911396674,0.915825975516151,True,1,0.0492948156235164
People who gone through depression. (long or short period. please dm me),0,1.0357433996255925,1.1119442649637976,False,1,-0.0762008653382053
#MyInnerFear is the fear of growing up and fitting into the reality of life. #BPD #MentalHealth #Anxiety,1,0.9651207911396674,0.8809616898304642,True,1,0.0841591013092032
People keep subtweeting me &amp; giving me all this anxiety &amp; for what? Please tell me what did I ever do to make you do such a thing?😔,0,1.0357433996255925,0.9671274479418932,True,0,0.068615951683699
i don't even talk to people on twitter but i still worry people are indirecting me cause i'm a dumb anxious bitch hhh,1,0.9651207911396674,0.9198096456890676,True,1,0.0453111454505997
"I used to be good friends with my depression, saying oh I'm so depressed, or life is terrible.",1,0.9651207911396674,0.8095349220382776,True,1,0.1555858691013898
i need help anxiety wont let me sleep it's almost 2am and i need to wake up at 4am fuck fuck fuck,1,0.9651207911396674,0.8206375625418011,True,1,0.1444832285978663
Depression or just seeking attention? Ha ha,1,0.9651207911396674,0.7995665086780518,True,1,0.1655542824616156
"Remember Chavez was against illegal immigration, because it depressed wages of his workers.  #LaborDayWeekend2018",0,1.0357433996255925,0.8245265906875544,True,0,0.2112168089380378
It's not my fault my phone is so shitty it can only take depressing pictures.,0,1.0357433996255925,0.8815366578643278,True,0,0.1542067417612644
@user ARE YOU GOING TO KILL ME OF ANXIETY,0,1.0357433996255925,0.8612291769245974,True,0,0.1745142227009948
Depression was not on my vocab until Im struggling with this now.,1,0.9651207911396674,0.7343280156681017,True,1,0.2307927754715657
"There is nothing men are so anxious to keep, and yet are so careless about, as life Jean de la Bruyère, Characters",0,1.0357433996255925,0.8609578646517001,True,0,0.1747855349738921
oopsie looks like I'm on the brink of being all sad and depressed again why even fight it at this point,1,0.9651207911396674,0.6707761678298538,True,1,0.2943446233098136
"Xanax is p great not gonna lie, I am no longer anxious but I also don't give a fuck about anything at all and it feels fantastic",0,1.0357433996255925,1.423001599789651,False,1,-0.3872582001640587
luv getting to a doctors appt early but having to wait 15+ mins my anxiety is so bad rn,0,1.0357433996255925,1.0927072503544806,False,1,-0.0569638507288883
"If I appear snappy, I apologize in advance. My paranoia/anxiety has been spiking up more than usual lately.",1,0.9651207911396674,0.8013348000834605,True,1,0.1637859910562069
@user I'm depressed. Can't watch that horrifying scene😭😭😭,0,1.0357433996255925,0.6393467170566801,True,0,0.3963966825689121
i was ridiculously anxious during that part 💀,0,1.0357433996255925,1.0950119150193147,False,1,-0.0592685153937224
@user @user I'm so very sorry! This is so wrong! I know the anxiety you're dealing with &amp; my heart goes out to you!!,0,1.0357433996255925,1.0803356654224618,False,1,-0.0445922657968695
New guy at work: you look like someone who's dead inside and clearly you have depression.Me: yeah what's new,1,0.9651207911396674,0.863500547590403,True,1,0.1016202435492644
seasonal depression starting to fade finally,1,0.9651207911396674,0.6829656035524692,True,1,0.2821551875871982
Shit is depressing bro,0,1.0357433996255925,1.014654261616447,False,1,0.0210891380091455
"Not having your hair, nails &amp; eyebrows done is depressing asf 😭😩",0,1.0357433996255925,0.791549799954146,True,0,0.2441935996714462
dora the grown up is me. depressing huh,0,1.0357433996255925,1.0168490310190377,False,1,0.0188943686065548
is it possible to have a 12+ hr long anxiety attack because i feel like I've been having one literally all day,1,0.9651207911396674,0.7034251345726571,True,1,0.2616956565670103
I got big dick energy last night all the sudden im not depressed,0,1.0357433996255925,1.5609528862935398,False,1,-0.5252094866679475
@user we depressed over here ok,1,0.9651207911396674,1.4777231919827296,False,0,-0.5126024008430622
Stop confusing your nerves with anxiety. So many of y'all need to learn this,0,1.0357433996255925,1.2133269508401352,False,1,-0.1775835512145429
"Drivers have also gone through drug rehabilitation. However, depression is something a little different.",0,1.0357433996255925,1.177245679883704,False,1,-0.1415022802581116
today my mother told me one no wants to be around me bot even her because I have really bad depression and anxiety... that hit hard,1,0.9651207911396674,0.6248424151940746,True,1,0.3402783759455928
"will MORE than likely try to stream today. Will keep ya updated, slept in and having extreme anxiety, hopefully a stream can happen.",0,1.0357433996255925,0.8304420944530825,True,0,0.2053013051725097
@user Not that I don't want Q to post....but I'm anxiously awaiting YOUR next video. :),0,1.0357433996255925,0.5054631089335979,True,0,0.5302802906919943
@user @user @user Anxiously awaiting your review.,0,1.0357433996255925,0.5199401818939756,True,0,0.5158032177316166
depressed bitch hours,1,0.9651207911396674,0.8093420230844761,True,1,0.1557787680551913
Depression is real. Check on your friends,1,0.9651207911396674,0.8650188198991796,True,1,0.1001019712404878
Being left on read by my favourite person or people leaves me a special kind of anxious and sad,0,1.0357433996255925,0.9932263952177472,True,0,0.0425170044078451
5. Anxiety is/ the handmaiden of creativity. [T.S. Eliot],0,1.0357433996255925,1.036698098265315,False,1,-0.0009546986397226
"So my depression thinks that it has everything all figured out.  Now really, how can that possibly be true?  Ok then self, just be HOPEful!",1,0.9651207911396674,0.8007401355405372,True,1,0.1643806555991301
I HATE anxiety,1,0.9651207911396674,0.748693421386675,True,1,0.2164273697529923
DESTROYED BY MADNESSANXIETY IS FREEDOM,0,1.0357433996255925,0.7683668797869829,True,0,0.2673765198386093
@user @user @user This thread is giving me anxiety.,0,1.0357433996255925,0.724316931980876,True,0,0.3114264676447162
@user Perfect way to cheer me up on this depressing day!,0,1.0357433996255925,0.7256477267295449,True,0,0.3100956728960473
@user Thats called anxiety babe. Just gotta push though and trick ya mind to not let it bring you down.,0,1.0357433996255925,0.9214919656868268,True,0,0.1142514339387653
"I'm emotionally, physically and mentally depressed so please forgive me if I'm not the same person.",1,0.9651207911396674,0.6822094060266216,True,1,0.2829113851130458
Well.... I'm depressed,1,0.9651207911396674,0.6481768972501087,True,1,0.3169438938895587
don't wanna be depressed anymore. finally putting in work on that..,1,0.9651207911396674,0.7484537345799446,True,1,0.2166670565597228
I've got separation anxiety just thinking about leaving Olly and I'm no even on holiday yet 😢😢😢😢,0,1.0357433996255925,0.9993871840041954,True,0,0.0363562156213969
no one: my anxiety: lol i don't think you locked the door,0,1.0357433996255925,0.9195934548051236,True,0,0.1161499448204687
depressed hours: [OPEN],1,0.9651207911396674,1.309607646735298,False,0,-0.3444868555956305
@user couple of anxious teenagers,0,1.0357433996255925,0.7136172312311376,True,0,0.3221261683944546
dealing with anxiety without medication,1,0.9651207911396674,0.6429176096111536,True,1,0.3222031815285138
@user benzo withdrawals I'm depressed af but fuck a bar I got enough bad luck,1,0.9651207911396674,1.014351727781123,False,0,-0.0492309366414555
how do you actually get yourself out of depression,1,0.9651207911396674,0.5965908075722024,True,1,0.368529983567465
"We aren't all crazy irresponsible obesessed fan girls we're all queer and depressed BTS and Big Hit know this, there was a fucking survey",1,0.9651207911396674,1.0671638587511665,False,0,-0.102043067611499
Like I came here to see white teenagers wylin out. Not to be attacked with these depression hot takes @user,0,1.0357433996255925,0.7282171309531126,True,0,0.3075262686724797
I will be forever depressed if Senegal doesn't  go through 😭,0,1.0357433996255925,0.9956970540309972,True,0,0.0400463455945949
Collage in an anxious and malleable manner,0,1.0357433996255925,0.9330820809666712,True,0,0.1026613186589211
@user Are*  frustration* jealousy* Depression*,0,1.0357433996255925,0.8209023079275768,True,0,0.2148410916980154
To the guy who stole my antidepressants I hope you're happy now,1,0.9651207911396674,0.8821744593097987,True,1,0.0829463318298687
I need someone with nails to scratch my head I got anxiety for two second and bit all of mine,0,1.0357433996255925,0.9825227845181808,True,0,0.0532206151074113
So is everyone just romanticizing depression and anxiety now? Is that supposed to be the new wave,0,1.0357433996255925,1.1712426138399934,False,1,-0.1354992142144011
"i dug myself out of depression, this glow is personal baby",0,1.0357433996255925,1.6464245417098955,False,1,-0.6106811420843032
It's the same 8 niggas liking all my depressing shit.Y'all make me worry.,0,1.0357433996255925,0.9296090996966512,True,0,0.1061342999289411
We're getting inspected by the state at work this week and my anxiety is already through the roof and I'm at home,0,1.0357433996255925,1.1851305645586256,False,1,-0.1493871649330334
"@user but what if the only time we ever talk is whenever i can get over my anxiety (which is almost never, h a h)",1,0.9651207911396674,0.7786211581333381,True,1,0.1864996330063293
@user The dog was just anxious mostly,0,1.0357433996255925,0.8353811988012815,True,0,0.2003622008243107
This gives me anxiety😶,0,1.0357433996255925,1.0486354150264796,False,1,-0.0128920154008873
Why do i get the anxiety at night 🤦🏻‍♀️,1,0.9651207911396674,0.6573553250475496,True,1,0.3077654660921178
God had to nerf me cos I was too powerful so he hit me with that seasonal depression... every season lmao,1,0.9651207911396674,1.0488774400836958,False,0,-0.0837566489440283
@user This gave me anxiety and anger i didn't know I could conjure at 5 AM.Thank god it was a meme,0,1.0357433996255925,0.7992424995262849,True,0,0.2365009000993073
Sports center covering golf is depressing,0,1.0357433996255925,0.7542922264269937,True,0,0.2814511731985986
This season of Survivor is giving me an unhealthy amount of anxiety.,0,1.0357433996255925,1.1091437688817325,False,1,-0.0734003692561402
...  anxiously awaiting @user to release the @user tickets for September. #theslowhearts,0,1.0357433996255925,0.5896573466370332,True,0,0.4460860529885591
#anxiety sucks!!!!!! I just want to sleep kinda normal......,1,0.9651207911396674,0.6676689171864115,True,1,0.2974518739532559
@user Depression face,1,0.9651207911396674,1.7470347782431594,False,0,-0.781913987103492
I hate depression. @BTS_twt #TeenChoice #BTSARMY #ChoiceFandom,1,0.9651207911396674,1.6326289770138342,False,0,-0.6675081858741668
A self aware GIF gets performance anxiety as it attempts to ssh into a person's drill bit as soon as it is happy with the person it's become,0,1.0357433996255925,0.8206544209544943,True,0,0.215088978671098
My anxiety has been through the roof lately and I feel like I have no one to talk to and I just need a friend,1,0.9651207911396674,0.6392963556969578,True,1,0.3258244354427096
Booking a one-way flight gives me a mild anxiety ☹️,0,1.0357433996255925,1.074816208860647,False,1,-0.0390728092350547
@user cant fucking wait its pretty damn depressing to live with mom at 21,0,1.0357433996255925,0.7818259881494065,True,0,0.2539174114761857
@user I hope so too ;-; I have a feeling I am probably panicking over nothing but I always do this because of how anxious I get &gt;.&lt;;,0,1.0357433996255925,1.0654042279502418,False,1,-0.0296608283246495
"If we arguing I'm always gone win😂💯, cause u bitches always end up mad or depressed at the end😘!",0,1.0357433996255925,0.7733114670335137,True,0,0.2624319325920785
"@user Omg, I'm anxious",1,0.9651207911396674,1.1072601497427812,False,0,-0.1421393586031137
sorting out important papers and its making me anxious af,0,1.0357433996255925,1.2399670967681808,False,1,-0.2042236971425886
my anxiety has been so high these past 7/8 days it's just too much i can't function,1,0.9651207911396674,0.6168249261974553,True,1,0.3482958649422121
@user I've never been so depressed in my life😭,1,0.9651207911396674,0.7953325953171231,True,1,0.1697881958225443
@user @user I'm actually findnig place to escape from proff depression here on twitter 🤣 meme war would be perfect. 😍,0,1.0357433996255925,0.5063466886628809,True,0,0.5293967109627113
At 04:30 I'm drugging myself and going to bed. If I don't wake up 💀 lmao as if my anxiety won't wake me up 😬,1,0.9651207911396674,0.8674794040090851,True,1,0.0976413871305823
@user we're all just depressed hoes huh,1,0.9651207911396674,0.968797056115556,True,1,-0.0036762649758884
Nothing makes me more anxious than trying to catch my shopping when it's coming off the till at hyperspeed in #Aldi,0,1.0357433996255925,0.6447571280456081,True,0,0.3909862715799841
the mental health descriptions gave me anxiety I don't even have OCD,1,0.9651207911396674,0.6107899952678579,True,1,0.3543307958718095
Having depression feels like the only way to fix having it is isolating yourself from the world.,1,0.9651207911396674,0.6806591917435989,True,1,0.2844615993960685
Health anxiety is literallly the worst!!! Like my ear is sore and google just ain't helping,1,0.9651207911396674,0.7686022803130731,True,1,0.1965185108265943
"Depression shopping, yay",1,0.9651207911396674,1.058735720888528,False,0,-0.0936149297488605
I been having to smoke before work &amp; after and I hate it😩 only thing that helps a little w/ my anxiety when I have it every blue loom,1,0.9651207911396674,0.7638970255726054,True,1,0.201223765567062
am i born with it or is it my anxiety,1,0.9651207911396674,0.4831741693816612,True,1,0.4819466217580062
"when you feel so sad, upset, worried and depressed with no reason .. what does that mean?",1,0.9651207911396674,0.7338256866123523,True,1,0.2312951045273151
Thread: There is nothing more depressing than listening to my grandparent's conversation at breakfast.,0,1.0357433996255925,0.8075371061831896,True,0,0.2282062934424026
Twitter highkey depressing these days . I might be off it for a while . Tryna keep my vibrations high.,0,1.0357433996255925,0.8431591233295657,True,0,0.1925842762960266
😂😭😂😂  RT @user GOT is giving me anxiety,0,1.0357433996255925,0.6095620480290047,True,0,0.4261813515965875
Sending my mom lighthearted depression memes when I'm in a depressive episode is a mood,1,0.9651207911396674,0.9173477350677446,True,1,0.0477730560719228
Bella's month by month montage of depression.biTCHH ME TOO. 🗣🗣🗣🗣,0,1.0357433996255925,0.7585515333722799,True,0,0.2771918662533124
@user It's made me so depressed I can't stand it,1,0.9651207911396674,0.9747308115395108,True,1,-0.0096100203998433
Depression is not taken serious enough.,0,1.0357433996255925,1.4787106020818608,False,1,-0.4429672024562685
i'm going to italy tomorrow night n i'm kinda anxious but no worries ://,0,1.0357433996255925,1.00142601074658,False,1,0.0343173888790122
@user both have to move bc we can't afford college &amp; are also *checks notes*depressed,1,0.9651207911396674,1.2793138113427085,False,0,-0.3141930202030411
"Moved to Manipal today for further studies. Even after 5 years of hostel experience, new places and new people kick in a lot of anxiety.",1,0.9651207911396674,1.1583807568265796,False,0,-0.1932599656869121
@user @user well not the anxiety but the rest! &lt;3,0,1.0357433996255925,0.6859897982193593,True,0,0.3497536014062329
@user @user @user Depressing how much the Democrats and Republicans are willing to lose in attempting to win.,0,1.0357433996255925,0.5938025217884021,True,0,0.4419408778371901
"Communicating through voice notes gives me actual anxiety, i sound like an actual 50 year old male who smokes 50+ a day",1,0.9651207911396674,0.8552725282157703,True,1,0.1098482629238971
@user That's life for ya. But antidepressants help manage it.,1,0.9651207911396674,0.9098208538725496,True,1,0.0552999372671176
@user I feel like we fucked up. I'm almost depressed about this,0,1.0357433996255925,1.0948331954887331,False,1,-0.0590897958631408
I wish more small businesses had animals inside. Like an office cat or dog. Give me something to calm my social anxiety.,1,0.9651207911396674,0.9380660566042,True,1,0.0270547345354674
@user Anxiety takes over when it comes to this team.,1,0.9651207911396674,1.243244167537773,False,0,-0.2781233763981056
Cast all your anxiety on Him because He cares for you. // 1 Peter 5:7,0,1.0357433996255925,0.8678784274248926,True,0,0.1678649722006996
Lil peep and xxxtentacion music was trash as fuck only depressed pussy listen to that shit,0,1.0357433996255925,0.8838859523335673,True,0,0.151857447292025
I get anxiety when I'm sent someone's IG page lol,0,1.0357433996255925,0.7751589541754967,True,0,0.2605844454500955
@user @user @user @user @user You can see in his eyes and body language something is not right. Very anxious!,0,1.0357433996255925,0.7090322704049574,True,0,0.3267111292206348
well that's depressing,0,1.0357433996255925,1.1441447100683135,False,1,-0.1084013104427212
Let me keep it 💯 most of my depression will calm down if I had money 💸💸💸 out the ass ...,1,0.9651207911396674,0.9040411114693044,True,1,0.0610796796703628
What a depressed night,1,0.9651207911396674,0.7596762362202905,True,1,0.2054445549193769
@user got me depressed 😢 don't get me wrong I wanted the evil characters to die but godamn!,0,1.0357433996255925,0.7822867478795476,True,0,0.2534566517460447
"@user @user @user himself, to be exceedinglyanxious",0,1.0357433996255925,0.5190322207166995,True,0,0.5167111789088927
My Twitter has been so depressing lately I need to headbang to feel better.,0,1.0357433996255925,1.0943987954631726,False,1,-0.0586553958375803
The amount of anxiety I've been having the past couple days is insane.,1,0.9651207911396674,0.6602100606524273,True,1,0.3049107304872401
I'm thinking I might be mildly depressed legitimately,1,0.9651207911396674,0.6112956540905413,True,1,0.3538251370491261
Lil bit anxious that #slovenia look like brother and sister and are shagging eachother with their eyes #Eurovision,0,1.0357433996255925,0.723197161768347,True,0,0.3125462378572452
"Somehow, in the last two days, the universe has opened my eyes as to where a lot of my insecurities and anxieties come from.",1,0.9651207911396674,0.6830509232078519,True,1,0.2820698679318155
@user His anxiety meds must be working. I mean standing TOP means showing his forearms is scandalous. But that chest! My god.,0,1.0357433996255925,0.8950425124241597,True,0,0.1407008872014326
Watching Leonardo get in a fight with that bear sparked my anxiety,0,1.0357433996255925,1.0114934278305645,False,1,0.0242499717950279
im depressed its so fucking long until i meet friends,1,0.9651207911396674,0.6948555994897377,True,1,0.2702651916499297
"Depression slapped me in my face today, imma go back to sleep",1,0.9651207911396674,0.7481070610133046,True,1,0.2170137301263628
anxiety at an all time low. 🥂,0,1.0357433996255925,1.25530841239485,False,1,-0.2195650127692576
@user I ain't depressed my guy just have anxiety attacks that stress me out. Cheers man,1,0.9651207911396674,0.8734347838303421,True,1,0.0916860073093253
"@user My life being a giant ball of stress and anxiety and my brain being a broken piece of shit, mostly",1,0.9651207911396674,0.7196716968154966,True,1,0.2454490943241708
this is incredibly depressing,1,0.9651207911396674,0.7642615360410876,True,1,0.2008592550985798
Twitter typos depress me 😅,0,1.0357433996255925,0.7394294278365168,True,0,0.2963139717890755
My anxiety is skyrocketing lately so please be patient with me if I take a long time to reply to you :|,1,0.9651207911396674,1.0365101419032647,False,0,-0.0713893507635973
Stuck in the depression but life goes on,1,0.9651207911396674,0.7431620310435358,True,1,0.2219587600961315
DID YOU JUST SAY DEPRESSING OC CONCEPT???,0,1.0357433996255925,0.7904266047703681,True,0,0.2453167948552241
"I honestly can't go to sleep now, my anxiety is through the roof",1,0.9651207911396674,0.5654123648164168,True,1,0.3997084263232506
"Snapchat's got some type of depression Ad on it, and it's triggering as shit, it's also awful to hear, needs to be taken off lol.",0,1.0357433996255925,0.8376225019560777,True,0,0.1981208976695145
Feels like love islands been on forever... the day it started we went on honeymoon. Depressing 😕 #loveisland,0,1.0357433996255925,0.9687331024285376,True,0,0.0670102971970547
#CBD tends to cure my anxiety ngl,1,0.9651207911396674,0.7873026568200542,True,1,0.1778181343196132
"Sure sex is good, but have you ever tried to sAy nO tO DePreSSiOn?",0,1.0357433996255925,0.7982178226343212,True,0,0.237525576991271
I'm so happpppppy with my life. People please stop asking why I'm sad-mad-depressed-high-ITS JUST MY FACE💀💀💀💀💀💀🤷🏼‍♀️,0,1.0357433996255925,1.086655844926421,False,1,-0.0509124453008287
When thinking about life remember this: no amount of guilt can solve the past and no amount of anxiety can change the future.,0,1.0357433996255925,1.129672629064078,False,1,-0.0939292294384857
Faye cured my depression.,0,1.0357433996255925,1.5226164795940835,False,1,-0.4868730799684913
"Reading this back it sounds cocky but it's not, I just say no to every plan new people try to make with me because I have social anxiety",1,0.9651207911396674,0.9521635001706804,True,1,0.0129572909689871
I'm so depressed rn..... going to smoke up and Idk,1,0.9651207911396674,0.7103605714075428,True,1,0.2547602197321246
Gotta love that depression and anxiety that makes you feel like throwing up.,0,1.0357433996255925,1.434307172425596,False,1,-0.3985637728000037
@user Arlington being spelt wrong in your name gives me anxiety,0,1.0357433996255925,0.6479658715613644,True,0,0.3877775280642278
@user What a depressing team that would make,0,1.0357433996255925,0.5594351931129016,True,0,0.4763082065126907
"I need love, I'm depressed, I'm a fool, I'm a mess",1,0.9651207911396674,0.6911360679741103,True,1,0.2739847231655571
People who regularly help others are significantly happier and less likely to become depressed as they get older.,0,1.0357433996255925,1.0661746576178792,False,1,-0.0304312579922869
@user This gif gave me anxiety lmaooofjdjdkd,0,1.0357433996255925,0.5616453172232039,True,0,0.4740980824023884
Has this guy tried to even understand depression before coming up with this BS conclusion?,1,0.9651207911396674,0.8422197936626932,True,1,0.1229009974769742
the tl has been depressing today i hope everyone has a better day tomorrow goodnight!,0,1.0357433996255925,0.9986983347551758,True,0,0.0370450648704164
@user Can you please fix it soon. I am having freaking anxienty here,0,1.0357433996255925,0.7841669479139661,True,0,0.2515764517116261
Anxious to watch @user in action!!!  A talented group at every position!!! @user,0,1.0357433996255925,0.5497412040184206,True,0,0.4860021956071716
@user @user Depressed,0,1.0357433996255925,0.5182069723569884,True,0,0.5175364272686038
anxiety attack begins,1,0.9651207911396674,0.6864338102062758,True,1,0.2786869809333916
@user because family guy is the viewing equivalent of depression food,0,1.0357433996255925,0.7357204899320662,True,0,0.3000229096935261
Arsenal fans all depressed that they lost today wait till Saturday y'all gonna be big sad,0,1.0357433996255925,0.7512114544334692,True,0,0.2845319451921231
my shoes have wheels because the depression doesn't stop,0,1.0357433996255925,1.177826079450538,False,1,-0.1420826798249457
So much anxiety right now,1,0.9651207911396674,0.490778073316212,True,1,0.4743427178234554
"Stress, anxiety &amp; depression are the result when we are living to please others. -Paulo Coelho",0,1.0357433996255925,1.1760179630141108,False,1,-0.1402745633885185
"@user my plethora of memes is not that large, it's mainly depressive shit;;;",0,1.0357433996255925,0.7638952733408624,True,0,0.2718481262847299
when i send a risky text i always hide the person's alerts idk why but it makes me feel less anxious,0,1.0357433996255925,0.9309588924134896,True,0,0.1047845072121027
"@user Not depressing....disgusting! This person showed no backbone, whatsoever. Or maybe he was threatened...",0,1.0357433996255925,0.7049272682575497,True,0,0.3308161313680425
Depressed me and the positive changes I made while I was feeling better,0,1.0357433996255925,1.109938199005113,False,1,-0.0741947993795206
@user @user @user Or what does liking pics have to with depression....this tweet is dumb,0,1.0357433996255925,0.6299139407535812,True,0,0.405829458872011
My anxiety is through the roof today,1,0.9651207911396674,0.6658303929170988,True,1,0.2992903982225686
@user @user @user Depression is a bitch.,1,0.9651207911396674,1.5479246973841625,False,0,-0.5828039062444951
@user anxiously awaiting for the cans to hit stores,0,1.0357433996255925,0.5410664039908675,True,0,0.4946769956347248
Lofl my anxiety ruins my life,1,0.9651207911396674,0.6552204119057434,True,1,0.309900379233924
I've been in a good mood all morning and then BAM depression just hit my in the face lmao,1,0.9651207911396674,0.765353281682736,True,1,0.1997675094569314
@user Anxiety at being stuck in a lift with people where there's no space makes me do it,0,1.0357433996255925,0.80494099489827,True,0,0.2308024047273222
The post PAX withdrawal/depression is damn real. Unplugged can't come soon enough!,0,1.0357433996255925,0.8917288834462719,True,0,0.1440145161793203
Chicago traffic gives me fucking anxiety,0,1.0357433996255925,1.2704521708306231,False,1,-0.234708771205031
my first foray into writing simon/markus: Simon is a depressed old man and Markus is his manic pixie dream twink.,0,1.0357433996255925,0.9966981028791478,True,0,0.0390452967464444
I think he's trying to get killed. He's always saying he's depressed so u never know,0,1.0357433996255925,1.060138176168172,False,1,-0.0243947765425796
So much for self care and relaxation. Anxiety up the ass 😖,1,0.9651207911396674,0.6113573960093208,True,1,0.3537633951303466
its a depressing day to be a madridista im going to bed,0,1.0357433996255925,1.1227714813070044,False,1,-0.0870280816814121
"@user I agree with you. I also use fidgets, they've been invaluable to me in situations when I'm coping with high anxiety.",1,0.9651207911396674,1.0304482694885229,False,0,-0.0653274783488554
"Depress your mentions, ain't got to be a bighead",1,0.9651207911396674,1.1299659953888386,False,0,-0.1648452042491711
Today has been pretty shit but  I did wash my sheets so at least I can be depressed in a nice clean bed!,0,1.0357433996255925,1.049428173918661,False,1,-0.0136847742930688
@user Low key i wish my mom knew she had anxiety and that i inherited it. It could have helped majorly with my life,0,1.0357433996255925,1.1923683598280543,False,1,-0.156624960202462
forgot to get veggies on bowl im depressed,0,1.0357433996255925,0.967263622046854,True,0,0.0684797775787383
63 hours of depression and counting 👍🏼,1,0.9651207911396674,0.7277458328730244,True,1,0.237374958266643
Anxiety on 10000,1,0.9651207911396674,0.9439135408124004,True,1,0.021207250327267
19 is just as depressing as18...,0,1.0357433996255925,1.0778975538520137,False,1,-0.0421541542264212
"I wish everyone would understand that when having depression, you can't control your thoughts. Instead, your thoughts control you.",1,0.9651207911396674,0.7237362755335384,True,1,0.241384515606129
Birthday tomorrow. Only one year until the rather more depressing landmark one! Woo!,0,1.0357433996255925,0.6786478179624393,True,0,0.3570955816631529
OH MY GODTELL ME WHO IS THIS PERSONOZKSOKAXOAK I'M CURIOUS AND ANXIOUS ABOUT THAT,0,1.0357433996255925,0.9519325920918836,True,0,0.0838108075337085
"why did i agree to 8am shifts, my anxiety is so bad every morning i feel like i'm going to puke",1,0.9651207911396674,0.6856116171930728,True,1,0.2795091739465946
i just remember i got paid time to dump money to get rid of my depression,1,0.9651207911396674,0.7456888758400029,True,1,0.2194319152996645
I just had one of the worst anxiety attacks I've had in a cool min what's uppppp 🤪,1,0.9651207911396674,0.7717385124678353,True,1,0.1933822786718321
"@user This is so cool!! Thank you for considering those of us with social anxiety, @user love you you're awesome!",1,0.9651207911396674,1.1024996062509818,False,0,-0.1373788151113143
I hate anxiety. Haven't eaten all damn day,1,0.9651207911396674,0.8180999614548048,True,1,0.1470208296848626
What cures my depression? Baby Zia's small long hugs and l'amour de ma famille 💕,1,0.9651207911396674,1.2950174686525335,False,0,-0.3298966775128661
im kinda glad i didnt go to the movie 😳 just from videos im already anxious jfc,0,1.0357433996255925,0.882431244090806,True,0,0.1533121555347862
I absolutely hate not being able to fall asleep... Anxiety drives me insane.,1,0.9651207911396674,0.5285785554888991,True,1,0.4365422356507683
@user Oh wow!!! lol that's depressing on this end,0,1.0357433996255925,0.6290439303899311,True,0,0.4066994692356611
"friend: is depressedme, struggling to help them feel better:",1,0.9651207911396674,0.8320533140149267,True,1,0.1330674771247407
my life is just me trying to say something about how depressed and sad i feel all the time while being convinced nobody needs that kinda bs,0,1.0357433996255925,1.4192851824441668,False,1,-0.3835417828185745
"Today, woke up to blessings on blessings. It's the small reminder my anxiety needed 👏🏽🙏🏽🙌🏽",0,1.0357433996255925,0.995543253223235,True,0,0.0402001464023572
When they say to use fitness to help with depression,0,1.0357433996255925,1.1465442329135942,False,1,-0.1108008332880019
Actually parang wala namang rason para maging sad ako but my anxiety casts all the happiness aside. 😞,0,1.0357433996255925,0.9075393095093642,True,0,0.128204090116228
i get depressed. i buy a DVD on ebay. its the perfect system really!,0,1.0357433996255925,0.980081011009536,True,0,0.0556623886160562
Stressed and depressed x1000 lol,1,0.9651207911396674,0.8262470849192215,True,1,0.1388737062204459
depressed - edgy thot,1,0.9651207911396674,0.9028201180155456,True,1,0.0623006731241219
did tess have like an episode of anxiety? anxiety attack? #SweetBitter,0,1.0357433996255925,1.0851070662569682,False,1,-0.0493636666313759
me: himy mom: oh good evening my depressed hoe,0,1.0357433996255925,1.0545369630904178,False,1,-0.0187935634648255
Anxiety just hit me so hard,1,0.9651207911396674,0.4951591957102264,True,1,0.469961595429441
I'm up super early coz I just had a really depressing dream and I now need yt :(,0,1.0357433996255925,0.9412643785408316,True,0,0.0944790210847605
"haven't taken my anxiety medicine in like 2 weeks, which is probably why I feel like my life is falling apart. whoops, I better get on that",1,0.9651207911396674,0.6910273621705632,True,1,0.2740934289691042
this is the pdx depression,1,0.9651207911396674,0.7264308866508766,True,1,0.2386899044887908
guess who has a bucket load of anxiety on this fine morning,1,0.9651207911396674,0.9664966756107356,True,1,-0.001375884471068
Gotta stop letting depression get the best of me.,1,0.9651207911396674,0.7137038189381335,True,1,0.2514169722015339
@user Anxiously waiting for his treat:) wondering where it is.,0,1.0357433996255925,0.601509407191279,True,0,0.4342339924343132
that was honestly horrible advice and that just made me more anxious ahshajjaabsnaksnns,0,1.0357433996255925,0.9172668588193676,True,0,0.1184765408062247
being a depress person ain't a jk,1,0.9651207911396674,0.7736964469136655,True,1,0.1914243442260019
Depression meal is bagel bites with mint chocolate chip ice cream,0,1.0357433996255925,0.7461013126998833,True,0,0.2896420869257089
"im not happy - in fact i feel miserable, anxious, lonely and horrible. all the time.",1,0.9651207911396674,0.4735505501753036,True,1,0.4915702409643638
Loosing everything little by little ... breaking down day after day .. sleeping thru my depression everyday.. when will it end,1,0.9651207911396674,0.7173545346640771,True,1,0.2477662564755903
"@user Wow I thought this product would cater towards my 90s nostalgia, not my 2018 depression.",1,0.9651207911396674,1.3178242827370896,False,0,-0.3527034915974222
@user And I'm stunned and depressed it's that high.,1,0.9651207911396674,0.9783420519618314,True,1,-0.013221260822164
Curse you anxiety. Why do you only manifest yourself at night with nausea and disrupt my sleep 😭😭😭,1,0.9651207911396674,0.9305772762772352,True,1,0.0345435148624323
Music and love cures my depression,1,0.9651207911396674,0.523192127899957,True,1,0.4419286632397105
"At a time when depression &amp; mental illness are so prevalent in our society, we must carefully govern what information we let into our minds.",0,1.0357433996255925,1.1142577382014036,False,1,-0.0785143385758113
save me from depression cuz my life got no direction,1,0.9651207911396674,0.7939720554608597,True,1,0.1711487356788077
@user my dear melancholy but like ... 1029382x more depressing,1,0.9651207911396674,1.3518329149074657,False,0,-0.3867121237677983
The lack of a stylus with Super Mario Maker 2 is really depressing. Where you at @user,0,1.0357433996255925,0.5417798979301451,True,0,0.4939635016954471
Just sitting in my OB's office is making me so anxious. I'm so ready to meet my little nugget!,0,1.0357433996255925,1.0711665763385894,False,1,-0.0354231767129971
"This summer is going to be a lot I can feel it now they already cutting up, and it's the exact reason I get anxiety going out.",1,0.9651207911396674,0.8357114325182873,True,1,0.1294093586213801
@user I hate this cause people say oh well at least you have food. Like that stops depression or feeling sad/unhappy,1,0.9651207911396674,1.1009917437067267,False,0,-0.1358709525670592
@user anxiety&gt; @user anxiety #BattleOfWinterfellDay,0,1.0357433996255925,0.5406296710274142,True,0,0.495113728598178
The reason why ga makes me anxious and why I don't want front row hhhh help,0,1.0357433996255925,0.8767932994376518,True,0,0.1589501001879404
"Despite what your public school education taught you, the New Deal was not the cure to the great depression",0,1.0357433996255925,0.8069836592888218,True,0,0.2287597403367705
@user I'm ok now had a rough night with my anxiety which leads to stomache pain I'm ok 🙂 &lt;3,1,0.9651207911396674,0.8510638976066851,True,1,0.1140568935329823
@user Truly am anxious about it lol I will soon though 😂,0,1.0357433996255925,0.6072643760332278,True,0,0.4284790235923644
I check the local spca website every day to look at cats and it's so depressing seeing how many bunny's have showed up in the last month :(,0,1.0357433996255925,0.7758499060818076,True,0,0.2598934935437846
i literally feel left out every day im  so depressed,1,0.9651207911396674,0.5023090583411156,True,1,0.4628117327985518
"@user You nailed it. Actually, I did notice! And that made me supremely more anxious.",0,1.0357433996255925,0.7796442582869958,True,0,0.2560991413385964
"@user Our athem sounds depressing, but I guess it's pretty cool 🦁🇳🇱",0,1.0357433996255925,0.5552156065879763,True,0,0.4805277930376159
Anxiety is so fucking CATCHY but selena's entrance sucks tbh just her entrance tho she killed the rest🔥,0,1.0357433996255925,0.8598931018083649,True,0,0.1758502978172273
Someone convince me to go to WrestleMania next year and not let my stupid anxiety get in the way!!! :(,0,1.0357433996255925,0.7561060622687312,True,0,0.279637337356861
take care of ur mental health — the really depressed girl,1,0.9651207911396674,0.7337135732508844,True,1,0.231407217888783
me: needs attention also me: gets incredibly anxious when people look at me,1,0.9651207911396674,0.7060638036620923,True,1,0.2590569874775751
i'm sorry for so many depressing tweets lately i just feel like i have to put my thoughts somewhere,1,0.9651207911396674,0.8807450670984979,True,1,0.0843757240411695
I give myself anxiety,1,0.9651207911396674,0.5901122854542735,True,1,0.3750085056853939
Ahhh I'm finally feeling like myself again 😩👏🏾👏🏾 depression you bitch you almost got me 😂,1,0.9651207911396674,0.791664117607862,True,1,0.1734566735318053
im all alone and depressed,1,0.9651207911396674,0.4656413048621964,True,1,0.499479486277471
"@user @user yeh, uh, unless you wanna deal with my anxiety ridden self then sure 😆",1,0.9651207911396674,1.240816632979991,False,0,-0.2756958418403236
@user Just a wave of normal depression poking through the post concert depression. It's all good though.,1,0.9651207911396674,0.8260341023076281,True,1,0.1390866888320393
WHY AM I DEPRESSED?,1,0.9651207911396674,1.0264264678861263,False,0,-0.0613056767464589
"@user aaaa i forgot an expression, tired or depressed would be great, your choice",1,0.9651207911396674,1.3086550731335054,False,0,-0.3435342819938379
jsjdjdjf i talk as if i haven't been big sad as it is but it's really almost annual hailey depression week,1,0.9651207911396674,0.9189112588546048,True,1,0.0462095322850625
@user another anxiety chat any time soon? 😘🙏🏼,0,1.0357433996255925,0.6125447997807685,True,0,0.4231985998448238
@user 🗣I have depression!,1,0.9651207911396674,1.2534791183089289,False,0,-0.2883583271692614
Driving in this weather with Leo in the car gets my anxiety through the roof 😖,0,1.0357433996255925,1.0913087007990678,False,1,-0.0555653011734755
I am so anxious right now I can literally feel my whole body tensing up,1,0.9651207911396674,0.5623243668759661,True,1,0.4027964242637013
'You're too young to be depressed',1,0.9651207911396674,0.8639313372390676,True,1,0.1011894539005998
i feel like they have an issue with me. or is it just my anxiety?,1,0.9651207911396674,0.4955036950059752,True,1,0.4696170961336922
my irl caught me checking cals on a bag of popcorn and my anxiety is thru the roof,1,0.9651207911396674,0.998548852530887,True,1,-0.0334280613912195
Sundays suck.Tooo anxious to sleep.Perfect.,1,0.9651207911396674,0.9654685013022198,True,1,-0.0003477101625524
"Do u think if I baked the book Rewriting The Rules into a cake and ate it, my anxiety would disappear",1,0.9651207911396674,1.318420455197494,False,0,-0.3532996640578266
Study shows 30% of teens with T1D have depressive symptoms! This disease is hard on our kids.,0,1.0357433996255925,1.0423876125117135,False,1,-0.0066442128861214
I wish test anxiety wasn't a thing,1,0.9651207911396674,0.8417729361963943,True,1,0.1233478549432731
How I go from feeling so so happy to severe anxiety and panic attacks I will never know,1,0.9651207911396674,0.6300711040707616,True,1,0.3350496870689058
I'm depressed they're making a Hulu series and didn't cast @user as Alaska,1,0.9651207911396674,1.5730644929279454,False,0,-0.607943701788278
'You look so tired' Is call depression,1,0.9651207911396674,0.8384641197996603,True,1,0.1266566713400071
@user I'll be your depression medicine,0,1.0357433996255925,0.7661069687167122,True,0,0.26963643090888
"Some of you don't have anxiety, you just have to pooh",0,1.0357433996255925,1.1448766978271514,False,1,-0.1091332982015591
well fucking joke on u because im already extremely depressed,1,0.9651207911396674,0.8606547487667595,True,1,0.1044660423729079
If you watch porn in HD you can literally see the depression on their faces.,0,1.0357433996255925,0.7696224024042934,True,0,0.2661209972212989
I'm so horny but I am depressed,1,0.9651207911396674,0.5541332797666898,True,1,0.4109875113729776
The streets of England are quiet. This is depressing.,1,0.9651207911396674,0.9553462414731096,True,1,0.0097745496665577
Candle feels depress and isolated she hid in a cave.,0,1.0357433996255925,0.9807768085969644,True,0,0.0549665910286277
the closer to summer means the closer to a new rick and morty season but also the seasonal depression that comes with it,1,0.9651207911396674,1.023248591355672,False,0,-0.0581278002160047
"someone: h-me, someone with crippling social anxiety: hï! ωhα†'š ψ⊕ur ƒα∀⊕rï†ε pεïςε ⊕ƒ ƒuηï†urε",0,1.0357433996255925,0.6945059812898869,True,0,0.3412374183357053
depression and obsession don't mix well i'm poisoned and my body don't feel well,1,0.9651207911396674,0.5849244070669166,True,1,0.3801963840727508
@user Im not depressed 😂💀💀 I was chillin and thought about it,0,1.0357433996255925,0.964900724344682,True,0,0.0708426752809101
My friends are the cause of my anxiety levels going thru the fucking roof,1,0.9651207911396674,0.6875928423209274,True,1,0.27752794881874
ive joined a lot of discords while of been on here and I don't remember who is on all of them and it makes me anxious,1,0.9651207911396674,1.1509527001431474,False,0,-0.18583190900348
I hate anxiety. I have felt so off lately.,1,0.9651207911396674,0.5530911284115991,True,1,0.4120296627280683
Good she out here giving niggas ptsd and depression shorty needs to be taken in by the cdc,1,0.9651207911396674,0.7445147975988842,True,1,0.2206059935407832
I like to Direk Bobet Vidanes tackles abiut depression,0,1.0357433996255925,0.7737867167051145,True,0,0.2619566829204778
target aesthetic is depression and talking about zodiacs,0,1.0357433996255925,1.0835422714999705,False,1,-0.047798871874378
'Stressed and depressed',1,0.9651207911396674,0.7533356454830987,True,1,0.2117851456565687
And when you said manic depression's a frustrated mess,1,0.9651207911396674,0.6915101451622238,True,1,0.2736106459774436
I had a dream last night that tom holland and I hugged for five minutes straight and now I'm depressed,0,1.0357433996255925,1.0860685370822216,False,1,-0.0503251374566293
Movies relieve all kinds of anxiety,0,1.0357433996255925,1.387373196576429,False,1,-0.3516297969508368
@user @user Transitioning was the only thing that treated my depressionism and anxietheism.,0,1.0357433996255925,0.929346891217663,True,0,0.1063965084079292
Depression and anxiety,1,0.9651207911396674,0.5416832596042059,True,1,0.4234375315354615
I go through a whole stage of anxiety before I ask for a simple $5,0,1.0357433996255925,1.0896946172462645,False,1,-0.0539512176206722
anxious level: extreme,1,0.9651207911396674,1.1277628787737108,False,0,-0.1626420876340434
@user @user @user @user this looks like another depressing read - thank you for the heads up,0,1.0357433996255925,0.5849188607835364,True,0,0.4508245388420558
i just feel so overwhelmed rn i'm super anxious about 50 different things uh,1,0.9651207911396674,0.6053885483217074,True,1,0.35973224281796
@user Not all rich people have depression. :/,0,1.0357433996255925,0.830865876869444,True,0,0.2048775227561482
Cutting back caffeine can help #reduceanxiety and #irritability.,0,1.0357433996255925,1.1330912523555003,False,1,-0.097347852729908
A bit of sunshine for anyone who regularly reads my depressing AF twitter feed.,1,0.9651207911396674,1.572422439277254,False,0,-0.6073016481375865
another anxiety filled day ugh,1,0.9651207911396674,0.6361074834783742,True,1,0.3290133076612932
SHOUTOUT to the hella abusive person who yelled swear words and unhelpful rage at me when I'm already on anxiety high alertShhhhoooootttt,1,0.9651207911396674,1.160059851484961,False,0,-0.1949390603452935
Anxiety at night is the WORST,1,0.9651207911396674,0.6419812177041847,True,1,0.3231395734354827
I love overcoming depression and PTSD from losing a loved one traumatically and healing with your friends by your side,1,0.9651207911396674,0.9680479660834076,True,1,-0.00292717494374
"@user Yep, all of these depressing futures are depressingly possible.",0,1.0357433996255925,0.7837699854160629,True,0,0.2519734142095293
@user It's sad and depressing that I'm living 7 hours away by flight from Korea or Japan 😭 It's difficult 💦,0,1.0357433996255925,0.7246404567164693,True,0,0.311102942909123
@user  fam meh depression is out cuz I used up all meh happiness yesterday,0,1.0357433996255925,0.8283016865155073,True,0,0.2074417131100849
"Damn. I need to find a way to be happy, cause dis depressed shit ain't workin &amp; it ain't for me.",1,0.9651207911396674,0.6792930858687138,True,1,0.2858277052709536
I am not a person built for live-streams they make me so anxious if I get behind,1,0.9651207911396674,1.3050622452910896,False,0,-0.3399414541514222
omg thank god i can start my midnight pacing soon i was getting so mf anxious djdjjdjk god i'm so goddamn stupid i hate myself,1,0.9651207911396674,0.9173509832045474,True,1,0.0477698079351199
"I dont like wearing foundation.I let people see my flaws, insecurities, and depression up my surface.",1,0.9651207911396674,0.867949990286113,True,1,0.0971708008535544
@user @user @user Anxiously waiting!,0,1.0357433996255925,0.4957722481674651,True,0,0.5399711514581271
My dad said to me that I don't seem depressed but ohhhohohoh boy if I only had the courage to tell you how I felt,1,0.9651207911396674,0.8158173117801016,True,1,0.1493034793595657
#WATCRY is @user depressed or something?,0,1.0357433996255925,0.5059280320243102,True,0,0.529815367601282
@user AND THEN SHE ALWAYS PULLS THE 🌫🖤☁️ luv u guys sorry i'm so depressed LIKE SHUT TF UP,0,1.0357433996255925,0.9195082236616408,True,0,0.1162351759639515
everything is manageable until a depressive episode and pms hit at the exact same time,0,1.0357433996255925,1.3011396822194643,False,1,-0.2653962825938722
depression at its finest,1,0.9651207911396674,0.619154133185512,True,1,0.3459666579541554
I woke up and was depressed that whole day,1,0.9651207911396674,0.7027317555984844,True,1,0.262389035541183
After break up one moves on a new relationship..and other in depression!,0,1.0357433996255925,0.9635293787591492,True,0,0.072214020866443
Does anyone else's get summer depression. This heat actually makes me miserable,0,1.0357433996255925,1.2210888946276968,False,1,-0.1853454950021045
Depression is more tiring than work 😩😢😭,1,0.9651207911396674,0.8659854980666002,True,1,0.0991352930730672
@user omg ty queen i dont have depression anymore,0,1.0357433996255925,0.9602930823896506,True,0,0.0754503172359416
When someone you havent seen or talked to in years and were close to move in a few houses away... hello anxiety :))),0,1.0357433996255925,0.8349185077127206,True,0,0.2008248919128716
will I ever have a job that doesn't fill me with massive anxiety lol,0,1.0357433996255925,1.076137028469491,False,1,-0.0403936288438988
ive been chugging caffeine since 4:30 this morning my anxiety is going to be through the roof ! 😬,0,1.0357433996255925,1.1238031786680316,False,1,-0.0880597790424393
"@user So much, yes. I can get almost depressed about it.",0,1.0357433996255925,1.1433183078706342,False,1,-0.1075749082450419
getting more anxious day by day,1,0.9651207911396674,0.576968363562639,True,1,0.3881524275770284
My oc is supertalented to be horny and depressed at the same time,0,1.0357433996255925,1.4818187096389184,False,1,-0.4460753100133261
"So they're now just 30+ &amp; depressed because of the cultural pressure to marry. Once you go black , YOU CANT go back 💀",0,1.0357433996255925,0.804619231186958,True,0,0.2311241684386342
"I have a bio test in a few  minutes and my anxiety is just being annoying, can it not... its not the right time!!!💀😭😭😭😭",0,1.0357433996255925,1.2071932264813714,False,1,-0.1714498268557791
I got soo much coming up this month  getting anxiety just thinking about it,1,0.9651207911396674,0.7748290508513683,True,1,0.1902917402882991
im just kinda sad i quit because depression and then started gaining weight .,1,0.9651207911396674,0.6934180028377186,True,1,0.2717027883019488
I still love how much after laughter has helped me with my anxiety and depression god I love paramore so much,1,0.9651207911396674,0.6081661752027383,True,1,0.3569546159369291
I'm so anxious for tomorrow,1,0.9651207911396674,0.6656995685991247,True,1,0.2994212225405427
All of a sudden depression jokes aren't so funny,1,0.9651207911396674,1.0303736197698763,False,0,-0.065252828630209
I'm really trying to pray this depression out of my life. Cause I just can't.,1,0.9651207911396674,0.5312849841622773,True,1,0.4338358069773901
"Anxiety sucks. I know I look hella cute in this outfit, but I still worry about what other people think.",1,0.9651207911396674,0.9722728237538488,True,1,-0.0071520326141812
I AM NON-RESPONSIVE TO DEMONIC DEPRESSION! ****THOSE WHO DEAL WITH THIS REPEAT IT MORE THAN ONCE!!!,1,0.9651207911396674,1.160806497854074,False,0,-0.1956857067144065
my anxiety was pretty bad today should i get another tattoo be honest,1,0.9651207911396674,0.7793831386816944,True,1,0.185737652457973
This is sooo depressing 🙁🙁🥺,1,0.9651207911396674,0.9119720332912068,True,1,0.0531487578484607
@user That is extremely depressing,0,1.0357433996255925,0.6155086989329479,True,0,0.4202347006926443
"I like the way getting a #tattoo feels. If I'm depressed, it's nice to get one and deal with the pain.",0,1.0357433996255925,1.01940243408725,False,1,0.0163409655383421
Why is normal living so hard 😢 #PND #mentalhealth #depression,1,0.9651207911396674,0.9134749915185814,True,1,0.051645799621086
My house is so fucking depressing like I just would rather die. I don't even know where to start it's so dirty.,1,0.9651207911396674,0.7571893259537443,True,1,0.2079314651859231
I will overcome my depression &amp; anxiety...fucking WATCH me.,1,0.9651207911396674,0.7065157217979385,True,1,0.2586050693417289
"No, I'm in a constant state of depression",1,0.9651207911396674,0.5407294911976624,True,1,0.424391299942005
My anxiety has been sky high this week and honestly I don't know what I'm going to do if it continues to be like this,1,0.9651207911396674,0.7493187594077666,True,1,0.2158020317319008
Def been depressed for a month straight.,1,0.9651207911396674,0.8281948105011602,True,1,0.1369259806385072
Nothing diminishes anxiety faster than action. —Walter Anderson via @user,0,1.0357433996255925,0.8334450525016566,True,0,0.2022983471239356
How do we change the stereotype that depression is an illness that solely effects white people? #RealGoboza,0,1.0357433996255925,0.9185836917808372,True,0,0.117159707844755
"i'm depressed, meg",1,0.9651207911396674,0.5508246485987051,True,1,0.4142961425409623
jus wanted to say that spamming me makes me rly rly anxious so i would appreciate if u wouldnt do that ^__^,0,1.0357433996255925,0.8404070181358009,True,0,0.1953363814897913
@user Well I'm depressed that you haven't been here,1,0.9651207911396674,1.356453136983433,False,0,-0.3913323458437655
"@user See @user we're everywhere, us phone-anxiety people...",0,1.0357433996255925,0.7636588875854164,True,0,0.2720845120401758
Wow I'm having such an awful anxiety attack Rn holy shit,1,0.9651207911396674,0.6210980818449046,True,1,0.3440227092947628
Anxiety is fckn killing me rn 😭,1,0.9651207911396674,0.6073989156323059,True,1,0.3577218755073615
Anxiety on 1000. Don't bother me.,1,0.9651207911396674,0.8454734291856449,True,1,0.1196473619540224
I'm to depressed for this shit,1,0.9651207911396674,0.6024581412179699,True,1,0.3626626499216975
@user What do you feel anxious about?,1,0.9651207911396674,1.2012786403426443,False,0,-0.2361578492029771
ok my mum is going to kill me bc i spent 600+ on shoes this month LOL BUT I finally bought the golf le fleurs!!!! my depression is cured,0,1.0357433996255925,0.8377503654927332,True,0,0.197993034132859
@user @user ...@zoewhittall I didn't find your book depressing. Just saying!,0,1.0357433996255925,0.516061860827657,True,0,0.5196815387979352
stop rt those rt or else posts on my tl they make me so anxious you guys are the Worst,0,1.0357433996255925,0.7880695346482554,True,0,0.2476738649773369
If I smoke while having an anxiety attack would that make it worse. ?,0,1.0357433996255925,1.4272331699975729,False,1,-0.3914897703719804
"Also, the team mate have capacity and have effort than I so I get further depressed .",1,0.9651207911396674,0.9995881603397846,True,1,-0.0344673692001171
I've the worst anxiety the last 3 days. I think a tattoo would make me feel better. Just sayin 🤷🏼‍♀️,0,1.0357433996255925,1.1805394890514609,False,1,-0.1447960894258686
Wow im depressed,1,0.9651207911396674,0.5557121394045904,True,1,0.409408651735077
I'm mixed with anxiety and love rn hoo boy,0,1.0357433996255925,1.4131652503111565,False,1,-0.3774218506855642
@user they give me anxiety now 🙃 totally ruins the concert experience,0,1.0357433996255925,0.7973495860744956,True,0,0.2383938135510966
Twitter is just A depression site foh ugly people like me.. :/,0,1.0357433996255925,0.847567993992974,True,0,0.1881754056326182
this gives me anxiety,1,0.9651207911396674,0.5233102760272486,True,1,0.4418105151124188
Anxiety is an illusion,0,1.0357433996255925,1.8017031985224303,False,1,-0.7659597988968381
"Your deer daddy is depressed,  how do you cheer him up?",1,0.9651207911396674,0.9708470949370912,True,1,-0.0057263037974237
Nicolas sparks movies give me depression lmao,0,1.0357433996255925,1.0534048514842458,False,1,-0.0176614518586535
im depressed is the game fucking DEAD now? Why tf NINTENDO ACTING LIKE ITS OVER FOREVER BITCH STOP BEIN DRAMATIC,0,1.0357433996255925,0.7153420670566633,True,0,0.320401332568929
Really enjoyed this game. It felt like a really solid look into an anxiety in a very approachable way.,0,1.0357433996255925,1.0314399841767283,False,1,0.0043034154488639
@user The anxiety is real,1,0.9651207911396674,1.040361119945573,False,0,-0.0752403288059052
@user I think I'm also just ridden with anxiety because I don't want to look like a fool in the gym (:,1,0.9651207911396674,1.0113041330446546,False,0,-0.0461833419049871
this is depressing. goodnight.,1,0.9651207911396674,0.6757425274046378,True,1,0.2893782637350296
What's it like not be constantly plagued by anxiety,1,0.9651207911396674,0.7023092840140198,True,1,0.2628115071256476
"@user The year just started, and you know the most depressing day. Enough with the trash jor",1,0.9651207911396674,1.3403094484136726,False,0,-0.3751886572740052
"My anxiety has reached a new point where if something I'm watching is going badly, I get stressed out about it? Which is super weird.",1,0.9651207911396674,0.8964418076666387,True,1,0.0686789834730287
Of course you should run Asses with soldiers. You should anxious everything with cards.,0,1.0357433996255925,0.8071628517204404,True,0,0.2285805479051518
bring back that depression weed,0,1.0357433996255925,1.3494583300884715,False,1,-0.3137149304628792
*screeching* wHy tHe FuCK!!! do i have anxiety!!! nothing is happening!!!!!!!!!!!!!!!!!!!!!!!!!!!!!!!!,1,0.9651207911396674,0.8884645544195993,True,1,0.0766562367200681
My anxiety! #GameOfThornes - how many tears will i shed ?,0,1.0357433996255925,0.6801650069503388,True,0,0.3555783926752535
"You know what ? I got depressed, sad but no one's there.",1,0.9651207911396674,0.7231909156469918,True,1,0.2419298754926756
@user It's anxiety,1,0.9651207911396674,1.2652078046271893,False,0,-0.3000870134875218
@user taking antidepressants is bimbofication,1,0.9651207911396674,1.0252989531495482,False,0,-0.0601781620098808
Why am I so scared to kill myself? I wish I could just bring myself to do it already... 🥀#Depression #Suicidal,1,0.9651207911396674,0.7164519396534095,True,1,0.2486688514862579
"im depressed and sleepy, somebody pls reply with chris pictures",1,0.9651207911396674,0.9777212608590836,True,1,-0.0126004697194161
@user @user They're building around EliWon't be surprised if Eli gets extended....Holy shit I'm depressed now,0,1.0357433996255925,0.5780811867903599,True,0,0.4576622128352323
Been sleeping all day. Am I tired or is this depression?,1,0.9651207911396674,0.6706338070686197,True,1,0.2944869840710477
Social anxiety + being alone in public....   FOCCCCC,1,0.9651207911396674,0.8777186032641531,True,1,0.0874021878755143
i'm really gonna need someone to distract me this weekend and not let me stay home and be depressed,1,0.9651207911396674,0.720371425495943,True,1,0.2447493656437244
me: i have anxietyperson:,1,0.9651207911396674,0.5849193767159746,True,1,0.3802014144236928
Im depressed and fed up beyond belief and just want it to end,1,0.9651207911396674,0.6090492579795312,True,1,0.3560715331601362
"My hair ain't darker stop it y'all are making me depressed, it's literally the same LMAO",0,1.0357433996255925,1.0206921290355084,False,1,0.0150512705900838
Okay sorry for being depressing I'm back 😚🤟🏼,0,1.0357433996255925,0.8892820549226856,True,0,0.1464613447029066
Me personified in a single tweet. Thank you for seeing my once a week depressive tweet ok bye.,0,1.0357433996255925,0.836913925392143,True,0,0.1988294742334492
Wow it really is depression hours,1,0.9651207911396674,0.6223521734081229,True,1,0.3427686177315445
Fun Fact: Anxiety can open up existentialism,0,1.0357433996255925,1.3404406396388215,False,1,-0.3046972400132293
And im rapping these days. That means im really stressed and anxious. I havent rapped in like months lmao so im worried.,1,0.9651207911396674,0.7795716301135925,True,1,0.1855491610260748
"Depression is so serious, depression killed my fucking father almost a year ago ..",1,0.9651207911396674,0.7277404214591594,True,1,0.237380369680508
"Shit makes me hella depressed, but I'll smile and continue my day like it's cool",1,0.9651207911396674,0.9461756794977224,True,1,0.018945111641945
Julia's EP out tomorrow omg i cant wait to hear Selena's part on anxiety . Ma bby is back w a new song,0,1.0357433996255925,0.8840760672794709,True,0,0.1516673323461214
@user Thought you was gonna be less depressing in here? Sheesh,0,1.0357433996255925,0.5068205718369352,True,0,0.5289228277886571
obsessed depressed at the same time,1,0.9651207911396674,0.6364644846956697,True,1,0.3286563064439977
Boomers have to blame shootings on Video Games because they dont believe that depression is real.,1,0.9651207911396674,1.0673793683365962,False,0,-0.1022585771969287
*uses caffeine as an antidepressant*,0,1.0357433996255925,1.2158617229952624,False,1,-0.1801183233696701
if i was depressed i would simply just be happy,1,0.9651207911396674,0.6621874379337064,True,1,0.302933353205961
it's been a very depressing week.,1,0.9651207911396674,0.8014630843890469,True,1,0.1636577067506205
depression really fucking sucks,1,0.9651207911396674,0.5894036009950407,True,1,0.3757171901446267
Libra culture is using the same nail polish color at the salon 2-3 visits in a row bc trying to pick a new one causes you anxiety,0,1.0357433996255925,0.6456505252592826,True,0,0.3900928743663097
"anyways, my last year of college starts today whew anxiety!",0,1.0357433996255925,1.0319565818733292,False,1,0.003786817752263
"'Dad.. I'm depressed.' 'Hi depressed, I'm Dad.'",0,1.0357433996255925,1.019088620860429,False,1,0.0166547787651631
respiratory depression be my god,0,1.0357433996255925,1.3924126559403476,False,1,-0.3566692563147553
"deactivated my main because not only do i feel invisible, i am also depressed.",0,1.0357433996255925,1.2217489771030432,False,1,-0.1860055774774509
