sentence1,label,H_yb,H_yx,correct_yx,predicted_label,PVI
@user Me talking to my antidepressants,1,0.9421394572441171,0.9945928639650881,True,1,-0.052453406720970985
going to attempt at least to change this sour mood. It's mainly just a sense of loneliness which results in feelings of depression,1,0.9421394572441171,0.909457386174611,True,1,0.03268207106950605
flighty sag placements make me anxioussss,0,1.0602783980825394,1.0363472544365375,False,1,0.023931143646001907
I'm going to buy cream cheese after work and sit in my bathtub and eat it. This is the stage of depression I'm at.,1,0.9421394572441171,0.9043549310081941,True,1,0.03778452623592299
My anxiety and stress levels for today are actually making me feel physically sick 😭,1,0.9421394572441171,0.9417251409155173,True,1,0.0004143163285997842
"@user autumn here is just,, rain and dirt everywhere and depressing clouds krgrtwrzmzt i like spring more sorry",0,1.0602783980825394,1.0113420073489172,False,1,0.048936390733622215
Facebook is for the depressed people. Get off here with all that sad shit yo.,0,1.0602783980825394,1.0857405229501387,False,1,-0.025462124867599245
@user I am depression pls do not stalks me,1,0.9421394572441171,0.985178229272967,True,1,-0.04303877202884998
#HappyBirthdayChester we miss you!! #MakeChesterProud #FuckDepression,0,1.0602783980825394,1.0235104303869242,False,1,0.03676796769561519
I have the body of a former athlete and it's depressing,0,1.0602783980825394,1.0426139776305816,False,1,0.01766442045195782
@user Don't conclude fast ! What if he is try to heal from depression,0,1.0602783980825394,1.0230645633863138,False,1,0.037213834696225634
summertime depression really do be hittin bout now,1,0.9421394572441171,0.9485764562600861,True,1,-0.006436999015969058
"me vs anxiety, depression, ednos, borderline personailty disorder, bipolar",1,0.9421394572441171,0.9262031205889998,True,1,0.01593633665511729
@user im depression,1,0.9421394572441171,0.9900805119295244,True,1,-0.047941054685407325
ME ENAMORE DE ANXIETY DIOOOOOOOS,0,1.0602783980825394,1.0342325339633396,False,1,0.026045864119199846
just wait until my seasonal depression is gone and it's over for u bitches,1,0.9421394572441171,0.949543832071749,True,1,-0.007404374827631899
I have the same anxieties about lighting candles as I do about putting stickers on things,0,1.0602783980825394,1.0573765932043113,False,1,0.002901804878228109
can we talk about how hard it is to stay positive while also growing up? this shit is just depressing and disappointing,0,1.0602783980825394,1.0640463576086374,False,1,-0.003767959526097986
I have so much anxiety about tomorrow and I dont know why,1,0.9421394572441171,0.9410021895276813,True,1,0.0011372677164357414
@user Nooo. Dogs don't sweat like us. They'll end up getting extremely stressed out and anxious if kept in a hot box like that,0,1.0602783980825394,1.0153010611963935,False,1,0.04497733688614591
my anxiety and anger issues have calmed down a bit but now I feel depressed haaaaaaaaa,1,0.9421394572441171,0.9262192979320075,True,1,0.01592015931210955
i wish i had somewhere that feels like home instead of being in this depression dome,1,0.9421394572441171,0.9337238688121977,True,1,0.008415588431919363
This weather makes me sad &amp; depressed:/,1,0.9421394572441171,0.961934359759646,True,1,-0.019794902515528956
*anxiously refreshes Patreon*,0,1.0602783980825394,1.039853792062598,False,1,0.020424606019941338
this anxiety shit is so trash fr... wouldn't wish it on my worst enemy,1,0.9421394572441171,0.9412368035246798,True,1,0.0009026537194373185
When I look at my bank balance I just get anxiety...Lol aiy ja neh,0,1.0602783980825394,1.0655113974415953,False,1,-0.0052329993590558566
anxiety and i sitting in front of my laptop waiting for jintro,0,1.0602783980825394,1.0518153963052876,False,1,0.008463001777251788
My ptsd so bad that flashing lights gives me anxiety 😩,1,0.9421394572441171,0.9441951215027105,True,1,-0.0020556642585933815
What are your stress relievers? What do you do to calm anxiety? DM us to be featured in our next blog post!#wellbeing #selflove,0,1.0602783980825394,1.0674243302895685,False,1,-0.007145932207029082
i hate random sad days. Having a heavy heart and an anxious mind is the worst,1,0.9421394572441171,0.9371555740056162,True,1,0.0049838832385008525
anxiety culture is trying to google the phone number that's calling you before the call ends to see whether you should pick up or not,0,1.0602783980825394,1.0507860657309565,False,1,0.009492332351582977
i get so anxious when buying christmas presents for claudia i want to tell her literally the second i buy it 😂😩,0,1.0602783980825394,1.0386992209377,False,1,0.02157917714483948
"They give me anxiety, I work with my hands all day so having nails really disables me",1,0.9421394572441171,0.9291006126036968,True,1,0.013038844640420266
anxiety mfuckin again,1,0.9421394572441171,0.9417015212012018,True,1,0.0004379360429153101
@user @user Anxiety lol,0,1.0602783980825394,0.999766122552962,True,0,0.060512275529577386
Being depressed on Twitter and looking at memes makes you question life.,0,1.0602783980825394,1.083178301681366,False,1,-0.022899903598826654
@user I share your anxiety . But I have Easy and fast  workable solutions. Inbox me for more info :kamabdu23@gmail.com,0,1.0602783980825394,1.0199545833807502,False,1,0.04032381470178925
Well would you look at this wave of anxiety hitting me outta no where 😍,1,0.9421394572441171,0.9387077583093387,True,1,0.003431698934778349
"yo so I stopped smoking, now I'm not depressed. Being sober is wild",0,1.0602783980825394,1.063106005064462,False,1,-0.002827606981922637
Turning off my phone for the day cause I'm about to become so depressed that I'm not at higher visions,0,1.0602783980825394,1.0596551245814763,False,1,0.0006232735010631707
But being Brazilian these days is equal to be depressed.Ohhh...,0,1.0602783980825394,1.0790731285250608,False,1,-0.018794730442521335
yoooo i forgot that i'm meeting @user for a second.... my anxiety is back :],1,0.9421394572441171,0.9677981876279469,True,1,-0.02565873038382982
@user sending you all the anti anxiety feels Jon &lt;3,0,1.0602783980825394,1.0080209971394636,False,1,0.05225740094307585
"@user I was still so wired, I had to take half an anti-anxiety pill (apparently this can be chemo-related). But I did sleep a bit.",1,0.9421394572441171,0.9190554769719639,True,1,0.023083980272153193
Oral quizzes in French 102 are the leading causes my anxiety,1,0.9421394572441171,0.9543718024829505,True,1,-0.01223234523883343
@user my depression is cured,0,1.0602783980825394,1.0136875572029893,False,1,0.04659084087955012
I'd say depressed,0,1.0602783980825394,1.058239350320866,False,1,0.002039047761673407
@user IM SORRY. MAYBE ITS JUST A WEIRD ANXIETY DAY FOR EVERYONE,1,0.9421394572441171,0.9913501457245056,True,1,-0.049210688480388565
@user Depression Kills,0,1.0602783980825394,1.0064234702212833,False,1,0.05385492786125612
having an anxiety attack at 4am is p neat 😫,1,0.9421394572441171,0.9538416881271992,True,1,-0.011702230883082088
I really want to know the link between anxiety and mornings!? It's always in the mornings like beech calm yo tits down!,1,0.9421394572441171,0.9479593813259264,True,1,-0.005819924081809313
On my way to see my car. I hope its everything I dreamed of. I'm so anxious.,0,1.0602783980825394,1.0880688096279514,False,1,-0.027790411545411953
wow my supervisor was soooooo chill about my session....... lol i legit had anxiety.,1,0.9421394572441171,0.957482608070111,True,1,-0.015343150825993912
@user You can see the guilt anxiety 20 miles away,0,1.0602783980825394,0.9954950759636674,True,0,0.06478332211887206
lmao i love depressive episodes,1,0.9421394572441171,0.9435405558375151,True,1,-0.001401098593397987
"@user Take all that anxiety you have, and shove it in a fuck barrel.",0,1.0602783980825394,1.007013100396513,False,1,0.05326529768602639
How does the song link to depression? #SBSEurovision,0,1.0602783980825394,1.0536673130005547,False,1,0.006611085081984713
I know it's a constant post. I have anxiety now. It's too much for me physically to deal with.,1,0.9421394572441171,0.9047039141177041,True,1,0.03743554312641295
crazy how outkast cured my depression,0,1.0602783980825394,1.0557912498970554,False,1,0.004487148185484013
Depression is so real. Life full of unending troubles really makes one think of suicide. I highly resonate with this. #BattleInMyMind,1,0.9421394572441171,0.9163593419902809,True,1,0.025780115253836167
Challenge negative thinking. Let's end #depression together,0,1.0602783980825394,1.0889034796732362,False,1,-0.028625081590696766
Not being able to work out until March 1st is giving me anxiety 😩,1,0.9421394572441171,0.9518996557668452,True,1,-0.009760198522728136
Nothing depresses me like my way by frank sinatra,0,1.0602783980825394,1.0412182709443452,False,1,0.01906012713819427
Worst headache ever. Can't sleep. So much anxiety,1,0.9421394572441171,0.9324551847693268,True,1,0.009684272474790312
OH BOY OH BOY OH BOY!! WHAT A WONDERFUL DAY TO HAVE DEPRESSION!!end me pls and thank you,1,0.9421394572441171,0.9567704124820496,True,1,-0.014630955237932564
Bingo gives me anxiety af😭😭😂🤦🏽‍♀️,0,1.0602783980825394,1.0419549961589691,False,1,0.018323401923570293
"I been feeling really depressed lately, can someone gift me a cold cut platter ?? 😭",1,0.9421394572441171,0.942899511655279,True,1,-0.0007600544111618923
i am so tired but so anxious so i can't sleep,1,0.9421394572441171,0.9271148905966895,True,1,0.015024566647427573
Same rut is not depressed,0,1.0602783980825394,1.0533050019225494,False,1,0.006973396159990042
I've been a lot less depressed since I graduated high school and not sure if that's a direct correlation 🤔,0,1.0602783980825394,1.0683994212347097,False,1,-0.008121023152170226
I haven't been this anxious in a minute 😩,1,0.9421394572441171,0.9408247271560134,True,1,0.0013147300881036772
i'm anxious as fuck,1,0.9421394572441171,0.9398214436607129,True,1,0.0023180135834042215
anxiety. anxiety. anxiety.,1,0.9421394572441171,0.9352342144877296,True,1,0.006905242756387486
this cured my depression for 2.6 seconds,1,0.9421394572441171,0.9551846784477026,True,1,-0.013045221203585533
Checked ESPN app today and saw cricket highlights.I'm depressed until NBA come back on,0,1.0602783980825394,1.0318019435626788,False,1,0.028476454519860583
@user This retrograde has really changed my perspective on my anxiety lol,1,0.9421394572441171,0.9768429548937695,True,1,-0.034703497649652415
nothing feels better than pulling yourself out of a depressive episode.,1,0.9421394572441171,0.9057956751981284,True,1,0.03634378204598865
Oof so apparently this is called anxiety,1,0.9421394572441171,0.9415426349914849,True,1,0.0005968222526321343
what depression things should i draw,1,0.9421394572441171,0.9415054759807517,True,1,0.0006339812633653352
@user I take benzodiazepines on a daily basis for anxiety and PTSD. Tell them all to fuck off and do what you need to do.,1,0.9421394572441171,0.9778528496494486,True,1,-0.03571339240533156
Putting together this 90s party has my anxiety through the roof 😩,1,0.9421394572441171,0.94641113639724,True,1,-0.004271679153122876
"@user Yesterday was bad for me.... super depressed feeling. Kinda pulling out of it today, I hope you're coming around soon!",1,0.9421394572441171,0.9641652297812842,True,1,-0.022025772537167088
Yeah it's called depression,0,1.0602783980825394,1.0663761532377587,False,1,-0.006097755155219264
my talking to my depression,1,0.9421394572441171,0.9366297718651935,True,1,0.005509685378923601
"if you're feeling depressed, turn on some lights or open the shades. sitting in the dark will only make you feel worse.",0,1.0602783980825394,1.104643184807528,False,1,-0.04436478672498856
"Depression doesn't show in pictures,because your friends post nice pictures doesn't mean they're doing well...Check on people🙏🏾",0,1.0602783980825394,1.048467417830368,False,1,0.011810980252171532
@user 10- summer depression#voteBillieEilishVMA,0,1.0602783980825394,0.9969119192200627,True,0,0.0633664788624767
"jan. 2nd — 'my breakouts really bring out the, uh... depressed bitch who doesn't wash her face.'",0,1.0602783980825394,1.0663480610073457,False,1,-0.006069662924806263
Shout out to the amazing man who swapped my window seat for his aisle seat because I was freaking out about my anxious bladder being trapped,0,1.0602783980825394,1.0380121834213696,False,1,0.022266214661169847
depression motivates me ina weird way,1,0.9421394572441171,0.9297080339535017,True,1,0.012431423290615418
Fuck your anxiety to the hardcore level,0,1.0602783980825394,1.0469967437705197,False,1,0.013281654312019775
god waking up having an anxiety attack in an out of body experience i literally thought i was having a heart attack,1,0.9421394572441171,0.9372507459066988,True,1,0.0048887113374183055
I came to this lecture to learn and came out more mad and depressed Thanks white ppl,1,0.9421394572441171,0.9425776915365028,True,1,-0.00043823429238576406
Lol can't relate because I AM the depressing one in the group,1,0.9421394572441171,0.9498718611102591,True,1,-0.007732403866142046
Literally I get so much anxiety in movie theaters now,0,1.0602783980825394,1.0531639393872014,False,1,0.007114458695338
SEASON SIX GAVE ME DEPRESSION,1,0.9421394572441171,0.9580464702075213,True,1,-0.015907012963404243
"That feeling when you know God is about to bless you in a major way so you are anxious, nervous, and excited.",0,1.0602783980825394,1.102100641239975,False,1,-0.041822243157435546
"Nice guys knew this, but the fact that it's been scientifically proven is depressing😭😭",0,1.0602783980825394,1.0404323086593186,False,1,0.01984608942322086
People will pretend to anxiety and/or depression on social media for likes and that's fucking disgusting. 🙄,0,1.0602783980825394,1.0397272973350022,False,1,0.020551100747537188
my therapist swears that i'm depressed but what he doesn't know is i can grab rim if i get a running start and a proper jump off,0,1.0602783980825394,1.0639512520566399,False,1,-0.003672853974100443
@user Watch  Tom &amp; Jerry  continue 2 hr 100% your depression finish 👌👍🙂🙂🤗 ager nehi tu paise wapis,0,1.0602783980825394,0.9974730374884399,True,0,0.06280536059409958
"hello, depression is kicking my ass.",1,0.9421394572441171,0.918621402911069,True,1,0.0235180543330481
@user Depression over Crooked H not get baton passed seamlessly from O'bummer and now hatred over President Trump,0,1.0602783980825394,1.003659957792238,False,1,0.056618440290301386
So feeling a lil depressed tonight so good vibes would be appreciated 💗,1,0.9421394572441171,0.9478762730891844,True,1,-0.005736815845067356
that Tom odell song another love still hitting the same we going ✈ depression,1,0.9421394572441171,0.9726544937085091,True,1,-0.03051503646439202
ugh everything sucks right now #depressed,1,0.9421394572441171,0.9389929408029293,True,1,0.0031465164411877966
I hope this is the last time that I have to watch Philly this season. Their offense depresses me #TORvPHI,0,1.0602783980825394,1.0608378075552036,False,1,-0.0005594094726641963
Lol y'all falsely romanticize depression and mental breakdowns and loneliness like that shit is a cool trend. 🚮🚮🚮,0,1.0602783980825394,1.0423666250569579,False,1,0.017911773025581557
"stressed, depressed and sleep deprived... life is absolutely great (‘:",1,0.9421394572441171,0.9486050017402684,True,1,-0.006465544496151332
depression is dampening my creativity instead of fueling it... i was lied to many times,1,0.9421394572441171,0.9176124822093988,True,1,0.024526975034718235
Being stuck in tk working almost everyday is depressing when everyone around you is traveling 🤦🏾‍♀️,0,1.0602783980825394,1.0452432459996985,False,1,0.015035152082840897
I'm really depressed today so I'm gonna do this tomorrow. Sorry,1,0.9421394572441171,0.9444085770936337,True,1,-0.00226911984951661
As I was uploading today's video I got an email saying I won't be allowed to record BO4 gameplay at the event tonight I am depression,0,1.0602783980825394,1.0435244905735723,False,1,0.016753907508967103
i'm so depressed,1,0.9421394572441171,0.9353749757477441,True,1,0.006764481496372987
FUCK ANXIETY. 🖕🖕,1,0.9421394572441171,0.9467246967252249,True,1,-0.0045852394811077835
That Pihu trailer made my anxiety spike,1,0.9421394572441171,0.9551263267972828,True,1,-0.012986869553165747
Got a very suspicious scam email and now im kinda anxious,0,1.0602783980825394,1.0536606192369649,False,1,0.006617778845574573
@user @user This is depressing me,1,0.9421394572441171,0.9878743843230928,True,1,-0.04573492707897575
// Feeling down about stuffs.Anxiety probably.,1,0.9421394572441171,0.9154634248649969,True,1,0.026676032379120196
having anxiety is like being sad for no reasons seconds after u feel happy.,1,0.9421394572441171,0.924655510126631,True,1,0.01748394711748602
anxiety consumes you.,1,0.9421394572441171,0.9081432051808189,True,1,0.03399625206329815
@user Damn that shit depressing,0,1.0602783980825394,1.0016460387113457,False,1,0.05863235937119371
guess which bitch has major anxiety but made plans to pick someone up from LAX as a power move???? also!!! me!!!!!,1,0.9421394572441171,0.9644194137689872,True,1,-0.022279956524870137
No one:My friend: your social anxiety is so bad,1,0.9421394572441171,0.9639815405194787,True,1,-0.021842083275361635
im depressed and want someone to talk to me but im also too depressed to answer messages :(,1,0.9421394572441171,0.9442199402976622,True,1,-0.0020804830535451346
gonna do some depressed asos shopping instead of cleaning my shit state room,1,0.9421394572441171,0.9568613789705124,True,1,-0.014721921726395304
Why does anxiety have the power to destroy every other emotion you want to feel,1,0.9421394572441171,0.9304459961246666,True,1,0.011693461119450466
ugh anxiety hits me rn 😭,1,0.9421394572441171,0.9512425835276446,True,1,-0.009103126283527496
American politics is depressing.,0,1.0602783980825394,1.0832934501620868,False,1,-0.02301505207954735
@user i'm having an anxiety attack just thinking about it 😂,0,1.0602783980825394,1.0234398095729353,False,1,0.03683858850960409
im so fucking anxious *starts cleaning with a broom* IM SO FUCKING ANXIOUS *saihara-kun comes in* GET THE FUCK OUT,1,0.9421394572441171,0.9560654080757273,True,1,-0.01392595083161019
"Aside from my depression &amp; grief, I had a pretty cool birthday 🤷🏾‍♀️",1,0.9421394572441171,0.9503626321447072,True,1,-0.008223174900590102
Anxiety has peaked tonight,1,0.9421394572441171,0.9353873094564654,True,1,0.006752147787651652
i hate it when people use the term 'nagdedepress-depressan'... can u pls explain to me why i would want to pretend to be unhappy????? 😐🙃,1,0.9421394572441171,0.9491747017505975,True,1,-0.007035244506480409
Long ass dream about very real inevitability. #Depressing #BootInAss #FML,0,1.0602783980825394,1.0456946900171564,False,1,0.014583708065383005
"Maybe I'm exhausted, maybe I might be actually depressed. I guess we'll have to see tomorrow morning",0,1.0602783980825394,1.1006351475279135,False,1,-0.04035674944537404
You obviously don't know anything about social anxiety,1,0.9421394572441171,0.9433044094448044,True,1,-0.0011649522006873525
"im going to check the nurse room again. I feel so much pain in my chest, this anxiety needs to leave.",1,0.9421394572441171,0.9150307543564588,True,1,0.02710870288765832
i feel so depressed bc of these last two days i dont know how to even be happy anymore :/,1,0.9421394572441171,0.9452484756348756,True,1,-0.0031090183907585
@user dont worry about it we all have anxiety you'll get it eventually,1,0.9421394572441171,0.9843799256286908,True,1,-0.04224046838457374
@user Just took me 132.8 minutes to circle Earth. I really did use to love doing this without anxiety.,1,0.9421394572441171,0.9489414494611553,True,1,-0.006801992217038255
"My anxiety levels have been one million lately, and I just want to know why",1,0.9421394572441171,0.9126985482026407,True,1,0.029440909041476337
mf ain't gone be happy til i'm somewhere dead die to stress &amp; depression .,1,0.9421394572441171,0.9498082425606642,True,1,-0.007668785316547133
can i stop being a depressed little bitch it's annoying,1,0.9421394572441171,0.9438642450285826,True,1,-0.001724787784465498
S/o depression naps,1,0.9421394572441171,0.9432754725944372,True,1,-0.001136015350320152
"SKDJDJ ILL REPLACE MY POST II DEPRESSION W PRE II HYPE FOR SG, HK N MUMBAI",0,1.0602783980825394,1.0096520653068617,False,1,0.05062633277567774
"sunshine, good music + the windows down = goodbye seasonal depression, you won't be missed🌞🌞🚗🎵",1,0.9421394572441171,0.9590586677614499,True,1,-0.016919210517332806
"@user @user @user This cured my depression, thanks boss",1,0.9421394572441171,0.9806804186571816,True,1,-0.03854096141306451
New uniforms and now apparently a whole new roster. #Indians #Depressing,0,1.0602783980825394,1.0478910933492633,False,1,0.012387304733276094
"depression is hella real no if ands or buts about it, its unfair to have someone else trying to fix it tho",1,0.9421394572441171,0.9323739495055492,True,1,0.00976550773856788
"I have so much dread and anxiety, I'm impressed I haven't vomited. This has been a PSA.",1,0.9421394572441171,0.9116775825524815,True,1,0.030461874691635527
Depressive episodes in at 12 am when ur parents r fighting is fun,1,0.9421394572441171,0.9623062670485368,True,1,-0.02016680980441976
"I'm Danny Dyer, and I'm about to meet Britain's most depressed air stewards",0,1.0602783980825394,1.0379073903917129,False,1,0.02237100769082656
But the depression and anxiety stay the same,1,0.9421394572441171,0.9387021541314928,True,1,0.003437303112624246
i drank half an iced coffee and I went home and have been in bed for two hours because I'm too anxious to do anything,1,0.9421394572441171,0.9285998338482622,True,1,0.013539623395854905
My anxiety does not exist at theme parks,1,0.9421394572441171,0.9326669102858415,True,1,0.009472546958275596
They all suffer from depression.,0,1.0602783980825394,1.1066818026520002,False,1,-0.04640340456946079
its 7p on a weds night and im anxious about hippo habitat loss in central Africafuckkkkk,0,1.0602783980825394,1.046711688625615,False,1,0.013566709456924508
I'm depressed af my heart is crying goodnight everyone and goodnight to taylor,1,0.9421394572441171,0.9537594062546927,True,1,-0.011619949010575614
"The more homework that a child receives, the more likely that child is to suffer from depression.",0,1.0602783980825394,1.0855300089319684,False,1,-0.02525161084942895
Change up your ring and alarm tones to remove the anxiety and hatred of them that builds up over time.,0,1.0602783980825394,1.0900741476499503,False,1,-0.029795749567410823
I cannot stand flies. They give me anxiety they need to be extradited right off this planet. N there's only always one lingering. FUCCCKKKKK,0,1.0602783980825394,1.0577366167784175,False,1,0.0025417813041219706
When your Aquarius friend is depressed:,0,1.0602783980825394,1.0558481872778371,False,1,0.004430210804702295
that I was on the 'devine diet or depressed' asdfghjkl 😂,0,1.0602783980825394,1.0353851208338467,False,1,0.024893277248692725
finally scotty sire has a reason to not be depressed,0,1.0602783980825394,1.039237157679781,False,1,0.021041240402758454
just depression-eating @user thanks,1,0.9421394572441171,0.9918189793885496,True,1,-0.0496795221444325
I'm gonna be disconnected from the results of game five while heading home and oh god the anxiety 🥺,0,1.0602783980825394,1.0519690747737442,False,1,0.008309323308795191
"If @user hasn't made a cover of 'The Best' by Bonnie Tyler/Tina Turner, as 'I'm simply depressed', someone should!",1,0.9421394572441171,0.9689098234701337,True,1,-0.026770366226016584
"I'm officially depressed, I forgot my headphones at home",0,1.0602783980825394,1.0612095518795477,False,1,-0.0009311537970082551
"fuck your zodiac sign, what anti-depressant are you on?",0,1.0602783980825394,1.0733237802993603,False,1,-0.013045382216820833
im so happy and depressed at the same time,1,0.9421394572441171,0.9351562754920495,True,1,0.00698318175206758
Trust me i used to think hanging out with friends is better in handling my anxiety and stress but now i find more peace in being alone,1,0.9421394572441171,0.9301371005706353,True,1,0.012002356673481818
That's a lot to clean up... I'm getting anxiety already,1,0.9421394572441171,0.9210797908538332,True,1,0.021059666390283893
@user Overthinking Nostalgia DepressionFrustration,0,1.0602783980825394,1.0202953581378558,False,1,0.03998303994468366
I sleep probably way more than the average person lol depression is a bitch,1,0.9421394572441171,0.9424101156469417,True,1,-0.0002706584028245862
@user i do that with my antidepressants 😬,1,0.9421394572441171,0.9874457023575361,True,1,-0.045306245113419075
I love that one of my supervisors let's me text her when I need switch shifts. Helps ease my anxiety lol.,1,0.9421394572441171,0.920397542876636,True,1,0.021741914367481074
Is he stressed? depressed? up to the point wherein 'drugs' is the only way for him to escape reality?#SueDispatch,0,1.0602783980825394,1.0680452007828478,False,1,-0.007766802700308384
Should I continue to grow the depression beard,1,0.9421394572441171,0.9319005784109956,True,1,0.010238878833121468
@user @user That's just depressing,0,1.0602783980825394,1.001623052999832,False,1,0.05865534508270742
today is a depressing day,1,0.9421394572441171,0.9432567879651514,True,1,-0.0011173307210343708
Procrastination and depression don't mix. I promise you that. 😰,1,0.9421394572441171,0.9204603658766777,True,1,0.021679091367439396
@user Hmm...a clear case of depression...,0,1.0602783980825394,1.0405600149808274,False,1,0.019718383101712034
"@user I'm struggling with anxiety, loneliness, depression. Finding myself struggling to have that intimacy with God.",1,0.9421394572441171,0.9316149900821175,True,1,0.010524467161999618
so tired of being depressed this shits making me laugh now,1,0.9421394572441171,0.9452315867717007,True,1,-0.0030921295275836425
Sure! I also remember being anxious about being asked about the criminal am nerve of Grassi!,0,1.0602783980825394,1.0521801865046378,False,1,0.008098211577901582
wow first day of daylight saving and my seasonal depression has already kicked in :))),1,0.9421394572441171,0.9550641432075682,True,1,-0.012924685963451088
"and my anxiety is breaking me, it kills mei'm living in a world so fake, I lost touch of the real me",1,0.9421394572441171,0.9268895915569157,True,1,0.015249865687201325
I don't know which one is keeping me up at this point ... my depression or my anxiety 😩,1,0.9421394572441171,0.9312758351126422,True,1,0.010863622131474848
Stoned and depressed a very scary place to be,1,0.9421394572441171,0.9341311284392372,True,1,0.008008328804879894
• Don't focus on the end result and how you think you'll do. This can increase your anxiety and make you want to avoid it even more,0,1.0602783980825394,1.0969976866652094,False,1,-0.03671928858266993
@user at least u make it look less depressing,0,1.0602783980825394,0.9955593698186472,True,0,0.0647190282638922
@user 23% of depression doesn't come out of space dave,0,1.0602783980825394,1.0091076517834734,False,1,0.05117074629906604
@user 'you better not. I spent too long getting him out of a whole of depression just for the same thing to happen all over again.',0,1.0602783980825394,1.0133108464336065,False,1,0.04696755164893296
@user Yessss . I've been depressed recently and it would nice 💗,1,0.9421394572441171,0.9976931501890064,True,1,-0.05555369294488932
Update: anxiously sitting in my car kinda want to sleep,1,0.9421394572441171,0.9444343924685592,True,1,-0.0022949352244421295
@user Eeps. Yeah. Plus I have all kinds of anxiety about Drs AND driving so it's been an awesome day.,0,1.0602783980825394,1.06977583715052,False,1,-0.009497439067980507
"I deal with Anxiety, but you're not gonna see me walking around with a sweatshirt showcasing and praises my issues...",1,0.9421394572441171,0.9263913772617196,True,1,0.015748079982397467
does anyone else get an extreme anxiety spike when they hear the siren from the silent hill movie?,0,1.0602783980825394,1.0730279582601239,False,1,-0.01274956017758444
ok welp it's anxiety hours.,1,0.9421394572441171,0.9304622211145207,True,1,0.011677236129596369
"@user @user You sound pretty anxious!Let the House Work, baby! 😂🤣😂",0,1.0602783980825394,1.0199111639246772,False,1,0.04036723415786225
"I knew that Quinn could be idealistic, but I was surprised that he seemed so anxious today while we were at the party.",0,1.0602783980825394,1.0775870903962803,False,1,-0.01730869231374088
Does anyone get like random burst of anxiety cause their brain tell them their bf doesn't like them anymore?Just me? Cool,1,0.9421394572441171,0.9318013296471604,True,1,0.010338127596956626
"anxiety sucks, for real",1,0.9421394572441171,0.9447812900042082,True,1,-0.002641832760091112
@user same they bully me and i blame them for having depression now and being socially awkward,1,0.9421394572441171,0.9810047421188968,True,1,-0.03886528487477969
@user So anxious ab thissss,0,1.0602783980825394,0.9997879609743883,True,0,0.06049043710815116
@user @user You're to young to know what depression is.,1,0.9421394572441171,0.9561821897308034,True,1,-0.014042732486686305
Gonns play overdepressed,0,1.0602783980825394,1.0452330419980134,False,1,0.015045356084526063
The post good ass weekend depression is real af,1,0.9421394572441171,0.9453561053879656,True,1,-0.0032166481438484773
Anxiety is no joke dude... you literally can't do shit about it,1,0.9421394572441171,0.9398384342667577,True,1,0.002301022977359346
@user You depressed?,0,1.0602783980825394,1.0145144089209632,False,1,0.0457639891615762
@user anxious to hear,0,1.0602783980825394,0.997310120775905,True,0,0.06296827730663446
Hate waking up to an anxiety attack,1,0.9421394572441171,0.9417348862250216,True,1,0.0004045710190955232
My pet fishes seem to have separation anxiety from my dad and his loud jamaican voice. Everytime he goes on vacation atleast one of them die,0,1.0602783980825394,1.0823395620044187,False,1,-0.02206116392187929
@user NO THAT WAS ME I WAS JUST BEING DUMB AND ANXIOUS IT WONT BE THAT BAD IM SORRY SJGJSJF,0,1.0602783980825394,1.0057099296857208,False,1,0.054568468396818615
I hate having anxiety,1,0.9421394572441171,0.9271629633061688,True,1,0.01497649393794831
Look I'm already depressed there is nO NEED for this. NONE.,1,0.9421394572441171,0.9266579528150478,True,1,0.01548150442906926
me: trying to say but just tweeting is making me kind of anxious dsKJSDFH...,0,1.0602783980825394,1.042314467683595,False,1,0.017963930398944505
Anxiety and coffee does not mix well together 😣😣,1,0.9421394572441171,0.9552240254642458,True,1,-0.013084568220128712
Vibrating with great anxietyMy insides throb at your touchI need to have you like thisFilling Me closely,1,0.9421394572441171,0.9307084044592348,True,1,0.011431052784882323
i call dibs on the stone that absolves my ever-increasing crippling anxiety,1,0.9421394572441171,0.9402781151597148,True,1,0.001861342084402251
@user @user Practically every synagogue near me has a security detail. It's so depressing,0,1.0602783980825394,1.018574693273626,False,1,0.0417037048089135
mad how the whole of the uk were pure buzzing in the sun now we're all depressed again lol,0,1.0602783980825394,1.0427734995812203,False,1,0.01750489850131909
ok so I'm gonna try to promise myself that i won't get bored and depressed an end the year at least satisfied with what I've done.,0,1.0602783980825394,1.0792507238457674,False,1,-0.018972325763227937
depression is not something that will magically go away by 'moving on'. u need to get educated,1,0.9421394572441171,0.9276318379740647,True,1,0.014507619270052396
28 hours since sleep and I'm feeling very very very very very very anxious,1,0.9421394572441171,0.9303514359256566,True,1,0.011788021318460462
F this. I'm about to have an anxiety attack.,1,0.9421394572441171,0.9148400832136391,True,1,0.027299374030477996
My anxiety is doing crazy things today.,1,0.9421394572441171,0.8914216264220437,True,1,0.05071783082207337
Anxiety attacks are no joke..,1,0.9421394572441171,0.9302357433155415,True,1,0.011903713928575588
Taking practice tests for my boards gives me SO much anxiety.,1,0.9421394572441171,0.9162838765889619,True,1,0.02585558065515514
Life is depressing but at least there's hentai and coffee.,0,1.0602783980825394,1.0772875805340751,False,1,-0.01700918245153571
anxiety attack fucks,1,0.9421394572441171,0.9461425429765787,True,1,-0.004003085732461664
"@user @user This country is a mess, read my most recent tweets, its so depressing at how down hill it's gone xx",0,1.0602783980825394,1.011467337650396,False,1,0.04881106043214345
"Depression causes undernutrition, but I've gained weight???? Science is broken.",1,0.9421394572441171,0.9182560365560617,True,1,0.02388342068805538
"@user Well, I'm anxious.",0,1.0602783980825394,1.0485373179399535,False,1,0.011741080142585902
@user @user Then I'm not sure you know what depression is.,0,1.0602783980825394,1.0230643886320674,False,1,0.03721400945047204
@user @user @user The implications of that quote are so depressing,0,1.0602783980825394,1.006654455589024,False,1,0.05362394249351543
My anxiety is on EDGE,1,0.9421394572441171,0.9286734909535587,True,1,0.013465966290558407
"i really need more long term friends, i'm falling deeper into a depressive episode nd it sucks h",1,0.9421394572441171,0.9319225617054596,True,1,0.010216895538657456
@user Anxiety labda but anyways ukipata wawili just push the other over here but for the time being  ....♥,0,1.0602783980825394,1.0035908192271403,False,1,0.0566875788553991
Hello depression. I haven't seen you in awhile.,1,0.9421394572441171,0.9162915040953565,True,1,0.02584795314876054
me trying to fight anxiety,1,0.9421394572441171,0.9281167364654488,True,1,0.014022720778668285
do u ever feel anxious for no reason? yeah same,0,1.0602783980825394,1.061708830330568,False,1,-0.0014304322480285236
Too many @user logistics anxieties right now...bout to ride a bike to work off some of this energy 🎏🔥😵,0,1.0602783980825394,1.0344605293341746,False,1,0.02581786874836478
@user depressed bitch 😂😂😂,0,1.0602783980825394,0.9990066263176167,True,0,0.06127177176492271
"My dream significant other has three eyes, a dog in their tinder bio, and anxiety.",0,1.0602783980825394,1.0878486337908404,False,1,-0.027570235708300972
going to the bars my dad always went to gives me a whole new kind of anxiety,1,0.9421394572441171,0.9487382767759885,True,1,-0.006598819531871469
takes two pain meds so i can get knocked tf outalso anxiety turned into headache so theres thatam out,1,0.9421394572441171,0.9299737485986943,True,1,0.012165708645422768
the way my mum guilt trips me into doing things i dont want to do is the reason i have depression and anxiety &lt;3,1,0.9421394572441171,0.9599795704659274,True,1,-0.01784011322181034
@user This current administration is the cause of a lot of people I know feeling deeply depressed.,0,1.0602783980825394,1.0096161398008772,False,1,0.050662258281662265
"The Day Chapter 1, a sonic the hedgehog fanficKnuckles is depressed and goes into a rampage and breaks the master emerald.",0,1.0602783980825394,1.0310145914360502,False,1,0.0292638066464892
@user i have social anxiety i am immune to anyone i can easily walk away from,1,0.9421394572441171,0.9688995562268546,True,1,-0.026760098982737568
"When I get depressed I could go days without talking to anybody 😭. It's nothing personal, I just have to recollect myself",0,1.0602783980825394,1.0842402206492565,False,1,-0.023961822566717084
@user I am now having a hissy anxiety fit!,1,0.9421394572441171,0.9798076023219329,True,1,-0.037668145077815796
@user ..The ABC must be a den of utter depression at the moment. 😊,0,1.0602783980825394,1.0142461208012394,False,1,0.046032277281299994
it's actually so depressing coming back home from a holiday,0,1.0602783980825394,1.0578160971749626,False,1,0.00246230090757682
@user How depressing for British Tennis 🎾 now what?? 😏😢☹️☹️☹️,0,1.0602783980825394,1.0008418426706154,False,1,0.05943655541192405
this movie pissing me off.....giving me anxiety......stressing me.....sjhhjhssjjjjh like got damn....,1,0.9421394572441171,0.9428816584274466,True,1,-0.0007422011833295716
"@user I swear.. She responded like she's emotionally depressed.. She needs a man, but she no go gree 😂",0,1.0602783980825394,1.019602470084475,False,1,0.04067592799806441
@user @user @user Chill this is depressing,0,1.0602783980825394,0.9932217734443445,True,0,0.06705662463819495
@user The dude has actually turned into everything he actively railed against during the whole #Gamergate episode. Depressing.,0,1.0602783980825394,1.055156688745121,False,1,0.005121709337418512
Some strange men just talked to us and they don't seem to understand personal space or social anxiety. I just wanna be home,1,0.9421394572441171,0.9169208311338639,True,1,0.02521862611025316
@user It's my duty to love every depressed character,0,1.0602783980825394,1.0130266424678565,False,1,0.04725175561468298
@user @user This gave me so much anxiety,1,0.9421394572441171,0.9854090725737393,True,1,-0.04326961532962226
seems like anxiety always comes back around .,1,0.9421394572441171,0.9217573115906063,True,1,0.02038214565351082
"When Im depressed, I sleep a lot and live in my dreams",0,1.0602783980825394,1.0666752973842244,False,1,-0.006396899301684966
Fck yes this honestly made me depressed. First day of school plg muni na sa utok ko,0,1.0602783980825394,1.0383870993304136,False,1,0.02189129875212581
GAHHH WHAT IS THE KEY TO NOT FEEL SO SHIT N DEPRESSED N JUST WORTHLESS ALL THE TIME ?,1,0.9421394572441171,0.9330861856623512,True,1,0.009053271581765832
@user that was such a depressing period,0,1.0602783980825394,1.00865834082371,False,1,0.051620057258829455
@user i don't want to encourage the depression but.... it is the best show of all time and you have to watch,0,1.0602783980825394,1.02568440995059,False,1,0.03459398813194947
I can't look when they start tattooing my anxiety goes OFF when they turn the machine on,1,0.9421394572441171,0.9531008207162655,True,1,-0.010961363472148378
My anxiety been OD lately,1,0.9421394572441171,0.9275786791933712,True,1,0.014560778050745848
No more anxiety attacks about practicals till January yay,1,0.9421394572441171,0.9449647027519315,True,1,-0.002825245507814378
@user my anxiety kicked in quick bro...,1,0.9421394572441171,0.9710893104555858,True,1,-0.0289498532114687
bro i sat here for 20 minutes contemplating posting that MY ANXIETY i hate myself goodbye,1,0.9421394572441171,0.9569999261105935,True,1,-0.014860468866476406
was having a good day then boom instantly depressed,1,0.9421394572441171,0.9421163264025536,True,1,2.3130841563467897e-05
@user O please let's go! I'm 62&amp; so anxious 4 ERA  2PASS ON TRUMPS WATCHIMAGINE,0,1.0602783980825394,1.0142455128887007,False,1,0.046032885193838746
I haven seen my girl in two days I'm officially depressed 😕,1,0.9421394572441171,0.9420168680095472,True,1,0.0001225892345698698
I Honesty Want Someone 2 Slap My Stupid Ass When I Get In My Depressing Fuck The World Moods.... Like Tightrn Me DF Up,1,0.9421394572441171,0.9490815623279133,True,1,-0.006942105083796224
feel like i'm never gone escape this depression shit.,1,0.9421394572441171,0.9069387300559049,True,1,0.03520072718821221
I feel like my depressing days r coming again so yeah.. i dont even know what/who's the trigger but i can feel it in my veins,1,0.9421394572441171,0.9312751791841499,True,1,0.010864278059967147
"Prostate cancer can make you feel lost, anxious, low in mood and alone. It's important to talk about your experience #talkiskey",0,1.0602783980825394,1.0748791552530792,False,1,-0.014600757170539769
i am sososososso anxious rn. literally about to cry and i keep shaking and i have no clue why i feel like this. ?? like wtf is wrong w me,1,0.9421394572441171,0.9563979269913004,True,1,-0.014258469747183367
can't be an afuly. can't do it. not just yet. idc if i'm almost 19. too much anxiety. im gonna kms. it's a no for me,1,0.9421394572441171,0.9362624496448924,True,1,0.005877007599224715
My anxiety is bad for no reason at all. I feel like I'm gonna throw up like am I like this lmfao,1,0.9421394572441171,0.92421338403619,True,1,0.01792607320792705
For awareness... do you struggle with anxiety &amp; or panic attacks?,0,1.0602783980825394,1.0755126665919825,False,1,-0.015234268509443094
This bitter cold and now scare that we are all going to run out of natural gas is giving me anxiety.,1,0.9421394572441171,0.9054847636720095,True,1,0.0366546935721076
@user @user @user This Charlotte girl character  can depress people,0,1.0602783980825394,1.0101224689863404,False,1,0.05015592909619904
@user Lmfaooooooo fuck it I'm anxious.,1,0.9421394572441171,0.9968963023471723,True,1,-0.05475684510305523
@user this is so depressing im about to cry,0,1.0602783980825394,1.001627787854277,False,1,0.058650610228262456
Have people started getting emails from axs and ticketmaster uk yet? Asking for my anxiety.,1,0.9421394572441171,0.9402446188042894,True,1,0.0018948384398276286
"some people are pretending to be depressed just to gain attention. quit it, it won't make u cool i swear.",0,1.0602783980825394,1.0882049168531507,False,1,-0.027926518770611253
When somebody tell me they gotta talk to me that shit make my anxiety go up 😭,1,0.9421394572441171,0.9506780497893589,True,1,-0.008538592545241808
Anxiety is the worst,1,0.9421394572441171,0.9454665584209743,True,1,-0.0033271011768571945
anxietyrestlessness uncertainty insomniaexhaustion painis depression even not an option ??,1,0.9421394572441171,0.9321645641386247,True,1,0.009974893105492377
I really just need reassurance and someone to hold me bc overthinking really has me feeling anxious n scared wtf,1,0.9421394572441171,0.9186708189876543,True,1,0.023468638256462726
well atleast my anxiety is there to f me everyday hnnnggghhhhnggnng,1,0.9421394572441171,0.93883451744064,True,1,0.003304939803477125
@user i actually have anxiety.,1,0.9421394572441171,0.9814841479856607,True,1,-0.039344690741543675
Anxiety literally runs my life wby,1,0.9421394572441171,0.9410987712467194,True,1,0.0010406859973977056
this bitch is feeling sad and depressed which got me feeling sad and depressed and now we crying together.. issa bonding moment,0,1.0602783980825394,1.0661792490277875,False,1,-0.0059008509452480595
Wow I forget how anxious I get in new settings with a bunch of people I don't know,1,0.9421394572441171,0.9468219938306379,True,1,-0.004682536586520847
My anxiety is out the roof,1,0.9421394572441171,0.9375402519781052,True,1,0.004599205266011874
@user Pets are like magic antidepressants. 😊,0,1.0602783980825394,0.997446598752422,True,0,0.0628317993301174
and i'm depressed again.. love that.,1,0.9421394572441171,0.9135940453219193,True,1,0.028545411922197728
"This is my side thing to post about my depression and anxiety. If you found this accidentally, lo siento mucho.",1,0.9421394572441171,0.9148619702022593,True,1,0.02727748704185773
Fuck a anxiety and fuck a depression,1,0.9421394572441171,0.9474397431726627,True,1,-0.0053002859285455894
me: slightly nervous/anxious for whatever reasonmy body: ur stomach? in pain! nausea? present!,1,0.9421394572441171,0.9446497040683742,True,1,-0.0025102468242571563
Someone recc me good Yaoi? Last time I read two and watched to depressing ones and yeah,0,1.0602783980825394,1.0413416222977194,False,1,0.018936775784820004
what a GREAT time to be a depressed bisexual huh!!!! SO much respectful well-written representation for us!!!! 🙃🙃,1,0.9421394572441171,0.9607912614639995,True,1,-0.01865180421988244
This reality is so deeply depressing.,0,1.0602783980825394,1.077223258898844,False,1,-0.01694486081630453
"@user I've seen some minorly depressing episodes OF it, does that count?",0,1.0602783980825394,1.0238382331378082,False,1,0.036440164944731235
My anxiety level is above the maximum limit right now. 😭🙀,1,0.9421394572441171,0.9178564824094452,True,1,0.0242829748346719
Can June get here already I'm anxious af to see YC and finally go to a show again 😩😋,0,1.0602783980825394,1.036261188139074,False,1,0.024017209943465456
These opening statements are ratcheting up Dr. Ford's anxiety. 😖#FordHearing #FordKavanaugh,0,1.0602783980825394,1.0360141287901379,False,1,0.024264269292401552
I woke up so anxious I'm crying already and I've been awake 5 minutes i love my life,1,0.9421394572441171,0.9410903510447104,True,1,0.0010491061994066797
I longed for the joy that had left me .I suffer from depression,1,0.9421394572441171,0.9279670287507779,True,1,0.014172428493339218
@user Depressingly accurate!,0,1.0602783980825394,0.9985698134723616,True,0,0.06170858461017781
More depressed than I could have thought I'd ever get again. I miss both my girls soooo much man..,1,0.9421394572441171,0.9032703707702847,True,1,0.03886908647383236
i went on a walk and my anxiety actually decided to stop uwu,0,1.0602783980825394,1.0623940490926576,False,1,-0.0021156510101181247
it's the last full week ragan is here before college starts i'm depressed,0,1.0602783980825394,1.0546215366506801,False,1,0.005656861431859284
"That depressing moment when you dip your cookie into milk for too long, it breaks off, and you wonder why bad things happen to good people.",0,1.0602783980825394,1.0696882046300826,False,1,-0.009409806547543198
It's pretty sad when you get anxiety about making a therapy appointment to talk about your anxiety. 😬,1,0.9421394572441171,0.9232010356783042,True,1,0.018938421565812824
Honestly lucky to have my best mate when I go through depression he just listens and it's what I need 💕,1,0.9421394572441171,0.942339884992517,True,1,-0.00020042774839990063
the show really depicted depression in the realest way #EuphoriaHBO,0,1.0602783980825394,1.0416240251122626,False,1,0.018654372970276833
I'm glad some of y'alls depression is going away!!,0,1.0602783980825394,1.0633972834742897,False,1,-0.0031188853917503145
I swear my anxiety ruins everything.... I don't have anxiety I lied but this girl makes me crazyyyy 😖🥰,0,1.0602783980825394,1.064853299076743,False,1,-0.004574900994203546
"I don't care , i am not depressed I didn't even cry or got a tear in my face because i know i have to survive all of this to be happy",0,1.0602783980825394,1.0605738590655531,False,1,-0.0002954609830136956
@user I'm a shut in because I'm depressed,1,0.9421394572441171,0.9927750718942726,True,1,-0.050635614650155536
Tis the season for depression,1,0.9421394572441171,0.9465258133484316,True,1,-0.004386356104314482
@user I'm a depressed piece of shit 👺🤪,1,0.9421394572441171,0.9962810291356533,True,1,-0.05414157189153623
Everytime i think about my bro that shit get me depressed.,0,1.0602783980825394,1.0857344087592335,False,1,-0.02545601067669412
me @ my anxiety: fuck off pls,1,0.9421394572441171,0.9554014338145904,True,1,-0.013261976570473344
what the fuck am i so anxious for im sitting in my room alone playing COD,1,0.9421394572441171,0.9302006768495225,True,1,0.011938780394594617
I always dedicated this song to my anxiety. It SUCKS and it needs a taste of it's own medicine.,1,0.9421394572441171,0.9185937696587801,True,1,0.023545687585336927
This at bat has me so anxious,0,1.0602783980825394,1.0483876504689664,False,1,0.011890747613573005
My last two functioning serotonin producers looking at my depression,1,0.9421394572441171,0.9426833040930744,True,1,-0.0005438468489573633
@user Don't bother - it's just embarrassing &amp; depressing,0,1.0602783980825394,1.0027095497578458,False,1,0.05756884832469367
@user sometimes...........depression is the spark of genius,0,1.0602783980825394,1.0084751264922125,False,1,0.05180327159032694
Twitter can be so useful yet so depressing. Sometimes you just need a bit of this,0,1.0602783980825394,1.0826574242974212,False,1,-0.022379026214881748
Imagine being hospitalised because of anxiety,0,1.0602783980825394,1.0557665807092242,False,1,0.004511817373315186
@user For anxiety,0,1.0602783980825394,0.9918983302836503,True,0,0.06838006779888917
@user Did you listen to like all of big pink loser or just like I'm depressed or bands up,0,1.0602783980825394,1.0048054503670687,False,1,0.05547294771547073
I only make puns when on the cusp of depression,0,1.0602783980825394,1.0727785016804903,False,1,-0.01250010359795084
Hear go this bitch named Depression tryna creep up on me. Not tonight hoe,0,1.0602783980825394,1.0740808000029924,False,1,-0.013802401920453011
@user Ok I'm depressed,1,0.9421394572441171,0.9964793428733064,True,1,-0.054339885629189344
Waah indomaret muter video klip Hello Anxiety-nya Phum Viphurit!!🕺🕺🕺,0,1.0602783980825394,1.0183840316677222,False,1,0.04189436641481725
The biggest mood is feeling super anxious but not wanting to ring anyone bc u don't wanna bother them 🤙🏼,1,0.9421394572441171,0.9562777908936251,True,1,-0.014138333649508006
i wish i dont have to be anxious whenever im with people,1,0.9421394572441171,0.9374758573786719,True,1,0.004663599865445178
"When the depression, anxiety and depersonalization disorder combo kicks in, it really kicks in",1,0.9421394572441171,0.9324832489235113,True,1,0.009656208320605764
i am drowning in my anxiety tysm :),1,0.9421394572441171,0.9351118817438101,True,1,0.007027575500306971
This is so depressing,0,1.0602783980825394,1.0388536286320706,False,1,0.021424769450468784
Nothing gives me anxiety more than the tills at Aldi 😫,0,1.0602783980825394,1.047389197572441,False,1,0.012889200510098453
we going ✈️ depression,1,0.9421394572441171,0.9406972978767568,True,1,0.0014421593673602517
@user @user I find yoga classes great for meeting people who are really open which helps with any anxiety,0,1.0602783980825394,1.0334411263385586,False,1,0.026837271743980873
so READY to have my bmc support system back and not go thru anxiety alone,1,0.9421394572441171,0.9304713989673605,True,1,0.011668058276756543
Some real #WednesdayWisdom to help #HowIFightDepression. 🙏🏼,1,0.9421394572441171,0.9572702147905415,True,1,-0.015130757546424456
just finished my cna state board... and when i say i'm anxious to get my results i'm ANXIOUS,0,1.0602783980825394,1.050443712350262,False,1,0.009834685732277526
@user @user Rosie looks as if she is dealing with depression.,0,1.0602783980825394,1.011955761667645,False,1,0.04832263641489454
Putting things in the overhead bin causes so much anxiety like I really have to prep myself to do it 😭,0,1.0602783980825394,1.0430332365746697,False,1,0.0172451615078697
I'm so anxious I feel sick,1,0.9421394572441171,0.9354019455942854,True,1,0.006737511649831718
"Facts, ah nigga anxiety start to kick in &amp; I be thinking mf tryna rob my ass",0,1.0602783980825394,1.0503665070368349,False,1,0.009911891045704557
Everything is hard when you're depressed....,1,0.9421394572441171,0.9337788971791664,True,1,0.008360560064950673
@user And then that's why I was depressed because I couldn't even afford to afford😂,0,1.0602783980825394,1.0066664636930465,False,1,0.053611934389492966
Knowing you have anxiety creates a whole new kind of anxiety😩,1,0.9421394572441171,0.9426735523749857,True,1,-0.0005340951308686614
the nosedive episode of black mirror gives me real life anxiety every time i watch it; my tiny brain cannot handle it,0,1.0602783980825394,1.0608072218552804,False,1,-0.0005288237727409939
Also really captures the mild depression and sleepless nights worrying over whether it will be okay.,0,1.0602783980825394,1.0861028578397525,False,1,-0.025824459757213036
tf do white people know about seasonal depression,1,0.9421394572441171,0.9458966937620698,True,1,-0.003757236517952678
Waking up depressed fucking sucks,1,0.9421394572441171,0.9450423456777383,True,1,-0.002902888433621187
@user @user Friday's that text is very important .If I don't get it I send it .It's depressing to drink alone.,0,1.0602783980825394,1.0313813654970483,False,1,0.028897032585491145
"@user Hey, @user I have a story to tell you about anxiety/panic attacks. PM pleaseYou are doing great work btw keep it up!",1,0.9421394572441171,0.9702136837577618,True,1,-0.028074226513644773
im so fukn depressed oly fuk. i hate this. dam,1,0.9421394572441171,0.956230573471704,True,1,-0.014091116227586964
Q: What keep gen-y depression today?A: Instagram,0,1.0602783980825394,1.0701563016207363,False,1,-0.009877903538196842
"i cut it off when i was like, peak manic depressive. what a wild ride this year has been!",0,1.0602783980825394,1.074627838942872,False,1,-0.01434944086033263
Depression is no joke. I pray for those that still haven't found balance in their lives. 🙏,0,1.0602783980825394,1.0879742094164517,False,1,-0.0276958113339123
Me with my anxiety 😢,1,0.9421394572441171,0.9478518889461064,True,1,-0.005712431701989318
@user @user depression for not enjoying the good life he is used too,0,1.0602783980825394,0.9939619593804456,True,0,0.0663164387020938
Seasonal depression is real!,1,0.9421394572441171,0.9398249077486185,True,1,0.0023145494954985857
"I really just want to delete my whole instagram page because it feels so toxic and brings me no joy, only anxiety.",0,1.0602783980825394,1.0922517640386153,False,1,-0.031973365956075916
I'll do a countdown Even if it make me even more nervous and anxious,0,1.0602783980825394,1.0607021949599542,False,1,-0.0004237968774147838
@user @user @user Glycine glutamamte and GABA work together to decrease anxiety. All derive from #meat #eatmeatbehappy,0,1.0602783980825394,1.053526750486823,False,1,0.006751647595716337
Why do i look like a stereotypical depressed deprived teenage kid,1,0.9421394572441171,0.928020692680796,True,1,0.014118764563321062
Anxiety is through the roof today.,1,0.9421394572441171,0.9003956726084097,True,1,0.04174378463570738
Will my depression ever go away,1,0.9421394572441171,0.9367115763286771,True,1,0.005427880915439998
@user It means you have anxiety depression. Enjoy.,0,1.0602783980825394,1.0503429099280528,False,1,0.009935488154486638
good load of anxiety just now,1,0.9421394572441171,0.948290036952966,True,1,-0.006150579708848913
"@user Thanks for this, Peter. Very helpful if depressing. Is Barnier still ruling out at UK-wide backstop? If so, why?",0,1.0602783980825394,1.0506009853189064,False,1,0.009677412763632987
My anxiety is so bad that I get nervous to hang up a phone call first after we both say bye lmao,1,0.9421394572441171,0.9511611147853979,True,1,-0.009021657541280814
"@user Bless my therapist who is currently on HER vacation, but she's still messaging me about my vacation anxiety.",1,0.9421394572441171,0.9833537224265745,True,1,-0.04121426518245741
okay can y'all stop speaking on shit u don't understand aka : social anxiety,1,0.9421394572441171,0.9489552277298444,True,1,-0.006815770485727346
That yüng depression is kicking in so imma step away from here for a bit peace and blessings,1,0.9421394572441171,0.9413589962258471,True,1,0.0007804610182700067
Depressed shit 😉,1,0.9421394572441171,0.9483013200675796,True,1,-0.006161862823462538
"i get anxiety about this all the time, save the earth!!!!",1,0.9421394572441171,0.9534491425401402,True,1,-0.011309685296023164
Didn't expect anxiety the minute I logged on to Twitter but we'll what do I know,0,1.0602783980825394,1.0420016515670971,False,1,0.01827674651544231
"LRT someone took something I was selling, when I demanded my money wandixelela nge depression yakhe *sigh*",0,1.0602783980825394,1.0383289041569974,False,1,0.02194949392554202
i'm on my first train home and i was so anxious but everything has gone pretty well so far and i'm proud of myself,0,1.0602783980825394,1.0624717211701862,False,1,-0.002193323087646748
it's 2019 and i'm still depressed,1,0.9421394572441171,0.9375191710766718,True,1,0.004620286167445253
Why is everyone depressed on twitter.?,0,1.0602783980825394,1.069877735826746,False,1,-0.009599337744206515
"Me, an hour after deciding to go to bed, having an anxiety attack and never went to bed",1,0.9421394572441171,0.9429535686089684,True,1,-0.0008141113648513221
The realization of this tweet just depressed me 😢,0,1.0602783980825394,1.0431266186677928,False,1,0.01715177941474666
@user Yea I don't wanna know depressing sh*t I wanna see a new fish or some sort of sea monster,0,1.0602783980825394,0.9998357659168527,True,0,0.06044263216568668
Magstop kana ate u r giving me anxiety,0,1.0602783980825394,1.0370103839930076,False,1,0.02326801408953183
When your method to calm your anxiety is giving you MORE anxiety lol love my life,1,0.9421394572441171,0.947770943181182,True,1,-0.005631485937064973
"@user Bi-polar, anxiety, Depression wouldn't hurt a soul.",0,1.0602783980825394,1.0540939929458912,False,1,0.006184405136648197
Anxious Buttercup. Perfect! ❤️😂,0,1.0602783980825394,1.040806792600366,False,1,0.019471605482173526
"'Anxiety ridden, thought-provoking' I love that",0,1.0602783980825394,1.0665897441098975,False,1,-0.006311346027358056
@user Omg I am so depressed right now,1,0.9421394572441171,0.9928794610212799,True,1,-0.05074000377716281
@user Antidepressants in a nutshell,0,1.0602783980825394,1.0022446570418695,False,1,0.05803374104066994
i really really love living in a constant state of stomach-turning anxiety,1,0.9421394572441171,0.9312420551830837,True,1,0.010897402061033401
I'm so depressed Bc I won't go to the gym today wtf,0,1.0602783980825394,1.064164034686728,False,1,-0.0038856366041886137
I find it weird how in 8th grade I was this pretty depressed working student and now I'm a not-so-depressed lazy ass student.,0,1.0602783980825394,1.087914527643362,False,1,-0.02763612956082251
@user my antidepressants waking up my happy chemicals every morning,1,0.9421394572441171,0.982555238031909,True,1,-0.040415780787791955
@user I just realized the paint in my bedroom is very close to  Dolphins colors.Now I'm depressed thanks Janine.😂😂,0,1.0602783980825394,1.044081518328114,False,1,0.01619687975442541
We are hitting critical levels of pre-trip anxiety,0,1.0602783980825394,1.0606174435608142,False,1,-0.0003390454782747909
In a relationship with depression black dog,0,1.0602783980825394,1.0474444713208162,False,1,0.012833926761723236
No time to be depressed i got personal works to do haha,0,1.0602783980825394,1.0587953720719891,False,1,0.0014830260105502813
In the mood to listen to depressing songs and cry my eyes out,0,1.0602783980825394,1.0606399537643245,False,1,-0.00036155568178508624
Thinking about it and strongly considering it right now...#Depression #LowMood #WhatsThePoint,1,0.9421394572441171,0.9180040072075528,True,1,0.024135450036564254
@user Welp. Another thoroughly depressing start.,0,1.0602783980825394,1.0088818972820788,False,1,0.051396500800460654
My dreams make me so depressed lately lmao,0,1.0602783980825394,1.0502846756960758,False,1,0.009993722386463677
im having a depressive episode,1,0.9421394572441171,0.9171686116450627,True,1,0.02497084559905438
A depressed thot?!?...I feel seen.,1,0.9421394572441171,0.9303101394816358,True,1,0.011829317762481306
Bitch idc u depressed I jus want the pussy,0,1.0602783980825394,1.0442237349216064,False,1,0.01605466316093307
Well this is depressing.,0,1.0602783980825394,1.080544695374575,False,1,-0.02026629729203555
@user I really feel you with that. Anxiety kicks my ass a lot lately and I'm honestly so tired like mentally it's weird,1,0.9421394572441171,0.9744126261143304,True,1,-0.032273168870213365
@user 🐰 // CHRONO WOULD BE SO DEPRESSED,0,1.0602783980825394,0.9877575669453328,True,0,0.07252083113720664
"@user Listening to old podcasts which have been piling up on my computer. Anything but Brexit news, it's too depressing!",0,1.0602783980825394,1.0174482477253535,False,1,0.04283015035718596
i don't even have the guts to tell them knowing that they'll scold me back for being 'dEpReSsEd',1,0.9421394572441171,0.9703959779205991,True,1,-0.02825652067648199
"i might just be really stoned but likealmost no anxiety rn, it's really surprising i just feel likeweird? like maybe i'm just sleepy",0,1.0602783980825394,1.0751425636184777,False,1,-0.014864165535938278
I hate when I get anxious in the middle of the night. I know everything is going to be okay. Has to be okay. &gt;&lt; It will be okay.,1,0.9421394572441171,0.9220730537234475,True,1,0.020066403520669573
"If you've ever been depressed, shout out to you for making it this far 🖤",0,1.0602783980825394,1.0501153289478273,False,1,0.0101630691347121
dunno whats worse anxiety waiting for a level results or getting up at 7 for them,0,1.0602783980825394,1.0378899991931716,False,1,0.022388398889367833
@user ugh fbck ig stans for making me depressed??!,0,1.0602783980825394,1.000211984190506,False,1,0.06006641389203349
January lasted 6 months.February started 3 days ago.Winter may never end.I probably should get checked for depression.,1,0.9421394572441171,0.9126163134069667,True,1,0.02952314383715038
we love being depressed,1,0.9421394572441171,0.9437069398817122,True,1,-0.0015674826375950968
it's no wonder i am riddled with anxiety bc it seems everytime i try to do anything i would normally like to avoid it goes fucking wrong,1,0.9421394572441171,0.9364446179274126,True,1,0.0056948393167044475
My anxiety has fucked me up like a million times and here it goes again fucking me up.,1,0.9421394572441171,0.8994247563899535,True,1,0.04271470085416362
@user @user Ok that literally gives me anxiety,0,1.0602783980825394,1.001757873297196,False,1,0.05852052478534353
"Depression fucking sucks, man.",1,0.9421394572441171,0.9159178036978938,True,1,0.0262216535462233
I FUCJING HATE ANXIETY,1,0.9421394572441171,0.9557591513828335,True,1,-0.013619694138716443
im getting v. v anxious,1,0.9421394572441171,0.9433002755735027,True,1,-0.0011608183293856378
turn depression to aggression,0,1.0602783980825394,1.049917960899691,False,1,0.010360437182848514
@user All depressing facts.,0,1.0602783980825394,1.040911619523805,False,1,0.019366778558734365
"Depressed but keep smiling, well dressed, nd be strong",1,0.9421394572441171,0.9317572030506542,True,1,0.010382254193462837
made a bid on an ebay listing with 2m35s left on ittime to spend the next 2m35s anxiously refreshing this page,0,1.0602783980825394,1.0368163883801893,False,1,0.02346200970235013
"hi really bad depression that I was in 5 years ago, I'm back.",0,1.0602783980825394,1.0875180218642457,False,1,-0.0272396237817063
"this basic things you do, like eat and drink, shouldn't give a person so much anxiety",1,0.9421394572441171,0.9470920401071153,True,1,-0.004952582862998267
We anxiously waited for this?,0,1.0602783980825394,1.0540470341195811,False,1,0.006231363962958314
I'm depressed 'So am I' but I didn't ask because I'm sobbing and you aren't bitch get fucked,1,0.9421394572441171,0.948236609284949,True,1,-0.0060971520408319435
I've been having anxiety attacks ALL NIGHT. Send help.,1,0.9421394572441171,0.9090806072322367,True,1,0.03305885001188036
I don't sleep much at all now. My anxiety is super bad but I'm still not getting high like I was.,1,0.9421394572441171,0.9055098918556921,True,1,0.03662956538842499
@user Exactly and he still smashed your sister depressed or not I wouldn't forgive him so easily,0,1.0602783980825394,0.9921920007611014,True,0,0.06808639732143806
"I've legit never been to a brunch, that's depressing lmao",0,1.0602783980825394,1.0412856969913324,False,1,0.018992701091206987
suffering and depressed can exo2018subs pls upload eps 16-20 ;-; i need to see my boys being cute and funny,0,1.0602783980825394,1.0413762227421088,False,1,0.018902175340430594
When you wanna have big dick energy but you have social anxiety it's called soft dick energy. @user,1,0.9421394572441171,0.9864392949324639,True,1,-0.04429983768834678
"I like how only about half of my music I liked when I was depressed followed me out, I really think that's something worth noting 🤔",0,1.0602783980825394,1.0522409938398267,False,1,0.008037404242712709
#TheRealityOfDepressionIsDogs don't get it. Stupid dogs WTF are they so happy about all the time?,0,1.0602783980825394,1.0484996105899025,False,1,0.011778787492636944
My mom spent 160 dollars on two water jugs... lol and people wonder why I'm so depressed,1,0.9421394572441171,0.9476405769682298,True,1,-0.005501119724112713
"@user Always, with a passenger. Hence my anxiety!",1,0.9421394572441171,0.9876269473276144,True,1,-0.045487490083497284
Summer school is depressing,0,1.0602783980825394,1.0455887162210862,False,1,0.014689681861453252
Ummmmmmm excuse me I smell like CK Eternity and depression,1,0.9421394572441171,0.9457073654103514,True,1,-0.0035679081662343126
🎶Hello depression my old 'friend'You can go fuck yourself again,1,0.9421394572441171,0.9566033495235944,True,1,-0.014463892279477308
@user Too depressed to even wanna do that 😪,1,0.9421394572441171,0.993860060682256,True,1,-0.05172060343813889
"Depression taught me the importance of compassion and hard work, and that you can overcome enormous obstacles. – Rob Delaney",0,1.0602783980825394,1.0783123051235637,False,1,-0.018033907041024255
@user my anxiety attack,1,0.9421394572441171,0.9792465305286496,True,1,-0.037107073284532555
Me: kitties! Yay!Me: depression.. yay,1,0.9421394572441171,0.9449741388759322,True,1,-0.002834681631815106
"@user Hey there, how ya feeling? Getting anxious to get back in the ring?",0,1.0602783980825394,1.0184212213322343,False,1,0.04185717675030509
So that whole deep depression shit ppl was making fun of Kanye about..I felt that shit..&amp; its not coo🙅🏾‍♂️🙅🏾‍♂️,1,0.9421394572441171,0.9677406690188002,True,1,-0.025601211774683108
just one day without anxiety. please.,1,0.9421394572441171,0.9097972660790987,True,1,0.03234219116501835
@user I kinda wish I was my true self. I wouldn't be depressed.,1,0.9421394572441171,0.9418207799354184,True,1,0.0003186773086987227
"I've been severely depressed lately, but at least I got a raise today ¯\_(ツ)_/¯",1,0.9421394572441171,0.9377497601783252,True,1,0.004389697065791842
my summer depression returns 🤣🤣🤣,1,0.9421394572441171,0.9582205503719231,True,1,-0.016081093127806034
@user performance anxiety,1,0.9421394572441171,0.9890353979909606,True,1,-0.046895940746843556
i'm already getting anxious for it,0,1.0602783980825394,1.0594157651827365,False,1,0.0008626328998029287
"I feel so bad for my ex, I know his anxiety through the roof. Can't even have friends on social media. 😕",0,1.0602783980825394,1.0696332452401394,False,1,-0.009354847157599933
"@user Just my normal anxious state, you?",1,0.9421394572441171,0.9846257853471171,True,1,-0.042486328103000015
"You don't come out of depressions the same, you lose a piece of peace each time.",0,1.0602783980825394,1.0963670831051144,False,1,-0.03608868502257501
The latest episode gave me depression.,0,1.0602783980825394,1.0903766903396086,False,1,-0.03009829225706917
Wish I could cut this depression out of me,1,0.9421394572441171,0.9427249562411827,True,1,-0.0005854989970656144
"yes......it's true, not all heroes wear capes — today i used the crosswalk instead of anxiously power walking across the street",0,1.0602783980825394,1.0449195037714412,False,1,0.01535889431109827
You forgot.. anxiety.,1,0.9421394572441171,0.9475133734569555,True,1,-0.005373916212838448
People who gone through depression. (long or short period. please dm me),0,1.0602783980825394,1.0694127067762174,False,1,-0.009134308693677928
#MyInnerFear is the fear of growing up and fitting into the reality of life. #BPD #MentalHealth #Anxiety,1,0.9421394572441171,0.953755242317071,True,1,-0.01161578507295391
People keep subtweeting me &amp; giving me all this anxiety &amp; for what? Please tell me what did I ever do to make you do such a thing?😔,0,1.0602783980825394,1.0354218700611593,False,1,0.024856528021380164
i don't even talk to people on twitter but i still worry people are indirecting me cause i'm a dumb anxious bitch hhh,1,0.9421394572441171,0.9540652386888704,True,1,-0.011925781444753314
"I used to be good friends with my depression, saying oh I'm so depressed, or life is terrible.",1,0.9421394572441171,0.9259310742696207,True,1,0.016208382974496338
i need help anxiety wont let me sleep it's almost 2am and i need to wake up at 4am fuck fuck fuck,1,0.9421394572441171,0.9304704156231921,True,1,0.01166904162092497
Depression or just seeking attention? Ha ha,1,0.9421394572441171,0.9279406883447567,True,1,0.014198768899360337
"Remember Chavez was against illegal immigration, because it depressed wages of his workers.  #LaborDayWeekend2018",0,1.0602783980825394,1.0545022241732294,False,1,0.005776173909310067
It's not my fault my phone is so shitty it can only take depressing pictures.,0,1.0602783980825394,1.0841667460105862,False,1,-0.023888347928046727
@user ARE YOU GOING TO KILL ME OF ANXIETY,0,1.0602783980825394,1.0265327951144323,False,1,0.033745602968107136
Depression was not on my vocab until Im struggling with this now.,1,0.9421394572441171,0.8991710235026089,True,1,0.04296843374150816
"There is nothing men are so anxious to keep, and yet are so careless about, as life Jean de la Bruyère, Characters",0,1.0602783980825394,1.041309942823153,False,1,0.018968455259386507
oopsie looks like I'm on the brink of being all sad and depressed again why even fight it at this point,1,0.9421394572441171,0.9512036774727464,True,1,-0.009064220228629294
"Xanax is p great not gonna lie, I am no longer anxious but I also don't give a fuck about anything at all and it feels fantastic",0,1.0602783980825394,1.0645951797779167,False,1,-0.004316781695377303
luv getting to a doctors appt early but having to wait 15+ mins my anxiety is so bad rn,0,1.0602783980825394,1.0421342780263898,False,1,0.018144120056149626
"If I appear snappy, I apologize in advance. My paranoia/anxiety has been spiking up more than usual lately.",1,0.9421394572441171,0.9009113212708947,True,1,0.04122813597322239
@user I'm depressed. Can't watch that horrifying scene😭😭😭,0,1.0602783980825394,1.002681550311396,False,1,0.05759684777114349
i was ridiculously anxious during that part 💀,0,1.0602783980825394,1.0560201750523224,False,1,0.0042582230302170565
@user @user I'm so very sorry! This is so wrong! I know the anxiety you're dealing with &amp; my heart goes out to you!!,0,1.0602783980825394,1.0214172221000049,False,1,0.03886117598253458
New guy at work: you look like someone who's dead inside and clearly you have depression.Me: yeah what's new,1,0.9421394572441171,0.9314253945947801,True,1,0.010714062649336942
seasonal depression starting to fade finally,1,0.9421394572441171,0.9418797522319465,True,1,0.0002597050121705413
Shit is depressing bro,0,1.0602783980825394,1.0384397331022197,False,1,0.021838664980319722
"Not having your hair, nails &amp; eyebrows done is depressing asf 😭😩",0,1.0602783980825394,1.022130629486019,False,1,0.03814776859652036
dora the grown up is me. depressing huh,0,1.0602783980825394,1.0432385256651227,False,1,0.01703987241741678
is it possible to have a 12+ hr long anxiety attack because i feel like I've been having one literally all day,1,0.9421394572441171,0.9270602793260361,True,1,0.015079177918081
I got big dick energy last night all the sudden im not depressed,0,1.0602783980825394,1.0703633200494478,False,1,-0.010084921966908356
@user we depressed over here ok,1,0.9421394572441171,0.991938691465157,True,1,-0.049799234221039934
Stop confusing your nerves with anxiety. So many of y'all need to learn this,0,1.0602783980825394,1.0922887990199892,False,1,-0.03201040093744978
"Drivers have also gone through drug rehabilitation. However, depression is something a little different.",0,1.0602783980825394,1.0991346657458156,False,1,-0.03885626766327621
today my mother told me one no wants to be around me bot even her because I have really bad depression and anxiety... that hit hard,1,0.9421394572441171,0.9298284349578154,True,1,0.012311022286301654
"will MORE than likely try to stream today. Will keep ya updated, slept in and having extreme anxiety, hopefully a stream can happen.",0,1.0602783980825394,1.08594486133744,False,1,-0.02566646325490063
@user Not that I don't want Q to post....but I'm anxiously awaiting YOUR next video. :),0,1.0602783980825394,1.0001665748134263,False,1,0.06011182326911313
@user @user @user Anxiously awaiting your review.,0,1.0602783980825394,1.0020962709164059,False,1,0.05818212716613358
depressed bitch hours,1,0.9421394572441171,0.9447632479520918,True,1,-0.0026237907079746936
Depression is real. Check on your friends,1,0.9421394572441171,0.9461143775320057,True,1,-0.003974920287888595
Being left on read by my favourite person or people leaves me a special kind of anxious and sad,0,1.0602783980825394,1.0523904374177633,False,1,0.00788796066477615
5. Anxiety is/ the handmaiden of creativity. [T.S. Eliot],0,1.0602783980825394,1.0575153835975628,False,1,0.0027630144849766225
"So my depression thinks that it has everything all figured out.  Now really, how can that possibly be true?  Ok then self, just be HOPEful!",1,0.9421394572441171,0.9501255326722654,True,1,-0.007986075428148331
I HATE anxiety,1,0.9421394572441171,0.9335262767828463,True,1,0.008613180461270797
DESTROYED BY MADNESSANXIETY IS FREEDOM,0,1.0602783980825394,1.0344633475788718,False,1,0.025815050503667614
@user @user @user This thread is giving me anxiety.,0,1.0602783980825394,1.021592136640492,False,1,0.03868626144204734
@user Perfect way to cheer me up on this depressing day!,0,1.0602783980825394,1.017838141979459,False,1,0.04244025610308033
@user Thats called anxiety babe. Just gotta push though and trick ya mind to not let it bring you down.,0,1.0602783980825394,1.0647002206654474,False,1,-0.004421822582908019
"I'm emotionally, physically and mentally depressed so please forgive me if I'm not the same person.",1,0.9421394572441171,0.9106379404080528,True,1,0.03150151683606428
Well.... I'm depressed,1,0.9421394572441171,0.9394183466141611,True,1,0.0027211106299559473
don't wanna be depressed anymore. finally putting in work on that..,1,0.9421394572441171,0.9325221457591684,True,1,0.00961731148494871
I've got separation anxiety just thinking about leaving Olly and I'm no even on holiday yet 😢😢😢😢,0,1.0602783980825394,1.051409795866018,False,1,0.008868602216521415
no one: my anxiety: lol i don't think you locked the door,0,1.0602783980825394,1.0437663687923184,False,1,0.016512029290220998
depressed hours: [OPEN],1,0.9421394572441171,0.9392138723508443,True,1,0.00292558489327277
@user couple of anxious teenagers,0,1.0602783980825394,1.016449749422833,False,1,0.04382864865970637
dealing with anxiety without medication,1,0.9421394572441171,0.938531896399702,True,1,0.0036075608444150475
@user benzo withdrawals I'm depressed af but fuck a bar I got enough bad luck,1,0.9421394572441171,0.9776584344087169,True,1,-0.03551897716459984
how do you actually get yourself out of depression,1,0.9421394572441171,0.9303004710405176,True,1,0.011838986203599466
"We aren't all crazy irresponsible obesessed fan girls we're all queer and depressed BTS and Big Hit know this, there was a fucking survey",1,0.9421394572441171,0.9728021605888592,True,1,-0.03066270334474208
Like I came here to see white teenagers wylin out. Not to be attacked with these depression hot takes @user,0,1.0602783980825394,1.055598644804015,False,1,0.0046797532785243234
I will be forever depressed if Senegal doesn't  go through 😭,0,1.0602783980825394,1.0383053265075977,False,1,0.02197307157494177
Collage in an anxious and malleable manner,0,1.0602783980825394,1.0569252364441437,False,1,0.0033531616383957186
@user Are*  frustration* jealousy* Depression*,0,1.0602783980825394,1.0014874705797996,False,1,0.05879092750273984
To the guy who stole my antidepressants I hope you're happy now,1,0.9421394572441171,0.9523149080925472,True,1,-0.010175450848430079
I need someone with nails to scratch my head I got anxiety for two second and bit all of mine,0,1.0602783980825394,1.068186824435392,False,1,-0.007908426352852604
So is everyone just romanticizing depression and anxiety now? Is that supposed to be the new wave,0,1.0602783980825394,1.0819951005736967,False,1,-0.021716702491157314
"i dug myself out of depression, this glow is personal baby",0,1.0602783980825394,1.0627132945886024,False,1,-0.002434896506062989
It's the same 8 niggas liking all my depressing shit.Y'all make me worry.,0,1.0602783980825394,1.0711101152254263,False,1,-0.010831717142886887
We're getting inspected by the state at work this week and my anxiety is already through the roof and I'm at home,0,1.0602783980825394,1.055876165181552,False,1,0.004402232900987402
"@user but what if the only time we ever talk is whenever i can get over my anxiety (which is almost never, h a h)",1,0.9421394572441171,0.9484053611796869,True,1,-0.006265903935569805
@user The dog was just anxious mostly,0,1.0602783980825394,1.0038770502828425,False,1,0.056401347799696966
This gives me anxiety😶,0,1.0602783980825394,1.0483559048195987,False,1,0.011922493262940703
Why do i get the anxiety at night 🤦🏻‍♀️,1,0.9421394572441171,0.9404322414176777,True,1,0.001707215826439401
God had to nerf me cos I was too powerful so he hit me with that seasonal depression... every season lmao,1,0.9421394572441171,0.9616893219042015,True,1,-0.01954986466008446
@user This gave me anxiety and anger i didn't know I could conjure at 5 AM.Thank god it was a meme,0,1.0602783980825394,1.0122336840670716,False,1,0.04804471401546784
Sports center covering golf is depressing,0,1.0602783980825394,1.04605367418351,False,1,0.014224723899029401
This season of Survivor is giving me an unhealthy amount of anxiety.,0,1.0602783980825394,1.103967273324948,False,1,-0.0436888752424085
...  anxiously awaiting @user to release the @user tickets for September. #theslowhearts,0,1.0602783980825394,1.0482979285737095,False,1,0.011980469508829916
#anxiety sucks!!!!!! I just want to sleep kinda normal......,1,0.9421394572441171,0.9503958657379329,True,1,-0.008256408493815814
@user Depression face,1,0.9421394572441171,1.029071647455444,False,0,-0.08693219021132692
I hate depression. @BTS_twt #TeenChoice #BTSARMY #ChoiceFandom,1,0.9421394572441171,0.9830429782284534,True,1,-0.04090352098433636
A self aware GIF gets performance anxiety as it attempts to ssh into a person's drill bit as soon as it is happy with the person it's become,0,1.0602783980825394,1.0351154788793346,False,1,0.025162919203204792
My anxiety has been through the roof lately and I feel like I have no one to talk to and I just need a friend,1,0.9421394572441171,0.9239634118236687,True,1,0.018176045420448372
Booking a one-way flight gives me a mild anxiety ☹️,0,1.0602783980825394,1.0475571581260645,False,1,0.012721239956474895
@user cant fucking wait its pretty damn depressing to live with mom at 21,0,1.0602783980825394,0.9971101480666711,True,0,0.06316825001586834
@user I hope so too ;-; I have a feeling I am probably panicking over nothing but I always do this because of how anxious I get &gt;.&lt;;,0,1.0602783980825394,1.0213584855961346,False,1,0.038919912486404806
"If we arguing I'm always gone win😂💯, cause u bitches always end up mad or depressed at the end😘!",0,1.0602783980825394,1.036944569005978,False,1,0.023333829076561452
"@user Omg, I'm anxious",1,0.9421394572441171,0.9935122892448942,True,1,-0.051372832000777136
sorting out important papers and its making me anxious af,0,1.0602783980825394,1.0605267785284604,False,1,-0.0002483804459210148
my anxiety has been so high these past 7/8 days it's just too much i can't function,1,0.9421394572441171,0.9183351805799667,True,1,0.023804276664150414
@user I've never been so depressed in my life😭,1,0.9421394572441171,0.9924932589741993,True,1,-0.05035380173008219
@user @user I'm actually findnig place to escape from proff depression here on twitter 🤣 meme war would be perfect. 😍,0,1.0602783980825394,1.0130806152197052,False,1,0.04719778286283427
At 04:30 I'm drugging myself and going to bed. If I don't wake up 💀 lmao as if my anxiety won't wake me up 😬,1,0.9421394572441171,0.9439046078944001,True,1,-0.0017651506502830427
@user we're all just depressed hoes huh,1,0.9421394572441171,0.9832243508728142,True,1,-0.04108489362869716
Nothing makes me more anxious than trying to catch my shopping when it's coming off the till at hyperspeed in #Aldi,0,1.0602783980825394,1.0419243655350041,False,1,0.018354032547535315
the mental health descriptions gave me anxiety I don't even have OCD,1,0.9421394572441171,0.9395426943281955,True,1,0.002596762915921591
Having depression feels like the only way to fix having it is isolating yourself from the world.,1,0.9421394572441171,0.9072875324228549,True,1,0.034851924821262203
Health anxiety is literallly the worst!!! Like my ear is sore and google just ain't helping,1,0.9421394572441171,0.9578326576762488,True,1,-0.015693200432131738
"Depression shopping, yay",1,0.9421394572441171,0.9453961788242777,True,1,-0.0032567215801606597
I been having to smoke before work &amp; after and I hate it😩 only thing that helps a little w/ my anxiety when I have it every blue loom,1,0.9421394572441171,0.948873888048209,True,1,-0.006734430804091973
am i born with it or is it my anxiety,1,0.9421394572441171,0.9309879111720067,True,1,0.01115154607211033
"when you feel so sad, upset, worried and depressed with no reason .. what does that mean?",1,0.9421394572441171,0.9239660222757196,True,1,0.018173434968397517
Thread: There is nothing more depressing than listening to my grandparent's conversation at breakfast.,0,1.0602783980825394,1.0714933714961832,False,1,-0.011214973413643747
Twitter highkey depressing these days . I might be off it for a while . Tryna keep my vibrations high.,0,1.0602783980825394,1.059497219988779,False,1,0.0007811780937603263
😂😭😂😂  RT @user GOT is giving me anxiety,0,1.0602783980825394,1.0050078732952072,False,1,0.05527052478733219
Sending my mom lighthearted depression memes when I'm in a depressive episode is a mood,1,0.9421394572441171,0.947062032468978,True,1,-0.004922575224860948
Bella's month by month montage of depression.biTCHH ME TOO. 🗣🗣🗣🗣,0,1.0602783980825394,1.0395383272715497,False,1,0.02074007081098972
@user It's made me so depressed I can't stand it,1,0.9421394572441171,0.9936850514793416,True,1,-0.051545594235224534
Depression is not taken serious enough.,0,1.0602783980825394,1.0922002466604668,False,1,-0.03192184857792735
i'm going to italy tomorrow night n i'm kinda anxious but no worries ://,0,1.0602783980825394,1.0634381677847344,False,1,-0.0031597697021950033
@user both have to move bc we can't afford college &amp; are also *checks notes*depressed,1,0.9421394572441171,0.9910075933912599,True,1,-0.048868136147142804
"Moved to Manipal today for further studies. Even after 5 years of hostel experience, new places and new people kick in a lot of anxiety.",1,0.9421394572441171,0.9190317377111481,True,1,0.023107719532968973
@user @user well not the anxiety but the rest! &lt;3,0,1.0602783980825394,1.0158246911674917,False,1,0.044453706915047686
@user @user @user Depressing how much the Democrats and Republicans are willing to lose in attempting to win.,0,1.0602783980825394,1.0066427067494492,False,1,0.05363569133309021
"Communicating through voice notes gives me actual anxiety, i sound like an actual 50 year old male who smokes 50+ a day",1,0.9421394572441171,0.9317462126213176,True,1,0.010393244622799447
@user That's life for ya. But antidepressants help manage it.,1,0.9421394572441171,0.9459106086368058,True,1,-0.0037711513926886875
@user I feel like we fucked up. I'm almost depressed about this,0,1.0602783980825394,1.0422817928025534,False,1,0.017996605279986033
I wish more small businesses had animals inside. Like an office cat or dog. Give me something to calm my social anxiety.,1,0.9421394572441171,0.9134715901256995,True,1,0.028667867118417623
@user Anxiety takes over when it comes to this team.,1,0.9421394572441171,0.9643467612333803,True,1,-0.022207303989263183
Cast all your anxiety on Him because He cares for you. // 1 Peter 5:7,0,1.0602783980825394,1.081350639715085,False,1,-0.021072241632545508
Lil peep and xxxtentacion music was trash as fuck only depressed pussy listen to that shit,0,1.0602783980825394,1.029811236363648,False,1,0.03046716171889141
I get anxiety when I'm sent someone's IG page lol,0,1.0602783980825394,1.0403769491819446,False,1,0.019901448900594865
@user @user @user @user @user You can see in his eyes and body language something is not right. Very anxious!,0,1.0602783980825394,1.0097445234938605,False,1,0.05053387458867897
well that's depressing,0,1.0602783980825394,1.0460405347113801,False,1,0.014237863371159287
Let me keep it 💯 most of my depression will calm down if I had money 💸💸💸 out the ass ...,1,0.9421394572441171,0.9476037581101913,True,1,-0.00546430086607419
What a depressed night,1,0.9421394572441171,0.9448839188127962,True,1,-0.002744461568679135
@user got me depressed 😢 don't get me wrong I wanted the evil characters to die but godamn!,0,1.0602783980825394,1.0147441740801992,False,1,0.045534224002340196
"@user @user @user himself, to be exceedinglyanxious",0,1.0602783980825394,0.9851263116421287,True,0,0.07515208644041071
My Twitter has been so depressing lately I need to headbang to feel better.,0,1.0602783980825394,1.0941950921215073,False,1,-0.03391669403896791
The amount of anxiety I've been having the past couple days is insane.,1,0.9421394572441171,0.8923479035205111,True,1,0.049791553723606
I'm thinking I might be mildly depressed legitimately,1,0.9421394572441171,0.9260830217451346,True,1,0.016056435498982502
Lil bit anxious that #slovenia look like brother and sister and are shagging eachother with their eyes #Eurovision,0,1.0602783980825394,1.038286959167583,False,1,0.021991438914956474
"Somehow, in the last two days, the universe has opened my eyes as to where a lot of my insecurities and anxieties come from.",1,0.9421394572441171,0.9063324371606597,True,1,0.035807020083457375
@user His anxiety meds must be working. I mean standing TOP means showing his forearms is scandalous. But that chest! My god.,0,1.0602783980825394,1.0552092231351478,False,1,0.005069174947391675
Watching Leonardo get in a fight with that bear sparked my anxiety,0,1.0602783980825394,1.0418770044342007,False,1,0.018401393648338704
im depressed its so fucking long until i meet friends,1,0.9421394572441171,0.9490100100998086,True,1,-0.006870552855691492
"Depression slapped me in my face today, imma go back to sleep",1,0.9421394572441171,0.9364317814685632,True,1,0.0057076757755538665
anxiety at an all time low. 🥂,0,1.0602783980825394,1.052105384515586,False,1,0.008173013566953324
@user I ain't depressed my guy just have anxiety attacks that stress me out. Cheers man,1,0.9421394572441171,0.976822476496609,True,1,-0.03468301925249195
"@user My life being a giant ball of stress and anxiety and my brain being a broken piece of shit, mostly",1,0.9421394572441171,0.9729841069689127,True,1,-0.030844649724795614
this is incredibly depressing,1,0.9421394572441171,0.955002795804534,True,1,-0.012863338560416882
Twitter typos depress me 😅,0,1.0602783980825394,1.0235709153174424,False,1,0.036707482765097055
My anxiety is skyrocketing lately so please be patient with me if I take a long time to reply to you :|,1,0.9421394572441171,0.9540272559718698,True,1,-0.011887798727752696
Stuck in the depression but life goes on,1,0.9421394572441171,0.9382739933850026,True,1,0.0038654638591144597
DID YOU JUST SAY DEPRESSING OC CONCEPT???,0,1.0602783980825394,1.0393707674157295,False,1,0.020907630666809895
"I honestly can't go to sleep now, my anxiety is through the roof",1,0.9421394572441171,0.9291921434295709,True,1,0.012947313814546169
"Snapchat's got some type of depression Ad on it, and it's triggering as shit, it's also awful to hear, needs to be taken off lol.",0,1.0602783980825394,1.0837446583975587,False,1,-0.023466260315019305
Feels like love islands been on forever... the day it started we went on honeymoon. Depressing 😕 #loveisland,0,1.0602783980825394,1.0570828597657689,False,1,0.003195538316770552
#CBD tends to cure my anxiety ngl,1,0.9421394572441171,0.9380878045313003,True,1,0.004051652712816822
"Sure sex is good, but have you ever tried to sAy nO tO DePreSSiOn?",0,1.0602783980825394,1.0507572956579359,False,1,0.009521102424603578
I'm so happpppppy with my life. People please stop asking why I'm sad-mad-depressed-high-ITS JUST MY FACE💀💀💀💀💀💀🤷🏼‍♀️,0,1.0602783980825394,1.0508261488325101,False,1,0.009452249250029299
When thinking about life remember this: no amount of guilt can solve the past and no amount of anxiety can change the future.,0,1.0602783980825394,1.0987440887735538,False,1,-0.038465690691014354
Faye cured my depression.,0,1.0602783980825394,1.0839872684905305,False,1,-0.02370887040799108
"Reading this back it sounds cocky but it's not, I just say no to every plan new people try to make with me because I have social anxiety",1,0.9421394572441171,0.938841770575657,True,1,0.003297686668460087
I'm so depressed rn..... going to smoke up and Idk,1,0.9421394572441171,0.9368126449887829,True,1,0.005326812255334157
Gotta love that depression and anxiety that makes you feel like throwing up.,0,1.0602783980825394,1.096901211657179,False,1,-0.03662281357463959
@user Arlington being spelt wrong in your name gives me anxiety,0,1.0602783980825394,1.0077025605291963,False,1,0.05257583755334316
@user What a depressing team that would make,0,1.0602783980825394,1.004042607416511,False,1,0.05623579066602846
"I need love, I'm depressed, I'm a fool, I'm a mess",1,0.9421394572441171,0.9289367230751897,True,1,0.013202734168927366
People who regularly help others are significantly happier and less likely to become depressed as they get older.,0,1.0602783980825394,1.086305512998102,False,1,-0.026027114915562644
@user This gif gave me anxiety lmaooofjdjdkd,0,1.0602783980825394,1.0021130637050668,False,1,0.05816533437747262
Has this guy tried to even understand depression before coming up with this BS conclusion?,1,0.9421394572441171,0.9351158277994482,True,1,0.007023629444668833
the tl has been depressing today i hope everyone has a better day tomorrow goodnight!,0,1.0602783980825394,1.064268504734758,False,1,-0.00399010665221855
@user Can you please fix it soon. I am having freaking anxienty here,0,1.0602783980825394,1.0187896859655006,False,1,0.04148871211703886
Anxious to watch @user in action!!!  A talented group at every position!!! @user,0,1.0602783980825394,1.033326104660273,False,1,0.02695229342226635
@user @user Depressed,0,1.0602783980825394,1.0111587118880803,False,1,0.04911968619445917
anxiety attack begins,1,0.9421394572441171,0.9416699737943475,True,1,0.0004694834497696032
@user because family guy is the viewing equivalent of depression food,0,1.0602783980825394,0.9985096804402451,True,0,0.0617687176422943
Arsenal fans all depressed that they lost today wait till Saturday y'all gonna be big sad,0,1.0602783980825394,1.0349830555494908,False,1,0.02529534253304866
my shoes have wheels because the depression doesn't stop,0,1.0602783980825394,1.0605135962533954,False,1,-0.00023519817085593253
So much anxiety right now,1,0.9421394572441171,0.938858090262772,True,1,0.0032813669813450685
"Stress, anxiety &amp; depression are the result when we are living to please others. -Paulo Coelho",0,1.0602783980825394,1.0497871092850306,False,1,0.010491288797508824
"@user my plethora of memes is not that large, it's mainly depressive shit;;;",0,1.0602783980825394,1.0165297708665946,False,1,0.04374862721594486
when i send a risky text i always hide the person's alerts idk why but it makes me feel less anxious,0,1.0602783980825394,1.0436319968456291,False,1,0.016646401236910302
"@user Not depressing....disgusting! This person showed no backbone, whatsoever. Or maybe he was threatened...",0,1.0602783980825394,1.0515753733065099,False,1,0.008703024776029578
Depressed me and the positive changes I made while I was feeling better,0,1.0602783980825394,1.0619930942243412,False,1,-0.0017146961418017526
@user @user @user Or what does liking pics have to with depression....this tweet is dumb,0,1.0602783980825394,1.0219181941489435,False,1,0.03836020393359596
My anxiety is through the roof today,1,0.9421394572441171,0.9273320480773619,True,1,0.014807409166755159
@user @user @user Depression is a bitch.,1,0.9421394572441171,1.004525849718816,False,0,-0.062386392474699015
@user anxiously awaiting for the cans to hit stores,0,1.0602783980825394,1.0026844794588048,False,1,0.05759391862373464
Lofl my anxiety ruins my life,1,0.9421394572441171,0.9518776986345494,True,1,-0.009738241390432334
I've been in a good mood all morning and then BAM depression just hit my in the face lmao,1,0.9421394572441171,0.9264003658249474,True,1,0.015739091419169626
@user Anxiety at being stuck in a lift with people where there's no space makes me do it,0,1.0602783980825394,0.997448658896264,True,0,0.06282973918627544
The post PAX withdrawal/depression is damn real. Unplugged can't come soon enough!,0,1.0602783980825394,1.0617563084676607,False,1,-0.0014779103851212394
Chicago traffic gives me fucking anxiety,0,1.0602783980825394,1.0458301418968972,False,1,0.014448256185642272
my first foray into writing simon/markus: Simon is a depressed old man and Markus is his manic pixie dream twink.,0,1.0602783980825394,1.044359137436494,False,1,0.01591926064604543
I think he's trying to get killed. He's always saying he's depressed so u never know,0,1.0602783980825394,1.0820215876854242,False,1,-0.021743189602884794
So much for self care and relaxation. Anxiety up the ass 😖,1,0.9421394572441171,0.9435428711895738,True,1,-0.001403413945456733
its a depressing day to be a madridista im going to bed,0,1.0602783980825394,1.053475883618583,False,1,0.006802514463956522
"@user I agree with you. I also use fidgets, they've been invaluable to me in situations when I'm coping with high anxiety.",1,0.9421394572441171,0.9291669268443299,True,1,0.012972530399787185
"Depress your mentions, ain't got to be a bighead",1,0.9421394572441171,0.9437565611045382,True,1,-0.0016171038604211319
Today has been pretty shit but  I did wash my sheets so at least I can be depressed in a nice clean bed!,0,1.0602783980825394,1.0538649268936533,False,1,0.006413471188886133
@user Low key i wish my mom knew she had anxiety and that i inherited it. It could have helped majorly with my life,0,1.0602783980825394,1.056597073783538,False,1,0.003681324299001476
forgot to get veggies on bowl im depressed,0,1.0602783980825394,1.0477349154586524,False,1,0.012543482623887048
63 hours of depression and counting 👍🏼,1,0.9421394572441171,0.9535670448837534,True,1,-0.01142758763963636
Anxiety on 10000,1,0.9421394572441171,0.9406712191785686,True,1,0.0014682380655485217
19 is just as depressing as18...,0,1.0602783980825394,1.0706315943945963,False,1,-0.01035319631205689
"I wish everyone would understand that when having depression, you can't control your thoughts. Instead, your thoughts control you.",1,0.9421394572441171,0.9042829878831666,True,1,0.03785646936095044
Birthday tomorrow. Only one year until the rather more depressing landmark one! Woo!,0,1.0602783980825394,1.0564520226666445,False,1,0.0038263754158949226
OH MY GODTELL ME WHO IS THIS PERSONOZKSOKAXOAK I'M CURIOUS AND ANXIOUS ABOUT THAT,0,1.0602783980825394,1.0352551400708727,False,1,0.025023258011666716
"why did i agree to 8am shifts, my anxiety is so bad every morning i feel like i'm going to puke",1,0.9421394572441171,0.9290383946063243,True,1,0.01310106263779276
i just remember i got paid time to dump money to get rid of my depression,1,0.9421394572441171,0.9463935710797204,True,1,-0.004254113835603368
I just had one of the worst anxiety attacks I've had in a cool min what's uppppp 🤪,1,0.9421394572441171,0.9287077018658343,True,1,0.013431755378282784
"@user This is so cool!! Thank you for considering those of us with social anxiety, @user love you you're awesome!",1,0.9421394572441171,0.9719722158606585,True,1,-0.029832758616541444
I hate anxiety. Haven't eaten all damn day,1,0.9421394572441171,0.9117846780100111,True,1,0.03035477923410601
What cures my depression? Baby Zia's small long hugs and l'amour de ma famille 💕,1,0.9421394572441171,0.9605075945800595,True,1,-0.018368137335942447
im kinda glad i didnt go to the movie 😳 just from videos im already anxious jfc,0,1.0602783980825394,1.0338362476920815,False,1,0.02644215039045794
I absolutely hate not being able to fall asleep... Anxiety drives me insane.,1,0.9421394572441171,0.8971672681598011,True,1,0.044972189084315994
@user Oh wow!!! lol that's depressing on this end,0,1.0602783980825394,0.9964680197288863,True,0,0.06381037835365311
"friend: is depressedme, struggling to help them feel better:",1,0.9421394572441171,0.9635795187930039,True,1,-0.02144006154888678
my life is just me trying to say something about how depressed and sad i feel all the time while being convinced nobody needs that kinda bs,0,1.0602783980825394,1.0621527086739477,False,1,-0.0018743105914083014
"Today, woke up to blessings on blessings. It's the small reminder my anxiety needed 👏🏽🙏🏽🙌🏽",0,1.0602783980825394,1.073786089765049,False,1,-0.013507691682509648
When they say to use fitness to help with depression,0,1.0602783980825394,1.0549055686261128,False,1,0.005372829456426587
Actually parang wala namang rason para maging sad ako but my anxiety casts all the happiness aside. 😞,0,1.0602783980825394,1.0375215669262314,False,1,0.022756831156308
i get depressed. i buy a DVD on ebay. its the perfect system really!,0,1.0602783980825394,1.0469010676901125,False,1,0.013377330392426945
Stressed and depressed x1000 lol,1,0.9421394572441171,0.9605880867122287,True,1,-0.018448629468111655
depressed - edgy thot,1,0.9421394572441171,0.9317542503897714,True,1,0.01038520685434563
did tess have like an episode of anxiety? anxiety attack? #SweetBitter,0,1.0602783980825394,1.0526617224155563,False,1,0.007616675666983097
me: himy mom: oh good evening my depressed hoe,0,1.0602783980825394,1.0328490430096506,False,1,0.027429355072888795
Anxiety just hit me so hard,1,0.9421394572441171,0.9418584426365622,True,1,0.00028101460755491914
I'm up super early coz I just had a really depressing dream and I now need yt :(,0,1.0602783980825394,1.0527634897414668,False,1,0.007514908341072601
"haven't taken my anxiety medicine in like 2 weeks, which is probably why I feel like my life is falling apart. whoops, I better get on that",1,0.9421394572441171,0.9182030596147771,True,1,0.023936397629339967
this is the pdx depression,1,0.9421394572441171,0.9518928357127019,True,1,-0.009753378468584817
guess who has a bucket load of anxiety on this fine morning,1,0.9421394572441171,0.9447559649858024,True,1,-0.0026165077416853144
Gotta stop letting depression get the best of me.,1,0.9421394572441171,0.9000267084470017,True,1,0.04211274879711535
@user Anxiously waiting for his treat:) wondering where it is.,0,1.0602783980825394,0.9976206912863796,True,0,0.06265770679615978
that was honestly horrible advice and that just made me more anxious ahshajjaabsnaksnns,0,1.0602783980825394,1.0431273274733968,False,1,0.01715107060914267
being a depress person ain't a jk,1,0.9421394572441171,0.9522536774808351,True,1,-0.010114220236718041
Depression meal is bagel bites with mint chocolate chip ice cream,0,1.0602783980825394,1.048931881301938,False,1,0.011346516780601501
"im not happy - in fact i feel miserable, anxious, lonely and horrible. all the time.",1,0.9421394572441171,0.9104342719066467,True,1,0.031705185337470354
Loosing everything little by little ... breaking down day after day .. sleeping thru my depression everyday.. when will it end,1,0.9421394572441171,0.9084616307988028,True,1,0.03367782644531425
"@user Wow I thought this product would cater towards my 90s nostalgia, not my 2018 depression.",1,0.9421394572441171,0.9846780253000844,True,1,-0.04253856805596734
@user And I'm stunned and depressed it's that high.,1,0.9421394572441171,0.9611966923151112,True,1,-0.019057235070994105
Curse you anxiety. Why do you only manifest yourself at night with nausea and disrupt my sleep 😭😭😭,1,0.9421394572441171,0.95225051618828,True,1,-0.010111058944162976
Music and love cures my depression,1,0.9421394572441171,0.9420500751158389,True,1,8.938212827813707e-05
"At a time when depression &amp; mental illness are so prevalent in our society, we must carefully govern what information we let into our minds.",0,1.0602783980825394,1.0704137023384943,False,1,-0.01013530425595488
save me from depression cuz my life got no direction,1,0.9421394572441171,0.9364136789642932,True,1,0.005725778279823901
@user my dear melancholy but like ... 1029382x more depressing,1,0.9421394572441171,0.9971379537713768,True,1,-0.054998496527259744
The lack of a stylus with Super Mario Maker 2 is really depressing. Where you at @user,0,1.0602783980825394,1.0524501835136473,False,1,0.007828214568892156
Just sitting in my OB's office is making me so anxious. I'm so ready to meet my little nugget!,0,1.0602783980825394,1.0711091215296216,False,1,-0.010830723447082136
"This summer is going to be a lot I can feel it now they already cutting up, and it's the exact reason I get anxiety going out.",1,0.9421394572441171,0.914935091364472,True,1,0.02720436587964503
@user I hate this cause people say oh well at least you have food. Like that stops depression or feeling sad/unhappy,1,0.9421394572441171,0.9937648475629863,True,1,-0.05162539031886926
@user anxiety&gt; @user anxiety #BattleOfWinterfellDay,0,1.0602783980825394,1.0031545985322765,False,1,0.05712379955026292
The reason why ga makes me anxious and why I don't want front row hhhh help,0,1.0602783980825394,1.0490961959322553,False,1,0.011182202150284093
"Despite what your public school education taught you, the New Deal was not the cure to the great depression",0,1.0602783980825394,1.0598702324233802,False,1,0.0004081656591592431
@user I'm ok now had a rough night with my anxiety which leads to stomache pain I'm ok 🙂 &lt;3,1,0.9421394572441171,0.988746635446843,True,1,-0.046607178202725974
@user Truly am anxious about it lol I will soon though 😂,0,1.0602783980825394,1.0104327786663025,False,1,0.049845619416236886
I check the local spca website every day to look at cats and it's so depressing seeing how many bunny's have showed up in the last month :(,0,1.0602783980825394,1.0300454702908204,False,1,0.030232927791719044
i literally feel left out every day im  so depressed,1,0.9421394572441171,0.9329571396182024,True,1,0.009182317625914704
"@user You nailed it. Actually, I did notice! And that made me supremely more anxious.",0,1.0602783980825394,1.0550267011560255,False,1,0.005251696926513949
"@user Our athem sounds depressing, but I guess it's pretty cool 🦁🇳🇱",0,1.0602783980825394,1.0060434700610539,False,1,0.05423492802148555
Anxiety is so fucking CATCHY but selena's entrance sucks tbh just her entrance tho she killed the rest🔥,0,1.0602783980825394,1.028463199296137,False,1,0.03181519878640238
Someone convince me to go to WrestleMania next year and not let my stupid anxiety get in the way!!! :(,0,1.0602783980825394,1.032107983474401,False,1,0.028170414608138516
take care of ur mental health — the really depressed girl,1,0.9421394572441171,0.958073700171743,True,1,-0.015934242927625908
me: needs attention also me: gets incredibly anxious when people look at me,1,0.9421394572441171,0.9312814105168672,True,1,0.010858046727249882
i'm sorry for so many depressing tweets lately i just feel like i have to put my thoughts somewhere,1,0.9421394572441171,0.9354185553238119,True,1,0.006720901920305167
I give myself anxiety,1,0.9421394572441171,0.9392085959792321,True,1,0.002930861264884954
Ahhh I'm finally feeling like myself again 😩👏🏾👏🏾 depression you bitch you almost got me 😂,1,0.9421394572441171,0.9578573781301083,True,1,-0.01571792088599122
im all alone and depressed,1,0.9421394572441171,0.9243241884462696,True,1,0.01781526879784745
"@user @user yeh, uh, unless you wanna deal with my anxiety ridden self then sure 😆",1,0.9421394572441171,0.9796639647973953,True,1,-0.037524507553278186
@user Just a wave of normal depression poking through the post concert depression. It's all good though.,1,0.9421394572441171,0.9334706011230769,True,1,0.00866885612104018
WHY AM I DEPRESSED?,1,0.9421394572441171,0.924763573355954,True,1,0.017375883888163024
"@user aaaa i forgot an expression, tired or depressed would be great, your choice",1,0.9421394572441171,0.9628170419328415,True,1,-0.020677584688724382
jsjdjdjf i talk as if i haven't been big sad as it is but it's really almost annual hailey depression week,1,0.9421394572441171,0.9606873274767068,True,1,-0.018547870232589747
@user another anxiety chat any time soon? 😘🙏🏼,0,1.0602783980825394,1.0076027123153608,False,1,0.052675685767178626
@user 🗣I have depression!,1,0.9421394572441171,0.9800350435187625,True,1,-0.0378955862746454
Driving in this weather with Leo in the car gets my anxiety through the roof 😖,0,1.0602783980825394,1.0509220855779842,False,1,0.009356312504555264
I am so anxious right now I can literally feel my whole body tensing up,1,0.9421394572441171,0.9334766777130505,True,1,0.008662779531066533
'You're too young to be depressed',1,0.9421394572441171,0.9349818323663188,True,1,0.007157624877798252
i feel like they have an issue with me. or is it just my anxiety?,1,0.9421394572441171,0.9323284925761328,True,1,0.009810964667984257
my irl caught me checking cals on a bag of popcorn and my anxiety is thru the roof,1,0.9421394572441171,0.9542968216241124,True,1,-0.012157364379995372
Sundays suck.Tooo anxious to sleep.Perfect.,1,0.9421394572441171,0.9263108095502108,True,1,0.01582864769390624
"Do u think if I baked the book Rewriting The Rules into a cake and ate it, my anxiety would disappear",1,0.9421394572441171,0.95546063036444,True,1,-0.013321173120322882
Study shows 30% of teens with T1D have depressive symptoms! This disease is hard on our kids.,0,1.0602783980825394,1.080949384872061,False,1,-0.020670986789521617
I wish test anxiety wasn't a thing,1,0.9421394572441171,0.9440697103887151,True,1,-0.0019302531445980486
How I go from feeling so so happy to severe anxiety and panic attacks I will never know,1,0.9421394572441171,0.9330175566853124,True,1,0.009121900558804685
I'm depressed they're making a Hulu series and didn't cast @user as Alaska,1,0.9421394572441171,0.973215201823273,True,1,-0.03107574457915596
'You look so tired' Is call depression,1,0.9421394572441171,0.9515440578818566,True,1,-0.009404600637739513
@user I'll be your depression medicine,0,1.0602783980825394,1.0070033360592783,False,1,0.053275062023261155
"Some of you don't have anxiety, you just have to pooh",0,1.0602783980825394,1.0568705822077833,False,1,0.003407815874756137
well fucking joke on u because im already extremely depressed,1,0.9421394572441171,0.9457371792505723,True,1,-0.0035977220064552506
If you watch porn in HD you can literally see the depression on their faces.,0,1.0602783980825394,1.0768721260340495,False,1,-0.01659372795151004
I'm so horny but I am depressed,1,0.9421394572441171,0.9290478908639861,True,1,0.013091566380130981
The streets of England are quiet. This is depressing.,1,0.9421394572441171,0.926586033037741,True,1,0.015553424206376065
Candle feels depress and isolated she hid in a cave.,0,1.0602783980825394,1.076054356826773,False,1,-0.015775958744233654
the closer to summer means the closer to a new rick and morty season but also the seasonal depression that comes with it,1,0.9421394572441171,0.9466191193852748,True,1,-0.004479662141157692
"someone: h-me, someone with crippling social anxiety: hï! ωhα†'š ψ⊕ur ƒα∀⊕rï†ε pεïςε ⊕ƒ ƒuηï†urε",0,1.0602783980825394,1.031301834214912,False,1,0.02897656386762737
depression and obsession don't mix well i'm poisoned and my body don't feel well,1,0.9421394572441171,0.9308344626597571,True,1,0.011304994584359962
@user Im not depressed 😂💀💀 I was chillin and thought about it,0,1.0602783980825394,1.0183898669849263,False,1,0.041888531097613146
My friends are the cause of my anxiety levels going thru the fucking roof,1,0.9421394572441171,0.9425762040909178,True,1,-0.0004367468468007285
ive joined a lot of discords while of been on here and I don't remember who is on all of them and it makes me anxious,1,0.9421394572441171,0.9368951183108959,True,1,0.005244338933221182
I hate anxiety. I have felt so off lately.,1,0.9421394572441171,0.8987440125784789,True,1,0.04339544466563816
Good she out here giving niggas ptsd and depression shorty needs to be taken in by the cdc,1,0.9421394572441171,0.962703241451639,True,1,-0.020563784207521918
I like to Direk Bobet Vidanes tackles abiut depression,0,1.0602783980825394,1.0324379216727326,False,1,0.027840476409806802
target aesthetic is depression and talking about zodiacs,0,1.0602783980825394,1.0647176682658521,False,1,-0.0044392701833126935
'Stressed and depressed',1,0.9421394572441171,0.9262041010288667,True,1,0.01593535621525033
And when you said manic depression's a frustrated mess,1,0.9421394572441171,0.9464575363777915,True,1,-0.004318079133674435
I had a dream last night that tom holland and I hugged for five minutes straight and now I'm depressed,0,1.0602783980825394,1.0660484445810585,False,1,-0.005770046498519088
Movies relieve all kinds of anxiety,0,1.0602783980825394,1.0610153250502559,False,1,-0.0007369269677164336
@user @user Transitioning was the only thing that treated my depressionism and anxietheism.,0,1.0602783980825394,1.0216525411983859,False,1,0.03862585688415354
Depression and anxiety,1,0.9421394572441171,0.9357534219463025,True,1,0.006386035297814563
I go through a whole stage of anxiety before I ask for a simple $5,0,1.0602783980825394,1.054458020333776,False,1,0.005820377748763539
anxious level: extreme,1,0.9421394572441171,0.9471610103042601,True,1,-0.005021553060143069
@user @user @user @user this looks like another depressing read - thank you for the heads up,0,1.0602783980825394,1.0194284938506497,False,1,0.04084990423188972
i just feel so overwhelmed rn i'm super anxious about 50 different things uh,1,0.9421394572441171,0.9335630665983422,True,1,0.008576390645774867
@user Not all rich people have depression. :/,0,1.0602783980825394,1.0165644771987907,False,1,0.0437139208837487
Cutting back caffeine can help #reduceanxiety and #irritability.,0,1.0602783980825394,1.0545884925364821,False,1,0.005689905546057306
A bit of sunshine for anyone who regularly reads my depressing AF twitter feed.,1,0.9421394572441171,0.9228393985968578,True,1,0.019300058647259255
another anxiety filled day ugh,1,0.9421394572441171,0.9407583700905378,True,1,0.001381087153579319
SHOUTOUT to the hella abusive person who yelled swear words and unhelpful rage at me when I'm already on anxiety high alertShhhhoooootttt,1,0.9421394572441171,0.9487286500221467,True,1,-0.006589192778029607
Anxiety at night is the WORST,1,0.9421394572441171,0.9442386374051702,True,1,-0.002099180161053149
I love overcoming depression and PTSD from losing a loved one traumatically and healing with your friends by your side,1,0.9421394572441171,0.9383570446584568,True,1,0.0037824125856602553
"@user Yep, all of these depressing futures are depressingly possible.",0,1.0602783980825394,1.015623961266938,False,1,0.04465443681560144
@user It's sad and depressing that I'm living 7 hours away by flight from Korea or Japan 😭 It's difficult 💦,0,1.0602783980825394,1.013664378838877,False,1,0.046614019243662375
@user  fam meh depression is out cuz I used up all meh happiness yesterday,0,1.0602783980825394,1.0190657912371233,False,1,0.041212606845416166
"Damn. I need to find a way to be happy, cause dis depressed shit ain't workin &amp; it ain't for me.",1,0.9421394572441171,0.915498783737611,True,1,0.02664067350650612
I am not a person built for live-streams they make me so anxious if I get behind,1,0.9421394572441171,0.94594092365003,True,1,-0.0038014664059129455
omg thank god i can start my midnight pacing soon i was getting so mf anxious djdjjdjk god i'm so goddamn stupid i hate myself,1,0.9421394572441171,0.9546042679136378,True,1,-0.012464810669520765
"I dont like wearing foundation.I let people see my flaws, insecurities, and depression up my surface.",1,0.9421394572441171,0.9217424874200305,True,1,0.020396969824086564
@user @user @user Anxiously waiting!,0,1.0602783980825394,1.010810904528916,False,1,0.049467493553623454
My dad said to me that I don't seem depressed but ohhhohohoh boy if I only had the courage to tell you how I felt,1,0.9421394572441171,0.9511890464073365,True,1,-0.009049589163219407
#WATCRY is @user depressed or something?,0,1.0602783980825394,1.0214457620966446,False,1,0.038832635985894814
@user AND THEN SHE ALWAYS PULLS THE 🌫🖤☁️ luv u guys sorry i'm so depressed LIKE SHUT TF UP,0,1.0602783980825394,1.003064371354579,False,1,0.05721402672796039
everything is manageable until a depressive episode and pms hit at the exact same time,0,1.0602783980825394,1.0581536691335978,False,1,0.0021247289489416676
depression at its finest,1,0.9421394572441171,0.9346118065551656,True,1,0.007527650688951448
I woke up and was depressed that whole day,1,0.9421394572441171,0.9353938874775645,True,1,0.006745569766552606
After break up one moves on a new relationship..and other in depression!,0,1.0602783980825394,1.0636546492992938,False,1,-0.0033762512167543335
Does anyone else's get summer depression. This heat actually makes me miserable,0,1.0602783980825394,1.051281036449385,False,1,0.008997361633154455
Depression is more tiring than work 😩😢😭,1,0.9421394572441171,0.9596699732063471,True,1,-0.017530515962229987
@user omg ty queen i dont have depression anymore,0,1.0602783980825394,1.0044635702523972,False,1,0.055814827830142244
When someone you havent seen or talked to in years and were close to move in a few houses away... hello anxiety :))),0,1.0602783980825394,1.044869383009459,False,1,0.015409015073080345
will I ever have a job that doesn't fill me with massive anxiety lol,0,1.0602783980825394,1.052003752747552,False,1,0.00827464533498734
ive been chugging caffeine since 4:30 this morning my anxiety is going to be through the roof ! 😬,0,1.0602783980825394,1.0666417058621072,False,1,-0.006363307779567728
"@user So much, yes. I can get almost depressed about it.",0,1.0602783980825394,1.0541712194345312,False,1,0.006107178648008249
getting more anxious day by day,1,0.9421394572441171,0.94259107861578,True,1,-0.0004516213716628803
My oc is supertalented to be horny and depressed at the same time,0,1.0602783980825394,1.055261938136408,False,1,0.005016459946131535
"So they're now just 30+ &amp; depressed because of the cultural pressure to marry. Once you go black , YOU CANT go back 💀",0,1.0602783980825394,1.0573261272806158,False,1,0.0029522708019236177
"I have a bio test in a few  minutes and my anxiety is just being annoying, can it not... its not the right time!!!💀😭😭😭😭",0,1.0602783980825394,1.042643560047121,False,1,0.01763483803541832
I got soo much coming up this month  getting anxiety just thinking about it,1,0.9421394572441171,0.9241559453348627,True,1,0.0179835119092544
im just kinda sad i quit because depression and then started gaining weight .,1,0.9421394572441171,0.9270024001759485,True,1,0.015137057068168591
I still love how much after laughter has helped me with my anxiety and depression god I love paramore so much,1,0.9421394572441171,0.9395009690330753,True,1,0.002638488211041734
I'm so anxious for tomorrow,1,0.9421394572441171,0.9363378154852084,True,1,0.005801641758908627
All of a sudden depression jokes aren't so funny,1,0.9421394572441171,0.9397699781915961,True,1,0.0023694790525209397
I'm really trying to pray this depression out of my life. Cause I just can't.,1,0.9421394572441171,0.9079979760834154,True,1,0.0341414811607017
"Anxiety sucks. I know I look hella cute in this outfit, but I still worry about what other people think.",1,0.9421394572441171,0.9135692618837609,True,1,0.02857019536035621
I AM NON-RESPONSIVE TO DEMONIC DEPRESSION! ****THOSE WHO DEAL WITH THIS REPEAT IT MORE THAN ONCE!!!,1,0.9421394572441171,0.9688566365747932,True,1,-0.026717179330676077
my anxiety was pretty bad today should i get another tattoo be honest,1,0.9421394572441171,0.9361916949064163,True,1,0.005947762337700779
This is sooo depressing 🙁🙁🥺,1,0.9421394572441171,0.9686943949951925,True,1,-0.026554937751075425
@user That is extremely depressing,0,1.0602783980825394,0.9982994063436358,True,0,0.061978991738903644
"I like the way getting a #tattoo feels. If I'm depressed, it's nice to get one and deal with the pain.",0,1.0602783980825394,1.0832373323493476,False,1,-0.022958934266808173
Why is normal living so hard 😢 #PND #mentalhealth #depression,1,0.9421394572441171,0.9392562489102062,True,1,0.0028832083339108694
My house is so fucking depressing like I just would rather die. I don't even know where to start it's so dirty.,1,0.9421394572441171,0.9204068196759878,True,1,0.021732637568129265
I will overcome my depression &amp; anxiety...fucking WATCH me.,1,0.9421394572441171,0.9420596574080147,True,1,7.979983610240104e-05
"No, I'm in a constant state of depression",1,0.9421394572441171,0.9288499559375966,True,1,0.013289501306520513
My anxiety has been sky high this week and honestly I don't know what I'm going to do if it continues to be like this,1,0.9421394572441171,0.923408145521809,True,1,0.01873131172230802
Def been depressed for a month straight.,1,0.9421394572441171,0.9214908255703191,True,1,0.020648631673797935
Nothing diminishes anxiety faster than action. —Walter Anderson via @user,0,1.0602783980825394,1.0607046165016596,False,1,-0.00042621841912016123
How do we change the stereotype that depression is an illness that solely effects white people? #RealGoboza,0,1.0602783980825394,1.0684953615163035,False,1,-0.008216963433764102
"i'm depressed, meg",1,0.9421394572441171,0.9379906004294898,True,1,0.004148856814627289
jus wanted to say that spamming me makes me rly rly anxious so i would appreciate if u wouldnt do that ^__^,0,1.0602783980825394,1.0252617607910985,False,1,0.03501663729144089
@user Well I'm depressed that you haven't been here,1,0.9421394572441171,0.995223358914305,True,1,-0.05308390167018795
"@user See @user we're everywhere, us phone-anxiety people...",0,1.0602783980825394,1.0259931822660446,False,1,0.034285215816494796
Wow I'm having such an awful anxiety attack Rn holy shit,1,0.9421394572441171,0.9410923322642912,True,1,0.001047124979825842
Anxiety is fckn killing me rn 😭,1,0.9421394572441171,0.9510375903462679,True,1,-0.008898133102150818
Anxiety on 1000. Don't bother me.,1,0.9421394572441171,0.9136099199046885,True,1,0.028529537339428535
I'm to depressed for this shit,1,0.9421394572441171,0.9423650023867982,True,1,-0.00022554514268113834
@user What do you feel anxious about?,1,0.9421394572441171,0.9631157480466332,True,1,-0.020976290802516173
ok my mum is going to kill me bc i spent 600+ on shoes this month LOL BUT I finally bought the golf le fleurs!!!! my depression is cured,0,1.0602783980825394,1.0281974784952745,False,1,0.03208091958726489
@user @user ...@zoewhittall I didn't find your book depressing. Just saying!,0,1.0602783980825394,1.0123428732241917,False,1,0.04793552485834773
stop rt those rt or else posts on my tl they make me so anxious you guys are the Worst,0,1.0602783980825394,1.029914916180716,False,1,0.030363481901823475
If I smoke while having an anxiety attack would that make it worse. ?,0,1.0602783980825394,1.10837536089878,False,1,-0.04809696281624065
"Also, the team mate have capacity and have effort than I so I get further depressed .",1,0.9421394572441171,0.9347820954069991,True,1,0.007357361837117993
I've the worst anxiety the last 3 days. I think a tattoo would make me feel better. Just sayin 🤷🏼‍♀️,0,1.0602783980825394,1.0828929297541248,False,1,-0.022614531671585336
Wow im depressed,1,0.9421394572441171,0.947252865157588,True,1,-0.005113407913470924
I'm mixed with anxiety and love rn hoo boy,0,1.0602783980825394,1.0536136745143516,False,1,0.006664723568187814
@user they give me anxiety now 🙃 totally ruins the concert experience,0,1.0602783980825394,1.001166255664734,False,1,0.05911214241780538
Twitter is just A depression site foh ugly people like me.. :/,0,1.0602783980825394,1.0413738334264369,False,1,0.018904564656102574
this gives me anxiety,1,0.9421394572441171,0.9412024593314023,True,1,0.0009369979127147321
Anxiety is an illusion,0,1.0602783980825394,1.053923484356948,False,1,0.006354913725591382
"Your deer daddy is depressed,  how do you cheer him up?",1,0.9421394572441171,0.9579185129634292,True,1,-0.01577905571931215
Nicolas sparks movies give me depression lmao,0,1.0602783980825394,1.0347088201999513,False,1,0.02556957788258818
im depressed is the game fucking DEAD now? Why tf NINTENDO ACTING LIKE ITS OVER FOREVER BITCH STOP BEIN DRAMATIC,0,1.0602783980825394,1.0446009782594767,False,1,0.0156774198230627
Really enjoyed this game. It felt like a really solid look into an anxiety in a very approachable way.,0,1.0602783980825394,1.0846792320957213,False,1,-0.024400834013181827
@user The anxiety is real,1,0.9421394572441171,0.9947028679742992,True,1,-0.052563410730182114
@user I think I'm also just ridden with anxiety because I don't want to look like a fool in the gym (:,1,0.9421394572441171,0.9770733145760283,True,1,-0.03493385733191123
this is depressing. goodnight.,1,0.9421394572441171,0.9261681520027558,True,1,0.015971305241361256
What's it like not be constantly plagued by anxiety,1,0.9421394572441171,0.9328622505279587,True,1,0.009277206716158393
"@user The year just started, and you know the most depressing day. Enough with the trash jor",1,0.9421394572441171,0.9515997701884182,True,1,-0.009460312944301164
"My anxiety has reached a new point where if something I'm watching is going badly, I get stressed out about it? Which is super weird.",1,0.9421394572441171,0.9140497801084239,True,1,0.028089677135693214
Of course you should run Asses with soldiers. You should anxious everything with cards.,0,1.0602783980825394,1.0769572028254395,False,1,-0.016678804742900066
bring back that depression weed,0,1.0602783980825394,1.0631579313309139,False,1,-0.002879533248374422
*screeching* wHy tHe FuCK!!! do i have anxiety!!! nothing is happening!!!!!!!!!!!!!!!!!!!!!!!!!!!!!!!!,1,0.9421394572441171,0.9653855536523548,True,1,-0.023246096408237715
My anxiety! #GameOfThornes - how many tears will i shed ?,0,1.0602783980825394,1.0590513806814164,False,1,0.0012270174011230761
"You know what ? I got depressed, sad but no one's there.",1,0.9421394572441171,0.9080547750563112,True,1,0.034084682187805915
@user It's anxiety,1,0.9421394572441171,0.9927506014376802,True,1,-0.05061114419356316
@user taking antidepressants is bimbofication,1,0.9421394572441171,0.9790480288247084,True,1,-0.036908571580591354
Why am I so scared to kill myself? I wish I could just bring myself to do it already... 🥀#Depression #Suicidal,1,0.9421394572441171,0.9311808925659157,True,1,0.010958564678201332
"im depressed and sleepy, somebody pls reply with chris pictures",1,0.9421394572441171,0.9546047678796612,True,1,-0.012465310635544125
@user @user They're building around EliWon't be surprised if Eli gets extended....Holy shit I'm depressed now,0,1.0602783980825394,1.0201540855485036,False,1,0.04012431253403581
Been sleeping all day. Am I tired or is this depression?,1,0.9421394572441171,0.9204349759410521,True,1,0.021704481303065015
Social anxiety + being alone in public....   FOCCCCC,1,0.9421394572441171,0.9496881556599358,True,1,-0.007548698415818733
i'm really gonna need someone to distract me this weekend and not let me stay home and be depressed,1,0.9421394572441171,0.9263014947094348,True,1,0.01583796253468228
me: i have anxietyperson:,1,0.9421394572441171,0.9578124473496318,True,1,-0.015672990105514706
Im depressed and fed up beyond belief and just want it to end,1,0.9421394572441171,0.9382225830877259,True,1,0.003916874156391192
"My hair ain't darker stop it y'all are making me depressed, it's literally the same LMAO",0,1.0602783980825394,1.0546080509883389,False,1,0.005670347094200556
Okay sorry for being depressing I'm back 😚🤟🏼,0,1.0602783980825394,1.0465495991810279,False,1,0.013728798901511574
Me personified in a single tweet. Thank you for seeing my once a week depressive tweet ok bye.,0,1.0602783980825394,1.0732881336957547,False,1,-0.013009735613215279
Wow it really is depression hours,1,0.9421394572441171,0.9378477717079523,True,1,0.004291685536164769
Fun Fact: Anxiety can open up existentialism,0,1.0602783980825394,1.048746682805378,False,1,0.011531715277161458
And im rapping these days. That means im really stressed and anxious. I havent rapped in like months lmao so im worried.,1,0.9421394572441171,0.9243950163420523,True,1,0.01774444090206473
"Depression is so serious, depression killed my fucking father almost a year ago ..",1,0.9421394572441171,0.9396736503246035,True,1,0.002465806919513591
"Shit makes me hella depressed, but I'll smile and continue my day like it's cool",1,0.9421394572441171,0.9244578504505678,True,1,0.017681606793549243
Julia's EP out tomorrow omg i cant wait to hear Selena's part on anxiety . Ma bby is back w a new song,0,1.0602783980825394,1.0382039558356078,False,1,0.02207444224693167
@user Thought you was gonna be less depressing in here? Sheesh,0,1.0602783980825394,1.0076663377377293,False,1,0.05261206034481014
obsessed depressed at the same time,1,0.9421394572441171,0.9473435651283117,True,1,-0.005204107884194675
Boomers have to blame shootings on Video Games because they dont believe that depression is real.,1,0.9421394572441171,0.9245959318983396,True,1,0.017543525345777522
*uses caffeine as an antidepressant*,0,1.0602783980825394,1.0631571227761085,False,1,-0.0028787246935690902
if i was depressed i would simply just be happy,1,0.9421394572441171,0.9366009685807979,True,1,0.0055384886633191854
it's been a very depressing week.,1,0.9421394572441171,0.9153255659774737,True,1,0.026813891266643353
depression really fucking sucks,1,0.9421394572441171,0.9374608708125933,True,1,0.004678586431523746
Libra culture is using the same nail polish color at the salon 2-3 visits in a row bc trying to pick a new one causes you anxiety,0,1.0602783980825394,1.033466648841618,False,1,0.026811749240921445
"anyways, my last year of college starts today whew anxiety!",0,1.0602783980825394,1.0523855329973943,False,1,0.007892865085145084
"'Dad.. I'm depressed.' 'Hi depressed, I'm Dad.'",0,1.0602783980825394,1.067243049376703,False,1,-0.00696465129416346
respiratory depression be my god,0,1.0602783980825394,1.054751041150367,False,1,0.005527356932172323
"deactivated my main because not only do i feel invisible, i am also depressed.",0,1.0602783980825394,1.099822323398472,False,1,-0.03954392531593265
