text,y_true,y_pred
"Just waiting for some form of contentment to set in. I dont feel optimistic about ever being happy. My depression formed so early in my youth that this is just my normal and I dont have true moments of happiness to look back on to draw comparisons to my current mental state. Im currently sitting in the dinner I used to work at that my exboyfriend would drive me to all the time for my shifts. I sit alone imagining the nights we would just sit and stare at each other and sheepishly grin. He has such a cute dorky grin that I cant get over. Now that he has moved on to someone else I try not to think too often of his quirks because I know they are no longer mine and I think that hurts the most. Id give anything to forget everything though and I feel horrible for thinking that. In all honesty, I wish I could just keep reliving those moments over and over again because they feel like brief moments of serenity in my mind but I cant help but wonder if I could erase all of these memories maybe I wouldnt hurt so much. Hes all I think about and I just wish I never tried to have him in my life now. Id never wish this pain on anyone.","[1, 0]","[1.0, 1.0]"
"Nowhere else to turn. Used to be extroverted, doing well socially, had a large group of friends with a few close ones. Over the last few years I have pushed absolutely everyone away and the rest has left. Possibly due to developing schizotypy current diagnosis. I am kind of close to an ex but he is getting sick of me and wants space and the constant rejection kind of fucks me up too so I need to pull away from what feels like my last lifeline. Think it might kill me. Kind of hope so. I am absurdly unhappy, I cry hours daily, I punch myself, cut myself and half assed some suicide attempts with pills. I wish I could just. fade away. I have no fight left in me so I dont think itll get better.","[0, 0]","[1.0, 1.0]"
"I hate the way I am. I have been diagnosed with depression recently and that helped explain a lot of aspects of my life. So far Ive been on several medications and none of them have seemed to help. I just landed a job in the field Ive always wanted to work in but even that joy faded in under an hour. Ive become so sensitive to everything that even when my girlfriend touches me I make it awkward and ruin any good mood there was. I hate that I cant even be touched by a person I care about without fucking it up. Honestly, Im not even sure why she is with me at this point. I just make hers and my own life miserable. I cant even commit suicide because I chicken out every time. Im just lost right now","[1, 0]","[1.0, 1.0]"
"Is depression legally protected like physical disorders. Ive been diagnosed with depression, and my depression is the kind that manifests itself as severe apathy with a side of anxiety. Anyway, this causes a punctuality issue. Im almost always late to everything, and this has caused issues at work. Ive lost previous jobs due to it, and Ive been put on notice at my current job. Its not much. Over the course of a five day week Ill be a total of around 10 minutes of tardiness. Some days might be 5+ minutes, but usually Im on time a couple days and 13 minutes other days. I consider a few minutes to be so insignificant an amount of time as to not even bother considering. I cant bring myself to care about it, and the idea of being punished for such a small amount of tardiness, considering I otherwise do an excellent job at my work, infuriates me. I have a coworker with a medical disorder who is completely unreliable. Shes missed at least three months of work each year since Ive been here due to her medical issues, but my manager cant punish her or file administrative action because medical issues are legally protected. I havent told my manager that Ive been officially diagnosed with depression because it just happened yesterday, and because Im pretty sure no manager wants to hear me say something along the lines of I am emotionally incapable of caring about you, this job, or being on time. Is depression similarly protected? If so, does anyone know how I can successfully challenge my current administrative action?","[1, 0]","[0.0, 1.0]"
"Am I faking it or am I in denial. This is my first time talking about these things so sorry if I ramble. Im a 20yr old male and I recently went to my GP and got diagnosed with depression however I just cant help but think that Im choosing to feel like this and that Im doing it for attention although nobody knows about my mental state. Everyday I feel emptyapathetic and that everything is pointless. I just go to my lectures, sit alone and smileact interested when I need to when in reality I have no interests in anything. Sometimes I feel sad and that everything is falling apart around me and I just become this emotional wreck but most of the time its just emptiness and questioning if my existence is actually worth anything and how life would be different if I was gone. Its during this phase that I feel like I cant be depressed as Im not crying or even sad just empty. Im doing academically well and I even won an award and was proud for a bit but a day later it means nothing to me. In fact I feel that Ive peaked and everything from now on will be worse. I also have an eating disorder anorexia which even then Im still in denial about it even though I logically know its blatantly obvious. Should I believe my GP or am I just a cynical wimp.","[1, 0]","[1.0, 1.0]"
"I barely sleep anymore. What can I do. So pretty much for the past 5 or 6 years, Ive dealt with depression and anxiety, but in the past year its gotten way worse. My body is super tired and every motion feels like hard work, but my mind is always racing, and unless I just pass out at the kitchen table or in some super weird position, I pretty much cant sleep. Ive been using the night time version of some cold medicine to put me to sleep, sometimes drinking twice the recommended dose, but was told by my dad last month that this isnt healthy, so I stopped. Now I barely sleep at all, and when I do manage to sleep, I have these awful nightmares and end up waking up with a jolt feeling unrefreshed, in tears, and visibly shaking. Is there some kind of night time routine I should try or something? I really cant go to the doctor right now, but I dont know how else to fix this, and this lack of sleep is just making everything way worse for myself and everyone that has to be around me.","[0, 0]","[1.0, 1.0]"
"Dont know what to do rantingventing. Hello, I dont know if this is just me wanting to rantvent on how I am feeling or what. Two years ago I was diagnosed with depression, as well as lot low testosterone. I am 28 years old now, and Ive been on medication for the low t but stopped my depression meds thinking the depression was due to just the low t. But recently I think Ive been relapsing, all I think about is wanting to hurt myself which I would of done, but I cant bring myself to do it while Im babysitting my nephews sad I know and I dont want do anything, talk to anyone, I lack any motivation. Ive been reading trying to figure out whats changed why am I like this again. The only thing that comes to my mind is, that come this July Im moving to a different city and attend a University. Which I should be happy about because Im getting a full ride. But whats all in my head is how Ill ruin this opportunity like Ive done in the past. I have family and friends who care about me but I cant bring myself to tell them anything because I dont want to be a bother which I missed my friends wedding today, good friend I am. I just dont know what to do","[1, 1]","[1.0, 1.0]"
"Feel really good day after feeling suicidal. So Im working night shifts. The night before I felt extremely depressed thinking of a way to kill myself on my break at work, I didnt come up with a way that would be painless and look like an accident, I felt really bad about my appearence, my self esteem, confusion about relationships with people, including my therapist where i was feeling guilty about being a burden on her and hiw stupid i must look to her, tonight is my last night at work for 2 weeks and maybe it is that that has me in such high spirits but I dont know I just feel really good, had a really good laugh with some colleagues at work, talking to everyone, feep really confident talking to people and just everything feels better, days like these are the only thing that gives me hope, but I wonder if there is some mechanism taking place that I dont understand, stuff like this makes me think I have bipolar but i dont think i am manic in the way bipolar is so i dont understand. Why do i feel okay for no apparent reason, is it just the contrast between the night before? Does anybody else experience this?","[0, 0]","[1.0, 1.0]"
"Im sick of taking time off work because of medication side effects. Ive been working in this job for the last 2 years. During this time ive been changing medications a lot and ending up in psych wards a few times. When I first start on certain medications I usually get intense side effects like nausea, feeling out of it, headaches, anxiety, drowsiness, dizziness etc. I get paranoid that Ill act weird around my coworkers and I physically dont feel capable of doing my job while experiencing these side effects. This results in me calling in sick a lot more than I would like to. My work is very understanding and they know about my issues but I feel like they secretly hate me and are just waiting for me to quit. I just wish life didnt have to be so complicated for once, Im sick of this shit","[0, 0]","[1.0, 1.0]"
"Im not okay.but in this world I have to pretend to be. Let me start with how awful this morning was. I was suppose to be in at work at 8am. I work at a casino in the call center. I was late which gave me a tardy. First one atm others have fallen off if that makes sense I just had to call in last week due to the weather which was severe but this job doesnt care. Im in Michigan I just had a mental breakdown and I have to put my happy facevoice on. I feel like Im kind to others even when I dont want to be. When Im feeling angrysadmademotional. I constantly think about wanting to end my life. but I also think about what Id be leaving behind and how unfair it would be to my children. So I push on. I just feel stuck on autopilot most of the time. I feel as if I get no break from it all. I am probably working more than I should and am gonna try taking more days off. I just feel like a rollercoaster. I feel bad for myself and feel others have it much worse than me. I feel everything around me and it drives me crazy sometimes. I also deal with ADHD, OCD, BED Misophonia as well as health issues too. Im usually the one trying to give advice but today is just not my day.although today was rough I feel I have been stuck in this. Any advice?","[0, 0]","[0.0, 0.0]"
"So tired. I remember when I had my first suicidal thought. I was 6 years old. I was taking a bath, and I felt so homesick even though I was at home that I wanted to stab myself in the stomach so I could go be with Jesus. I dont know why I felt that way. I know now that was just the way my depression was manifesting. Ive felt homesick almost my whole life. Depressed almost my whole life. Im 25 now. Whats the point in continuing with this life? I now have chronic physical pain on top of my chronic depression. Im in therapy, physical therapy, on antidepressants, and on pain killers. I still hurt mentally and physically all the time. I hate living, and its becoming really hard to find things to live for. Im tired of living for other people. Im tired of living.","[1, 0]","[1.0, 1.0]"
"Is it normal to not care if youre dead or alive. I dont really know if Im depressed or not, got it diagnosed 6 years ago, but I got cleared from it fairly quickly. Was fairly young at the time however and I think I mightve faked some of my recovery. These last couple of years Ive been having depressive episodes here and there, and Ive never actually given a fuck whether I was alive or would die tomorrow. I dont really get happiness from a lot anymore, just feel neutral or empty about things, I like gaming and sports, but Im bad at those so they cant ever be anything other than a hobby no matter how much I wish I could be better at them. I just have no motivation to improve at anything. I still think about self harm almost daily, rarely ever do it, but it just sits there at the back of my mind constantly. Havent had a job for 3 beginning months of my gap year between uni, and I still dont have my drivers license. Theres just so much, and I just feel so unmotivated to move and do anything. anyone else feel like this? I feel so alone in my thoughts","[1, 0]","[1.0, 1.0]"
"Night time and feeling down in general. I dont know what it is, but when I decide to take it easy and have a normal night in like most people.I feel so lonely and down. I can hear a moving car, the wind and when I was younger I found it so peaceful. As an adult it just feels depressing late nights. I guess that along with some things Im working at in my life, and some recent interactions with people have me feeling a bit hopeless this week. I dunno its just a series of one week Im feeling Im making strides. Then the next when I know Im doing all the right things, I just feel so down and lonely. I mention I got off and tapered meds I was on for over a decade. I think what Im feeling is just maybe normal? I noticed these kind of deep emotional feelings, when I got off a med last year. On average doses, it gave me a superficial feel good high. I think it just masked the boredom and depression Ive had all my life because it was a form of opiate maintenance. Now I guess Im dealing with the true me and feeling what was always there. Its just learning how to cope with talking to people I feel emotional towards in situations, and learning how to keep up with day to day life.without fumbling all over because of my thoughts. But damn if it isnt lonely and depressing at night sometimes.","[1, 0]","[1.0, 1.0]"
"Feeling sort of numb. So Im 27f diagnosed with anxiety and depression. More anxiety than depression though Id say. Ive been on a couple of medications for it. The most recent one was buspirone but I hated it and have recently tapered off. I was a chronic weed smoker since I was like 19 also. which I believe has not helped my anxiety at all and finally have had enough and Im one month sober today. I also quit drinking coffee because it was adding to my stress for sure. I thought cutting out all of these things would help me feel better and let me add, I do feel slightly less anxious. But I almost feel like nothing. Im not super happy for sure and Im not sad either. I just feel like Im here and thats about it. I feel bad for my boyfriend because he can tell Im a little withdrawn and I love him so much but I just dont care about anything. Is this depression? When I suffered from depression before it was more of me lying in bed all day crying my eyes out for no reason and I have no urge to do any of that recently. I do everything Im supposed to do. go to workschoolexercise eating pretty ok but nothing excites me. I only do those things because I know thats what is expected of me from society. And the exercising is me trying to build some dopamine. I almost want to start smoking again just so I can feel feel a little excited or just find something funny","[1, 1]","[1.0, 1.0]"
"Parents further isolate me from friends. I can tell when people are toxic and I shut them out of my life. My friends who have been so supportive are now about to get shut out of my life cause I am actively suicidal again. They shut off my internet and cellular data. I really dont want to talk to my family cause they just tell me religious shit that is super cliche. I can see they want to protect me but it is doing more harm than good. Isolating someone is a disease of isolation is not the best idea. Most of my depression comes from chemical imbalances hormones, neurotransmitters, nutrition etc. all thanks to a weird genetic mutation that affects how I function, things that have happened in the past bullying that became phsyicall, sexual harrasment and abuse as a child, and just loathing my existence which is relatively new and has been going on for 3 weeks now. I am stuck in my head if they isolate me. This will probably be my last post before they cut me off. I am really thinking the option of cutting my throat is a good idea.","[1, 1]","[1.0, 1.0]"
"My friend is in a mental hospital now and I saw it coming. A few days ago my close friend tried to commit suicide which now landed her in a psychiatric hospital. Ive been to two different mental facilities myself two months back, as I too suffer from depression. Never attempted though. I guess for a long while now Ive been a mentor for her since her depression started after mine. Weve talked about our medications and I let her ask me questions about my suicidal thoughtsaddition. Stuff like that. Despite me feeling helpful I also feel worse now that I found out about what she tried to do. Because I saw all the signs of it coming since I have suicidal thoughts as well. It was obvious to me. Her giving things away. Her making secret posts on Reddit asking for ways to die. Her telling me the most successful ways to do it. All things Ive done as well. Which makes me feel guilty because I KNEW AT THE TIME exactly what was going on and what she might be planning. It was almost like seeing a mirror imagine of myself and I turned a blind eye. I was in denial at the time and didnt care much about myself still dont, which lead me in a way to not care about others. Not really looking for advice, just felt like sharing this in case anyone had similar experiences.","[1, 0]","[1.0, 1.0]"
"I am never going to be enough. Im the single most worthless person in the world. I know it, because everyone is good at something, appreciated by someone, or at least useful to someone. But Im none of those. No matter how much practice I put into things, I never find a way to be better, to improve. I cant help anyone with their problems, and Im sick of it. I think Ill kill myself soon. Wouldnt be surprised if it were tonight or tomorrow. Im going to steal some alcohol and drink myself until I cant feel anything, and go drive full speed into a wall or something. Either that or off a bridge. Either way, Ill die hopefully, and nobody will have to worry about me taking up their time and space, because literally anyone is more worthy. If I were given a gun to shoot Hitler and Stalin, Id shoot myself twice, because Im such a detriment to the world around me, itd be a better use.","[1, 0]","[1.0, 1.0]"
"I feel like depression is ruining my relationship and I dont know what to do to stop it. I was diagnosed with depression in December after dealing with symptoms for the past several months. It had been getting worse and worse while I am at school so my doctor put me on Prozac at the beginning of January and I am starting sessions with a therapist tomorrow. I am in a long distance relationship and have been for 7 months and this girl makes me happier than anyone else in the world. She makes all of my days better and I can honestly say I love her and want to spend the rest of my life with her. The problem is, my depression has been getting worse recently, and shes begun to act different. We talk but depression comes up a lot and shes starting to feel more like my therapist than my girlfriend. She says she still loves me, but I am scared that I am pushing her away and dont know what to do to help the situation. Thanks in advance.","[1, 0]","[1.0, 1.0]"
"i really hope i wouldnt lose my job over this but who knows. OK i ALWAYS do exactly what i am told to do and when to do it, not a bit less and not a bit more and i usually need anti dummy instructions cuz i wouldnt do anything i am not told to do this could be OCD i dont know and the problem is my boss always expects me to improvise and figure it out on my own. There is something really important that must be finished today, my boss called me to make sure Edward gets it done, so i called Edward and told him what my boss told me and he reassured me he will get it done, later my shift ended i when back home and few hours later my boss calls me on the Phone mad as hell asking me why Edward didnt do shit! if my boss told me Edward is a lazy ass idiot that can not be trusted i would have made sure he does his God damn job. Anyway i have no idea how bad the situation is, it could be a small delay or a major problem that could affect us financially, my OCD is kicking and i cant stop thinking of the worse worst possible thing that could happen.","[0, 0]","[1.0, 1.0]"
"DAE leave just in case of death notes. not quite suicide notes, but for me it springs from similar thinking. i usually leave these before going on a long carplane trip or doing something relatively risky or something i know friendsfamily would disapprove of. i usually write a short note explaining myself, reassuring everyone, and expressing regret gratitude. writing these notes is usually followed by covering my tracks where i try to make my life look functional and healthy by cleaning up, hiding illicit things, making it seem like i was doing virtuous things reading a religous text, volunteering, etc., and leaving the note in a place where it would seem like an official goodbyewill. all of this is done in the fear of dying within a short period after and in hope of controlling my image after i would have died. if i survive and return to find the note as always has been the case until now, i throw it away in a manner where it wont be found. thoughts?","[0, 0]","[1.0, 1.0]"
"I let people know how I feel mentally and emotionally, and now I feel relieved but feel more pain. last night, i shared out a HUGE amount of information on myself and where i am right now to people who think highly of me, and it felt amazing after the physical pain of doing so, but the entire day today, while feeling more optimistic, ive felt a sharp pain in my lower chest that comes and goes for either a few seconds or upward of 2 hours, and is starting dissociate me from what im doing for a few seconds. is it an after effect of sharing out? is it my body telling me that it isnt going to be this easy? its starting to really fucking hurt, and its affecting how much i can eat.","[0, 0]","[1.0, 1.0]"
"Im so sad. As the title suggests, Im really, really sad. But the kind of sad that is empty an dull feeling. I was diagnosed with depression late last year, but have been dealing with it almost my entire life. I dont know what to do at this point. Earlier last year I was. actually kind of happy. I was living and it wasnt full of pain and sadness. Now I feel like Im back to two years ago when my depression hit its all time high. I constantly think about how to kill myself, if Im driving the thought of You could just drive this car straight off the bridge runs into my head a lot, and I started to selfharm again after not doing it since last summer. I dont know how to get better. Ive tried fixing my sleep schedule and eating better, but the sadness is still there. I stopped seeing my therapist late last year and cant see her, or any therapist for that matter, because of my suicidal thoughts. I dont want anything dramatic to happen, but if a therapist does know they HAVE to take action. I also dont want my parent to find out. We arent very close and it will only complicate things way too much. But I really, really need help. Im sick of being this sad, of selfharming, of not being able to take care of myself. My selfcare has declined so much Im ashamed of myself. Ive basically stopped showering, brushing my hair, or really anything that involves getting out of bed or off the floor. Its awful. I hate it. I want to be better. What do I do? I really need some solid advice.","[1, 0]","[1.0, 1.0]"
"Anyone ever feel like their parents have never even tried to research about sh?rant. I just. I dont know. They take the advice of the last mental hospital I was in before my own thoughts and feelingsnot like Id actually know exactly what is going on but okay. Ive told them specifically that the hospital did absolutely nothing as far as helping me with my self harm. The only reason I stayed clean the entire time I was there was because I knew that if I did it then they would more than likely hold me in there even longer. They encouraged me to start smoking more to help with the urgesmy mom has told me that I wouldnt need to smoke forever, just until I ride this out like wtf. I asked my aunt about this, which by they way Im way more comfortable asking about shit like this. And she said that in Alcoholics Anonymousshes a recovering alcoholic that you should never replace an addiction with another one. And I agree. They make me feel guilty for cutting, which could be a good thing for some, but I personally think that they are doing it all wrong. My aunt gets it, and Im even comfortable walking around in short sleeves around her. Maybe my mom just doesnt want to reminded that her daughter does this. I may never feel comfortable even calmly talking to her about it, since it seems like the only time we ever talk about it is when its an argument. Im slowly losing my patience and the next argument we have I may snap and finally tell her all the things that Ive been holding back in the fear that Id hurt her feelings. I just dont know what to do anymore. On the bright side, I rarely smoke anymore, so thats good I guess.","[0, 0]","[1.0, 1.0]"
"Just feeling empty. 17 M Ive lived the year doing my best to try and make everyone happy, took up commitments to make my parents proud, helped out friends who were going through a lot, overworked myself so they could have some time off, tried my best to keep a smile on everyones face. Id hide my breakdowns and panic attacks in the toilet so no ones really caught on. Today Ive seen my friend get driven to the edge cuz of a small misunderstanding in an exam and I was scared hed cut himself and I couldnt help him, all I could say was to let me know how I could help. Somethings snapped and now Im laying in bed crying and wishing I dont wake up tomorrow, I tried to picture myself dying but honestly it still scares me, but Im not sure how long more thats gonna deter me. People around me say the vocal ones announcing suicide never really do it, so I hope thats true. Just wanted to get this off my chest, still have some notes written for people in case that day finally comes. Thanks for reading","[1, 1]","[1.0, 1.0]"
Depression vs anxiety. Depression makes me feel like everything in my whole life is pointless and Im just bored with existing so I should kill myself because Im tired of living. But. Anxiety also makes me suicidal because I dont want to live to see all the bad happen.Im afraid of time passing. Im afraid of losing people. Im afraid of getting older. I feel anxious in environments that arent home around non family members just because. I have to take pills to calm down to sleep. I fear new social events so bad I cry. Idk they both suck.,"[1, 1]","[0.0, 0.0]"
"Its all coming back. Everything I thought I moved past is right back at the surface and Im fighting the urge to see what I can do with my boyfriends gun safe and whatever random ammo he has sitting down there. I keep thinking about his shot gun. I want to blow my fucking brains across the forest floor, but I cant. Not like that, with his weapons in his home. Im thinking Ill buy a rope at WalMart tomorrow and just hang myself in the fucking woods. Im not even 20 and I can already see myself following the same shitty path my mother did. I have depression, anxiety and PTSD. I have no fucking money to pay my bills, let alone any money to buy weed and I keep looking for stronger drugs and I know where that path will take me. I want to die. For my own good, I want my blood to run and coat the soil and my wretched body to return to the earth from whence it came. To the gods let me be beautiful like I once was, a flower in the garden of eden. For now I am naught but a wretched beast plagued with fear and rage. Let me forget this life and start anew, and please above all else do not make me human again.","[1, 1]","[1.0, 1.0]"
"What else are youhave you been addicted to? Are you a creature of habit. As far back as I can remember I have been addicted to something. Which is why I never even tried drugs because I knew Id been an addict the second they entered my blood stream! I was overweight in my twenties so I must have been addicted to food right? I have smoked on and off for 20 years and now I vape so Im addicted to nicotine. I am a workout addict now and am miserable if I go a day or two without it. I am addicted to the scale. My attitude for the entire day is based on whether or not a gained or lost an ounce on the scale. I can tell myself I will not weigh myself in the morning. and then I see that scale and I HAVE TO get on it. Alcohol is obviously an issue for me or else I wouldnt be here! But its like I have these ritualshabits that are so hard to break. Its like I have to bust my ass in the gym, then drink and ruin it all. then beat myself up and then do it all over again. I have eat clean for like three days.lose a few pounds, then eat like shit for the day after drinking and beat myself up again. I just spin wheels. I swear this is not my alcoholic mind trying to say that I am not an alcoholic. but it is so interesting to me when I look at the big huge picture and see all these addictionshabitsroutines that I have that I cant get out of. Just wondering if there is anyone out there that has similar issues?","[0, 0]","[1.0, 1.0]"
"How to get your loved ones to understand that it is not on them. Hi. I just gotta ask How do you get your family, spouse or partner to understand that your depression is not on them? Example my fianc gets offended and hurt when I tell her I feel down. Instead of getting comfort and support, I often get an offended partner that asks me if she and the kids arent good enough for me. If Im not glad to have them in my life. Yes I love them, and I am very happy to have them there. My depression has nothing to do with them. Its just my mind that has turned into a bad neighborhood that I shouldnt walk around alone in.","[1, 0]","[1.0, 1.0]"
"Will I ever be rid of it. Hey guys, m22 here with OCD. I was diagnosed when I was 12 yo. My 10th year of dealing with OCD has been a pain in the butt. For many years I thought that the worst was over. I used to have intensely obsessive thinking. I have POCD, HOCD, and PureO. I have been in and out of therapy for years, and I have had enough prozac to give an elephant a cocaine overdose over the span of several years, Im not a drug addict. I just graduated from college and I am finally in a full time job. I thought that life was going great until about 6 months ago. Not only was I hit with depression out of nowhere, but I also started to realized that my OCD had been creating invisible problems for me for years. Thoughts, ideas, and even my concept of religion suddenly stopped making sense. It was like my OCD was acting on its own volition to screw up my life behind my back. I started seeing my therapist again, and my life isnt that bad. Im still really frustrated though because I am finally realizing that OCD will never leave me alone. I will always be dealing with my screwed up brain, and all I can do is keep fighting. After 10 years of fighting my OCD, I have realized that it cant be defeated, only put to sleep. Any thoughts on this? Any similar experiences? I am willing to answer any questions as well, Im an open book.","[1, 0]","[1.0, 1.0]"
"First post on this sub. You guys can be honest and tell me I am being an asshole about this. Back in September I was taken to a mental hospital for Suicide. I was diagnosed with deep depression with suicidal tendencies. Ever since than I havent been the same. I have no motivation, no will to do anything, everyday I think about killing myself. However, I feel like an asshole for how I am treating everyone around me. My family is desperately trying to get me to move back home but I refuse. My parents dont have the money to support their selves, so how are they going to support me? Besides that, I have no friends back at home, they all have families and moved on with their lives. My friends here are desperately trying to help. All I do is argue with them and keep telling them its pointless in trying to help me. I would make really shitty jokes and turn their advice around in a depressed twisted way. In all honestly, I dont think anyone or anything can help me. I legitimately just want to die with no repercussion. I feel bad because I have all the support anyone would kill for and I reject it. I have all the things people in worse condition than me can want, and I am just taking it all for granted. Honestly, you guys can tell me I am being shitty and that in reality I really should kill myself.","[1, 0]","[1.0, 1.0]"
"Anxiety disorder exacerbating phobias. Background late 20sF diagnosed with anxiety, depression, OCD, and panic disorder at age 11 I have always had a phobia of spiders. When I was a kid, a nest hatched in my room and there were hundreds of them. It was really traumatizing. I could not sleep in my room for almost a year, out of sheer fear. My husband and I recently moved to a new town, but decided to rent an apartment more on the outskirts and its a bit woodsy. We needed the quiet. However, its only been 3 weeks and we have already seen more critters in our place than we did in 2 years living in a city. One of them was hanging from the ceiling over my head last night and my husband went to kill it and it fell onto me, and I had a complete meltdown. I had a massive panic attack, the worst Ive had in years. I was scratching all over my body and dry heaving and shaking. I thought I was having a heart attack. It was awful. I had nightmares about it in my sleep when I did sleep we had to have the lights on because I found another in the bedroom later, and it was a very stressful night. I am wondering how I can control my phobia better. Or, if anyone has tips on how to keep critters at bay. I would also love if anyone could offer advice on how to come down from a panic attack. Ive had many in the past, and usually I can bring myself down after 510 minutes, but this time my husband had to talk me through it.","[1, 1]","[1.0, 1.0]"
"cant make up my mind. I dont know if I should just kill myself or what, trying to weigh out things is very hard for me. If I kill myself, Ill finally be free from this horrendous face and body. Ill finally get to rest forever. But on the other hand, Isnt that selfish of me? some people are out there fighting for their lives, and here I am, trying to end mine. I also dont wanna hurt my family, and my therapist I mean, having your patient commit suicide must feel traumatic, right. But what if I stay and try to change things? then that would be good. Ill atleast have the chance to help my family. But what if I cant change things? like what if I ended up failing again after so many times? still the same fcked up kid, that would be hard on my parents, its better to end myself so that I can ease their burden as early as I can. I dont know. I am so confused.","[1, 0]","[1.0, 1.0]"
"Heath anxiety is something wrong wirh my heart or is it just anxiety. Hi Im 16 male 59 and 340lbs. So this is ganna be a long one so sorry in advance. So Ive been getting breathless,sweating, and higher heart rate very easily like from just getting up and walking for maybe 3 to 5 minutes and Ive already gone to the er 3 times for a false heart attack and Ive had an echo cardiogram and all came back fine but I just cant get the thought Im going to have a heart attack or stroke all day every day and I know the statistics since Im 16 and I do also see a counselor and take Zoloft 100mg once a day and busbar10mg twice a day and I still have pretty severe panic attacks that really feel like Im having a heart attack Im talking stabbing chest pain, left arm pain, upset stomach, lightheadedness, headaches, and difficulty breathing. But Im rambling sorry. Thank you for looking at my post and any advise would be appreciated. Edit I dont have any pre existing heart conditions or diabetes.","[0, 0]","[1.0, 1.0]"
"I feel like its time for me to speak out. I have had depression for the past 2 years and I hate having it, because im so unpopular and have barely any real friends its tough for me to find help, I have been bullied and used as a laughing stock for the past 9 years since junior school and it doesnt help that I have been diagnosed with autism since I was 4 and am classed as disabled, I have had countless disabled jokes thrown in my face and around social media as well as being called a noncepaedophile which is completely false, Ive always been scared to speak out to anyone encase I get labelled as the disabled kid of the depressed kid, I tried therapy however it only worked for a few weeks, I feel like a relationship would help my depression but im ugly and no girls like me so thats out of the question and quarantine has made it worse because I cant go anywhere and spent half of the time listening to depression songs and having suicidal though wondering would anyone care if I did suicide. Thank you for reading this I had to get it of my chest","[1, 1]","[0.0, 1.0]"
"Ive been trying to fit in with my new group of friends but my anxiety is keeping me from really trying to get to know them and be an interesting person. Ive recently been absorbed into a new friend group sort of due to covid and quarantine, and theyre a lot more energetic and risk taking than most people I usually hang out with. Theyre the type of people I always wanted to be, and I like being around them. But I feel like a stick in the mud anytime I try to hang out, because Im by far the quietest and most anxious, and I can tell I get treated differently because of it. People always treat me like Im fragile and I fucking hate it. But I cant seem to force myself out of my shell. No amount of lifestyle changes or medication changes or hospitalizations has helped. Im so deseperate. I want to be a fun person. I want to take risks. I want to fail. Why am I so fucking scared? How do I stop being so fucking scared of everything?","[0, 0]","[0.0, 0.0]"
"I am angry, Im in pain, and I dont know why. I have struggled with depression for the past five years, and recently a longtime female friend of mine told me that she doesnt want me to talk to her anymore. The reason is that Ive been chasing after her not necessarily romantically for basically as long as Ive been struggling with depression, hoping that I can feel a connection with her that I used to feel long ago, when we first met and were honestly friends believing that would, finally, make me happy. Unfortunately, my desperate attempts to create a connection ended up driving her away. I used to consider myself a creative individual, and I wanted to write stories, that sort of thing, but I havent felt any inspiration since I havae been feeling depressed, either, which feeds into the depresssion. Right now, though, I just feel like shit, and I dont think its for the aforementioned reasons, either. Ive been onandoff suicidal for these past terrible five years, but even that, Ive sort of given up on. I just kind of exist now, hating myself and my life. I wanted to be happy, and I dont know what to do.","[1, 0]","[1.0, 1.0]"
"getting surgery in less than a month, anxious as fuck. had my preop yesterday. i thought that maybe going to the preop would relieve some of my anxiety but it just made it soooo much more worse. im anxious about going under anesthesia, and i know its common to be anxious about it but i feel like im too anxious about it. i know ill be fine in the end but i cant help but freak out from the thought of going under. a few days ago, i was lying awake and having a panic attack because i was just thinking about it. im terrified of waking up in the middle of it, even though thats super rare, i just cant help but think itll happen to me. im only a little worried about not waking up after surgery, im more so worried about waking up during it. my surgeon said the surgery would be 3 to 4 hours so they have to put a catheter in because its a longer surgery. i know theyll put it in when im under but i feel so gross about it. when i was on the way home from the preop, i felt like i needed to puke just from thinking about it. i dont even know why i feel like this over a god damn catheter that wont be there when im awake. honestly i feel so stupid for being anxious about it cause i feel like theres no real reason for me to be. anything thats directed at me and my genitals has always made me feel sick to my stomach though. so this isnt surprising for me. does anyone know how i can get myself to not be so anxious about this? its overwhelming me a lot.","[0, 0]","[1.0, 1.0]"
"9+ months of being unemployed. I was lead out of my job by not being scheduled for three and a half weeks. It was okay, I was going back to school. College was okay, brought my gpa back up to a reasonable level to get my scholarships back. During this time I was diagnosed and prescribed medication for Major Depressive Disorder. The medication was hard on my body so i stopped taking it after three months, I couldnt go out. I lost my grandma about 4 months later. kind of. out of the blue i guess. If I was supposed to be bad before, I think I got worse after. I have recently started having auditory hallucinations with very hard depressive episodes, one was particularly bad a few nights ago. I was so scared to get up because I knew exactly where I would go and what I would do. Its been three quarters of a year since I have had an income, and I am out of savings, I eat almost every two days, when i remember to. I had a miracle of a series of interviews a few weeks ago, it seemed really promising. very good, positive people. I though I had it for sure. but the day after I got the call back, the interviewers tone was a total shift. I dont know what to do, I am loosing my mind I feel, and I dont even know if by this time next year if i will have a roof over my head. My relatives are scattering and I cant get help until i get a job.","[1, 0]","[1.0, 1.0]"
"How do I talk to my employers. Ive struggled with depression for pretty much as long as I can remember and I have just recently started my first fulltime job since my most recent meltdown. At this point, theyre on me about my hours pretty much every week and Ive already used up my sick and personal time for the year. Ive dropped out of school twice because the depression became unmanageable, and I had to take short term disability from my last job around this time last year. I dont usually mark the box for depression on the disability sheet for employment paperwork, even though I was diagnosed several years ago as having major depressive disorder, but I think its time I had a talk with HR about why just working a normal 95, 5 days a week is so hard for me. I just dont know how to ask them to go easy on me and please let me have more unpaid time off if I need it without them saying theyll just find someone else who can do my job and be reliable.","[1, 0]","[1.0, 1.0]"
"Why do I lie? not that urgent. I have promised. Promised to always tell when something is wrong with me. I swore that I would. Yet I still dont. I hate it. I hate myself. I may end it tonight, I might not, I dont know. I guess I want someone to tell me what to do now. Im sorry I cant tell you more information, Im open to questions I guess, so you guys can know more and maybe help me. Because I feel helpless right now Edit maybe I should add that I have been depressed for some years now and have attempted suicide a couple of times, just so you dont think its just some teenage problems or something. Im 16, too, just so you know.","[1, 0]","[1.0, 1.0]"
"I cant wait until stress is looked at as a serious health concern. Okay, taking gastrointestinal diseases or illnesses aside, mental illnesses and their physical effects aside, because we all know how a mental illness isnt just mental yet many people dont understand this. Stress, which through the sympathetic nervous system think of fight or flight and how often yours goes off in a day fellow anxiety sufferers constricts the walls of the arteries. Ongoing stressor may result in chronically elevated blood pressure and hypertension. Now, although having a chronic stress condition isnt listed under high risk factors for hypertension heart attacks it is considered a risk factor. Stress, is considered a risk factor for hypertension which can lead to heart attacks as well as strokes, kidney disease, diabetes, angina pectoris a.k.a chest chain, etc. WHY then, is stress not taken seriously? As someone who suffers from anxiety, depression and PTSD I get inconvenienced by stress physically every day. This is a huge concern of mine, and the anxiety only further contributes to more stress over having a stroke or heart attack especially since I have a family history of cardiovascular disease. Anyways, thanks for reading, just ranting and also expressing the weird world we live in to consider smoking and eating poorly as a lifestyle risk or heart attack but STRESS which is so so so prevalent in our society today is mentioned with little concern.","[0, 1]","[1.0, 1.0]"
"This time of year kills me. I mean that almost literally. The world just seems draped in a sadness that drives me into a melancholy ennui of hopeless boredom and loneliness. A few years ago I drank so much that I was found in the snow not breathing and was in a coma for three days. Last year I attempted suicide. I have been sober for over a year now and have been diagnosed as bipolar II, but this depression pushes me to my limits.","[0, 0]","[0.0, 1.0]"
"Started antidepressants but have lost all interest in hobbies. I started antidepressants probably about 6 months ago. I was diagnosed with generalized anxiety and depression. I have gotten a lot better emotionally Im not as sad and angry anymore however, I have been having a lot of problems with being interested in old hobbies. I work from home so I pretty much just work and watch shows or movies. I have also been having a lot of problems with jealousy with my friends. Its almost paranoia when I find out they havent told me something and I get angry and suspicious of them. Ive mentioned it to my doc but she says the jealousyparanoid isnt a side effect that she knows of. But does anyone have any tips or should I try different meds? Is this normal for antidepressants? Im just really lost and idk what to do. I dont want to listen to music or play my guitar or write or anything really.","[1, 1]","[1.0, 0.0]"
"Just got diagnosed, looking for some advice. I am a high school senior who just got diagnosed with moderate major depressive disorder and generalized anxiety focused on obsessive thoughts. Over the past few years I have struggled with depression losing interest in activities, social withdrawal, feeling hopelessworthless and I just sought medical help after a deep depressive episode due to college application stress, etc. I was officially diagnosed last monday and am currently in the process of finding a therapist. I also have a follow up appointment next week to talk about andor be prescribed medication. My hope is that I will be able to get my mental health mostly back on track by the time that I go to college next fall. With all that being said, I am wondering what your guys experiences are with antidepressants and if you think given my situation I should seriously consider them, or try to go a medfree route first. I have done a significant amount of research on meds and have read about their side effects and know that they are a long trial and error process. However I would just like to get a read on some of your guys experiences and whether you have found them more helpful than harmful.","[1, 1]","[1.0, 1.0]"
"Keeping it hush hush. So I was diagnosed with depression a couple months ago and Im fine with that diagnosis. In all honesty I kind of feel validated in feeling the way I do because of the diagnosis, like Im not blowing everything Im feeling out of proportion. If that makes any sense? However, whilst I am accepting of my diagnosis, I feel my mum isnt. Shes being as supportive as she knows how to be, but at the same time shes reminding me to keep my depression a secret from my family and friends and shes almost trying to force me to suppress it. Like I know youre always sad at the moment but we have family over, just smile for once Stuff like that. Whilst I dont want to shout about it from the rooftops, I also dont want to lie to people as if having depression is a dirty little secret. The only person I can talk to about how Im feeling is my mum and in all honesty, sometimes she just isnt comforting and she makes me feel worse. As if Im choosing to feel how I do, as if Im actively forcing myself to go out of my own way and make her life harder. I really dont know what to do or how to approach her about the situation. Should I even approach her about it or what? I really have no clue what to do anymore.","[1, 0]","[0.0, 0.0]"
"Mild suicidal thoughts are like a headache at this point. I dont mean serious suicidal intent but you know, the vague, passive suicidal ideation. Its like Im having a migraine. Its annoying, gets in the way of things and makes me a pain in the ass. I get twitchy, cynical and short tempered. But it passes just like a headache. Might start just telling people that. I have a headache. Leave me alone. Ill be fine. Wish it didnt come and go like that. Its a weird feeling, to wake up from a period of your life when you had no hope and no desire to do anything. Its like getting your car back from a friend you loaned it to and finding it a filthy mess. You wanna get pissed at the person who trashed your car, your life, but in this case its you. So you just sigh quietly and start cleaning up. Hoping that it wont all get so overwhelmingly busted the next time.","[0, 0]","[1.0, 1.0]"
"A man with two minds. Hello all. I am not sure what the point of posting this is other than getting it down and releasing it to the world. But here goes. I am sure that there are two very distinct mes in my brain. One who constantly tries to encourage and the other who constantly tries to destroys. You see, at weird random times I have an overwhelming urge to shoot myself in the head, or down a bottle of pills. Thats when the other me speaks up and says, not today. The feeling always goes away. Sometimes one voice is stronger than the other and lately the bad voice has been stronger than the good voice. I dont think Im crazy. I dont talk to myself or have a conversation its just two very distinct thoughts occurring almost at the same time. Anyway, other than constant anxiety and feeling lost and frustrated the two minds problem is my biggest concern. Lately my good voice seems to have almost disappeared. Not entirely because he is still there.l, but he doesnt seem to respond as quickly or strongly. Anyway. Thats my story for now.","[1, 1]","[1.0, 1.0]"
"im so tired. im tired of everything, absolutely everything. im tired of being a fuck up. im tired of my narcissistic mother that verbally and emotionally abuses me on the daily and has done this ever since i was very little. im tired of the trauma that fucks with me everyday from when my mom used to physically abuse me when i was younger and from when i used to get beat up on the daily at my old school. im tired of not being a good enough son for my mom or anybody else. im so tired of my mental illnesses. im tired of being a burden. im tired of living. maybe i really should fucking kill myself. for the past few days my mom has been yelling at me more than usual and shes been telling me how much better her life would be if i was never around and how i fucked up her life so much with my mental illnesses and that im the cause of every single bad thing in her life. maybe i am as bad as my mom tells me i am, maybe i deserve the abuse from my mom. maybe the reason why my dad left me and doesnt care about me is because he knew that i would turn out to be a disaster. maybe one day ill finally kill myself.","[0, 0]","[1.0, 1.0]"
"Medication that eased your Social Anxiety. Hey Im 21 and suffering from severe depression and social anxiety since I was 15. I tried all the SSRIs and SNRIs, moclobemide MAOI and amitriptyline tricyclic. Also I did two depth psychological therapies and one behavioral therapy. Nothing helped. Are there any other things I should try? I can think of Tranylcypromine, Gabapentin, Pregabalin, benzos occasional or Clomipramine. What have been your experiences with which meds and what were the effects like? What changes could you see? What suggestions do you have for me a sufferer who already tried so much?","[1, 1]","[1.0, 1.0]"
"i hate myself so much. I was at work today and a customer yelled at me. I work at a pizza place and answer the phones and punch in orders for the makers to make the pizzas. I picked up a phone call and there was this angry lady yelling about how we delivered the wrong pizza and how she wanted a certain pizza. I kept apoligizing to herim so sorry this happened, i kept saying. I said to her that we were going to send someone out with her pizza. I was trying to edit her order because when i checked her ticket the pizza wasnt exactly what she wanted, so i was trying to figure that out and i was hesitant about everything. Finally she snapped Youre not very confident. Put a manager on the phone. and i just submissively said Yes Maam. I nearly broke down crying when i handed her off to someone who actually fucking knew what to do. I just.i fucking HATE myself! Why cant i do anything right! Im stupid and so pitiful! Im not meant to do anything in this world. Im a fucking waste of space and worthless! Im fucking useless! .i wish i could be someone totally different. I wish i could be NORMAL. I wish i could be confident so i wouldnt fuck up so muchwhich is basically all i do.","[0, 0]","[1.0, 1.0]"
"A question about depression. Hello! I am technically diagnosed with schizophrenia, severe anxiety, and depression. However, I dont really feel that depression fits me. I have spoken to my therapist about not thinking anything at all, despite knowing technically that is wrong, youre always thinking something. I have also told her that the only emotions I feel strongly are sadness and anger. Other than that, I feel like a mech being driven by someone, and the someone is my brain, but theyre just asleep a lot. I legitimately feel this way, no exaggeration. My mom was on Prozac when she had me, and my entire family believes that is why my mind and emotions are particularly blank, compared to my brother which was planned for therefore she was never on anything. Will Prozac do that to a child, and is that what depression is? I just thought depression was extreme sadness all the time.","[1, 1]","[1.0, 1.0]"
"Monday mornings are so hard. I dont hate my job, I just wish I did it less. 40 hours is too much for me, and Monday mornings are always so hard. I wake up, almost without fail, with anxiety and an upset stomach. I give myself plenty of time to get ready, go to bed early the night before, and do as much prep the night before that I can possibly do outfit planned and set aside, work bag packed with lunch and all materials, and still every Monday is like this. Last Monday I called out sick because it was just too much. Many Mondays I arrive late because it is just too hard to get out of my apartment and go. I always feel like such a failure unable to get up and go to work like everyone else without having anxiety about it. Every Monday I think about quitting, and most Mondays I cry at my desk. I dont know what to do to make this easier on myself, and I am constantly afraid that I am just not cut out for fulltime employment, but have to work full time to survive. Idk any advice or kind words are appreciated. Im having a hard morning.","[0, 0]","[1.0, 1.0]"
"Fasting, Dinner only Advantages for physiological and mental health. Hey dear friends, Im suffering from depression, social anxiety and with them cognitive deficits since I was 15 years old. I recognized my mental condition mood, motivation etc and my symptoms of my depression and social anxiety, strangely, are slightly better and eased out when I have a empty stomach when Im fasting. Often I only eat dinner but then a big meal to gain the calories I need as my overall mood is not heavily but recognizably slightly better when I have a empty stomach. So my questions now are Did you experience the same? Does fasting and having a empty stomach improve your mental condition? Are there any scientific reasons for this phenomenon I experience as I know that alternatively many people feel better when they ate something or dont have a empty stomach. What are the physiological advantages of fasting from waking up until dinner? Are there any psychological advantages of fasting from waking up until dinner? What might be the scientific and neurobiological reason and mechanism behind that?","[1, 1]","[1.0, 1.0]"
"Do you guys actually feel the endorphins after you SH. So Ive been SHing for 7 years now almost exactly because I did it in November when I was 13 lol, and not once have I ever felt those feel good endorphins after a cut. I imagine, since its an endorphin, its like that adrenaline rush you get when you almost trip. According to psychologytodays blog post Endorphins are released which limit or block the amount of physical pain thats experienced. Sometimes people who intentionally hurt themselves will even say that they felt a rush or high from the act. The closest thing I feel after making that cutand more recently, that burn might not actually keep with that though, hurts like a motherfuckeris.well, pain. And its not even a rush of pain. The wound just stings and throbs, and when it gets to that point, I just sit there and go through my mantra of You deserve this, you piece of shit. You dont do anything thats useful right, you fuck up. Etc. Am I alone in this, or is the whole endorphin rush kind of not there, meaning we just dont notice it because its not really powerful, like adrenaline is?","[0, 0]","[1.0, 1.0]"
"Feeling bad luck everyday. Does anyone remember the saying that A gloomy person only brings a rainy cloud on top or something Similar to that? Well I may not have a rainy cloud on my physically, but mentally and emotionally it feels more than a rainy cloud but more like constant thunderstorm, in this term it feels like everyday ever since I was diagnosed with heavy depression, The thunderstorms and thunderbolts represent the constant karma or bad luck coming back to me for all of the shitty things Ive prob done to deserve it, like being a disappointment to them, to my only older brother, to all of my peers and friends and not meeting their expectations. It feels like a curse living through it everyday having something always causing you harm and feeling the odds against in my favor in life. Maybe its God teaching me a lesson, or maybe its the Devil messing with me. Or maybe outside religious views, its just nature toying with me. Sorry to sound confusing heh. maybe it would he nice to solidify all of the roaming thoughts racing in my head regarding taking Option 2 or just get help and send me away. I appreciate everyone who has the time and patience to read through this. I know it can be hard to understand.","[1, 1]","[1.0, 1.0]"
"I dont understand whats happening to me right now. I keep going through MAJOR waves over the last couple of days. Way bigger than normal. Ive been unmedicated dealing with my depression and anxiety for 5 years. Its always. pretty severe. But usually a constant feeling, that Im able to ignore or distract myself from. The last 3 or 4 days though Ive been getting overwhelming waves of suicidal ideations, out of no where that kind of knock the wind out of me. Right now Im sitting at a park by myself, drinking iced coffee. Generally, enjoying the day. Then all of a sudden I just started to cry and cry and just kept telling myself that tonight was the night to kill myself. About ten minutes or so have passed and Ive calmed myself down. But its never been this bad or this sudden, ever. I dont know whats happening.","[1, 1]","[1.0, 1.0]"
"I made it a week and half clean but then I got weirdly shaky. I usually stay up late at night, and maybe this has something to do with it but I usually cut at night too for peace and quiet. I was doing good, with the whole week and a half clean, but then I started feeling sick and got shaky? I dont know what its about. I did a few dermisstyro cuts with a slightly shaky hand I know I probably shouldnt have, but I wanted to see if it would solve it and it slowly went away as I saw the blood drip and putting bandages on it and all that? Maybe its just a product of addiction or something, but the sick and shaky feeling is completely gone now, so.","[0, 0]","[1.0, 1.0]"
Dont know what to do.again. So depressed. Every night Im up with bad thoughts and I cant sleep. Eventually I fall asleep and sleep into the next afternoon. I want to die but Im too scared to do it myself and I dont want to make my parents miserable. Its my fault. And its depressions fault. I hate this pain and I just want it to go away. Im in so much emotional pain I cant even describe it. Every day seems pointless and every night hurts more. Im in counseling but Im hopeless that anything will ever help me or that Ill ever be happy. I cant see myself being a happy adult after college. Even right now I feel like Im going to have a mental breakdown if I keep struggling through life. Like my title says I dont know what to do,"[0, 0]","[1.0, 1.0]"
Im starved of affection. Im starved of touch to the point where all I want is a hug. Ive never had a girlfriend in my 23 years and it is slowly eating me up. I keep getting this horrible sinking feeling and I keep feeling that Im missing out. What makes it worse is when you hear conversations with friends saying things like I stay celibate through choice because I want to work on myself or Im definitely voluntarily celibate. It always crushes me and I know theres nothing I can do. Ive only ever had one date in my life and I keep reliving it in my head.,"[0, 0]","[0.0, 0.0]"
"Constant back and forth. hello. fellow anxious depressed borderline here. diagnosed for about 4 months. Lately, ive been going through this cycle of feeling good about myself, confident, etc, to being bored, feeling lonely, and then letting that manifest itself into severe depression and hopelessness. Last week, Super Smash Bros. Ultimate came out and for the whole year, i was so hyped on it. Once i got it, unlocked all the characters, and beat the adventure mode, i havent been hype for it anymore. i should also mention that i play video games a ton. they serve as a distraction for me. a hobby, if you will. its because of that that im disappointed and upset that my favorite thing to do isnt helping anymore. i had to stop going to therapy recently as well due to not feeling like anything was getting better. i didnt feel any better, i felt that the DBT wasnt working for me anymore. its all some bs i didnt ask for nor do i want to deal with. anyway, i needed to vent. didnt wanna use twitter anymore to vent and post some depressing bull crap.","[1, 1]","[1.0, 1.0]"
"My Sleep Anxiety Is ruining my life. Well, I officially hate my fucking life. I keep having this happen to me where I wake up EXTRA early in the morning. Normally I wake up by 430AM445AM. But not this morning. I fell asleep around 845PM and awoke at 215AM because I felt famished. I ate something, tried to sleep. NOTHING. So I ate some cereal. tried to sleep. NOTHING! I freaked out and said fuck it I am not going into work with this small amount of sleep and being up this early. Well, its now 2PM and I tried taking a nap and nothing happened. Is it my blood sugar levels being too low that causes me to awaken and feel stressed? I suffer from depression and anxiety but also feel like I may have hypoglycemia. What would you guys do in my position? I keep calling out of work at least once a week almost. I am never going to move up in my job","[0, 0]","[1.0, 1.0]"
"I love the people in my life. I love the people i have surrounded myself. I thought it would help but i still have the overwhelming feeling i cant do this, i dont want to do this. Im tired of everything in my life and Im scared. I feel it in my chest, thinking about another day of this shit and feeling this way physically hurts but i also did want to hurt people in my life if i gave up my mom and boyfriend would be so broken and i love my siblings so much but Im so tired i dont want to be strong anymore","[0, 0]","[1.0, 1.0]"
"Emotional Debt. Im not really sure what subreddit to post this on. I have been diagnosed with ADHD and Major Depressive Disorder. With what feels like a soup of mental problems I cant tell which one causes any given problem in my life. To the problem, in relationships I tend to feel like when I mess up I owe an emotional debt to the person I have failed. This is particularly true in my closest relationship, that is with my wife. Last night I failed to give her emotional support when she was worried and stressed, and just slept. I now feel like I owe her to make up for failing her emotionally but I dont know how to pay that debt, how to fix what I did. She says she isnt holding a grudge or angry at me but I feel like I owe her and I expect her to hold anger against me. I also struggle with trust and low self esteem and I worry she will look for other people if I accumulate too much of my debt. I dont know how to shake this feeling and it haunts me while I am trying to work. I guess I am venting as much as asking advice but I hate feeling like I have a record of failures I can never repay.","[1, 0]","[1.0, 1.0]"
"I plan on talking my college counselor about this, but I wanna make sure Im not overreacting. Ive noticed this year that Ive been having intrusive thoughts a lot about past traumas. I experienced what I would call a trauma again this year. Ive noticed I mainly do it when Im trying to actually focus on something like school work or maybe an intense hobby. I zone out. Ive had my worst hallucination this year. I think I may have had a flashback recently. But my dad said the thing that caused the flashback shouldnt have bothered me. I havent dissociated a whole bunch which is good cuz those bitches give me hella bad headaches. But I wanna talk to my college counselor about it anyway. Because I feel like the stress and anxiety of school might be making it worse in turn causing even MORE stress and MORE physical reactions.","[0, 0]","[1.0, 1.0]"
"Taking a step towards happy, when depression is crushing me like a boulder. So I was diagnosed with depression, 3 types of anxiety, PTSD, OCD when I was 14. When I turned 21, I got the diagnosis of fibromyalgia after literally dying. I was sick for 7 months straight, I had to leave my MMA team, I had to leave my job as a manager, and was bed ridden. I have some memory loss as well and I gained 100lbs in 2 months due to medicine and disease. So I have been very very very depressed. Its been so bad, that even when I have a good day with the fibromyalgia, I still dont want to get out of bed. So, i know I cant start competing in sports again, and that is crushing considering Ive been an athlete since I could walk. Instead, I decided to pick up art and music again. Its been an extremely tough time coming around since I stopped playing and drawing about two years ago when I became a restaurant manager. Im scared to start practicing again, cause I know Im going to suck. However, Im going to try because Im sick of being sick. I want to break this cycle Im in, and finally become my own person again. Im just scared.","[0, 0]","[1.0, 1.0]"
Please Help Depressed college kid. so every time final exams come i just fall off and suddenly cant seem to study or focus i dont want to study but i dont want to fail either i think to myself whats the purpose of life i am diagnosed with depression and anxiety and have taken medicine but have stopped taken them cuz i dont want depend on them . so here we go another day i want to die so hard cuz i forget everything i learn at the end of every semester and loneliness isnt helping at all tell what to do to release pressure or anything i am suicidal but also not in the same time thanks for listening to me boysgirls,"[1, 0]","[0.0, 1.0]"
"I am Happy but at the same time I am falling apart. I am not new to this game but to this thread I definitley am. Hi, I am happily married truly but everything else in my life seems to suck. I have been diagnosed with clinical depression for over 7 years. I am 22 so that means my medication started at 1415. I am currently off of my meds because I honestly forgot happens a lot. I have a lot that I want to do with my life and change in myself for my future self but I have 0 discipline and I go from yay, everything is great to im never leaving my bed because I am a lazy worthless person in a matter of hours. I want to be healthy, I want to turn my passions into a job, I want to be a responsible adult. But my brain is fighting everything and I dont know what to do. When I saw my last therapist she told me that I handle everything very well for not being on my meds and that, in her opinion, I dont need therapy. Yes I know I need to get back onto my meds but this has always been a struggle for me, finding motivation and you can do it feelings. I am not suicidal, I love my husband and he does his best to lift me up when he can but it is more of a bandaid than a true fix. For those who have figured out how to fight their demons, what advice do you have? I understand that this was more a rant than a direct question but I have no other person to ask.","[1, 0]","[1.0, 1.0]"
"I dont think psychiatry is for me. You ever feel like wanting to get help but just know doctors or counselors wont do any difference? I was diagnosed With MDD and GAD last year but was unfortunate enough to encounter bad psychiatrists that I felt only aggravated my condition. Thats when it hit me that psychiatry is empty talk and nothing else and the reason why I refused to go back to a professional. Im also surrounded with people afflicted with mental illness and I dont see them getting better with therapy and medicines. I dont know. Right now, Im kind of like living and taking it all in as I go and wait for me to finally have enough of everything. Nothing interests me anymore. I dont enjoy the things that I used to love doing. I just lay down every chance I get and try not to crack. I fake connections with friends to feel something or dont connect at all. Cant keep a job for too long because the whole process gets exhausting quickly. Im unemployed again and I can already hear inadequacy and selfloathing knocking on my door. In a few weeks, I will go jobhunting again and the cycle repeats. It also doesnt help that my birthday is coming up in a few days. Birthdays are specially harder. Ive been toying with the idea of killing myself and deleting all my social media accounts or before but Im fighting it. This is exhausting but Ive already accepted my fate and that no one else can help me.","[1, 1]","[1.0, 1.0]"
"Am I taking a lot of medication for depression. Im currently taking 2mg of Risperidone, 15mg of Mirtazapine, and 100mg of Zoloft. My therapist said that was good and my psychiatrist said that wasnt a lot of medication. I really HATE medication. And I know how scary antidepressants are and how hard they are to come off. And I know doctors are always overprescribing and big pharma is evil. I didnt want to take Zoloft. But I was in so much mental pain that I was planning to kill myself. I was in so much pain that I couldnt focus or do anything, and in just 3 days, Zoloft took away a majority of that pain. I could finally focus again. My therapist says that if I do the work in therapy and change my way of thinking, that I will be able to get off the medication. He said I wasnt ready to come off of risperidone and that it helps me focus. And he said the reason why people have such a hard time coming off antidepressants, is because they didnt change their way of thinking while on the medication. And that medication allows you to work on your problems and change.","[0, 0]","[1.0, 1.0]"
"Question Will my history of depression chase me throughout my life? Will I always have to be cautious. Hello all, I am new to the sub so Im not sure how things work but Ive had a hard couple of days and I need to get this off my mind. I was diagnosed with depression and anxiety at 15 but had symptoms from as young as 8 Im 23 now and have felt for a while that I have been recovered for a few years now. I still have anxiety though. I am now trying to start my life, I have moved out of home for Uni and am trying to build up a social life and study skills however due to stress I had a mental breakdown both last week and yesterday which was felt this morning too. During recovery I have been warned that I am at a high risk of Post Natal Depression should I have children and was advised not to go into some professions such as social work because of risk of relapse. The breakdowns have had me questioning if I am delicate and do I need to take better care of my mental health than others? During recovery my thought process was after I got better it would be like a switch and maybe I would be a lot stronger in the process but all thats happened so far is that while I am more empathetic to others in similar situations, it hasnt truly made me stronger. Its shown me strength though. My real question is will this bastard always chase me? Do I always need to double check myself to make sure I am taking care not to relapse?","[1, 1]","[1.0, 1.0]"
My date is approaching and Im indifferent. I set a death date for myself a while ago that if I couldnt reach certain goals that I would call it quits. I usually do my best when I set dead lines by creating extra motivation but things have only gotten much worse. People keep telling me Im remaining incredibly positive in the face of everything I continue to go through but Im curious that my indifference is just me knowing that it will all be over soon. Ive thought about maybe writing to a few people explaining why Im leaving but Im not aware of a system on how to deliver my message before I actually am gone. Does anyone know of the best way to do this or would it just hurt those people more? I dont want to cause any more pain then I already have.,"[0, 0]","[1.0, 1.0]"
"Not having a purpose. I was diagnosed with depression about 12 years ago, had my ups and downs but I was managing ok. In the last year tho I became ill and Im currently waiting to get surgery, its a bit of an unusual surgery and there is only two surgeons in the country that can do it and there is no option to go private so Im still waiting for a surgery date. I kept my job up as long as I could but I am now on sick leave as it was becoming to hard with pain and other complications. Since Iv stoped working tho my depression has just gone right down hill, Im so reliant on my partner for help and each day is a struggle, Iv lost the structure of working and its hard to plan anything in advance to look forward to as the surgery could be at any time. Iv lost all purpose and feel so lost and like a burden on my loved ones. I would try anything to lift this feeling but Im out of ideas.","[1, 0]","[1.0, 1.0]"
"my depression has made me miss out on life. im so young, 13, been suffering from chronic depression and anxiety as long as I can remeber and was diagnosed at around ten with the depression and five with the anxiety. Since the first day of kindergarden I came home crying and I havent been to any form of education in well over a year. barely any contact to the outside world and certainly not a friend. I see someone saying that their friends notice their depression and i remeber how difficult that was before they abandonded me, but I cant help the stinging pang of envy that they have friends at all. Im scared that Im just unloveable and I wont catch up on my education. Ive been to every type of therapy or group you can think of and tried all the major kinds of meds. Im not making any progress. thanks to the one person who ends up reading my incoherant rant.","[1, 1]","[1.0, 1.0]"
"New to Reddit, but I found home. That might sound super duper corny, but I have been struggling for 16 months now. I have PTSD, Major Depressive Disorder, Panic Attacks, and SEVERE Social Anxiety Disorder. Im 28 and I had a very successful career, but my marriage was a wreck. I finally got out of it, but some horrible things happened and it broke down every piece of my soul. I was diagnosed with depression when I was 12, but it went into remission I call it that because it always has the potential to creep back when I was about 16. Wellllll. A few months after an EXTREMELY traumatic event, the PTSD showed up. It has been a downhill slide since then. Ive lost my career and I can no longer drive myself or leave the home by myself. I have 2 amazing therapists the are busting their asses to help me. My psychiatrist is a joke. Im going to a new one in a few months. Anyway, I just wanted to thank those of you that are posting because never in my life have I ever felt so alone. Seeing other peoples stories and feelings makes me feel a little better in a weird way. Just keep fighting and stay strong.","[1, 1]","[1.0, 1.0]"
"How can I bethink positive, when. My life has been mostly negativily effected? My life is mostly comprimised of negative events, and I have not succeded with really anything in life no work career, no love life, no children, no healthy income, very limited network of family and friends, worsening health. I really dont know how to think positive about it, because I feel it quickly becomes a fake positive.you know what I mean? Can you relate? Oh and on another note does anyone ever wish for a really serious illness like cancer? I wish for it sometimes, not because i want to die from it, but because I have this idea that staring death in the face and surviving, would give me a whole new outlook on life and how lucky I am to be alive, and from that my life would turn to the better. Maybe wishful thinking but I need something really serious, i feel, for me to wake up.reading about people who have it worse then me, do not help my feeling about my life being crap.trust me, I have tried.","[0, 0]","[1.0, 1.0]"
"I thought I would be happy by this point in my life. I am not perfect. I am 46 years old with 2 kids and a husband. I hate myself and most people around me. I hate that my kids have had behavioral challenges that required therapy because it makes them feel different from other kids. I hate that other parents have distanced themselves and their kids from my family. I hate seeing the posts of the families with the great family trips, great motivated athletic kids who are also super smart and have sleepovers and get togethers with friends. I was diagnosed with depression in my 20s. I have had multiple therapists and medications. I work for the family and the husband has stayed home with the kids. I am tired of being tired. I have so much hate inside me all for myself and choices I have made. I am just tired and my kids are only 14 and 12. They are doing great now. But I seriously dont know if I can survive the parent clicks as we continue to high school. Marriage is stressed. We dont leave the house. The house is a pit. I want to change and ask for help and husband agrees but when it comes down to it he is stubborn and tired too. We are at odds on how to fix our lives. I thought life would be differently this stage. I thought I would be Happy","[0, 0]","[1.0, 1.0]"
"first psychiatrist appointment today. to start off, Ill say that my therapist hasnt diagnosed me with OCD BUT she has mentioned obsessions and compulsions and weve talked about how much what happens in my mind relates to this disorder yet still no diagnosis. Ive been going to therapy for about 6 months and not long ago she recommended that I needed to go to a psychiatrist and see the possibility of taking meds since theres a lot of anxiety in me that I havent really been able to control and depressive thoughts and a depressive mood with a lot of self hatred feel weird to say it as something so trivial but I dont know how to talk about it, really. Do any of you go to a psychiatrist and take meds? How has it worked for you?","[0, 0]","[1.0, 1.0]"
"Getting old terrifies me. I was just reading an Ask Reddit thread about getting older, and it just reminded me of how Im never going to be young again how I cant just wallow in my depression and hole myself in my house for days at a time because at some point Ill have to be an adult and do things like shop for food or car maintenance or go to work how I have to pretend that I totally dont feel inferior to absolutely everyone I meet or that I dont see myself as completely worthless and useless. It just reminds me of what I try avoiding to think about. The terrifying reality of how im missing out on my golden years of young adulthoodim missing out on making longlasting friendships because I dont bother making friends social anxiety and constant fear of rejection, or how Im not using my time to take pleasure in leisurely activities because nothing brings me joy, or how Im not trying to discover myself because theres nothing to discover because im a shell of someone I was more than a decade ago. I just.i wish I wouldnt get older. I dont want all these expectations on me. Im already expected to do things that I cantmake friends, work a decent parttime job, get good grades and graduate with a good degree to get a joband it makes me feel so worthless and inferior and just fucking depressed.","[1, 0]","[1.0, 1.0]"
"11 December 2018 is apparently the day Im supposed to suicide. I dont remember when or why I set it to be that day but it showed up in my phones calendar as a reminder named kill yourself. Dec. 10th is my 18th Birthday. I feel like it was some kind of ultimatum probably for 2018 for me to make things better, but honestly after seeing that pop up on my phone, its made me feel really down, because nothing is better. I only feel better about things, mostly due to sheer ignorance and neglect, which in itself makes things worse. My circumstances are the same as theyve always been, my perspective has changed for the good or bad, but when looking at things objectively, it makes me want hurt myself as punishment. At least ignorance prevents me from suicide. But that reminder just put me back into deep thought making me go here to share my thoughts and I immediately as Im editing all this I start to see only despair and impending failure and I fear that failure so much, even though Ive been living with the failures Ive feared for so long its numbing to the point where Im not sure how worse thing can get from this point on. No need to reply or anything. Writing helps me collect thoughts, posting it to leave my mark. Im going to delete the reminder.","[0, 0]","[1.0, 1.0]"
"What does your depression feel like to you. I have been diagnosed with depression and Ive had those general symptoms like no motivation, sleeping too much or too little, changes in appetite, sex drive, etc. but what does it feel like to you personally? Im honestly curious and Im going through a low point right now. Ive been really focused on knowing and listening to other peoples stories. Hearing other peoples stories has been oddly therapeutic for me and Ive had the overwhelming urge to tell mine. For me, my depression is physically becoming sad when I have no reason to be sad. For example, I will be experiencing something that is in no way sad and then Ill start to tear up and my voice will quiver a bit. Its feeling exhaustion like Ive cried for hours when I havent cried at all. It feels like a hand has reached into my body and is slowly squeezing on my stomach while another one is pushing on my chest. I feel like every breath I take leaks part of my soul kinda like theres an invisible death eater slowly sucking on each exhale I make lol. Right now Im switching between medications so these feelings have been coming and going in frequent waves. I can imagine having strings inside me that are breaking. As one beings to snap I feel all this emotion and then it finally snaps and Im back to feeling like me again, but then I feel the tension as the next one begins to snap. Even just writing this has made me feel a bit better. It may seem like an odd request, but if youre willing to share your story I would really appreciate it.","[1, 0]","[1.0, 1.0]"
"How do you cope with the dreaded not getting a reply to a text. Im currently struggling with this. A friend hasnt been chatting to me as much as she used to and I sent a text today, which she hasnt responded to. My mind has been going crazy since, thinking she probably doesnt want to speak to me again a good possibility in my opinion and Im feeling quite rejected and abandoned. I want to not be affected by whether people leave. I want to just be normal. Its so bad that Im even feeling suicidal over it. How does one cope with this?","[0, 0]","[0.0, 0.0]"
"I dont see any other way out. TRIGGER WARNING Hi everyone, My depression has been getting worse for the past year or so to the point now I feel like suicide is the only possible way for me. When I try to think about the future, my mind just goes blank. The feeling of waiting for the inevitable with so little motivation and so much negativity has completely taken over my life. My psychiatrist told me to go jogging because exercise is the best way to beat depression. Due to the corona virus, he told me to play games, watch videos, listen to music instead. When I said that I wasnt motivated, he had a look of disappointment on his face and told me I couldnt do nothing and expect improvements. The meds havent been working very well either so Im going downhill fast. Im still going through a breakup so right now my psychiatrist is the only person I trust Like 60. I wouldnt be able to go out even if corona virus wasnt a thing. I dont know what to do. Even if I were able to survive this, I still wouldnt want to live the rest of my life. I hate this world, the lies, the hypocrisy, selfishness, rudeness. I feel like Im holding onto something that doesnt even exist. What do you think I should do at this point? Thank you. Stay strong everyone 3","[1, 0]","[1.0, 1.0]"
"The difference between a roar and a scream is intention. I was diagnosed with clinical depression when I was 10 it is hereditary for myself and my siblings, since then I have been diagnosed by a few more doctors and, subsequently diagnosed medically resistant. I have a great support system, I have a good job I recently got a place with my two best friends and, on paper I should be the happiest I have been, but I am not, its not the worst I have been but I am damn close. I know it isnt how depression works but its easier to find things to be sad or numb about then explaining that it is just who I am, so I look for reasons, really excuses to point at and go this is the reason, this is the reason I cry on the way home for, this is the reason I look at the ceiling for hours at a time, this the reason why I walk around at night, this is the reason I am broken. But it never comes down to events or the situation I am, its just me, its always just me. I wish it wasnt I scream in my car when I pull into my driveway knowing it will be the last moment I am by myself and dont have to hide how truly bad my brain is right now, I watched a movie recently with the subtitles on and in the final scenes the main character was screaming but the subtitles said he was roaring. Maybe if someone sees me in my car screaming they will think I am roaring","[1, 0]","[1.0, 1.0]"
"Lost one of my reasons to live today. This year has been fucking shitty. I lost someone I thought I could trust, which triggered my suicidal thoughts to surface again after being manageable the last couple of years. I got robbed in my own neighborhood while walking home. Some bastard kidnapped one of my rabbits. And today, one of my other rabbits passed away suddenly. She was born while I was at my lowest and taking care of her gave me a purpose, and she was always there for me. Shed helped me go through life but I let her down and I feel so guilty and awful and just. devastated. I dont even know what else to do now. Why the fuck do I even try anymore.","[0, 0]","[1.0, 1.0]"
"I Feel Like I Dont Actually Have Depression. Because of financial reasons, Ive been off my meds since around end of Augstart of September. I was diagnosed with severe chronic depression and social anxiety back in 2016. Ive had multiple suicide attempts and have been hospitalized in a crisis center once for it. And it just feels like Im not actually depressed. Maybe the doctor that diagnosed me was wrong, maybe I was just really sad when I had my appointment, maybe I just exaggerated. Ive been off my meds this long and havent had a breakdown so I cant have severe depression right? Every time I talk about my depression, I feel like a fraud. Its just stress and general sadness getting me down because otherwise, Id need my meds to get through the semester right?","[1, 1]","[0.0, 0.0]"
"I have friends, but cant talk to anyone. All of my close friends are aware of my condition and told me numerous times that they will be there for me. Even though, when Im not in a bad state of mind, Im 90 sure they really mean it and not just say it out of politeness, when Im doing bad, I cant open up to them for shit. I can only do so by sharing shitty memes about suicidewhich they take as jokes or by directly telling them my problems only when Im drunk, which makes me regret it the next day. I dont know if its the fear of being judged or just the hopefully wrong idea that nobody actually cares about me that is stopping me from reaching out to them, but I wish I could. Maybe that would help me. Even posting this here, where obviously nobody knows who I am, so they would care about me as much as they would about any other person on this sub, and of course judging is out of the question, took a lot of effort. I wish I wasnt like this.","[1, 0]","[1.0, 1.0]"
"I no longer have any reason to get out of bed. Ever. Ive been dealing with depression for years, and I think Ive hit a new low. I lost my job read got fired a few months ago, so I sometimes put out applications during the week. But then I hear almost nothing back, so I go back to bed in shame. And because Im not on a schedule, it doesnt matter when I wake up.if I do. Im also the heaviest Ive ever been in my life, because I stress eat and drink heavily. And to ice the cake, my girlfriend broke up with me last night, conveniently a few days after I had a depressive episode.but she insists it didnt have anything to do with that. Riiiiight. So Ive been either in bed or drinking since the breakup happened. Because its back to the third wheel life for me, and no one wants to drag around a sad sack. And I have no plans for the future like I used to, not even a few weeks from now. About the only reason I have to get out of bed is to finally get Tylenol and booze and find a secluded spot.","[1, 0]","[1.0, 1.0]"
"I just want someone to read this. 20something, just feeling really depressed tonight. I was diagnosed with clinical depression while in high school and it has sort of been ruining my life for the last couple of years. Ive flunked out of college, been kicked out of the military, and in general just not had a good time in life so far. The problem is, I feel that I dont really have any reason to be depressed. Yes, I am from a very working class family, and that certainly weighs on me from daytoday, but my family is all very supportive, I have a good job that I enjoy, and I have an amazing girlfriend that is so supportive of me. I have worked so hard to get my depression in check exercise, counseling, and even medication but I am not doing any of that right now. Why am I like this? I have no reason not to make my life better in these ways, and yet here I am, crying at my computer screen because I dont feel like doing anything at all. If anyone actually reads this, thank you. Any advice, tips, or anything at all at this point would be really helpful, thank you all. Update Holy shit, thank you all so much. Its been a rough ass week and Ive just finished reading through everyone one of these replies with my girlfriend. You all are immensely helpful, and I am going to take a bit of every suggestion that I see. P.S. I guess I should clean more","[1, 0]","[1.0, 1.0]"
"Super rapid cycling depression, anyone like me. Hey so this is my first post to Reddit. Im diagnosed with bipolar spectrum disorder bipolar without Mania or Hypomania. I have been diagnosed with MDD, GAD and some other fun stuff along the way. One thing that I have noticed for at least the last few years is that I rapidly cycle from being totally normal 1014 days to being a depressed and anxious mess 710 days this includes suicidal thoughts, nausea, weight loss, weakness, and many other physical symptoms. This cycle continues without much variance and did so until I was diagnosed with bipolar spectrum disorder and put on Lithium along with my SSRI. I just had 23 good days but now am on bad day 4. Desperately hoping tomorrow I will snap out of it Wondering if anyone else has a similar condition. Or for that matter, anyone who has any experience treating bipolar depression with Lithium? Im on week four and really hoping I still have some improvement to look forward to. Thanks!","[0, 0]","[0.0, 0.0]"
"Comfort Zone Anxiety and Suicide Ideation. Hey guys, Im 24 years of old, living in Brazil, Im still living with my parents. It all started 3 years ago, when I was 21 and was trying my first attempt at to go to college,I went the first day and start feeling tachycardia and severe sweating. I was diagnosed with panic disorder, depression and social anxiety. Started with meds. In 2013 I did a course on Logistics it was my first attempt out of my comfort zone and it went well. It was a good time for me, but around this time I started cutting, and others forms of self harm. Since August 2014 when the Logistics course ended I have done literally nothing. Ive tried several times get out of my comfort zone and start college again. but I just cant. When I feel that things starts to move along,and I get the feeling that my life is going on the right track. I go back. I am taken over by fear, anxiety, depression and Suicide Ideation. I wonder what the heck am I doing here? What are the prospects of my life? Will I forever be the son that rely on the parents for everything? Will I never be able to really live? People think Im not making the necessary efforts, that makes me sad. I think death would be better, at least I wouldnt have to deal with all this doubts and anxiety that Im in. Why its so hard to get out of our comfort zones? Even if we do I dont know how to keep doing it. I dont see the point. I would like to say sorry if anything is misspelled, I am not a native speaker. And also sorry for the long post. Andre.","[1, 1]","[1.0, 1.0]"
"Im incredibly depressed anxious but am terrified to do anything about it. TW self harm Backstory I was diagnosed with severe depression and anxiety at age 15 during my first stay at a psych hospital,but never got on medication because my parents dont believe in depression, anxiety or medicating kids. Now I am a junior in college and almost in 3rd semester of nursing school. Nothing has changed. In fact everythings just gotten worse. I have 24 panic attacks a week, have started shutting down disassociating more and more, and have started cutting again after being clean for a year and a half. Since Im now 21 I could go to the doctor to get put on medication, but Im scared of the possible side effects and how it could affect me during school. Im also terrified that if the school finds out that they will kick me out of the program. Thanks for taking the time to read. I would greatly appreciate any advice or knowledge that anyone has regarding any of this.","[1, 1]","[1.0, 1.0]"
"I feel like my depression is the result of my worldview. And I dont want to change my worldview. I almost posted this on Facebook but decided not to because theyre all fucking idiots and dont really give a shit what I say. I feel like media always has people distracted by unimportant shit, and of course its meant to be that way, the true owners of this country wouldnt want people to start thinking for themselves about how badly they are getting fucked. They want to keep everyone divided. Work just to pay the bills, if you even can these days. Politicians dont give a fuck about you, who you vote for doesnt matter. They only give a shit about themselves and expanding their power and influence, theyre all a bunch of sociopaths. And business controls the government. They are one in the same. And this is not just America. This is worldwide. Capitalism and greed has ruined humanity, when there is more than enough wealth to go around while billionaires continue to stack paper and for what? To get the highest score while people in America and all over the world are dying due to conditions caused by poverty. Or maybe Im just depressed. Nah. I dont think so. The world makes me depressed, things shouldnt be this way. And just think. If you were in their shoes, youd do the same shit, probably. Maybe its just human nature to be a greedy prick.","[0, 0]","[1.0, 1.0]"
"My depression. I have been diagnosed with depression for three years now, if there was a way to just end it all without any consequences I would do it in a second . I cant keep a relationship with anyone be it platonic or romantic. I start crying everytime someone raises their voice at me or confronts me directly it makes me feel pathetic. I hate going to therapy I hate opening up to anyone honestly it feels like the universe is a simulation made to piss me off. I just cant do this anymore , I have one more year of school left and still have no fucking idea what to do . My grades are dropping dramatically. I dont take my medications cause they just heighten my emotions like I get angry a lot when I am on my meds . I honestly dont know what to do","[1, 0]","[0.0, 1.0]"
"Student loan debt anxiety. I just need to be talked down a little. I am currently a junior at a university and I am working towards a bachelors degree in Public relations. However, I checked my student loan status and Ive built up a lot of debt. CUR30,000 so far. I admit I was irresponsible with my loans the first year or so. I took out the maximum amount and did not save any of it. However, I had to take out loans considering that my parents are low income and that I work as a bartender in a small restaurant. Even though I have started being more responsible and only taking out what I need to cover tuition and receiving nothing back extra I am still feeling extremely overwhelmed. I am sure that a lot of it has to do with my anxiety and the fact that I am coming off of my medication however, I still wish I could turn back time. I am so stressed because I want to graduate by next year, but I am not sure I can afford to pay tuition without help. I dont qualify for hope and I just got my pell grant back but only get 700 a semester. My stress has gotten so bad I almost want to drop all of my classes just so my debt does not build up anymore. Does anyone have any advice on how to deal with this kind of anxiety?","[0, 0]","[0.0, 0.0]"
"I dont love myself. In fact, I hate myself. Could this be due to depression? Ive always had low self esteem, for as long as I can remember. In my head, everyone is always better than me, even if they really arent. I can get to that point where I say okay Im not that bad but then it goes away and I continue to hate myself. How do I fix this? Its a huge problem because Im becoming overly attached and dependent on my friends and family. Recently, I havent been able to get out of bed because I dont want to live. Even more recently, Ive gotten back into treatment and I can force myself out of bed, eventually. I desperately want to be loved by someone who will stick by me and tell me everythings going to be okay. I want love, but how can I expect to receive it when I cant even love myself? Life is so hard right now and Im honestly not looking forward to my future even tomorrow because I feel as if it will just be filled with disappointment and mediocrity. Has anyone experienced this? Is this a normal part of being depressed? Will this ever go away? Im so miserable.how can I get out of this?","[0, 0]","[0.0, 0.0]"
"Headed to the ER after being sick and not sleeping on Prozac. Hi everyone Im headed to the ER now because since Thursday Ive been horribly sick. I started on Prozac a little under two weeks ago, and Im only on 20mg. I havent really eaten or slept since Thursday, and I cant come up with an explanation for why except for maybe ongoing anxiety that i am, at this point, too tired to detect. Im hoping they will give me something and let me sleep. Or at least get to the root of this problem. Im suffering so much and I dont know how else to feel better. Can anyone provide some words of encouragement? Im worried theyre going to turn me away or commit me if this is just extreme anxiety. Im also having a hard time breaking from the thought that, if this is anxiety, that i have done this to myself. I know that i didnt ask to be anxious and that anxiety is real and all of that, but I cant help but feel like this is my fault.","[0, 1]","[1.0, 1.0]"
"Thanks social anxiety, I want to die even more now. See my last post for details I didnt go to the graduation. My mom of course doesnt understand why I do these things missing public events or whatever. Im so fucking embarrassed now You cant do anything she says. And shes right, I cant do anything when I have such bad social anxiety. I want to kill myself so bad right now. My mom and cousin are going to hate me even more now too, so I might as well just kill myself anyways.","[1, 1]","[0.0, 1.0]"
"Im very lonely. Being lonely definitely worsens my depression. I have some days where I feel fine, got plenty of things done, or didnt take pills to make me happy, and theres nobody to celebrate with. And then I have days where I feel bad, or have the urge to selfharm, and theres nobody to keep me together. Im not truly alone, though. My family is still here, or more accurately, Im still here, but theyve never supported me. They often make cruel jokes or make fun of my mental issues when I mention them, or they use them against me in arguments. I love and value my alone time because I need it to thrive and be productive, but it can be too much at times. I think of it like water. Its very good for you, and essential to your survival, but too much of it will kill you without hesitation. Im lonely most nights, and Im beginning to drown in it. I just want a friend or a supportive family member that I can talk to more often.","[1, 0]","[1.0, 1.0]"
"struggling with self harm depression. i have been struggling with depression for around a year and it keeps getting worse and worse with time. a few months ago, i began taking antidepressants citalopram, now on effexor and more recently i began going to therapy weekly. now more than ever before, i have been struggling with badunwanted thoughts and began engaging in self harm as a means to cope. i know this is unhealthy but in the few times i have done it, it has already become addicting. i just feel like im lost and slowly but surely spiraling out of control.i dont know what to do anymore.","[1, 0]","[1.0, 1.0]"
"Natural Depression Treatments and WebMD Bullshit. When you look for natural depression treatments, you cant miss WebMDs website. Its a huge website with many information in it. But it doesnt mean everything on that site is true. In this article, I am going to criticize their article on 10 Natural Depression Treatments. 1. The way the author starts the article is nonsense. Being depressed can make you feel helpless. Youre not. Well, first of all, there is a huge difference between being depressed and having depression. If you dont understand it, you whole article is going to be rubbish, naturally. Depression is a mental illness. Its not something you feel after having your clickbait article reviewed. Its not sadness or feeling blue. It wont disappear just because you want it to. Check this post to see how depression might actually affect your life.","[0, 0]","[1.0, 1.0]"
